"cell","drug_1","dose_1","drug_2","dose_2","replicate","configuration","modeled_response","viability","true_mean"
"C01","D01",1,NA,NA,1,1,-1.08639125347896,0.252298437813704,-1.06345111950581
"C02","D01",1,NA,NA,1,2,0.859136265545434,0.70248016388052,1.0280228514107
"C03","D01",1,NA,NA,1,3,-0.347520032260276,0.413983935701639,-0.273270188901057
"C04","D01",1,NA,NA,1,4,1.20002330425125,0.768528929169815,1.07658899258943
"C05","D01",1,NA,NA,1,5,-1.38969367787834,0.19945666393327,-1.40382884189463
"C06","D01",1,NA,NA,1,6,-0.346995120518205,0.41411128568645,-0.365013398006913
"C07","D01",1,NA,NA,1,7,1.23382591246807,0.774487496850089,1.14223645978683
"C08","D01",1,NA,NA,1,8,1.12378543948882,0.754690201318369,1.02143274667172
"C01","D02",1,NA,NA,1,9,-2.55330435019055,0.0722048095731546,-2.60980279934332
"C02","D02",1,NA,NA,1,10,-0.421670460120603,0.396117092879612,-0.647283546182881
"C03","D02",1,NA,NA,1,11,-1.83099932330497,0.138119268365278,-1.84313788045621
"C04","D02",1,NA,NA,1,12,-0.489683539494104,0.379968120497975,-0.481414303163179
"C05","D02",1,NA,NA,1,13,-2.82314693215975,0.0560861006462352,-2.81060596421185
"C06","D02",1,NA,NA,1,14,-1.98865045004808,0.120399711492589,-1.7995567275805
"C07","D02",1,NA,NA,1,15,-0.549856280214578,0.36589775372066,-0.351136971569015
"C08","D02",1,NA,NA,1,16,-0.551750375082995,0.365458404020026,-0.406376917241501
"C01","D03",1,NA,NA,1,17,-7.67194032587282,0.000465496522948745,-7.44955881384724
"C02","D03",1,NA,NA,1,18,-5.41012083835495,0.00445119814676566,-5.46512919135626
"C03","D03",1,NA,NA,1,19,-6.79099023806061,0.00112259370572244,-6.69427717760587
"C04","D03",1,NA,NA,1,20,-5.24303354805064,0.00525642659187229,-5.31206206737294
"C05","D03",1,NA,NA,1,21,-7.80255308110194,0.000408523267117838,-7.69208352539177
"C06","D03",1,NA,NA,1,22,-6.65507834242084,0.00128581183537433,-6.68135171086758
"C07","D03",1,NA,NA,1,23,-5.21215785408645,0.00542036047189259,-5.2199866655972
"C08","D03",1,NA,NA,1,24,-5.40952861373295,0.00445382329240251,-5.2937991216793
"C01","D04",1,NA,NA,1,25,-6.46962246841623,0.00154741252845867,-6.48968327616026
"C02","D04",1,NA,NA,1,26,-4.65033008977658,0.00946794739791705,-4.5346320408072
"C03","D04",1,NA,NA,1,27,-5.76055914507032,0.00313946289444661,-5.75148465660407
"C04","D04",1,NA,NA,1,28,-4.45091533379435,0.0115333127412568,-4.34940581649427
"C05","D04",1,NA,NA,1,29,-6.71420613189911,0.00121207811126755,-6.71413949922307
"C06","D04",1,NA,NA,1,30,-5.64704602556398,0.00351552030731388,-5.71357239182866
"C07","D04",1,NA,NA,1,31,-4.1969933719805,0.0148178593550708,-4.26336104605873
"C08","D04",1,NA,NA,1,32,-4.18849815102922,0.0149423875802607,-4.3279039058896
"C01","D05",1,NA,NA,1,33,-1.64037187548417,0.162414467773118,-1.73772798024889
"C02","D05",1,NA,NA,1,34,0.526776239866484,0.628730907762079,0.476016553060905
"C03","D05",1,NA,NA,1,35,-0.836394651565059,0.30229465494072,-0.957124991426444
"C04","D05",1,NA,NA,1,36,0.420898114396349,0.60369814076527,0.428134853684599
"C05","D05",1,NA,NA,1,37,-2.10215012267207,0.108888016236095,-2.24776754011873
"C06","D05",1,NA,NA,1,38,-1.23309095040928,0.225640895030301,-1.19306115746312
"C07","D05",1,NA,NA,1,39,0.331516333602082,0.582128278360217,0.376082982980807
"C08","D05",1,NA,NA,1,40,0.144681634977242,0.53610744495455,0.17770837685578
"C01","D06",1,NA,NA,1,41,-3.36551778227762,0.0333906735449849,-3.47563106245415
"C02","D06",1,NA,NA,1,42,-1.27081784880026,0.219117282005656,-1.2446668042901
"C03","D06",1,NA,NA,1,43,-2.39962268016778,0.0832014735430032,-2.71938484746203
"C04","D06",1,NA,NA,1,44,-1.55777998342525,0.173965435777617,-1.29546668581193
"C05","D06",1,NA,NA,1,45,-4.12002058354128,0.0159845245800537,-4.03650410832787
"C06","D06",1,NA,NA,1,46,-2.8509812244537,0.0546306186342221,-2.98709265798166
"C07","D06",1,NA,NA,1,47,-1.53395759519622,0.177415380111243,-1.40481891576077
"C08","D06",1,NA,NA,1,48,-1.40340093904475,0.197276988358992,-1.62523799328853
"C01","D07",1,NA,NA,1,49,-1.85745862059113,0.134999545500939,-1.83342889326673
"C02","D07",1,NA,NA,1,50,0.241167443658458,0.560001327317334,0.262032478993195
"C03","D07",1,NA,NA,1,51,-1.13347066438189,0.243521170943604,-1.04441908817883
"C04","D07",1,NA,NA,1,52,0.309670995712543,0.576804952886779,0.307851400158989
"C05","D07",1,NA,NA,1,53,-2.35418892427298,0.0867333898632989,-2.18034503335379
"C06","D07",1,NA,NA,1,54,-1.29256344484852,0.215419237237003,-1.14129253322509
"C07","D07",1,NA,NA,1,55,0.236326116515208,0.55880808078954,0.36814048814649
"C08","D07",1,NA,NA,1,56,0.130914832574537,0.53268204417679,0.244392032810654
"C01","D08",1,NA,NA,1,57,-4.70407663008975,0.00897695873920698,-4.72192417076931
"C02","D08",1,NA,NA,1,58,-2.61872421100974,0.0679430406708355,-2.57413883456243
"C03","D08",1,NA,NA,1,59,-4.03335787736732,0.0174063961402612,-3.93718618229768
"C04","D08",1,NA,NA,1,60,-2.66352691108566,0.0651601642754463,-2.56951318361296
"C05","D08",1,NA,NA,1,61,-5.0061249544281,0.00665225466798606,-5.14164734920158
"C06","D08",1,NA,NA,1,62,-4.24040407734112,0.0141973049004064,-4.09585121026464
"C07","D08",1,NA,NA,1,63,-2.5284149736916,0.0738900371984113,-2.55989820833718
"C08","D08",1,NA,NA,1,64,-2.68276820104694,0.0639978549953086,-2.71692568117805
"C01","D01",2,NA,NA,1,65,-1.2324760801849,0.225748347633478,-1.40640490363634
"C02","D01",2,NA,NA,1,66,0.431476869059098,0.606226275927813,0.527230666715322
"C03","D01",2,NA,NA,1,67,-0.540253958285622,0.368128507071998,-0.654352437092196
"C04","D01",2,NA,NA,1,68,0.682733039581503,0.66434841029316,0.723705639616476
"C05","D01",2,NA,NA,1,69,-1.63158764637066,0.163612985651402,-1.58688791603194
"C06","D01",2,NA,NA,1,70,-0.451255980430729,0.38906218697991,-0.585117528896568
"C07","D01",2,NA,NA,1,71,0.650616460805561,0.657149367258095,0.85191767089022
"C08","D01",2,NA,NA,1,72,0.730382098914382,0.674889115957802,0.806846248109982
"C01","D02",2,NA,NA,1,73,-0.25128331423372,0.437507656987439,-0.28860124201393
"C02","D02",2,NA,NA,1,74,2.11192104121806,0.892056453002242,1.82376581225564
"C03","D02",2,NA,NA,1,75,0.792182359718199,0.688299733341554,0.514417266209399
"C04","D02",2,NA,NA,1,76,1.99315322218883,0.880076333894887,1.84914211049026
"C05","D02",2,NA,NA,1,77,-0.463959079260913,0.386047041481026,-0.641022477612983
"C06","D02",2,NA,NA,1,78,0.367614631256011,0.590882463746393,0.405247276850266
"C07","D02",2,NA,NA,1,79,1.85612018914453,0.864844083242547,1.92029725765439
"C08","D02",2,NA,NA,1,80,1.85417227903591,0.864616232519635,1.79323408306067
"C01","D03",2,NA,NA,1,81,-5.38874846020475,0.00454691750795969,-5.3335599508649
"C02","D03",2,NA,NA,1,82,-3.12424965057861,0.0421179896626614,-3.28095408974375
"C03","D03",2,NA,NA,1,83,-4.50373813705045,0.0109463973385894,-4.5594478088633
"C04","D03",2,NA,NA,1,84,-3.15287399716273,0.0409781839461343,-3.1928688432024
"C05","D03",2,NA,NA,1,85,-5.55167268167278,0.00386595657663883,-5.64238416210549
"C06","D03",2,NA,NA,1,86,-4.66772454074757,0.00930620110919276,-4.61487807963049
"C07","D03",2,NA,NA,1,87,-3.0643863718334,0.0446004205749908,-3.12363764087302
"C08","D03",2,NA,NA,1,88,-3.13534039295912,0.0416728093363768,-3.22902037832038
"C01","D04",2,NA,NA,1,89,-5.4573448127935,0.00424675291196651,-5.39773615804554
"C02","D04",2,NA,NA,1,90,-3.49743726160446,0.0293852364312396,-3.40885268881079
"C03","D04",2,NA,NA,1,91,-4.78722333406865,0.00826666302145496,-4.64568996169587
"C04","D04",2,NA,NA,1,92,-3.3413621296617,0.0341791639580537,-3.2579607844644
"C05","D04",2,NA,NA,1,93,-5.77396014389935,0.00309780106492571,-5.64982080929453
"C06","D04",2,NA,NA,1,94,-5.04860084138944,0.00637737544089695,-4.63945522107907
"C07","D04",2,NA,NA,1,95,-3.23726514930716,0.0377872022461559,-3.17528197238535
"C08","D04",2,NA,NA,1,96,-3.26269255204141,0.0368734671708553,-3.25331513669455
"C01","D05",2,NA,NA,1,97,-1.98304750350172,0.120994346982712,-2.05352879269359
"C02","D05",2,NA,NA,1,98,0.144189024997294,0.535984932521995,0.0964946040422003
"C03","D05",2,NA,NA,1,99,-1.27995941773527,0.217557131655362,-1.30156935058219
"C04","D05",2,NA,NA,1,100,0.0929747870091274,0.523226967401507,0.114467444391613
"C05","D05",2,NA,NA,1,101,-2.62925631673519,0.0672791036500811,-2.5145320112793
"C06","D05",2,NA,NA,1,102,-1.64002373790732,0.162461832585586,-1.47911946814659
"C07","D05",2,NA,NA,1,103,0.207532927628877,0.551697813259297,0.0642196640615016
"C08","D05",2,NA,NA,1,104,-0.10428229583685,0.473953026393327,-0.109985136094255
"C01","D06",2,NA,NA,1,105,-6.43343955431099,0.00160433621868792,-6.2139818963509
"C02","D06",2,NA,NA,1,106,-4.15769000079322,0.0154026985679175,-4.13562782355119
"C03","D06",2,NA,NA,1,107,-5.27404101452929,0.00509675709921682,-5.49345920967077
"C04","D06",2,NA,NA,1,108,-3.95770933903064,0.0187486050381265,-4.04394752276362
"C05","D06",2,NA,NA,1,109,-6.7746672203931,0.0011410471118441,-6.61891944363237
"C06","D06",2,NA,NA,1,110,-5.44098524075925,0.00431649701963445,-5.6049520869155
"C07","D06",2,NA,NA,1,111,-4.13083486432306,0.0158153138912498,-4.09078625047066
"C08","D06",2,NA,NA,1,112,-4.44209335495434,0.0116343205183226,-4.23742965530417
"C01","D07",2,NA,NA,1,113,-0.301550133703799,0.425178583919492,-0.297614680502989
"C02","D07",2,NA,NA,1,114,1.77559201762676,0.855151715532371,1.79237144144418
"C03","D07",2,NA,NA,1,115,0.582272032827514,0.641590033326712,0.473492903172202
"C04","D07",2,NA,NA,1,116,2.21072284349437,0.90120830161719,1.85100630706723
"C05","D07",2,NA,NA,1,117,-0.603405053356143,0.353565058158677,-0.658396969359415
"C06","D07",2,NA,NA,1,118,0.259693513573899,0.564560949158927,0.373942234461344
"C07","D07",2,NA,NA,1,119,1.86959025190773,0.866410859079479,1.88411949954033
"C08","D07",2,NA,NA,1,120,1.85270945131003,0.86444490986788,1.75498504496105
"C01","D08",2,NA,NA,1,121,-4.5835092141224,0.010115601680291,-4.43475063726704
"C02","D08",2,NA,NA,1,122,-2.41726595529072,0.0818655212013701,-2.28105030959644
"C03","D08",2,NA,NA,1,123,-3.82521570764791,0.0213480490646648,-3.64705442811633
"C04","D08",2,NA,NA,1,124,-2.2263273363381,0.0974110723905614,-2.28267644311605
"C05","D08",2,NA,NA,1,125,-4.95644702086548,0.00698870321866967,-4.85867517123473
"C06","D08",2,NA,NA,1,126,-3.71570209164073,0.0237600666102317,-3.81099004997621
"C07","D08",2,NA,NA,1,127,-2.33601706088623,0.0881836473157722,-2.27269908125539
"C08","D08",2,NA,NA,1,128,-2.44195729496358,0.0800286895897178,-2.4318254673236
"C01","D01",1,"D02",1,1,129,7.7388861520072,0.99956463317816,7.74831869926552
"C02","D01",1,"D02",1,1,130,8.26391644476477,0.999742418416658,8.38924479691551
"C03","D01",1,"D02",1,1,131,5.65057427715329,0.996496818101286,5.85934681544818
"C04","D01",1,"D02",1,1,132,11.0886310097372,0.999984715117573,10.8765511337816
"C05","D01",1,"D02",1,1,133,6.36368774570752,0.998279962634107,6.15069706032432
"C06","D01",1,"D02",1,1,134,6.0180191494027,0.997571425156941,6.08662088996241
"C07","D01",1,"D02",1,1,135,7.46323926946668,0.99942653456839,7.39523974598672
"C08","D01",1,"D02",1,1,136,6.74256736141104,0.998821775083285,6.84491501194912
"C01","D01",2,"D02",1,1,137,-7.73708545177101,0.000436151151010721,-7.56741924254191
"C02","D01",2,"D02",1,1,138,-5.06825533220921,0.00625403138251523,-4.95576142628534
"C03","D01",2,"D02",1,1,139,-5.08428185909328,0.00615521190146419,-5.21175508546548
"C04","D01",2,"D02",1,1,140,-6.18569200687831,0.00205444699970276,-6.06205674916989
"C05","D01",2,"D02",1,1,141,-6.59408409649,0.00136656962750527,-6.74889402289014
"C06","D01",2,"D02",1,1,142,-4.94602780258619,0.00706138383553704,-5.11658425674162
"C07","D01",2,"D02",1,1,143,-3.51455338777279,0.0289009673166603,-3.65408401726895
"C08","D01",2,"D02",1,1,144,-3.37346122023163,0.0331352413330173,-3.32859563025043
"C01","D01",1,"D03",1,1,145,-5.06218823676093,0.00629185106287213,-5.22498334844882
"C02","D01",1,"D03",1,1,146,-3.27656407903299,0.0363839887247071,-3.38695138015292
"C03","D01",1,"D03",1,1,147,-4.58861429580599,0.010064610720973,-4.78260330302579
"C04","D01",1,"D03",1,1,148,-2.83862430538381,0.0552723289056289,-2.96804969486816
"C05","D01",1,"D03",1,1,149,-5.47307383353357,0.00418075530983782,-5.64416590725286
"C06","D01",1,"D03",1,1,150,-4.74969657631487,0.00858006608685924,-4.75866097114311
"C07","D01",1,"D03",1,1,151,-3.49117252894363,0.0295644453054191,-3.30919037322614
"C08","D01",1,"D03",1,1,152,-3.23714745616157,0.0377914817228226,-3.44689614918135
"C01","D02",1,"D03",1,1,153,-5.96533146616517,0.00255962536506298,-6.32000922364688
"C02","D02",1,"D03",1,1,154,-4.65646507552357,0.00941058443656639,-4.69536840625605
"C03","D02",1,"D03",1,1,155,-5.98577257071739,0.00250796481418045,-6.04765704264919
"C04","D02",1,"D03",1,1,156,-4.25877191244947,0.013942514127579,-4.02158100138418
"C05","D02",1,"D03",1,1,157,-6.57583239325704,0.0013917058300236,-6.66174630579768
"C06","D02",1,"D03",1,1,158,-5.93596118738492,0.00263571606347098,-5.8651156649084
"C07","D02",1,"D03",1,1,159,-4.46664670727321,0.011355341680687,-4.4878483781192
"C08","D02",1,"D03",1,1,160,-4.68678969902332,0.00913206242635158,-4.58042954804255
"C01","D01",2,"D03",1,1,161,-7.16797878251453,0.000770285475200947,-7.51005686898105
"C02","D01",2,"D03",1,1,162,-5.80606198621986,0.00300022880546458,-5.58082843198216
"C03","D01",2,"D03",1,1,163,-6.40829802430738,0.00164511581200489,-6.57353429505975
"C04","D01",2,"D03",1,1,164,-5.39145171906604,0.00453469827445285,-5.46622455172666
"C05","D01",2,"D03",1,1,165,-7.50722392013961,0.000548801980505088,-7.46883614084258
"C06","D01",2,"D03",1,1,166,-6.59878409949228,0.00136017053203076,-6.40735509075668
"C07","D01",2,"D03",1,1,167,-5.05311049087595,0.00634886264425787,-5.00786544508228
"C08","D01",2,"D03",1,1,168,-5.07774560735055,0.00619532561941781,-4.96115155685409
"C01","D02",2,"D03",1,1,169,-4.64918656712693,0.0094786777203618,-4.64059943219063
"C02","D02",2,"D03",1,1,170,-2.45920129023675,0.0787682751173393,-2.73387993376845
"C03","D02",2,"D03",1,1,171,-4.00249058370747,0.017942272283473,-4.11310528692769
"C04","D02",2,"D03",1,1,172,-2.49987925826467,0.0758666448991218,-2.41110645853105
"C05","D02",2,"D03",1,1,173,-5.0544574692795,0.00634037080529648,-5.0491338199019
"C06","D02",2,"D03",1,1,174,-4.05499078415558,0.0170402365400497,-4.12507346106926
"C07","D02",2,"D03",1,1,175,-2.51731442696953,0.0746532531515939,-2.65818933728007
"C08","D02",2,"D03",1,1,176,-2.87817399622925,0.0532431070515163,-2.79573490787451
"C01","D03",1,"D04",1,1,177,-11.4163256244361,1.10140741085336e-05,-11.5749414882363
"C02","D03",1,"D04",1,1,178,-9.81460083398884,5.46448556553169e-05,-9.74325348749253
"C03","D03",1,"D04",1,1,179,-11.1799626376904,1.39507597537229e-05,-10.9213899234147
"C04","D03",1,"D04",1,1,180,-9.58840521662153,6.85139123799416e-05,-9.41700169500039
"C05","D03",1,"D04",1,1,181,-11.824111705487,7.32572060907351e-06,-11.7386462223328
"C06","D03",1,"D04",1,1,182,-10.6847383261386,2.28911263638743e-05,-10.7849898381519
"C07","D03",1,"D04",1,1,183,-9.33533714969056,8.82421872538402e-05,-9.3791373901388
"C08","D03",1,"D04",1,1,184,-9.50305433250623,7.46179880400748e-05,-9.41099736536959
"C01","D03",2,"D04",1,1,185,-8.43591383846364,0.000216887721730184,-8.45271367955998
"C02","D03",2,"D04",1,1,186,-6.68487508127223,0.00124811112324781,-6.70383473141544
"C03","D03",2,"D04",1,1,187,-7.96485412628353,0.00034734170277666,-8.07496799154537
"C04","D03",2,"D04",1,1,188,-6.13644945345567,0.00215792167755588,-6.18141139653756
"C05","D03",2,"D04",1,1,189,-9.24225141587597,9.68498932376363e-05,-8.83204436653155
"C06","D03",2,"D04",1,1,190,-8.03581808329589,0.000323554919903123,-7.98157436203024
"C07","D03",2,"D04",1,1,191,-6.5599511458263,0.00141395279060338,-6.56349755383627
"C08","D03",2,"D04",1,1,192,-6.77384746447904,0.00114198180683371,-6.67925657546438
"C01","D03",1,"D05",1,1,193,-4.50173078673283,0.0109681514135048,-4.43394044297148
"C02","D03",1,"D05",1,1,194,-2.76921264543106,0.0590107188692714,-2.7704281276452
"C03","D03",1,"D05",1,1,195,-4.35513518619024,0.0126779102929435,-4.49627527800642
"C04","D03",1,"D05",1,1,196,-1.98658818860513,0.120618283475116,-1.97357666397768
"C05","D03",1,"D05",1,1,197,-5.21071979206901,0.00542811855219413,-5.21792894082376
"C06","D03",1,"D05",1,1,198,-4.44569802639655,0.0115929434193632,-4.52482767579733
"C07","D03",1,"D05",1,1,199,-3.18048512945738,0.0399067424591454,-3.0642753366362
"C08","D03",1,"D05",1,1,200,-3.36222358855123,0.0334971596572312,-3.3418031810806
"C01","D04",1,"D05",1,1,201,-2.97416737303745,0.0486066439149913,-2.92087022286886
"C02","D04",1,"D05",1,1,202,-1.34425165727542,0.206811744528339,-1.3734607845163
"C03","D04",1,"D05",1,1,203,-3.23731414239801,0.0377854209305563,-3.16546353743793
"C04","D04",1,"D05",1,1,204,-0.237125800970705,0.440994772999483,-0.396328538854241
"C05","D04",1,"D05",1,1,205,-3.92159186548842,0.0194247404306306,-3.76780715820479
"C06","D04",1,"D05",1,1,206,-2.9918278385621,0.0477964325890761,-3.15244530057866
"C07","D04",1,"D05",1,1,207,-1.92247856415794,0.127585429070196,-1.71396409801488
"C08","D04",1,"D05",1,1,208,-1.89300649089035,0.130902051158753,-2.01031684705352
"C01","D03",2,"D05",1,1,209,9.3109154034491,0.999909576451396,9.23153659219333
"C02","D03",2,"D05",1,1,210,9.23428823438245,0.999902375870174,9.30083191582226
"C03","D03",2,"D05",1,1,211,5.78690002405371,0.996941904081351,5.86685824854411
"C04","D03",2,"D05",1,1,212,13.0062838695494,0.99999775383472,12.9438351912106
"C05","D03",2,"D05",1,1,213,6.71024518621666,0.998783117246213,6.64679869442018
"C06","D03",2,"D05",1,1,214,5.74933614912517,0.996825216958893,6.01061580334653
"C07","D03",2,"D05",1,1,215,7.23211824706611,0.999277534560417,7.32149547517115
"C08","D03",2,"D05",1,1,216,6.33845438674701,0.99823608561765,6.39895982446123
"C01","D04",2,"D05",1,1,217,-21.2044520927594,6.1804979123339e-10,-21.1266928943467
"C02","D04",2,"D05",1,1,218,-16.7822677114988,5.14699464873403e-08,-16.7466634345693
"C03","D04",2,"D05",1,1,219,-15.8524896700343,1.30422089935285e-07,-15.7900098196572
"C04","D04",2,"D05",1,1,220,-20.7279994023127,9.95277619307343e-10,-20.6938648162561
"C05","D04",2,"D05",1,1,221,-19.1231571053581,4.95357098021941e-09,-19.1093337494338
"C06","D04",2,"D05",1,1,222,-16.4240123946051,7.3644787663726e-08,-16.2258425499286
"C07","D04",2,"D05",1,1,223,-14.6578164394702,4.30716011440917e-07,-14.4664986375596
"C08","D04",2,"D05",1,1,224,-13.966995058001,8.59430464700424e-07,-13.7551955076953
"C01","D05",1,"D06",1,1,225,38.4856011346735,1,38.3076794236792
"C02","D05",1,"D06",1,1,226,34.6767208377904,0.999999999999999,34.654607208505
"C03","D05",1,"D06",1,1,227,27.1232969933225,0.999999999998338,27.1128308671357
"C04","D05",1,"D06",1,1,228,44.9287526940248,1,44.9985203573301
"C05","D05",1,"D06",1,1,229,31.2201523097033,0.999999999999972,31.3784574475968
"C06","D05",1,"D06",1,1,230,27.7218118321134,0.999999999999087,27.5993900662481
"C07","D05",1,"D06",1,1,231,28.5589170785214,0.999999999999605,28.5837093513004
"C08","D05",1,"D06",1,1,232,26.0147292151067,0.999999999994966,26.097393829024
"C01","D05",2,"D06",1,1,233,28.699248761288,0.999999999999656,28.517868572037
"C02","D05",2,"D06",1,1,234,26.1648635185125,0.999999999995667,26.1623531693949
"C03","D05",2,"D06",1,1,235,20.2181949401976,0.999999998342897,20.0166839051434
"C04","D05",2,"D06",1,1,236,34.2982319716845,0.999999999999999,34.1870353083453
"C05","D05",2,"D06",1,1,237,23.0355872972273,0.999999999900969,23.0611383498861
"C06","D05",2,"D06",1,1,238,20.2841189046164,0.999999998448617,20.3659062892634
"C07","D05",2,"D06",1,1,239,21.5363351098008,0.999999999556505,21.4709267361082
"C08","D05",2,"D06",1,1,240,19.4050073498657,0.999999996263092,19.512413993066
"C01","D01",1,"D07",1,1,241,0.401699237198948,0.599095851559693,0.453583005394703
"C02","D01",1,"D07",1,1,242,2.4671429175176,0.921806075432322,2.37976125765615
"C03","D01",1,"D07",1,1,243,0.793091761713195,0.688494805947419,0.899798012912006
"C04","D01",1,"D07",1,1,244,2.70062233215075,0.937063356353555,2.7241543331832
"C05","D01",1,"D07",1,1,245,0.00320696901697634,0.500801741567108,-0.075335714938805
"C06","D01",1,"D07",1,1,246,0.949540680070594,0.721022795693685,0.825141455746949
"C07","D01",1,"D07",1,1,247,2.35071961881956,0.912991409700109,2.31717250305642
"C08","D01",1,"D07",1,1,248,2.20898035879991,0.901053056403821,2.12873561513264
"C01","D05",1,"D07",1,1,249,1.25959498049065,0.778956378047484,1.42586506297965
"C02","D05",1,"D07",1,1,250,3.12423218903854,0.957881305862205,3.17024647632402
"C03","D05",1,"D07",1,1,251,1.33383878884533,0.791474906544396,1.33140566249486
"C04","D05",1,"D07",1,1,252,3.85409271399481,0.979246992268621,3.91526219160706
"C05","D05",1,"D07",1,1,253,0.513505618819497,0.625627913114335,0.499466368463445
"C06","D05",1,"D07",1,1,254,1.12780747127757,0.755434048753452,1.19463411294704
"C07","D05",1,"D07",1,1,255,2.74457312086257,0.939606127376633,2.70106940461759
"C08","D05",1,"D07",1,1,256,2.39111730736117,0.916147441033547,2.35977214153614
"C01","D06",1,"D07",1,1,257,-0.128246970670322,0.467982129229374,-0.0375907566587022
"C02","D06",1,"D07",1,1,258,1.81331537462666,0.859762090080097,1.69891551969096
"C03","D06",1,"D07",1,1,259,-0.32771502076631,0.41879669744723,-0.222950441444222
"C04","D06",1,"D07",1,1,260,2.45696570201569,0.921069349188527,2.4925641838945
"C05","D06",1,"D07",1,1,261,-1.23094432507714,0.22601618949384,-1.06021773787719
"C06","D06",1,"D07",1,1,262,-0.585032964220866,0.357775332747348,-0.396036684975143
"C07","D06",1,"D07",1,1,263,0.919434870985023,0.714926942776595,1.12396488765319
"C08","D06",1,"D07",1,1,264,0.766673357069524,0.682800835128425,0.743432631976711
"C01","D01",2,"D07",1,1,265,-1.95604122481295,0.123896116852178,-1.96814069484817
"C02","D01",2,"D07",1,1,266,0.0441757205156131,0.511042134465449,0.0757289273436539
"C03","D01",2,"D07",1,1,267,-1.1366491729288,0.242936107964137,-0.982624447832362
"C04","D01",2,"D07",1,1,268,0.167165569177871,0.541694344117243,0.0730303741405629
"C05","D01",2,"D07",1,1,269,-2.19756603526067,0.0999692729838917,-2.0181146696892
"C06","D01",2,"D07",1,1,270,-0.957914746271155,0.277295891601167,-0.922753256319537
"C07","D01",2,"D07",1,1,271,0.519016522292583,0.626917767590166,0.523649379478905
"C08","D01",2,"D07",1,1,272,0.436759096581756,0.607486517972111,0.525651988111497
"C01","D05",2,"D07",1,1,273,0.463175709836863,0.613767271865491,0.501149821493391
"C02","D05",2,"D07",1,1,274,2.3824936737924,0.915482580361724,2.3074081871522
"C03","D05",2,"D07",1,1,275,0.575851053993473,0.640112176205353,0.585748452883321
"C04","D05",2,"D07",1,1,276,2.9078096528987,0.948231148442955,2.91836935183243
"C05","D05",2,"D07",1,1,277,-0.221462839732282,0.444859473613266,-0.295777833065354
"C06","D05",2,"D07",1,1,278,0.364097314354422,0.590031915218295,0.467643253512894
"C07","D05",2,"D07",1,1,279,1.89431456674961,0.8692466924847,1.97012864895948
"C08","D05",2,"D07",1,1,280,1.63768472412694,0.837219651195787,1.67845852480718
"C01","D06",2,"D07",1,1,281,-2.16267913054479,0.10315233626671,-2.10256225727882
"C02","D06",2,"D07",1,1,282,-0.782047101730232,0.313878856561909,-0.612748079642571
"C03","D06",2,"D07",1,1,283,-2.33337237462193,0.0883965311085695,-2.51484144518282
"C04","D06",2,"D07",1,1,284,0.497653384682643,0.621907709627595,0.48963447993815
"C05","D06",2,"D07",1,1,285,-3.10134520782194,0.0430518005289049,-3.07120331289135
"C06","D06",2,"D07",1,1,286,-2.58708799687202,0.0699740521527492,-2.51970520985549
"C07","D06",2,"D07",1,1,287,-0.998510925857948,0.26923429182768,-1.07735216335511
"C08","D06",2,"D07",1,1,288,-1.38704649649856,0.199879685492924,-1.42039006479617
"C01","D01",1,"D08",1,1,289,0.795932942737075,0.68910382664294,0.732540238007461
"C02","D01",1,"D08",1,1,290,2.45068097186786,0.920611234712219,2.20649949019213
"C03","D01",1,"D08",1,1,291,0.0554587506519761,0.513861135151807,0.221875290542782
"C04","D01",1,"D08",1,1,292,3.38291670826467,0.967166353329654,3.36756900193961
"C05","D01",1,"D08",1,1,293,-0.443660408594665,0.390869113624171,-0.330752911763684
"C06","D01",1,"D08",1,1,294,0.386588442372101,0.595461167195871,0.186065962944835
"C07","D01",1,"D08",1,1,295,1.71301477899693,0.847226906170766,1.6395014443674
"C08","D01",1,"D08",1,1,296,1.29944073637396,0.785740844843902,1.25837117378188
"C01","D07",1,"D08",1,1,297,-3.69221258437471,0.0243110564749824,-3.70366468860099
"C02","D07",1,"D08",1,1,298,-1.85692959909722,0.13506133373981,-1.69781085868546
"C03","D07",1,"D08",1,1,299,-3.26351876759775,0.0368441363296669,-3.16106442406981
"C04","D07",1,"D08",1,1,300,-1.60511189406849,0.167268369271242,-1.46383694029735
"C05","D07",1,"D08",1,1,301,-4.33455523291315,0.0129381137041349,-4.22297716883666
"C06","D07",1,"D08",1,1,302,-3.49563817175909,0.0294365930805072,-3.27854446465737
"C07","D07",1,"D08",1,1,303,-1.75113500573071,0.147904097817675,-1.76586452182826
"C08","D07",1,"D08",1,1,304,-1.85719041942821,0.135030867668804,-1.95524877947337
"C01","D01",2,"D08",1,1,305,-7.0037499861804,0.000907644257889417,-6.88757029379833
"C02","D01",2,"D08",1,1,306,-4.63744757640904,0.00958953017705475,-4.52316349960889
"C03","D01",2,"D08",1,1,307,-5.23471040268547,0.00530012632128382,-5.34302224940102
"C04","D01",2,"D08",1,1,308,-5.18263029670616,0.00558189014759491,-5.04947089297478
"C05","D01",2,"D08",1,1,309,-6.61984101577021,0.00133186672228423,-6.69835990909126
"C06","D01",2,"D08",1,1,310,-5.45314375446194,0.00426455505308812,-5.37008905954825
"C07","D01",2,"D08",1,1,311,-3.98967029134869,0.0181695719113511,-3.87346462617941
"C08","D01",2,"D08",1,1,312,-3.67286061076195,0.0247743361223933,-3.79249633299359
"C01","D07",2,"D08",1,1,313,-3.25745300232141,0.0370599957669499,-3.31474632441612
"C02","D07",2,"D08",1,1,314,-1.27408725426037,0.218558384459839,-1.14874453268946
"C03","D07",2,"D08",1,1,315,-2.35507242652196,0.0866634325712976,-2.45977998627059
"C04","D07",2,"D08",1,1,316,-1.57166751485121,0.171978804224804,-1.19170255830236
"C05","D07",2,"D08",1,1,317,-3.6464619833132,0.0254202071071344,-3.67584664614968
"C06","D07",2,"D08",1,1,318,-2.46028284794598,0.0786898288899996,-2.60422267732613
"C07","D07",2,"D08",1,1,319,-1.09702459233832,0.250297811207716,-1.07279165473955
"C08","D07",2,"D08",1,1,320,-1.32008513879849,0.21080412894909,-1.20674430277842
"C01","D01",1,"D02",2,1,321,5.9277453801153,0.99734259798432,6.08286357888931
"C02","D01",1,"D02",2,1,322,7.52758870628085,0.999462255273058,7.50295281489229
"C03","D01",1,"D02",2,1,323,5.31494037809014,0.995106492234844,5.42431600917596
"C04","D01",1,"D02",2,1,324,8.95012142758369,0.999870295418129,8.77701947049747
"C05","D01",1,"D02",2,1,325,4.89972459944364,0.99260643779345,4.91622612465734
"C06","D01",1,"D02",2,1,326,5.40437218703204,0.995523254659207,5.3762446255634
"C07","D01",1,"D02",2,1,327,6.78772253985383,0.998873736135089,6.83158352146699
"C08","D01",1,"D02",2,1,328,6.40838970007172,0.998355034750254,6.41111686799998
"C01","D01",2,"D02",2,1,329,-2.61179568846233,0.0683831173371518,-2.70512416218507
"C02","D01",2,"D02",2,1,330,-0.222698440134599,0.444554351155412,-0.281941590300808
"C03","D01",2,"D02",2,1,331,-1.03630921737372,0.261862760438831,-1.02025911757402
"C04","D01",2,"D02",2,1,332,-0.785935046790236,0.313042159424998,-0.921787058843635
"C05","D01",2,"D02",2,1,333,-2.28287326279625,0.0925513577348025,-2.42778516771935
"C06","D01",2,"D02",2,1,334,-1.11542051229011,0.246861719186598,-1.04442757120379
"C07","D01",2,"D02",2,1,335,0.50122694285679,0.622747623975531,0.454154140764849
"C08","D01",2,"D02",2,1,336,0.630034214272664,0.652497220134717,0.567875695159864
"C01","D01",1,"D03",2,1,337,1.62220695092201,0.835099270466995,1.62724046036332
"C02","D01",1,"D03",2,1,338,2.83725632648672,0.944656195458811,2.84455470001686
"C03","D01",1,"D03",2,1,339,0.577227245326056,0.640429146277241,0.720334076759824
"C04","D01",1,"D03",2,1,340,4.32260066690356,0.986908325597779,4.40105627885893
"C05","D01",1,"D03",2,1,341,0.552357262412499,0.634682320782408,0.432575021081913
"C06","D01",1,"D03",2,1,342,0.496193694662744,0.62156441926407,0.779725273281503
"C07","D01",1,"D03",2,1,343,2.35910083587803,0.913654897161424,2.18309899016339
"C08","D01",1,"D03",2,1,344,1.92363651109958,0.872543403406941,1.76356565830373
"C01","D02",1,"D03",2,1,345,2.57564695141921,0.929277718015697,2.56159388815092
"C02","D02",1,"D03",2,1,346,3.23827926960505,0.96224965320924,3.27494651980916
"C03","D02",1,"D03",2,1,347,0.907403544700038,0.712468553982685,0.902405920076712
"C04","D02",1,"D03",2,1,348,5.40845836508045,0.995541428721575,5.5959806814018
"C05","D02",1,"D03",2,1,349,1.01215470202031,0.733441616116466,1.13916636759273
"C06","D02",1,"D03",2,1,350,1.26524315469158,0.779927367075421,1.16159310098411
"C07","D02",1,"D03",2,1,351,2.3928036118468,0.916276894274018,2.46171475858008
"C08","D02",1,"D03",2,1,352,2.32674431691482,0.911067903740344,1.97924001131196
"C01","D01",2,"D03",2,1,353,-7.90600528228302,0.00036838803286615,-8.25775505290178
"C02","D01",2,"D03",2,1,354,-6.27190791661602,0.0018850616421277,-5.85080035474424
"C03","D01",2,"D03",2,1,355,-6.67245173122175,0.001263693844531,-6.48118433173093
"C04","D01",2,"D03",2,1,356,-6.33476834766804,0.00177041670524448,-6.5197642945075
"C05","D01",2,"D03",2,1,357,-7.79066924049006,0.000413405035125259,-7.85201029592924
"C06","D01",2,"D03",2,1,358,-6.56859833838192,0.00140179584540147,-6.44115304376921
"C07","D01",2,"D03",2,1,359,-4.74704219571597,0.00860267491689796,-4.96813108149751
"C08","D01",2,"D03",2,1,360,-4.57387197096922,0.0102125590570404,-4.8004063778523
"C01","D02",2,"D03",2,1,361,1.22733593182586,0.773351959924906,1.23468067811433
"C02","D02",2,"D03",2,1,362,2.26110805185626,0.905604395525504,2.65947025979031
"C03","D02",2,"D03",2,1,363,0.766858574237373,0.682840948818312,0.692246690892655
"C04","D02",2,"D03",2,1,364,3.81930403200183,0.97852809226178,3.87583641158927
"C05","D02",2,"D03",2,1,365,0.209052479646137,0.552073610417795,0.197907425704371
"C06","D02",2,"D03",2,1,366,0.74123573105622,0.677266017473132,0.696673545762694
"C07","D02",2,"D03",2,1,367,2.16248885604277,0.896830059742313,2.13205091704446
"C08","D02",2,"D03",2,1,368,1.61865047761384,0.834608930080449,1.76489904231158
"C01","D03",1,"D04",2,1,369,-12.0855697207968,5.6402883882048e-06,-11.9904387819629
"C02","D03",1,"D04",2,1,370,-9.9365473874692,4.8371693501883e-05,-9.94302470822179
"C03","D03",1,"D04",2,1,371,-10.9473230192653,1.7604770804922e-05,-10.9196943370621
"C04","D03",1,"D04",2,1,372,-9.98849298814584,4.59232555447827e-05,-9.98815370441847
"C05","D03",1,"D04",2,1,373,-11.8604484240145,7.0643080417261e-06,-11.945213790439
"C06","D03",1,"D04",2,1,374,-11.37350121061,1.14959850842533e-05,-10.821396663945
"C07","D03",1,"D04",2,1,375,-9.37442570688424,8.48597579751354e-05,-9.38959957945437
"C08","D03",1,"D04",2,1,376,-9.32288336851776,8.93479088717489e-05,-9.34851983689665
"C01","D03",2,"D04",2,1,377,-14.7159452388949,4.06392804911956e-07,-14.6541499620735
"C02","D03",2,"D04",2,1,378,-12.0376771313814,5.91698784580196e-06,-11.8521048939377
"C03","D03",2,"D04",2,1,379,-12.4250348110483,4.01674442564718e-06,-12.1914253767992
"C04","D03",2,"D04",2,1,380,-13.1857490239747,1.87715936260841e-06,-13.165117713037
"C05","D03",2,"D04",2,1,381,-13.9502718271027,8.73923755796574e-07,-13.9569874839373
"C06","D03",2,"D04",2,1,382,-12.2596368659678,4.73920287996995e-06,-12.2599989770527
"C07","D03",2,"D04",2,1,383,-10.7265886688474,2.19529150754014e-05,-10.7245175821173
"C08","D03",2,"D04",2,1,384,-10.5085031341664,2.73025504491955e-05,-10.4608633567153
"C01","D03",1,"D05",2,1,385,-5.40094563789438,0.00449204241482274,-5.28044575797099
"C02","D03",1,"D05",2,1,386,-3.71441879583218,0.0237898515304918,-3.55564705872548
"C03","D03",1,"D05",2,1,387,-5.35574212549028,0.00469878186586125,-5.17704988813027
"C04","D03",1,"D05",2,1,388,-2.91464773350168,0.0514342051379532,-2.88618523719215
"C05","D03",1,"D05",2,1,389,-5.89373242466105,0.00274909008446215,-5.94980263565159
"C06","D03",1,"D05",2,1,390,-5.20109141990861,0.00548034710767824,-5.19290336403843
"C07","D03",1,"D05",2,1,391,-3.88951680418882,0.0200451984357564,-3.7340348549022
"C08","D03",1,"D05",2,1,392,-3.97602136672021,0.0184146691326321,-3.9680244768938
"C01","D04",1,"D05",2,1,393,-3.70693500215831,0.0239642751722908,-3.86137939513859
"C02","D04",1,"D05",2,1,394,-2.18228463133499,0.101352653408178,-2.22407093848128
"C03","D04",1,"D05",2,1,395,-3.79273624935859,0.0220372743243698,-3.90025465494969
"C04","D04",1,"D05",2,1,396,-1.39647378223872,0.198376265245949,-1.41647245325728
"C05","D04",1,"D05",2,1,397,-4.75958803513748,0.00849633260074195,-4.58394261790565
"C06","D04",1,"D05",2,1,398,-3.88437057891141,0.0201465378180748,-3.88723820998119
"C07","D04",1,"D05",2,1,399,-2.44542562072427,0.0797737088923195,-2.44405624910634
"C08","D04",1,"D05",2,1,400,-2.62719224138991,0.0674087455440077,-2.6946136680676
"C01","D03",2,"D05",2,1,401,5.7178467621609,0.996723987027085,5.74383590479535
"C02","D03",2,"D05",2,1,402,6.46120627367488,0.99843952959714,6.25027765472646
"C03","D03",2,"D05",2,1,403,3.32186017953584,0.965171176984371,3.3006939664492
"C04","D03",2,"D05",2,1,404,9.15539134637168,0.999894362484511,9.10542393706139
"C05","D03",2,"D05",2,1,405,3.44306483507029,0.969023644806286,3.67162147625921
"C06","D03",2,"D05",2,1,406,3.29008466463177,0.96408708559095,3.40517974196189
"C07","D03",2,"D05",2,1,407,4.6534273224809,0.990561055309422,4.75403037552152
"C08","D03",2,"D05",2,1,408,4.02889821110978,0.982517163955842,4.01609792889583
"C01","D04",2,"D05",2,1,409,-17.4246531545501,2.70750504254526e-08,-17.7508324390129
"C02","D04",2,"D05",2,1,410,-14.0063222966242,8.26287448868762e-07,-13.9404998292782
"C03","D04",2,"D05",2,1,411,-13.5355641050254,1.32305721403866e-06,-13.4825591121631
"C04","D04",2,"D05",2,1,412,-16.9726809465559,4.254595763674e-08,-16.9223943719639
"C05","D04",2,"D05",2,1,413,-16.2206243912807,9.0255212827863e-08,-16.2461994526735
"C06","D04",2,"D05",2,1,414,-13.7498564897574,1.06785610717371e-06,-13.8011629814697
"C07","D04",2,"D05",2,1,415,-12.1230852040518,5.43261130294991e-06,-12.1167266970111
"C08","D04",2,"D05",2,1,416,-11.5081865617703,1.00474005443258e-05,-11.5819377405914
"C01","D05",1,"D06",2,1,417,43.7049044528108,1,43.9336234376107
"C02","D05",1,"D06",2,1,418,38.8690222737999,1,38.920519013272
"C03","D05",1,"D06",2,1,419,30.4744201197921,0.999999999999942,30.2948094622668
"C04","D05",1,"D06",2,1,420,51.2521096738205,1,51.5194698586877
"C05","D05",1,"D06",2,1,421,36.1353452833961,1,35.9052372711586
"C06","D05",1,"D06",2,1,422,31.110780770939,0.999999999999969,31.114365198156
"C07","D05",1,"D06",2,1,423,31.8226722014149,0.999999999999985,31.8994049898298
"C08","D05",1,"D06",2,1,424,29.0690282195714,0.999999999999763,29.0432387280822
"C01","D05",2,"D06",2,1,425,32.2698610905981,0.99999999999999,32.2470155893669
"C02","D05",2,"D06",2,1,426,28.7915689491602,0.999999999999687,28.8088918170985
"C03","D05",2,"D06",2,1,427,21.9927057689038,0.999999999719011,21.8510935611549
"C04","D05",2,"D06",2,1,428,38.7888387159478,1,38.6051206825993
"C05","D05",2,"D06",2,1,429,26.1027965007506,0.99999999999539,25.9746959499769
"C06","D05",2,"D06",2,1,430,22.5827091702746,0.999999999844241,22.4906498728414
"C07","D05",2,"D06",2,1,431,23.2079093688075,0.999999999916645,23.4273164037033
"C08","D05",2,"D06",2,1,432,21.1486883711036,0.999999999346506,21.1989000720465
"C01","D01",1,"D07",2,1,433,0.417278244343701,0.602831774551526,0.397817608089086
"C02","D01",1,"D07",2,1,434,2.50416456592657,0.924433256323376,2.57176646361475
"C03","D01",1,"D07",2,1,435,1.63084900678799,0.836285911002148,1.30455876131547
"C04","D01",1,"D07",2,1,436,2.40002519663001,0.916829224854895,2.49825198337643
"C05","D01",1,"D07",2,1,437,0.00339994182375751,0.500849984637149,0.087041073428128
"C06","D01",1,"D07",2,1,438,1.0318881611903,0.737281791477216,1.17685304555481
"C07","D01",1,"D07",2,1,439,2.81499384979695,0.943480706062536,2.70225727052815
"C08","D01",1,"D07",2,1,440,2.48817480461353,0.923308660782171,2.58858698817462
"C01","D05",1,"D07",2,1,441,-0.976470158019917,0.27359274266351,-1.06348169706896
"C02","D05",1,"D07",2,1,442,1.30664600652772,0.786951370191646,1.24705539647577
"C03","D05",1,"D07",2,1,443,-0.0281235612424632,0.492969573067325,-0.0250122693907578
"C04","D05",1,"D07",2,1,444,1.1374137686102,0.757204487422356,0.999779600157013
"C05","D05",1,"D07",2,1,445,-1.50490011826235,0.181695825534659,-1.39702112096802
"C06","D05",1,"D07",2,1,446,-0.134534516639418,0.46641700861405,-0.242825817269753
"C07","D05",1,"D07",2,1,447,1.15483995617218,0.760393844011364,1.324403162026
"C08","D05",1,"D07",2,1,448,1.01066458719939,0.733150189880628,1.19291529066152
"C01","D06",1,"D07",2,1,449,-2.97392555643553,0.0486178277118456,-2.82369639067027
"C02","D06",1,"D07",2,1,450,-0.362251161528696,0.41041473265438,-0.471249985643325
"C03","D06",1,"D07",2,1,451,-1.90146761820551,0.129942459106764,-1.78471796625734
"C04","D06",1,"D07",2,1,452,-0.818634810307585,0.306053528591015,-0.753341798507423
"C05","D06",1,"D07",2,1,453,-3.13664769896623,0.0416206317909817,-3.21094901272338
"C06","D06",1,"D07",2,1,454,-2.14832307153502,0.104488029749334,-2.05006545547975
"C07","D06",1,"D07",2,1,455,-0.659746460683373,0.340796567938691,-0.462348945634328
"C08","D06",1,"D07",2,1,456,-0.566583487806733,0.362025540361589,-0.618592251409165
"C01","D01",2,"D07",2,1,457,0.544807310908322,0.632930010445281,0.58744556845031
"C02","D01",2,"D07",2,1,458,2.61428919955014,0.931775565577732,2.49103247362367
"C03","D01",2,"D07",2,1,459,1.17166964025413,0.763446678443405,1.27210009258009
"C04","D01",2,"D07",2,1,460,2.69616097653716,0.936799731525412,2.74354209956549
"C05","D01",2,"D07",2,1,461,0.367331112404016,0.590813924026407,0.366986819998994
"C06","D01",2,"D07",2,1,462,1.09279787742383,0.748908213944285,1.34201482957306
"C07","D01",2,"D07",2,1,463,2.80852764312884,0.943134906051224,2.77721736060827
"C08","D01",2,"D07",2,1,464,2.86933625171809,0.946309634450923,2.71749770451487
"C01","D05",2,"D07",2,1,465,-1.05023965219301,0.259179083674344,-1.03227846870444
"C02","D05",2,"D07",2,1,466,1.37087473529397,0.797521443452765,1.2207057582806
"C03","D05",2,"D07",2,1,467,-0.0130878224585117,0.496728091089311,-0.0740342652718907
"C04","D05",2,"D07",2,1,468,1.13061175607587,0.755951778841139,1.05810463074053
"C05","D05",2,"D07",2,1,469,-1.58178886577272,0.170542284183262,-1.38517088655342
"C06","D05",2,"D07",2,1,470,-0.35757639842329,0.411546377886086,-0.266197671542544
"C07","D05",2,"D07",2,1,471,1.07242362763026,0.74505754949189,1.28814927039775
"C08","D05",2,"D07",2,1,472,1.08204472054429,0.74688073265707,1.1522215347582
"C01","D06",2,"D07",2,1,473,-5.81016759995893,0.00298797300606101,-5.75511449324175
"C02","D06",2,"D07",2,1,474,-3.69476213666487,0.024250654308796,-3.52303768736128
"C03","D06",2,"D07",2,1,475,-4.74087665843379,0.00865541837425118,-4.69251752652595
"C04","D06",2,"D07",2,1,476,-3.57771436183026,0.027180087247206,-3.71675842099767
"C05","D06",2,"D07",2,1,477,-6.05648085522461,0.00233715536291187,-5.95872880537234
"C06","D06",2,"D07",2,1,478,-4.87106682643398,0.00760687540812096,-4.80884340835978
"C07","D06",2,"D07",2,1,479,-3.34966030968859,0.0339062895152952,-3.28478040711185
"C08","D06",2,"D07",2,1,480,-3.34466868307238,0.0340701794569346,-3.35780090113345
"C01","D01",1,"D08",2,1,481,4.16472841287612,0.984703678886031,4.2891521159843
"C02","D01",1,"D08",2,1,482,5.14931296767023,0.99423009453999,5.35440472240684
"C03","D01",1,"D08",2,1,483,2.87081183871536,0.946384556292675,2.88936284473463
"C04","D01",1,"D08",2,1,484,7.22718018938241,0.999273960758043,7.26484110030483
"C05","D01",1,"D08",2,1,485,2.79921199066766,0.942633226705242,2.71443184385865
"C06","D01",1,"D08",2,1,486,2.94917239269753,0.950224358831419,2.87654702527274
"C07","D01",1,"D08",2,1,487,4.18792158464818,0.985049123500393,4.29976414537159
"C08","D01",1,"D08",2,1,488,4.01496299071438,0.982276179601374,3.73272969552257
"C01","D07",1,"D08",2,1,489,-2.73239098458909,0.0610888790458451,-2.73384879322417
"C02","D07",1,"D08",2,1,490,-0.884363115204033,0.292274450825903,-0.788419518062889
"C03","D07",1,"D08",2,1,491,-2.41331793580127,0.082162758686298,-2.35717381292144
"C04","D07",1,"D08",2,1,492,-0.755411926137573,0.319643214480578,-0.427676873913454
"C05","D07",1,"D08",2,1,493,-3.37506012520543,0.0330840549594325,-3.36913754473178
"C06","D07",1,"D08",2,1,494,-2.51479653950894,0.0748273755711365,-2.48843244218591
"C07","D07",1,"D08",2,1,495,-1.13463440777754,0.243306851745801,-0.973608033454522
"C08","D07",1,"D08",2,1,496,-1.38008590940029,0.200995202678809,-1.20713868882747
"C01","D01",2,"D08",2,1,497,-8.48727252085985,0.000206032100388103,-8.41629006109352
"C02","D01",2,"D08",2,1,498,-5.70367911320839,0.00332260140645564,-5.75535558408079
"C03","D01",2,"D08",2,1,499,-6.44172080517957,0.00159112622069206,-6.3214880242664
"C04","D01",2,"D08",2,1,500,-6.81194317414272,0.0010993423723944,-6.78139240339163
"C05","D01",2,"D08",2,1,501,-8.11124359523924,0.000300055321416682,-7.96705982232353
"C06","D01",2,"D08",2,1,502,-6.41091795511279,0.0016408184263696,-6.41248960776905
"C07","D01",2,"D08",2,1,503,-4.95698169398697,0.00698499363932766,-4.87575287928297
"C08","D01",2,"D08",2,1,504,-4.64345293051155,0.00953266155359825,-4.70573818817436
"C01","D07",2,"D08",2,1,505,-3.12112868990975,0.0422440819891178,-3.09974922086043
"C02","D07",2,"D08",2,1,506,-0.735978825201699,0.32388408907324,-0.869838259279614
"C03","D07",2,"D08",2,1,507,-1.98411925301425,0.120880407661735,-2.18017631299857
"C04","D07",2,"D08",2,1,508,-1.10338265231897,0.249106623941799,-0.995475926581312
"C05","D07",2,"D08",2,1,509,-3.59134319296798,0.0268220356446811,-3.46802110972523
"C06","D07",2,"D08",2,1,510,-2.32250134154544,0.089276475743609,-2.36529956135385
"C07","D07",2,"D08",2,1,511,-0.898074263573537,0.289446397507901,-0.814868777598824
"C08","D07",2,"D08",2,1,512,-0.979665664523494,0.27295812816228,-0.95572212748602
"C01","D01",1,NA,NA,2,1,-0.995387995986006,0.269849162113943,-1.06345111950581
"C02","D01",1,NA,NA,2,2,1.08154723079985,0.746786670717914,1.0280228514107
"C03","D01",1,NA,NA,2,3,-0.280110086025892,0.430426787211532,-0.273270188901057
"C04","D01",1,NA,NA,2,4,1.04107496420252,0.739057367891098,1.07658899258943
"C05","D01",1,NA,NA,2,5,-1.56107169425162,0.173492919652716,-1.40382884189463
"C06","D01",1,NA,NA,2,6,-0.553225469259283,0.365116399742932,-0.365013398006913
"C07","D01",1,NA,NA,2,7,1.29648107370003,0.78524215783766,1.14223645978683
"C08","D01",1,NA,NA,2,8,0.837039138462081,0.697841258141618,1.02143274667172
"C01","D02",1,NA,NA,2,9,-2.56236700090776,0.0716000398525609,-2.60980279934332
"C02","D02",1,NA,NA,2,10,-0.548381627828742,0.366239965146765,-0.647283546182881
"C03","D02",1,NA,NA,2,11,-1.77797860383316,0.144552915071336,-1.84313788045621
"C04","D02",1,NA,NA,2,12,-0.804935951808319,0.308970662204956,-0.481414303163179
"C05","D02",1,NA,NA,2,13,-2.65145769397153,0.0658992221306068,-2.81060596421185
"C06","D02",1,NA,NA,2,14,-1.91225127694117,0.128728144092106,-1.7995567275805
"C07","D02",1,NA,NA,2,15,-0.486493488778902,0.380719959283236,-0.351136971569015
"C08","D02",1,NA,NA,2,16,-0.325172618908759,0.419415660826377,-0.406376917241501
"C01","D03",1,NA,NA,2,17,-7.50836034030757,0.000548179006795815,-7.44955881384724
"C02","D03",1,NA,NA,2,18,-5.47930507233846,0.00415489292644227,-5.46512919135626
"C03","D03",1,NA,NA,2,19,-6.6974391227342,0.00123254710950644,-6.69427717760587
"C04","D03",1,NA,NA,2,20,-5.28336019740073,0.00504971885676157,-5.31206206737294
"C05","D03",1,NA,NA,2,21,-7.65430010796578,0.000473776911859391,-7.69208352539177
"C06","D03",1,NA,NA,2,22,-6.70524809957133,0.0012229713856574,-6.68135171086758
"C07","D03",1,NA,NA,2,23,-5.12325147300182,0.00592135230644736,-5.2199866655972
"C08","D03",1,NA,NA,2,24,-5.25996704743519,0.00516862246657606,-5.2937991216793
"C01","D04",1,NA,NA,2,25,-6.35966634854522,0.00172695627651917,-6.48968327616026
"C02","D04",1,NA,NA,2,26,-4.73082210041029,0.00874211912375038,-4.5346320408072
"C03","D04",1,NA,NA,2,27,-5.79618044004311,0.00302993239383544,-5.75148465660407
"C04","D04",1,NA,NA,2,28,-4.32113068337157,0.0131106806048859,-4.34940581649427
"C05","D04",1,NA,NA,2,29,-6.82138298503227,0.0010890248640232,-6.71413949922307
"C06","D04",1,NA,NA,2,30,-5.66797010943352,0.00344297613450033,-5.71357239182866
"C07","D04",1,NA,NA,2,31,-4.18658816950485,0.0149705268745713,-4.26336104605873
"C08","D04",1,NA,NA,2,32,-4.27058705427324,0.0137810075200464,-4.3279039058896
"C01","D05",1,NA,NA,2,33,-1.51022229109154,0.180905851960788,-1.73772798024889
"C02","D05",1,NA,NA,2,34,0.376466433486085,0.593020567752535,0.476016553060905
"C03","D05",1,NA,NA,2,35,-0.786963136139993,0.312821114641678,-0.957124991426444
"C04","D05",1,NA,NA,2,36,0.525497357355993,0.628432331209007,0.428134853684599
"C05","D05",1,NA,NA,2,37,-2.53820213554498,0.0732230855642697,-2.24776754011873
"C06","D05",1,NA,NA,2,38,-1.18210426056537,0.234674055546785,-1.19306115746312
"C07","D05",1,NA,NA,2,39,0.254902581600708,0.563382823177304,0.376082982980807
"C08","D05",1,NA,NA,2,40,-0.055087457362705,0.486231617309824,0.17770837685578
"C01","D06",1,NA,NA,2,41,-3.55670370296908,0.027741190517121,-3.47563106245415
"C02","D06",1,NA,NA,2,42,-1.37090866501845,0.202473077597021,-1.2446668042901
"C03","D06",1,NA,NA,2,43,-2.65775022120502,0.065512932545517,-2.71938484746203
"C04","D06",1,NA,NA,2,44,-1.30104461333883,0.213989262737017,-1.29546668581193
"C05","D06",1,NA,NA,2,45,-4.02567351276879,0.0175383135623357,-4.03650410832787
"C06","D06",1,NA,NA,2,46,-2.85316097174338,0.054518152382845,-2.98709265798166
"C07","D06",1,NA,NA,2,47,-1.42408960418095,0.194021263146098,-1.40481891576077
"C08","D06",1,NA,NA,2,48,-1.59135407187416,0.16919347378747,-1.62523799328853
"C01","D07",1,NA,NA,2,49,-1.98570540175383,0.120711951611275,-1.83342889326673
"C02","D07",1,NA,NA,2,50,0.0680471692918928,0.517005231053048,0.262032478993195
"C03","D07",1,NA,NA,2,51,-1.12510239693036,0.24506606831585,-1.04441908817883
"C04","D07",1,NA,NA,2,52,0.224776186823721,0.555958638784468,0.307851400158989
"C05","D07",1,NA,NA,2,53,-2.21095239647407,0.0987712627273552,-2.18034503335379
"C06","D07",1,NA,NA,2,54,-0.969797717280914,0.274920823282849,-1.14129253322509
"C07","D07",1,NA,NA,2,55,0.472259413403483,0.615918389636138,0.36814048814649
"C08","D07",1,NA,NA,2,56,0.281808538810229,0.569989555441477,0.244392032810654
"C01","D08",1,NA,NA,2,57,-4.71833219246032,0.00885101962235281,-4.72192417076931
"C02","D08",1,NA,NA,2,58,-2.62303773798733,0.0676703874437747,-2.57413883456243
"C03","D08",1,NA,NA,2,59,-3.95203591193692,0.0188532650917707,-3.93718618229768
"C04","D08",1,NA,NA,2,60,-2.53662733662576,0.0733300255774682,-2.56951318361296
"C05","D08",1,NA,NA,2,61,-5.00422265659186,0.0066648368607495,-5.14164734920158
"C06","D08",1,NA,NA,2,62,-4.00094350087438,0.0179695527599406,-4.09585121026464
"C07","D08",1,NA,NA,2,63,-2.39090912249514,0.083868553385655,-2.55989820833718
"C08","D08",1,NA,NA,2,64,-2.51885793842381,0.074546697134726,-2.71692568117805
"C01","D01",2,NA,NA,2,65,-1.40055245484325,0.197728459836294,-1.40640490363634
"C02","D01",2,NA,NA,2,66,0.620537858471773,0.650340866200242,0.527230666715322
"C03","D01",2,NA,NA,2,67,-0.603320049094366,0.353584486703226,-0.654352437092196
"C04","D01",2,NA,NA,2,68,0.459492165995205,0.612893696885639,0.723705639616476
"C05","D01",2,NA,NA,2,69,-1.77553866911715,0.144854892726488,-1.58688791603194
"C06","D01",2,NA,NA,2,70,-0.348390342266985,0.413772813235803,-0.585117528896568
"C07","D01",2,NA,NA,2,71,0.974994151355895,0.726113818127601,0.85191767089022
"C08","D01",2,NA,NA,2,72,0.827176585247491,0.695757602865123,0.806846248109982
"C01","D02",2,NA,NA,2,73,-0.134373962204676,0.466456966362026,-0.28860124201393
"C02","D02",2,NA,NA,2,74,2.09126336320918,0.890051119454993,1.82376581225564
"C03","D02",2,NA,NA,2,75,0.626030451846542,0.651588835221083,0.514417266209399
"C04","D02",2,NA,NA,2,76,1.63775966179536,0.837229863660992,1.84914211049026
"C05","D02",2,NA,NA,2,77,-0.429244551347315,0.39430674015182,-0.641022477612983
"C06","D02",2,NA,NA,2,78,0.522663711624373,0.627770419928607,0.405247276850266
"C07","D02",2,NA,NA,2,79,1.88142792982832,0.867775055341251,1.92029725765439
"C08","D02",2,NA,NA,2,80,1.79095662332704,0.857044521290884,1.79323408306067
"C01","D03",2,NA,NA,2,81,-5.49455334546722,0.00409227586446378,-5.3335599508649
"C02","D03",2,NA,NA,2,82,-3.41668257546022,0.0317781414691916,-3.28095408974375
"C03","D03",2,NA,NA,2,83,-4.78857806333468,0.00825556390577919,-4.5594478088633
"C04","D03",2,NA,NA,2,84,-3.21864546711223,0.0384700585151241,-3.1928688432024
"C05","D03",2,NA,NA,2,85,-5.93631654263896,0.00263478208165504,-5.64238416210549
"C06","D03",2,NA,NA,2,86,-4.67864691777249,0.00920603902732546,-4.61487807963049
"C07","D03",2,NA,NA,2,87,-3.3224917128163,0.0348075997697532,-3.12363764087302
"C08","D03",2,NA,NA,2,88,-3.01734264651117,0.046648511205341,-3.22902037832038
"C01","D04",2,NA,NA,2,89,-5.31179473131528,0.00490884956623438,-5.39773615804554
"C02","D04",2,NA,NA,2,90,-3.435460307859,0.0312054348781231,-3.40885268881079
"C03","D04",2,NA,NA,2,91,-4.61909736972084,0.00976539022282949,-4.64568996169587
"C04","D04",2,NA,NA,2,92,-3.27970489329213,0.0362740313699737,-3.2579607844644
"C05","D04",2,NA,NA,2,93,-5.72213246946139,0.00326204868427154,-5.64982080929453
"C06","D04",2,NA,NA,2,94,-4.92816672972142,0.007187726128441,-4.63945522107907
"C07","D04",2,NA,NA,2,95,-2.88757098616617,0.0527714047223984,-3.17528197238535
"C08","D04",2,NA,NA,2,96,-3.27904852494404,0.0362969838283689,-3.25331513669455
"C01","D05",2,NA,NA,2,97,-1.96429499909912,0.123002981359045,-2.05352879269359
"C02","D05",2,NA,NA,2,98,0.0715853352374301,0.517888695302764,0.0964946040422003
"C03","D05",2,NA,NA,2,99,-1.41374873088765,0.19564345632466,-1.30156935058219
"C04","D05",2,NA,NA,2,100,-0.0197959097304542,0.495051184177352,0.114467444391613
"C05","D05",2,NA,NA,2,101,-2.38723843345297,0.0841510205285177,-2.5145320112793
"C06","D05",2,NA,NA,2,102,-1.52031282490376,0.179415458969295,-1.47911946814659
"C07","D05",2,NA,NA,2,103,0.111038551466288,0.527731150979285,0.0642196640615016
"C08","D05",2,NA,NA,2,104,-0.17006467185106,0.457586007560077,-0.109985136094255
"C01","D06",2,NA,NA,2,105,-6.36465303309278,0.00171838068831517,-6.2139818963509
"C02","D06",2,NA,NA,2,106,-4.22388733217882,0.0144303334907663,-4.13562782355119
"C03","D06",2,NA,NA,2,107,-5.53154491851299,0.0039442479934021,-5.49345920967077
"C04","D06",2,NA,NA,2,108,-3.89455186375521,0.0199465314519797,-4.04394752276362
"C05","D06",2,NA,NA,2,109,-6.70780719304963,0.00121984950162117,-6.61891944363237
"C06","D06",2,NA,NA,2,110,-5.67873013693225,0.00340625372781201,-5.6049520869155
"C07","D06",2,NA,NA,2,111,-4.08399985237392,0.0165610851234527,-4.09078625047066
"C08","D06",2,NA,NA,2,112,-4.3878000234961,0.0122754803961893,-4.23742965530417
"C01","D07",2,NA,NA,2,113,-0.175918515421381,0.456133442218375,-0.297614680502989
"C02","D07",2,NA,NA,2,114,1.82048080303184,0.860623809587424,1.79237144144418
"C03","D07",2,NA,NA,2,115,0.512374593216316,0.62536296936379,0.473492903172202
"C04","D07",2,NA,NA,2,116,1.68211711917686,0.843184669112717,1.85100630706723
"C05","D07",2,NA,NA,2,117,-0.520223500527989,0.372799973273602,-0.658396969359415
"C06","D07",2,NA,NA,2,118,0.468502121864582,0.615029167507345,0.373942234461344
"C07","D07",2,NA,NA,2,119,1.94281172275449,0.87466071567698,1.88411949954033
"C08","D07",2,NA,NA,2,120,1.90209389215074,0.870128329399385,1.75498504496105
"C01","D08",2,NA,NA,2,121,-4.31953113053963,0.0131313930106392,-4.43475063726704
"C02","D08",2,NA,NA,2,122,-2.46824470455864,0.0781145450591116,-2.28105030959644
"C03","D08",2,NA,NA,2,123,-3.44399424242096,0.0309484694977662,-3.64705442811633
"C04","D08",2,NA,NA,2,124,-2.0659450518231,0.112451110591126,-2.28267644311605
"C05","D08",2,NA,NA,2,125,-4.78666693125468,0.00827122584100189,-4.85867517123473
"C06","D08",2,NA,NA,2,126,-3.6755667388209,0.0247090385442856,-3.81099004997621
"C07","D08",2,NA,NA,2,127,-2.07901653450763,0.111153094066454,-2.27269908125539
"C08","D08",2,NA,NA,2,128,-2.25166179159955,0.0952062185298903,-2.4318254673236
"C01","D01",1,"D02",1,2,129,7.692955152871,0.999544179322763,7.74831869926552
"C02","D01",1,"D02",1,2,130,8.38857120596504,0.999772599694257,8.38924479691551
"C03","D01",1,"D02",1,2,131,5.97368339786032,0.997461609386869,5.85934681544818
"C04","D01",1,"D02",1,2,132,10.703418298387,0.999977532500645,10.8765511337816
"C05","D01",1,"D02",1,2,133,6.23392723106589,0.998042108288267,6.15069706032432
"C06","D01",1,"D02",1,2,134,5.93627263046591,0.99736510252166,6.08662088996241
"C07","D01",1,"D02",1,2,135,7.15006543804316,0.999215802724977,7.39523974598672
"C08","D01",1,"D02",1,2,136,7.03589745838206,0.999121044950612,6.84491501194912
"C01","D01",2,"D02",1,2,137,-7.45785361510293,0.000576560464422632,-7.56741924254191
"C02","D01",2,"D02",1,2,138,-4.79221613927603,0.00822583071358187,-4.95576142628534
"C03","D01",2,"D02",1,2,139,-5.24381883785083,0.00525232206614686,-5.21175508546548
"C04","D01",2,"D02",1,2,140,-6.01437113016427,0.00243742887645973,-6.06205674916989
"C05","D01",2,"D02",1,2,141,-6.77197563439373,0.00114411895663927,-6.74889402289014
"C06","D01",2,"D02",1,2,142,-5.03997522379252,0.00643226680706711,-5.11658425674162
"C07","D01",2,"D02",1,2,143,-3.66712316422821,0.0249133347014695,-3.65408401726895
"C08","D01",2,"D02",1,2,144,-3.25676535815383,0.0370845432300474,-3.32859563025043
"C01","D01",1,"D03",1,2,145,-5.26303189055909,0.00515288720189923,-5.22498334844882
"C02","D01",1,"D03",1,2,146,-3.49320804771722,0.0295061013693888,-3.38695138015292
"C03","D01",1,"D03",1,2,147,-4.76747275846718,0.00843016730646514,-4.78260330302579
"C04","D01",1,"D03",1,2,148,-3.104131541825,0.0429371542279586,-2.96804969486816
"C05","D01",1,"D03",1,2,149,-5.46539450338113,0.0042128485244387,-5.64416590725286
"C06","D01",1,"D03",1,2,150,-4.78750223695171,0.00826437679845222,-4.75866097114311
"C07","D01",1,"D03",1,2,151,-3.07441081233268,0.0441752115981233,-3.30919037322614
"C08","D01",1,"D03",1,2,152,-3.46194365322156,0.0304146633419618,-3.44689614918135
"C01","D02",1,"D03",1,2,153,-6.22200283235263,0.00198133161123227,-6.32000922364688
"C02","D02",1,"D03",1,2,154,-4.70336671419546,0.00898327661781919,-4.69536840625605
"C03","D02",1,"D03",1,2,155,-5.89247205387042,0.00275254759849514,-6.04765704264919
"C04","D02",1,"D03",1,2,156,-4.05379510041346,0.0170602756531011,-4.02158100138418
"C05","D02",1,"D03",1,2,157,-6.52286814259763,0.00146729235431773,-6.66174630579768
"C06","D02",1,"D03",1,2,158,-5.69650283997631,0.00334645098274785,-5.8651156649084
"C07","D02",1,"D03",1,2,159,-4.63258842120552,0.00963579049544618,-4.4878483781192
"C08","D02",1,"D03",1,2,160,-4.60509845776891,0.0099016932726279,-4.58042954804255
"C01","D01",2,"D03",1,2,161,-7.40027190983018,0.000610713379340349,-7.51005686898105
"C02","D01",2,"D03",1,2,162,-5.80023824647648,0.00301769945316327,-5.58082843198216
"C03","D01",2,"D03",1,2,163,-6.65426682447823,0.00128685437493185,-6.57353429505975
"C04","D01",2,"D03",1,2,164,-5.42345767666814,0.00439248638126141,-5.46622455172666
"C05","D01",2,"D03",1,2,165,-7.54122414165101,0.000530465970334538,-7.46883614084258
"C06","D01",2,"D03",1,2,166,-6.39277158592174,0.00167081491552547,-6.40735509075668
"C07","D01",2,"D03",1,2,167,-5.00151101935151,0.00668281306610102,-5.00786544508228
"C08","D01",2,"D03",1,2,168,-4.94521113461296,0.00706711222567484,-4.96115155685409
"C01","D02",2,"D03",1,2,169,-4.52978869568842,0.0106679225947775,-4.64059943219063
"C02","D02",2,"D03",1,2,170,-2.80530706706419,0.057038064835025,-2.73387993376845
"C03","D02",2,"D03",1,2,171,-4.10751377816419,0.0161824398642354,-4.11310528692769
"C04","D02",2,"D03",1,2,172,-2.24909149828043,0.0954278592043322,-2.41110645853105
"C05","D02",2,"D03",1,2,173,-5.15597942126862,0.00573178831936555,-5.0491338199019
"C06","D02",2,"D03",1,2,174,-3.94748849151028,0.0189375667587473,-4.12507346106926
"C07","D02",2,"D03",1,2,175,-2.61788485035628,0.0679962139618047,-2.65818933728007
"C08","D02",2,"D03",1,2,176,-2.79662058172556,0.0575070667195827,-2.79573490787451
"C01","D03",1,"D04",1,2,177,-11.5729434870772,9.41738692354869e-06,-11.5749414882363
"C02","D03",1,"D04",1,2,178,-9.6862585728624,6.21275702380253e-05,-9.74325348749253
"C03","D03",1,"D04",1,2,179,-10.9758070539264,1.71103987632681e-05,-10.9213899234147
"C04","D03",1,"D04",1,2,180,-9.3927550575349,8.33186303916828e-05,-9.41700169500039
"C05","D03",1,"D04",1,2,181,-11.8489299053233,7.14614825864185e-06,-11.7386462223328
"C06","D03",1,"D04",1,2,182,-10.8645370065798,1.91241976712772e-05,-10.7849898381519
"C07","D03",1,"D04",1,2,183,-9.34725544869247,8.71968240359785e-05,-9.3791373901388
"C08","D03",1,"D04",1,2,184,-9.57138417474834,6.96899899191419e-05,-9.41099736536959
"C01","D03",2,"D04",1,2,185,-8.32829311834245,0.000241525699782612,-8.45271367955998
"C02","D03",2,"D04",1,2,186,-6.69360578566242,0.00123727508837436,-6.70383473141544
"C03","D03",2,"D04",1,2,187,-8.16988538944563,0.000282970360265681,-8.07496799154537
"C04","D03",2,"D04",1,2,188,-6.46378807504614,0.00155645303716236,-6.18141139653756
"C05","D03",2,"D04",1,2,189,-8.87250956269826,0.000140170678857199,-8.83204436653155
"C06","D03",2,"D04",1,2,190,-7.76645148406095,0.000423534701060963,-7.98157436203024
"C07","D03",2,"D04",1,2,191,-6.70998627117182,0.00121719748028034,-6.56349755383627
"C08","D03",2,"D04",1,2,192,-6.69363700094527,0.00123723651486897,-6.67925657546438
"C01","D03",1,"D05",1,2,193,-4.29548678423931,0.0134466581644562,-4.43394044297148
"C02","D03",1,"D05",1,2,194,-2.82626923912344,0.0559210332340497,-2.7704281276452
"C03","D03",1,"D05",1,2,195,-4.64916675536455,0.00947886373148585,-4.49627527800642
"C04","D03",1,"D05",1,2,196,-2.12999789032338,0.106215191954047,-1.97357666397768
"C05","D03",1,"D05",1,2,197,-5.08304426839555,0.00616278727524353,-5.21792894082376
"C06","D03",1,"D05",1,2,198,-4.52946152283777,0.0106713761685301,-4.52482767579733
"C07","D03",1,"D05",1,2,199,-3.18769641046673,0.0396313629016052,-3.0642753366362
"C08","D03",1,"D05",1,2,200,-3.41450578304568,0.0318451859588018,-3.3418031810806
"C01","D04",1,"D05",1,2,201,-2.86690559528211,0.0538139956931141,-2.92087022286886
"C02","D04",1,"D05",1,2,202,-1.45720663634469,0.188894934739362,-1.3734607845163
"C03","D04",1,"D05",1,2,203,-3.42453707056017,0.0315373588280467,-3.16546353743793
"C04","D04",1,"D05",1,2,204,-0.622047704667593,0.349315876344061,-0.396328538854241
"C05","D04",1,"D05",1,2,205,-3.90795802214819,0.0196861386242781,-3.76780715820479
"C06","D04",1,"D05",1,2,206,-3.17470596533989,0.0401287561828758,-3.15244530057866
"C07","D04",1,"D05",1,2,207,-1.53052815183654,0.177916424011374,-1.71396409801488
"C08","D04",1,"D05",1,2,208,-2.04178316036,0.114885283876212,-2.01031684705352
"C01","D03",2,"D05",1,2,209,9.13738674745858,0.999892443504589,9.23153659219333
"C02","D03",2,"D05",1,2,210,9.21322533854289,0.99990029802238,9.30083191582226
"C03","D03",2,"D05",1,2,211,5.80567180655612,0.996998603852066,5.86685824854411
"C04","D03",2,"D05",1,2,212,12.8535917192923,0.999997383294138,12.9438351912106
"C05","D03",2,"D05",1,2,213,6.57670238675467,0.998609502735621,6.64679869442018
"C06","D03",2,"D05",1,2,214,5.89683359387819,0.997259398774881,6.01061580334653
"C07","D03",2,"D05",1,2,215,7.08915837384682,0.999166596071571,7.32149547517115
"C08","D03",2,"D05",1,2,216,6.56596054250468,0.998594506826065,6.39895982446123
"C01","D04",2,"D05",1,2,217,-21.3453718208419,5.36812727084311e-10,-21.1266928943467
"C02","D04",2,"D05",1,2,218,-16.8664084981683,4.7316415757022e-08,-16.7466634345693
"C03","D04",2,"D05",1,2,219,-15.9345441052678,1.20147675041708e-07,-15.7900098196572
"C04","D04",2,"D05",1,2,220,-20.6242180462475,1.10411906370073e-09,-20.6938648162561
"C05","D04",2,"D05",1,2,221,-19.0744155362508,5.2009967790409e-09,-19.1093337494338
"C06","D04",2,"D05",1,2,222,-16.2753613439933,8.54476927054491e-08,-16.2258425499286
"C07","D04",2,"D05",1,2,223,-14.5496773459278,4.79904924878766e-07,-14.4664986375596
"C08","D04",2,"D05",1,2,224,-13.6406620372426,1.19106436252562e-06,-13.7551955076953
"C01","D05",1,"D06",1,2,225,38.250836938283,1,38.3076794236792
"C02","D05",1,"D06",1,2,226,34.8761035055881,0.999999999999999,34.654607208505
"C03","D05",1,"D06",1,2,227,26.997888205578,0.999999999998116,27.1128308671357
"C04","D05",1,"D06",1,2,228,44.8767196982228,1,44.9985203573301
"C05","D05",1,"D06",1,2,229,31.2737974163341,0.999999999999974,31.3784574475968
"C06","D05",1,"D06",1,2,230,27.5010771138211,0.999999999998861,27.5993900662481
"C07","D05",1,"D06",1,2,231,28.6334073330346,0.999999999999633,28.5837093513004
"C08","D05",1,"D06",1,2,232,26.2095210992948,0.999999999995857,26.097393829024
"C01","D05",2,"D06",1,2,233,28.4319768947079,0.999999999999551,28.517868572037
"C02","D05",2,"D06",1,2,234,25.9567394842963,0.999999999994665,26.1623531693949
"C03","D05",2,"D06",1,2,235,20.2192157139988,0.999999998344588,20.0166839051434
"C04","D05",2,"D06",1,2,236,34.1435180857287,0.999999999999998,34.1870353083453
"C05","D05",2,"D06",1,2,237,23.1709279445505,0.999999999913505,23.0611383498861
"C06","D05",2,"D06",1,2,238,20.2750271736906,0.999999998434448,20.3659062892634
"C07","D05",2,"D06",1,2,239,21.5112483835744,0.999999999545239,21.4709267361082
"C08","D05",2,"D06",1,2,240,19.3292264891971,0.9999999959689,19.512413993066
"C01","D01",1,"D07",1,2,241,0.615960695814367,0.649299315378768,0.453583005394703
"C02","D01",1,"D07",1,2,242,2.30710493819981,0.909463759970697,2.37976125765615
"C03","D01",1,"D07",1,2,243,0.956382725659135,0.722396982328369,0.899798012912006
"C04","D01",1,"D07",1,2,244,2.65407467339626,0.934261687111688,2.7241543331832
"C05","D01",1,"D07",1,2,245,-0.103255174699255,0.474209116661467,-0.075335714938805
"C06","D01",1,"D07",1,2,246,0.888464234263744,0.708573142787115,0.825141455746949
"C07","D01",1,"D07",1,2,247,2.39463115118533,0.916416984684987,2.31717250305642
"C08","D01",1,"D07",1,2,248,2.17839702921082,0.898292713493626,2.12873561513264
"C01","D05",1,"D07",1,2,249,1.47688794231496,0.814102062538893,1.42586506297965
"C02","D05",1,"D07",1,2,250,2.9475168430097,0.950145996206899,3.17024647632402
"C03","D05",1,"D07",1,2,251,1.33930195979258,0.792375125546359,1.33140566249486
"C04","D05",1,"D07",1,2,252,3.80188339986855,0.978159002216192,3.91526219160706
"C05","D05",1,"D07",1,2,253,0.417360484308677,0.602851464740106,0.499466368463445
"C06","D05",1,"D07",1,2,254,1.09405015661471,0.749143625001344,1.19463411294704
"C07","D05",1,"D07",1,2,255,2.67072416386405,0.935276881775011,2.70106940461759
"C08","D05",1,"D07",1,2,256,2.39428964986752,0.916390823024335,2.35977214153614
"C01","D06",1,"D07",1,2,257,-0.16738007676504,0.458252402366378,-0.0375907566587022
"C02","D06",1,"D07",1,2,258,1.65987520769638,0.840221250463161,1.69891551969096
"C03","D06",1,"D07",1,2,259,-0.166518114195971,0.458466398414286,-0.222950441444222
"C04","D06",1,"D07",1,2,260,2.56621440028298,0.928655288995798,2.4925641838945
"C05","D06",1,"D07",1,2,261,-1.18251754564433,0.234599836800384,-1.06021773787719
"C06","D06",1,"D07",1,2,262,-0.418569734752191,0.396859050652083,-0.396036684975143
"C07","D06",1,"D07",1,2,263,1.0161686938515,0.734225635932127,1.12396488765319
"C08","D06",1,"D07",1,2,264,0.756800728581099,0.680658734691944,0.743432631976711
"C01","D01",2,"D07",1,2,265,-2.03076926407285,0.116010009434376,-1.96814069484817
"C02","D01",2,"D07",1,2,266,-0.0658401502133542,0.48354590595642,0.0757289273436539
"C03","D01",2,"D07",1,2,267,-1.02612150276615,0.26383672237482,-0.982624447832362
"C04","D01",2,"D07",1,2,268,0.166404418352685,0.541505373621509,0.0730303741405629
"C05","D01",2,"D07",1,2,269,-2.17823015300725,0.101722533816058,-2.0181146696892
"C06","D01",2,"D07",1,2,270,-0.721061480226436,0.327159280590206,-0.922753256319537
"C07","D01",2,"D07",1,2,271,0.382464791937692,0.594467442961085,0.523649379478905
"C08","D01",2,"D07",1,2,272,0.579795470685797,0.641020342784571,0.525651988111497
"C01","D05",2,"D07",1,2,273,0.488470047971837,0.619745948572189,0.501149821493391
"C02","D05",2,"D07",1,2,274,2.26306383364615,0.905771453101556,2.3074081871522
"C03","D05",2,"D07",1,2,275,0.68752598080707,0.665416343071878,0.585748452883321
"C04","D05",2,"D07",1,2,276,3.03277308661725,0.954032937389936,2.91836935183243
"C05","D05",2,"D07",1,2,277,-0.244492676789104,0.43917949996376,-0.295777833065354
"C06","D05",2,"D07",1,2,278,0.610658217852008,0.648090935846155,0.467643253512894
"C07","D05",2,"D07",1,2,279,1.92836900917618,0.873068783944599,1.97012864895948
"C08","D05",2,"D07",1,2,280,1.78987735096521,0.856912238731921,1.67845852480718
"C01","D06",2,"D07",1,2,281,-2.09040031528056,0.110033366958157,-2.10256225727882
"C02","D06",2,"D07",1,2,282,-0.675685684361182,0.337224892350337,-0.612748079642571
"C03","D06",2,"D07",1,2,283,-2.72018943785013,0.0617924828493642,-2.51484144518282
"C04","D06",2,"D07",1,2,284,0.659205630827194,0.659081921866973,0.48963447993815
"C05","D06",2,"D07",1,2,285,-2.94935099505358,0.0497671943088178,-3.07120331289135
"C06","D06",2,"D07",1,2,286,-2.45546251678759,0.0790400024772619,-2.51970520985549
"C07","D06",2,"D07",1,2,287,-0.985387921161298,0.271824011483987,-1.07735216335511
"C08","D06",2,"D07",1,2,288,-1.2254616157209,0.226976736087128,-1.42039006479617
"C01","D01",1,"D08",1,2,289,0.625772369607146,0.651530242886221,0.732540238007461
"C02","D01",1,"D08",1,2,290,2.14393632485729,0.895100788384045,2.20649949019213
"C03","D01",1,"D08",1,2,291,0.101253132404874,0.525291678853335,0.221875290542782
"C04","D01",1,"D08",1,2,292,3.28276121999895,0.963832661091757,3.36756900193961
"C05","D01",1,"D08",1,2,293,-0.42507823335079,0.395302214359883,-0.330752911763684
"C06","D01",1,"D08",1,2,294,0.440325460726874,0.608336578789724,0.186065962944835
"C07","D01",1,"D08",1,2,295,1.39205090536477,0.800919456672214,1.6395014443674
"C08","D01",1,"D08",1,2,296,1.04984252770947,0.740744659033581,1.25837117378188
"C01","D07",1,"D08",1,2,297,-3.94378818369352,0.0190064370543436,-3.70366468860099
"C02","D07",1,"D08",1,2,298,-1.71577281637441,0.15241645323376,-1.69781085868546
"C03","D07",1,"D08",1,2,299,-2.91817915724932,0.051262184139498,-3.16106442406981
"C04","D07",1,"D08",1,2,300,-1.50633208917381,0.181483013624136,-1.46383694029735
"C05","D07",1,"D08",1,2,301,-4.28149318746734,0.0136335645847992,-4.22297716883666
"C06","D07",1,"D08",1,2,302,-3.05673219205201,0.0449277137883918,-3.27854446465737
"C07","D07",1,"D08",1,2,303,-1.78087077085968,0.14419564483102,-1.76586452182826
"C08","D07",1,"D08",1,2,304,-1.94053103493095,0.125589528363489,-1.95524877947337
"C01","D01",2,"D08",1,2,305,-7.09318849619796,0.000830054749883535,-6.88757029379833
"C02","D01",2,"D08",1,2,306,-4.53887593807222,0.0105724400036753,-4.52316349960889
"C03","D01",2,"D08",1,2,307,-5.57441930372375,0.00377934031737876,-5.34302224940102
"C04","D01",2,"D08",1,2,308,-5.08953629812214,0.00612315205395772,-5.04947089297478
"C05","D01",2,"D08",1,2,309,-6.73524861886142,0.00118686940181722,-6.69835990909126
"C06","D01",2,"D08",1,2,310,-5.44492019922029,0.00429961804400752,-5.37008905954825
"C07","D01",2,"D08",1,2,311,-3.90816222236524,0.019682198233566,-3.87346462617941
"C08","D01",2,"D08",1,2,312,-3.87498795341761,0.0203325932993026,-3.79249633299359
"C01","D07",2,"D08",1,2,313,-3.29151758177736,0.0358633352436558,-3.31474632441612
"C02","D07",2,"D08",1,2,314,-0.98650711780095,0.271602539074607,-1.14874453268946
"C03","D07",2,"D08",1,2,315,-2.41609999209796,0.0819532018799912,-2.45977998627059
"C04","D07",2,"D08",1,2,316,-1.18828280360111,0.233566195645531,-1.19170255830236
"C05","D07",2,"D08",1,2,317,-3.6952866826965,0.0242382453037925,-3.67584664614968
"C06","D07",2,"D08",1,2,318,-2.56487494461038,0.071433507132225,-2.60422267732613
"C07","D07",2,"D08",1,2,319,-1.11995375090361,0.246019862384315,-1.07279165473955
"C08","D07",2,"D08",1,2,320,-1.13631820517395,0.24299698412189,-1.20674430277842
"C01","D01",1,"D02",2,2,321,6.11100469399265,0.997786589096714,6.08286357888931
"C02","D01",1,"D02",2,2,322,7.42274655287884,0.999402850991508,7.50295281489229
"C03","D01",1,"D02",2,2,323,5.34471081431216,0.995249345065412,5.42431600917596
"C04","D01",1,"D02",2,2,324,8.84760435432391,0.999856295014207,8.77701947049747
"C05","D01",1,"D02",2,2,325,4.730311950037,0.991253458960873,4.91622612465734
"C06","D01",1,"D02",2,2,326,5.42751959214973,0.995625241444293,5.3762446255634
"C07","D01",1,"D02",2,2,327,6.96236782264024,0.999054043739841,6.83158352146699
"C08","D01",1,"D02",2,2,328,6.4079886252302,0.998354375949679,6.41111686799998
"C01","D01",2,"D02",2,2,329,-2.49247086997151,0.076387688459467,-2.70512416218507
"C02","D01",2,"D02",2,2,330,-0.191548939010051,0.452258649203134,-0.281941590300808
"C03","D01",2,"D02",2,2,331,-1.12510964642045,0.24506472709966,-1.02025911757402
"C04","D01",2,"D02",2,2,332,-1.06423238244203,0.256501472046778,-0.921787058843635
"C05","D01",2,"D02",2,2,333,-2.59358760932116,0.0695522528413316,-2.42778516771935
"C06","D01",2,"D02",2,2,334,-1.1480607808115,0.240843467587856,-1.04442757120379
"C07","D01",2,"D02",2,2,335,0.537223051502059,0.631166192614126,0.454154140764849
"C08","D01",2,"D02",2,2,336,0.650870919104586,0.657206695457384,0.567875695159864
"C01","D01",1,"D03",2,2,337,1.61703013401407,0.834385141646508,1.62724046036332
"C02","D01",1,"D03",2,2,338,2.93625527792009,0.949609839537816,2.84455470001686
"C03","D01",1,"D03",2,2,339,0.799249842151151,0.689813992225939,0.720334076759824
"C04","D01",1,"D03",2,2,340,4.40470039307888,0.98792775305158,4.40105627885893
"C05","D01",1,"D03",2,2,341,0.543364302963118,0.632594692706644,0.432575021081913
"C06","D01",1,"D03",2,2,342,0.793821981438637,0.688651394398603,0.779725273281503
"C07","D01",1,"D03",2,2,343,2.03008683622284,0.883919988097138,2.18309899016339
"C08","D01",1,"D03",2,2,344,1.67185430581036,0.84182289169256,1.76356565830373
"C01","D02",1,"D03",2,2,345,2.36618108296241,0.914211821770704,2.56159388815092
"C02","D02",1,"D03",2,2,346,3.03345369834182,0.954062775777147,3.27494651980916
"C03","D02",1,"D03",2,2,347,0.856054827091327,0.701835736180721,0.902405920076712
"C04","D02",1,"D03",2,2,348,5.55818020738439,0.996159023238066,5.5959806814018
"C05","D02",1,"D03",2,2,349,1.03655569396292,0.738184878386157,1.13916636759273
"C06","D02",1,"D03",2,2,350,0.951848992044863,0.721486873189508,1.16159310098411
"C07","D02",1,"D03",2,2,351,2.65631974467605,0.934399437818822,2.46171475858008
"C08","D02",1,"D03",2,2,352,1.80276647317231,0.858485362503691,1.97924001131196
"C01","D01",2,"D03",2,2,353,-8.26510110547459,0.000257276695697525,-8.25775505290178
"C02","D01",2,"D03",2,2,354,-6.09707903889603,0.00224438005352708,-5.85080035474424
"C03","D01",2,"D03",2,2,355,-6.42262587047547,0.00162175085641041,-6.48118433173093
"C04","D01",2,"D03",2,2,356,-6.60426936414009,0.00135274012684893,-6.5197642945075
"C05","D01",2,"D03",2,2,357,-7.86394913379963,0.00038420533836778,-7.85201029592924
"C06","D01",2,"D03",2,2,358,-6.44124861554749,0.00159187651512548,-6.44115304376921
"C07","D01",2,"D03",2,2,359,-4.88381357163192,0.00751125155945088,-4.96813108149751
"C08","D01",2,"D03",2,2,360,-4.75156784756136,0.008564162843218,-4.8004063778523
"C01","D02",2,"D03",2,2,361,1.02519516001588,0.735983317581965,1.23468067811433
"C02","D02",2,"D03",2,2,362,2.63275947418868,0.932940395717685,2.65947025979031
"C03","D02",2,"D03",2,2,363,0.774844751764598,0.684567977808877,0.692246690892655
"C04","D02",2,"D03",2,2,364,3.8742372149179,0.9796524472199,3.87583641158927
"C05","D02",2,"D03",2,2,365,0.187707331020555,0.546789531336435,0.197907425704371
"C06","D02",2,"D03",2,2,366,0.607790453224079,0.647436609983767,0.696673545762694
"C07","D02",2,"D03",2,2,367,2.09841334044821,0.890748868221912,2.13205091704446
"C08","D02",2,"D03",2,2,368,2.08597095013079,0.889532133115601,1.76489904231158
"C01","D03",1,"D04",2,2,369,-12.0405483814865,5.9000231606462e-06,-11.9904387819629
"C02","D03",1,"D04",2,2,370,-10.0703372680204,4.23145489827927e-05,-9.94302470822179
"C03","D03",1,"D04",2,2,371,-10.9057271438314,1.8352486354469e-05,-10.9196943370621
"C04","D03",1,"D04",2,2,372,-9.79901990962584,5.55028929103733e-05,-9.98815370441847
"C05","D03",1,"D04",2,2,373,-12.0407176045354,5.89902483110076e-06,-11.945213790439
"C06","D03",1,"D04",2,2,374,-10.6572239372852,2.35296914759923e-05,-10.821396663945
"C07","D03",1,"D04",2,2,375,-9.32528917697169,8.91332324155456e-05,-9.38959957945437
"C08","D03",1,"D04",2,2,376,-9.29890527329549,9.15159948845685e-05,-9.34851983689665
"C01","D03",2,"D04",2,2,377,-14.6890146601877,4.17485894993177e-07,-14.6541499620735
"C02","D03",2,"D04",2,2,378,-11.8425066559486,7.19219715428922e-06,-11.8521048939377
"C03","D03",2,"D04",2,2,379,-12.3148977155364,4.48441637124755e-06,-12.1914253767992
"C04","D03",2,"D04",2,2,380,-13.0440503719841,2.16291753955315e-06,-13.165117713037
"C05","D03",2,"D04",2,2,381,-13.861364330434,9.55180713458195e-07,-13.9569874839373
"C06","D03",2,"D04",2,2,382,-12.3829221723366,4.18951173495658e-06,-12.2599989770527
"C07","D03",2,"D04",2,2,383,-10.7772488939704,2.08684989622869e-05,-10.7245175821173
"C08","D03",2,"D04",2,2,384,-10.6008094583959,2.48952296309124e-05,-10.4608633567153
"C01","D03",1,"D05",2,2,385,-5.28291415527745,0.00505196036497727,-5.28044575797099
"C02","D03",1,"D05",2,2,386,-3.79333925098809,0.0220242823994603,-3.55564705872548
"C03","D03",1,"D05",2,2,387,-5.16192664932284,0.00569799488997951,-5.17704988813027
"C04","D03",1,"D05",2,2,388,-2.87199856470952,0.0535552601363631,-2.88618523719215
"C05","D03",1,"D05",2,2,389,-5.84209829828742,0.00289434386209562,-5.94980263565159
"C06","D03",1,"D05",2,2,390,-5.3531595171961,0.00471087542161171,-5.19290336403843
"C07","D03",1,"D05",2,2,391,-3.74256010075615,0.023144985355464,-3.7340348549022
"C08","D03",1,"D05",2,2,392,-3.91716581358197,0.0195092248645299,-3.9680244768938
"C01","D04",1,"D05",2,2,393,-3.72665557707039,0.0235073157545105,-3.86137939513859
"C02","D04",1,"D05",2,2,394,-2.18993669438768,0.100657824212117,-2.22407093848128
"C03","D04",1,"D05",2,2,395,-4.03989399562498,0.0172949581113868,-3.90025465494969
"C04","D04",1,"D05",2,2,396,-1.61367072404508,0.166079605348312,-1.41647245325728
"C05","D04",1,"D05",2,2,397,-4.62704714277556,0.00968881453792939,-4.58394261790565
"C06","D04",1,"D05",2,2,398,-4.06980463802025,0.0167938735679481,-3.88723820998119
"C07","D04",1,"D05",2,2,399,-2.38152565743099,0.0845923492848285,-2.44405624910634
"C08","D04",1,"D05",2,2,400,-2.49706223915777,0.0760643847630245,-2.6946136680676
"C01","D03",2,"D05",2,2,401,5.82844991563281,0.997065998914642,5.74383590479535
"C02","D03",2,"D05",2,2,402,6.5196993119719,0.998528057524847,6.25027765472646
"C03","D03",2,"D05",2,2,403,3.1053506815948,0.95711291665237,3.3006939664492
"C04","D03",2,"D05",2,2,404,9.17952323274731,0.999896880944347,9.10542393706139
"C05","D03",2,"D05",2,2,405,3.74626004859633,0.976938520429021,3.67162147625921
"C06","D03",2,"D05",2,2,406,3.58496399479381,0.973010947032704,3.40517974196189
"C07","D03",2,"D05",2,2,407,4.7832065111703,0.991700340627521,4.75403037552152
"C08","D03",2,"D05",2,2,408,3.8462449315951,0.979086905852675,4.01609792889583
"C01","D04",2,"D05",2,2,409,-17.5658529306502,2.35096948476937e-08,-17.7508324390129
"C02","D04",2,"D05",2,2,410,-13.8817600962887,9.35896417005122e-07,-13.9404998292782
"C03","D04",2,"D05",2,2,411,-13.2448292740825,1.76946902271016e-06,-13.4825591121631
"C04","D04",2,"D05",2,2,412,-16.8757569832404,4.68761401328944e-08,-16.9223943719639
"C05","D04",2,"D05",2,2,413,-16.1414089759112,9.76956235572361e-08,-16.2461994526735
"C06","D04",2,"D05",2,2,414,-13.7523141248536,1.06523493158854e-06,-13.8011629814697
"C07","D04",2,"D05",2,2,415,-12.1227479478043,5.43444378408526e-06,-12.1167266970111
"C08","D04",2,"D05",2,2,416,-11.6398978945517,8.8075019785046e-06,-11.5819377405914
"C01","D05",1,"D06",2,2,417,44.0960111863974,1,43.9336234376107
"C02","D05",1,"D06",2,2,418,39.0494847301786,1,38.920519013272
"C03","D05",1,"D06",2,2,419,30.2939521257822,0.99999999999993,30.2948094622668
"C04","D05",1,"D06",2,2,420,51.717904519825,1,51.5194698586877
"C05","D05",1,"D06",2,2,421,35.9287469980135,1,35.9052372711586
"C06","D05",1,"D06",2,2,422,31.1263857046443,0.99999999999997,31.114365198156
"C07","D05",1,"D06",2,2,423,31.7911661584675,0.999999999999984,31.8994049898298
"C08","D05",1,"D06",2,2,424,29.0013643818597,0.999999999999746,29.0432387280822
"C01","D05",2,"D06",2,2,425,32.3448652546791,0.999999999999991,32.2470155893669
"C02","D05",2,"D06",2,2,426,28.9337557083434,0.999999999999728,28.8088918170985
"C03","D05",2,"D06",2,2,427,21.6808610849042,0.999999999616185,21.8510935611549
"C04","D05",2,"D06",2,2,428,38.6180321836142,1,38.6051206825993
"C05","D05",2,"D06",2,2,429,25.9508940523278,0.999999999994634,25.9746959499769
"C06","D05",2,"D06",2,2,430,22.3150896417208,0.999999999796446,22.4906498728414
"C07","D05",2,"D06",2,2,431,23.5100542691289,0.999999999938381,23.4273164037033
"C08","D05",2,"D06",2,2,432,21.0776020251203,0.999999999298361,21.1989000720465
"C01","D01",1,"D07",2,2,433,0.225896962084146,0.55623530565769,0.397817608089086
"C02","D01",1,"D07",2,2,434,2.56089683275385,0.928302171390971,2.57176646361475
"C03","D01",1,"D07",2,2,435,0.976768417666924,0.726466529382341,1.30455876131547
"C04","D01",1,"D07",2,2,436,2.45164606051015,0.920681740737576,2.49825198337643
"C05","D01",1,"D07",2,2,437,0.0495751561370364,0.512391251310699,0.087041073428128
"C06","D01",1,"D07",2,2,438,1.06816813345229,0.744248389397076,1.17685304555481
"C07","D01",1,"D07",2,2,439,2.70400305920631,0.937262442478604,2.70225727052815
"C08","D01",1,"D07",2,2,440,2.32966410524714,0.91130419050499,2.58858698817462
"C01","D05",1,"D07",2,2,441,-1.16565462314642,0.237641329486047,-1.06348169706896
"C02","D05",1,"D07",2,2,442,1.33280399781372,0.791304070659393,1.24705539647577
"C03","D05",1,"D07",2,2,443,0.198490974867934,0.549460460564291,-0.0250122693907578
"C04","D05",1,"D07",2,2,444,1.0310266902243,0.737114892727083,0.999779600157013
"C05","D05",1,"D07",2,2,445,-1.55787547124366,0.173951714465606,-1.39702112096802
"C06","D05",1,"D07",2,2,446,-0.219767411770405,0.445278214739368,-0.242825817269753
"C07","D05",1,"D07",2,2,447,1.40252261467227,0.802583884283009,1.324403162026
"C08","D05",1,"D07",2,2,448,1.10876393681788,0.751898599245068,1.19291529066152
"C01","D06",1,"D07",2,2,449,-2.85221868829587,0.0545667436468603,-2.82369639067027
"C02","D06",1,"D07",2,2,450,-0.563722868192707,0.362686498212552,-0.471249985643325
"C03","D06",1,"D07",2,2,451,-1.71017530482416,0.153140979306886,-1.78471796625734
"C04","D06",1,"D07",2,2,452,-0.666869576352625,0.339198149012334,-0.753341798507423
"C05","D06",1,"D07",2,2,453,-3.29684751272908,0.035679496605626,-3.21094901272338
"C06","D06",1,"D07",2,2,454,-1.94461517791833,0.125141706262874,-2.05006545547975
"C07","D06",1,"D07",2,2,455,-0.555511608401621,0.364586621620107,-0.462348945634328
"C08","D06",1,"D07",2,2,456,-0.496178524353168,0.378439149134464,-0.618592251409165
"C01","D01",2,"D07",2,2,457,0.650440869369172,0.65710980470011,0.58744556845031
"C02","D01",2,"D07",2,2,458,2.4728699540661,0.922217882208107,2.49103247362367
"C03","D01",2,"D07",2,2,459,1.33423926153145,0.791540993794081,1.27210009258009
"C04","D01",2,"D07",2,2,460,2.83307710262599,0.944437295541472,2.74354209956549
"C05","D01",2,"D07",2,2,461,0.337947401115927,0.583691836123238,0.366986819998994
"C06","D01",2,"D07",2,2,462,1.20400272658165,0.769236080831004,1.34201482957306
"C07","D01",2,"D07",2,2,463,2.74642724846772,0.939711256821572,2.77721736060827
"C08","D01",2,"D07",2,2,464,2.88414961028043,0.94705731046381,2.71749770451487
"C01","D05",2,"D07",2,2,465,-0.852721112987752,0.298862353690884,-1.03227846870444
"C02","D05",2,"D07",2,2,466,1.24217787403974,0.775942877246342,1.2207057582806
"C03","D05",2,"D07",2,2,467,0.090257774348702,0.522549137683568,-0.0740342652718907
"C04","D05",2,"D07",2,2,468,0.833438351415058,0.697081459926788,1.05810463074053
"C05","D05",2,"D07",2,2,469,-1.47358916278293,0.186397691775802,-1.38517088655342
"C06","D05",2,"D07",2,2,470,-0.30335600868681,0.424737284650536,-0.266197671542544
"C07","D05",2,"D07",2,2,471,1.44546380501453,0.809299327277726,1.28814927039775
"C08","D05",2,"D07",2,2,472,1.01421345878414,0.733843919892913,1.1522215347582
"C01","D06",2,"D07",2,2,473,-5.94644900098179,0.00260828933996109,-5.75511449324175
"C02","D06",2,"D07",2,2,474,-3.36798041907444,0.0333112813975114,-3.52303768736128
"C03","D06",2,"D07",2,2,475,-4.43966778163083,0.0116622451613897,-4.69251752652595
"C04","D06",2,"D07",2,2,476,-3.82132393338091,0.0214295088595047,-3.71675842099767
"C05","D06",2,"D07",2,2,477,-5.91786280889423,0.00268372334751048,-5.95872880537234
"C06","D06",2,"D07",2,2,478,-4.49980781390193,0.0109890311651614,-4.80884340835978
"C07","D06",2,"D07",2,2,479,-3.2658622703547,0.036761063482926,-3.28478040711185
"C08","D06",2,"D07",2,2,480,-3.43449316261323,0.0312346865404191,-3.35780090113345
"C01","D01",1,"D08",2,2,481,4.47598773567051,0.988749047184732,4.2891521159843
"C02","D01",1,"D08",2,2,482,5.35777367984484,0.995310709557291,5.35440472240684
"C03","D01",1,"D08",2,2,483,2.97096133003918,0.951244880966492,2.88936284473463
"C04","D01",1,"D08",2,2,484,7.10582018591117,0.999180355760603,7.26484110030483
"C05","D01",1,"D08",2,2,485,2.67729057588152,0.935673238902707,2.71443184385865
"C06","D01",1,"D08",2,2,486,3.12386153458372,0.957866349377631,2.87654702527274
"C07","D01",1,"D08",2,2,487,4.34271340210081,0.987165659061354,4.29976414537159
"C08","D01",1,"D08",2,2,488,3.66186969896934,0.974958725626636,3.73272969552257
"C01","D07",1,"D08",2,2,489,-2.79640585388579,0.0575187060752317,-2.73384879322417
"C02","D07",1,"D08",2,2,490,-0.893919130041109,0.290301719177817,-0.788419518062889
"C03","D07",1,"D08",2,2,491,-2.41627894286475,0.0819397391907713,-2.35717381292144
"C04","D07",1,"D08",2,2,492,-0.13073557019144,0.467362580207282,-0.427676873913454
"C05","D07",1,"D08",2,2,493,-3.29111875138139,0.0358771282177054,-3.36913754473178
"C06","D07",1,"D08",2,2,494,-2.67950959392245,0.064193330051547,-2.48843244218591
"C07","D07",1,"D08",2,2,495,-0.858002842051301,0.297756778002709,-0.973608033454522
"C08","D07",1,"D08",2,2,496,-1.2867168995629,0.216409028019656,-1.20713868882747
"C01","D01",2,"D08",2,2,497,-8.36933615610966,0.000231815676792925,-8.41629006109352
"C02","D01",2,"D08",2,2,498,-5.63048872371905,0.00357400262294926,-5.75535558408079
"C03","D01",2,"D08",2,2,499,-6.29971256451809,0.00183346490380333,-6.3214880242664
"C04","D01",2,"D08",2,2,500,-6.64092994932987,0.00130410941754428,-6.78139240339163
"C05","D01",2,"D08",2,2,501,-7.98142473699711,0.000341635413891177,-7.96705982232353
"C06","D01",2,"D08",2,2,502,-6.63687193277954,0.00130940532381346,-6.41248960776905
"C07","D01",2,"D08",2,2,503,-5.11318420431459,0.00598090689123214,-4.87575287928297
"C08","D01",2,"D08",2,2,504,-4.9167482977787,0.00726966898888177,-4.70573818817436
"C01","D07",2,"D08",2,2,505,-3.01163073821441,0.0469031924387331,-3.09974922086043
"C02","D07",2,"D08",2,2,506,-0.95422806998662,0.278035318406567,-0.869838259279614
"C03","D07",2,"D08",2,2,507,-2.15374277246407,0.103981992765932,-2.18017631299857
"C04","D07",2,"D08",2,2,508,-1.14094384302384,0.242147112429563,-0.995475926581312
"C05","D07",2,"D08",2,2,509,-3.19438750015086,0.0393774782295777,-3.46802110972523
"C06","D07",2,"D08",2,2,510,-2.42219622974241,0.0814957073603407,-2.36529956135385
"C07","D07",2,"D08",2,2,511,-0.912872068808361,0.28641248285298,-0.814868777598824
"C08","D07",2,"D08",2,2,512,-0.919991852278804,0.284959554456273,-0.95572212748602
"C01","D01",1,NA,NA,3,1,-1.01811279022559,0.265395169094926,-1.06345111950581
"C02","D01",1,NA,NA,3,2,1.07034845512091,0.744663176708106,1.0280228514107
"C03","D01",1,NA,NA,3,3,-0.0795476907079409,0.48012355745535,-0.273270188901057
"C04","D01",1,NA,NA,3,4,1.02898816363996,0.736719683230471,1.07658899258943
"C05","D01",1,NA,NA,3,5,-1.38988777316786,0.199425673827505,-1.40382884189463
"C06","D01",1,NA,NA,3,6,-0.306422607337685,0.423988179144271,-0.365013398006913
"C07","D01",1,NA,NA,3,7,1.20702951122079,0.769772933320908,1.14223645978683
"C08","D01",1,NA,NA,3,8,1.12336542581243,0.754612434650033,1.02143274667172
"C01","D02",1,NA,NA,3,9,-2.51851531924887,0.0745703377016865,-2.60980279934332
"C02","D02",1,NA,NA,3,10,-0.637256321078831,0.34586701482365,-0.647283546182881
"C03","D02",1,NA,NA,3,11,-1.84342714949253,0.13664647359348,-1.84313788045621
"C04","D02",1,NA,NA,3,12,-0.306245731689774,0.424031376685339,-0.481414303163179
"C05","D02",1,NA,NA,3,13,-2.77878228062765,0.0584815689294743,-2.81060596421185
"C06","D02",1,NA,NA,3,14,-1.96706307550954,0.122704691438984,-1.7995567275805
"C07","D02",1,NA,NA,3,15,-0.507163734956551,0.375858647264066,-0.351136971569015
"C08","D02",1,NA,NA,3,16,-0.512863098036132,0.374522588722241,-0.406376917241501
"C01","D03",1,NA,NA,3,17,-7.21561451929907,0.000734478915946536,-7.44955881384724
"C02","D03",1,NA,NA,3,18,-5.59659156183408,0.00369677232695801,-5.46512919135626
"C03","D03",1,NA,NA,3,19,-6.57377339045058,0.00139457030802774,-6.69427717760587
"C04","D03",1,NA,NA,3,20,-5.0969380705591,0.00607827165850723,-5.31206206737294
"C05","D03",1,NA,NA,3,21,-7.70485057683887,0.000450433046960105,-7.69208352539177
"C06","D03",1,NA,NA,3,22,-6.55622286475076,0.00141922674770771,-6.68135171086758
"C07","D03",1,NA,NA,3,23,-5.23070406877998,0.00532128977001161,-5.2199866655972
"C08","D03",1,NA,NA,3,24,-5.23881716909666,0.00527851923279247,-5.2937991216793
"C01","D04",1,NA,NA,3,25,-6.33027383725539,0.00177837758746526,-6.48968327616026
"C02","D04",1,NA,NA,3,26,-4.6398170487855,0.00956705207510548,-4.5346320408072
"C03","D04",1,NA,NA,3,27,-5.46412234515765,0.0042181887233998,-5.75148465660407
"C04","D04",1,NA,NA,3,28,-4.2880087263065,0.013546222725088,-4.34940581649427
"C05","D04",1,NA,NA,3,29,-6.56067795116798,0.00141292694702217,-6.71413949922307
"C06","D04",1,NA,NA,3,30,-5.76096499540357,0.00313819299863102,-5.71357239182866
"C07","D04",1,NA,NA,3,31,-4.36905147806986,0.0125048936920214,-4.26336104605873
"C08","D04",1,NA,NA,3,32,-4.36972406995171,0.012496590899501,-4.3279039058896
"C01","D05",1,NA,NA,3,33,-1.67879835378525,0.157254652222798,-1.73772798024889
"C02","D05",1,NA,NA,3,34,0.397704362355288,0.598135983759368,0.476016553060905
"C03","D05",1,NA,NA,3,35,-0.840864739761673,0.301352691071233,-0.957124991426444
"C04","D05",1,NA,NA,3,36,0.284159074815475,0.57056558022439,0.428134853684599
"C05","D05",1,NA,NA,3,37,-2.33953499614823,0.0879011891697555,-2.24776754011873
"C06","D05",1,NA,NA,3,38,-1.21321662909802,0.229132400400402,-1.19306115746312
"C07","D05",1,NA,NA,3,39,0.380287653377492,0.593942479557236,0.376082982980807
"C08","D05",1,NA,NA,3,40,-0.0368256323467014,0.49079463219395,0.17770837685578
"C01","D06",1,NA,NA,3,41,-3.75241649122032,0.0229231835950071,-3.47563106245415
"C02","D06",1,NA,NA,3,42,-1.2005532957698,0.231376802883681,-1.2446668042901
"C03","D06",1,NA,NA,3,43,-2.69931201117014,0.0630139649123012,-2.71938484746203
"C04","D06",1,NA,NA,3,44,-1.39900146929832,0.197974610995929,-1.29546668581193
"C05","D06",1,NA,NA,3,45,-3.90217480676483,0.019798057123908,-4.03650410832787
"C06","D06",1,NA,NA,3,46,-2.94628231260391,0.0499125142559214,-2.98709265798166
"C07","D06",1,NA,NA,3,47,-1.50673949774043,0.181422502185755,-1.40481891576077
"C08","D06",1,NA,NA,3,48,-1.56096159974475,0.173508707015751,-1.62523799328853
"C01","D07",1,NA,NA,3,49,-1.78595018432699,0.143569960775901,-1.83342889326673
"C02","D07",1,NA,NA,3,50,0.385526333057659,0.595205292774499,0.262032478993195
"C03","D07",1,NA,NA,3,51,-0.974816137633424,0.273921585338708,-1.04441908817883
"C04","D07",1,NA,NA,3,52,0.348019529279499,0.586137237684238,0.307851400158989
"C05","D07",1,NA,NA,3,53,-2.07137563784026,0.111910245935009,-2.18034503335379
"C06","D07",1,NA,NA,3,54,-1.42523665136781,0.193841954285771,-1.14129253322509
"C07","D07",1,NA,NA,3,55,0.39638069187535,0.597817772685634,0.36814048814649
"C08","D07",1,NA,NA,3,56,0.256184283479769,0.563698073907201,0.244392032810654
"C01","D08",1,NA,NA,3,57,-4.72998447161764,0.00874938074662583,-4.72192417076931
"C02","D08",1,NA,NA,3,58,-2.34821171848319,0.087208019578964,-2.57413883456243
"C03","D08",1,NA,NA,3,59,-3.84768705693221,0.0208835859611392,-3.93718618229768
"C04","D08",1,NA,NA,3,60,-2.60815053566427,0.0686157042738956,-2.56951318361296
"C05","D08",1,NA,NA,3,61,-5.34989230131865,0.00472621917726595,-5.14164734920158
"C06","D08",1,NA,NA,3,62,-4.16323514571024,0.0153188295044309,-4.09585121026464
"C07","D08",1,NA,NA,3,63,-2.60950918730497,0.068528926996299,-2.55989820833718
"C08","D08",1,NA,NA,3,64,-2.87742135373304,0.0532810592237129,-2.71692568117805
"C01","D01",2,NA,NA,3,65,-1.44002915561899,0.191540833687467,-1.40640490363634
"C02","D01",2,NA,NA,3,66,0.610787591165958,0.648120441332824,0.527230666715322
"C03","D01",2,NA,NA,3,67,-0.637202193464424,0.345879260920919,-0.654352437092196
"C04","D01",2,NA,NA,3,68,0.886413213555346,0.708149431553246,0.723705639616476
"C05","D01",2,NA,NA,3,69,-1.27855436744985,0.217796402696445,-1.58688791603194
"C06","D01",2,NA,NA,3,70,-0.778181790721108,0.314711884022372,-0.585117528896568
"C07","D01",2,NA,NA,3,71,0.729966453155707,0.674797910915078,0.85191767089022
"C08","D01",2,NA,NA,3,72,0.69544110203739,0.667176231954414,0.806846248109982
"C01","D02",2,NA,NA,3,73,-0.408970720369719,0.39915894875851,-0.28860124201393
"C02","D02",2,NA,NA,3,74,1.60523086387904,0.83274820133748,1.82376581225564
"C03","D02",2,NA,NA,3,75,0.543200701255167,0.63255666779418,0.514417266209399
"C04","D02",2,NA,NA,3,76,1.62768398153956,0.835852120398073,1.84914211049026
"C05","D02",2,NA,NA,3,77,-0.776008966633445,0.315180681883013,-0.641022477612983
"C06","D02",2,NA,NA,3,78,0.365388637660495,0.590344242551729,0.405247276850266
"C07","D02",2,NA,NA,3,79,1.73003923354124,0.849417438585308,1.92029725765439
"C08","D02",2,NA,NA,3,80,1.91525323544083,0.871608172103454,1.79323408306067
"C01","D03",2,NA,NA,3,81,-5.42009023115644,0.00440723747315048,-5.3335599508649
"C02","D03",2,NA,NA,3,82,-3.19599838542248,0.0393165886395324,-3.28095408974375
"C03","D03",2,NA,NA,3,83,-4.2689413468685,0.0138033923864629,-4.5594478088633
"C04","D03",2,NA,NA,3,84,-3.24734240698226,0.0374225017150615,-3.1928688432024
"C05","D03",2,NA,NA,3,85,-5.69267542055356,0.00335924068834037,-5.64238416210549
"C06","D03",2,NA,NA,3,86,-4.83536111687854,0.00788121223500939,-4.61487807963049
"C07","D03",2,NA,NA,3,87,-3.11485805707141,0.0424985182860158,-3.12363764087302
"C08","D03",2,NA,NA,3,88,-3.23448319040425,0.0378884825735184,-3.22902037832038
"C01","D04",2,NA,NA,3,89,-5.34916467905291,0.00472964306028734,-5.39773615804554
"C02","D04",2,NA,NA,3,90,-3.37213344275853,0.0331778061137606,-3.40885268881079
"C03","D04",2,NA,NA,3,91,-4.55074324857698,0.0104490183663033,-4.64568996169587
"C04","D04",2,NA,NA,3,92,-3.10354828603256,0.04296112867249,-3.2579607844644
"C05","D04",2,NA,NA,3,93,-5.70276944532299,0.00332561518926247,-5.64982080929453
"C06","D04",2,NA,NA,3,94,-4.62984879634532,0.00966196972986545,-4.63945522107907
"C07","D04",2,NA,NA,3,95,-3.2112557129246,0.038744340574648,-3.17528197238535
"C08","D04",2,NA,NA,3,96,-3.42884124666522,0.0314061621771943,-3.25331513669455
"C01","D05",2,NA,NA,3,97,-2.11320432831979,0.107820039209127,-2.05352879269359
"C02","D05",2,NA,NA,3,98,0.179265113402339,0.544696644867786,0.0964946040422003
"C03","D05",2,NA,NA,3,99,-1.0177229806646,0.265471173540156,-1.30156935058219
"C04","D05",2,NA,NA,3,100,0.079044768827025,0.519750909513041,0.114467444391613
"C05","D05",2,NA,NA,3,101,-2.3030993271162,0.0908666011607508,-2.5145320112793
"C06","D05",2,NA,NA,3,102,-1.34228409540269,0.207134690843241,-1.47911946814659
"C07","D05",2,NA,NA,3,103,0.23108226052076,0.557514856249391,0.0642196640615016
"C08","D05",2,NA,NA,3,104,-0.0779213726306707,0.480529507493387,-0.109985136094255
"C01","D06",2,NA,NA,3,105,-6.21073407539232,0.00200374003825576,-6.2139818963509
"C02","D06",2,NA,NA,3,106,-4.17586365993537,0.0151295003007644,-4.13562782355119
"C03","D06",2,NA,NA,3,107,-5.40047940746143,0.00449412781563087,-5.49345920967077
"C04","D06",2,NA,NA,3,108,-3.94759276834258,0.0189356295034057,-4.04394752276362
"C05","D06",2,NA,NA,3,109,-6.76599410874708,0.00115097514151511,-6.61891944363237
"C06","D06",2,NA,NA,3,110,-5.48724896439782,0.00412215317409082,-5.6049520869155
"C07","D06",2,NA,NA,3,111,-4.15407821548128,0.0154575689149444,-4.09078625047066
"C08","D06",2,NA,NA,3,112,-4.18176199195655,0.015041862515136,-4.23742965530417
"C01","D07",2,NA,NA,3,113,-0.285826327690012,0.429025956795079,-0.297614680502989
"C02","D07",2,NA,NA,3,114,1.9301701296439,0.873268249459734,1.79237144144418
"C03","D07",2,NA,NA,3,115,0.405998359960011,0.600127973617194,0.473492903172202
"C04","D07",2,NA,NA,3,116,1.91527404604564,0.871610500945422,1.85100630706723
"C05","D07",2,NA,NA,3,117,-0.88813506374353,0.291494834684607,-0.658396969359415
"C06","D07",2,NA,NA,3,118,0.27359456110348,0.567975150755095,0.373942234461344
"C07","D07",2,NA,NA,3,119,1.93253013839118,0.873529203548876,1.88411949954033
"C08","D07",2,NA,NA,3,120,1.75057209727736,0.852024945626453,1.75498504496105
"C01","D08",2,NA,NA,3,121,-4.46363905673704,0.0113891564334553,-4.43475063726704
"C02","D08",2,NA,NA,3,122,-2.43120294717156,0.080824053358841,-2.28105030959644
"C03","D08",2,NA,NA,3,123,-3.7741714209741,0.0224409470032209,-3.64705442811633
"C04","D08",2,NA,NA,3,124,-2.35855078037044,0.0863885063865309,-2.28267644311605
"C05","D08",2,NA,NA,3,125,-5.13231716583136,0.00586822732976576,-4.85867517123473
"C06","D08",2,NA,NA,3,126,-3.77430124109132,0.0224380992703097,-3.81099004997621
"C07","D08",2,NA,NA,3,127,-2.29369408736984,0.0916465622568418,-2.27269908125539
"C08","D08",2,NA,NA,3,128,-2.3100342779697,0.0902953289995593,-2.4318254673236
"C01","D01",1,"D02",1,3,129,7.79252959456176,0.999587363012622,7.74831869926552
"C02","D01",1,"D02",1,3,130,8.34380748773667,0.999762191617567,8.38924479691551
"C03","D01",1,"D02",1,3,131,5.96742913355892,0.997445724549948,5.85934681544818
"C04","D01",1,"D02",1,3,132,10.9566883200458,0.999982559330664,10.8765511337816
"C05","D01",1,"D02",1,3,133,6.27570040486522,0.998122060492628,6.15069706032432
"C06","D01",1,"D02",1,3,134,6.00119253056304,0.997530316486592,6.08662088996241
"C07","D01",1,"D02",1,3,135,7.46309185370226,0.999426450072804,7.39523974598672
"C08","D01",1,"D02",1,3,136,6.99045621515475,0.999080220341347,6.84491501194912
"C01","D01",2,"D02",1,3,137,-7.56542831055432,0.000517787189167846,-7.56741924254191
"C02","D01",2,"D02",1,3,138,-5.02622512562128,0.00652074125696855,-4.95576142628534
"C03","D01",2,"D02",1,3,139,-5.37718923826751,0.00459953813104852,-5.21175508546548
"C04","D01",2,"D02",1,3,140,-6.02558275412509,0.00241031946280501,-6.06205674916989
"C05","D01",2,"D02",1,3,141,-6.59465472238926,0.00136579111466753,-6.74889402289014
"C06","D01",2,"D02",1,3,142,-4.87364309309026,0.00758745179346557,-5.11658425674162
"C07","D01",2,"D02",1,3,143,-3.80594604726329,0.0217543719102616,-3.65408401726895
"C08","D01",2,"D02",1,3,144,-3.37937022252122,0.0329464542282417,-3.32859563025043
"C01","D01",1,"D03",1,3,145,-5.35675664444874,0.00469403964502226,-5.22498334844882
"C02","D01",1,"D03",1,3,146,-3.46023488816422,0.0304650946141485,-3.38695138015292
"C03","D01",1,"D03",1,3,147,-5.11424460984005,0.00597460593795708,-4.78260330302579
"C04","D01",1,"D03",1,3,148,-3.00373529311038,0.0472574100939366,-2.96804969486816
"C05","D01",1,"D03",1,3,149,-5.75430673971865,0.00315909137730149,-5.64416590725286
"C06","D01",1,"D03",1,3,150,-4.83946855588634,0.00784916059645972,-4.75866097114311
"C07","D01",1,"D03",1,3,151,-3.43783796349158,0.0311336344764901,-3.30919037322614
"C08","D01",1,"D03",1,3,152,-3.47135533059624,0.0301383399065357,-3.44689614918135
"C01","D02",1,"D03",1,3,153,-6.42112713967468,0.00162417929602601,-6.32000922364688
"C02","D02",1,"D03",1,3,154,-4.56079823661629,0.0103455615655886,-4.69536840625605
"C03","D02",1,"D03",1,3,155,-6.05605876336191,0.00233813975834902,-6.04765704264919
"C04","D02",1,"D03",1,3,156,-4.07386250933258,0.0167270018616389,-4.02158100138418
"C05","D02",1,"D03",1,3,157,-6.71348835599166,0.00121294736839758,-6.66174630579768
"C06","D02",1,"D03",1,3,158,-5.92509699863987,0.00266443038097304,-5.8651156649084
"C07","D02",1,"D03",1,3,159,-4.43330704012319,0.011735788769247,-4.4878483781192
"C08","D02",1,"D03",1,3,160,-4.63897544301413,0.00957503002288198,-4.58042954804255
"C01","D01",2,"D03",1,3,161,-7.54675109356421,0.000527543740061178,-7.51005686898105
"C02","D01",2,"D03",1,3,162,-5.44215010485887,0.00431149348076747,-5.58082843198216
"C03","D01",2,"D03",1,3,163,-6.66036603511861,0.00127903947454365,-6.57353429505975
"C04","D01",2,"D03",1,3,164,-5.56047501916677,0.00383220628863383,-5.46622455172666
"C05","D01",2,"D03",1,3,165,-7.39207788175653,0.000615735046396055,-7.46883614084258
"C06","D01",2,"D03",1,3,166,-6.3530711829846,0.00173836361517318,-6.40735509075668
"C07","D01",2,"D03",1,3,167,-5.06090594010047,0.00629987339738321,-5.00786544508228
"C08","D01",2,"D03",1,3,168,-5.2129837173024,0.00541591007771633,-4.96115155685409
"C01","D02",2,"D03",1,3,169,-4.52004904781622,0.0107712074188732,-4.64059943219063
"C02","D02",2,"D03",1,3,170,-2.88018264004726,0.0531419455881523,-2.73387993376845
"C03","D02",2,"D03",1,3,171,-4.05416882292172,0.0170540097481293,-4.11310528692769
"C04","D02",2,"D03",1,3,172,-2.40657115239821,0.0826729838030778,-2.41110645853105
"C05","D02",2,"D03",1,3,173,-5.07084452444215,0.00623796031815283,-5.0491338199019
"C06","D02",2,"D03",1,3,174,-4.15086082902167,0.015506609547106,-4.12507346106926
"C07","D02",2,"D03",1,3,175,-2.55382198776746,0.0721701400499574,-2.65818933728007
"C08","D02",2,"D03",1,3,176,-2.57905038595025,0.0704989326191246,-2.79573490787451
"C01","D03",1,"D04",1,3,177,-11.4044830149378,1.11452834303501e-05,-11.5749414882363
"C02","D03",1,"D04",1,3,178,-9.48888682480866,7.56825824700859e-05,-9.74325348749253
"C03","D03",1,"D04",1,3,179,-10.935726441382,1.78101105828383e-05,-10.9213899234147
"C04","D03",1,"D04",1,3,180,-9.25998767399226,9.51474441396629e-05,-9.41700169500039
"C05","D03",1,"D04",1,3,181,-11.6596781228441,8.63500076405479e-06,-11.7386462223328
"C06","D03",1,"D04",1,3,182,-10.9600077720512,1.73828728568518e-05,-10.7849898381519
"C07","D03",1,"D04",1,3,183,-9.32020202014685,8.95877817264722e-05,-9.3791373901388
"C08","D03",1,"D04",1,3,184,-9.3570911048266,8.63434636692739e-05,-9.41099736536959
"C01","D03",2,"D04",1,3,185,-8.347745057971,0.000236874057722545,-8.45271367955998
"C02","D03",2,"D04",1,3,186,-6.60959741809391,0.0013455614936198,-6.70383473141544
"C03","D03",2,"D04",1,3,187,-8.16810970196503,0.00028347313100566,-8.07496799154537
"C04","D03",2,"D04",1,3,188,-6.14829196510914,0.00213257136521218,-6.18141139653756
"C05","D03",2,"D04",1,3,189,-8.71062561741204,0.000164797941916995,-8.83204436653155
"C06","D03",2,"D04",1,3,190,-7.88455870114481,0.000376371021041431,-7.98157436203024
"C07","D03",2,"D04",1,3,191,-6.37599283953616,0.00169903757241145,-6.56349755383627
"C08","D03",2,"D04",1,3,192,-6.53270105637324,0.00145295615682177,-6.67925657546438
"C01","D03",1,"D05",1,3,193,-4.40315224212189,0.0120907249372074,-4.43394044297148
"C02","D03",1,"D05",1,3,194,-2.83714495822475,0.0553496272589127,-2.7704281276452
"C03","D03",1,"D05",1,3,195,-4.63975380054931,0.00956765140384993,-4.49627527800642
"C04","D03",1,"D05",1,3,196,-1.9072685986276,0.129288021960681,-1.97357666397768
"C05","D03",1,"D05",1,3,197,-5.26013938667451,0.00516773638966151,-5.21792894082376
"C06","D03",1,"D05",1,3,198,-4.46393295585552,0.0113858477680774,-4.52482767579733
"C07","D03",1,"D05",1,3,199,-3.00173959242643,0.047347346046231,-3.0642753366362
"C08","D03",1,"D05",1,3,200,-3.155359904908,0.0408806017262438,-3.3418031810806
"C01","D04",1,"D05",1,3,201,-2.95824168887221,0.0493484286858073,-2.92087022286886
"C02","D04",1,"D05",1,3,202,-1.35529449689916,0.205006134221677,-1.3734607845163
"C03","D04",1,"D05",1,3,203,-3.12141602419528,0.0422324581109385,-3.16546353743793
"C04","D04",1,"D05",1,3,204,-0.315017435388585,0.421890514637658,-0.396328538854241
"C05","D04",1,"D05",1,3,205,-3.44961552790217,0.0307803272053187,-3.76780715820479
"C06","D04",1,"D05",1,3,206,-3.12101037821085,0.0422488690828626,-3.15244530057866
"C07","D04",1,"D05",1,3,207,-1.72865298019434,0.150759959450202,-1.71396409801488
"C08","D04",1,"D05",1,3,208,-1.87626155526295,0.13281886944459,-2.01031684705352
"C01","D03",2,"D05",1,3,209,9.21938964464998,0.999900910664793,9.23153659219333
"C02","D03",2,"D05",1,3,210,9.33189073506085,0.999911453195893,9.30083191582226
"C03","D03",2,"D05",1,3,211,5.90059003029902,0.997269646301295,5.86685824854411
"C04","D03",2,"D05",1,3,212,13.010211306251,0.999997762639071,12.9438351912106
"C05","D03",2,"D05",1,3,213,6.55869419365849,0.998584271338646,6.64679869442018
"C06","D03",2,"D05",1,3,214,5.735862660317,0.996782290659814,6.01061580334653
"C07","D03",2,"D05",1,3,215,7.31286703195205,0.999333542183852,7.32149547517115
"C08","D03",2,"D05",1,3,216,6.43333509577819,0.998395496454859,6.39895982446123
"C01","D04",2,"D05",1,3,217,-21.1537015345336,6.50225730792384e-10,-21.1266928943467
"C02","D04",2,"D05",1,3,218,-16.657470623017,5.83112566164363e-08,-16.7466634345693
"C03","D04",2,"D05",1,3,219,-15.7354384570214,1.46617511514935e-07,-15.7900098196572
"C04","D04",2,"D05",1,3,220,-20.6284359382804,1.0994718163872e-09,-20.6938648162561
"C05","D04",2,"D05",1,3,221,-19.1882914102478,4.64120681591401e-09,-19.1093337494338
"C06","D04",2,"D05",1,3,222,-16.5033508501006,6.80276961664031e-08,-16.2258425499286
"C07","D04",2,"D05",1,3,223,-14.6398456282425,4.3852629253141e-07,-14.4664986375596
"C08","D04",2,"D05",1,3,224,-13.9104715013728,9.09407625146018e-07,-13.7551955076953
"C01","D05",1,"D06",1,3,225,38.1477697132406,1,38.3076794236792
"C02","D05",1,"D06",1,3,226,34.4735218219612,0.999999999999999,34.654607208505
"C03","D05",1,"D06",1,3,227,27.1182294896017,0.99999999999833,27.1128308671357
"C04","D05",1,"D06",1,3,228,45.06745396187,1,44.9985203573301
"C05","D05",1,"D06",1,3,229,31.4502402666277,0.999999999999978,31.3784574475968
"C06","D05",1,"D06",1,3,230,27.4894092428216,0.999999999998848,27.5993900662481
"C07","D05",1,"D06",1,3,231,28.7002032860036,0.999999999999657,28.5837093513004
"C08","D05",1,"D06",1,3,232,26.3442113749044,0.999999999996379,26.097393829024
"C01","D05",2,"D06",1,3,233,28.5803331138331,0.999999999999613,28.517868572037
"C02","D05",2,"D06",1,3,234,26.1356552802531,0.999999999995539,26.1623531693949
"C03","D05",2,"D06",1,3,235,19.9491430986035,0.999999997831311,20.0166839051434
"C04","D05",2,"D06",1,3,236,34.2186428484139,0.999999999999999,34.1870353083453
"C05","D05",2,"D06",1,3,237,23.2524803790546,0.999999999920278,23.0611383498861
"C06","D05",2,"D06",1,3,238,20.1468659904898,0.99999999822038,20.3659062892634
"C07","D05",2,"D06",1,3,239,21.4230103011445,0.999999999503288,21.4709267361082
"C08","D05",2,"D06",1,3,240,19.3552902462291,0.999999996072608,19.512413993066
"C01","D01",1,"D07",1,3,241,0.474364188936703,0.616416179861117,0.453583005394703
"C02","D01",1,"D07",1,3,242,2.45544808152741,0.920958946735071,2.37976125765615
"C03","D01",1,"D07",1,3,243,1.10037980484246,0.750331262818352,0.899798012912006
"C04","D01",1,"D07",1,3,244,2.86604320282677,0.946142076064791,2.7241543331832
"C05","D01",1,"D07",1,3,245,0.0857475414726825,0.52142376020859,-0.075335714938805
"C06","D01",1,"D07",1,3,246,0.994356854659988,0.729947623291857,0.825141455746949
"C07","D01",1,"D07",1,3,247,2.27827981619947,0.907062136175993,2.31717250305642
"C08","D01",1,"D07",1,3,248,2.25781883262429,0.905322841000791,2.12873561513264
"C01","D05",1,"D07",1,3,249,1.37568502256871,0.798297101817691,1.42586506297965
"C02","D05",1,"D07",1,3,250,3.10573490295602,0.957128685317141,3.17024647632402
"C03","D05",1,"D07",1,3,251,0.946321859967174,0.720374873100178,1.33140566249486
"C04","D05",1,"D07",1,3,252,3.90187226345677,0.980196070839143,3.91526219160706
"C05","D05",1,"D07",1,3,253,0.512611098638187,0.625418377186781,0.499466368463445
"C06","D05",1,"D07",1,3,254,1.19796650315612,0.768162838201975,1.19463411294704
"C07","D05",1,"D07",1,3,255,2.7242500980278,0.938442512086189,2.70106940461759
"C08","D05",1,"D07",1,3,256,2.26346356803196,0.905805564709266,2.35977214153614
"C01","D06",1,"D07",1,3,257,-0.0976106546139654,0.475616693293086,-0.0375907566587022
"C02","D06",1,"D07",1,3,258,1.65932316998837,0.840147125756629,1.69891551969096
"C03","D06",1,"D07",1,3,259,-0.168835962321101,0.457890990415197,-0.222950441444222
"C04","D06",1,"D07",1,3,260,2.52320731736054,0.925752809590585,2.4925641838945
"C05","D06",1,"D07",1,3,261,-1.1928825023975,0.23274379894624,-1.06021773787719
"C06","D06",1,"D07",1,3,262,-0.615001101608408,0.350919224836616,-0.396036684975143
"C07","D06",1,"D07",1,3,263,1.12728492990412,0.755337494548283,1.12396488765319
"C08","D06",1,"D07",1,3,264,0.549685948215638,0.634062725527563,0.743432631976711
"C01","D01",2,"D07",1,3,265,-1.92286182868278,0.127542774985949,-1.96814069484817
"C02","D01",2,"D07",1,3,266,0.0494804807804125,0.512367596980559,0.0757289273436539
"C03","D01",2,"D07",1,3,267,-1.24925754405181,0.22282868796424,-0.982624447832362
"C04","D01",2,"D07",1,3,268,-0.0361979653205435,0.490951496663939,0.0730303741405629
"C05","D01",2,"D07",1,3,269,-2.24886864381822,0.0954470980442011,-2.0181146696892
"C06","D01",2,"D07",1,3,270,-0.836264670336174,0.302322070323686,-0.922753256319537
"C07","D01",2,"D07",1,3,271,0.521931338679833,0.627599266877909,0.523649379478905
"C08","D01",2,"D07",1,3,272,0.507960656492872,0.624328283198988,0.525651988111497
"C01","D05",2,"D07",1,3,273,0.50780155536726,0.62429096648866,0.501149821493391
"C02","D05",2,"D07",1,3,274,2.28646640794057,0.907749973250677,2.3074081871522
"C03","D05",2,"D07",1,3,275,0.529374995053873,0.629337327693244,0.585748452883321
"C04","D05",2,"D07",1,3,276,2.81054857094255,0.943243194336659,2.91836935183243
"C05","D05",2,"D07",1,3,277,-0.428175949513065,0.394561981993392,-0.295777833065354
"C06","D05",2,"D07",1,3,278,0.534504381234354,0.630533073221441,0.467643253512894
"C07","D05",2,"D07",1,3,279,1.98344514638644,0.8790479378397,1.97012864895948
"C08","D05",2,"D07",1,3,280,1.61034947978451,0.833459901442562,1.67845852480718
"C01","D06",2,"D07",1,3,281,-2.24004247269801,0.0962118484284341,-2.10256225727882
"C02","D06",2,"D07",1,3,282,-0.743829135483202,0.32216738538732,-0.612748079642571
"C03","D06",2,"D07",1,3,283,-2.41323160503153,0.0821692693005878,-2.51484144518282
"C04","D06",2,"D07",1,3,284,0.621810056072159,0.650630105551884,0.48963447993815
"C05","D06",2,"D07",1,3,285,-3.1465886148207,0.041225906910052,-3.07120331289135
"C06","D06",2,"D07",1,3,286,-2.44138406702955,0.0800709031408612,-2.51970520985549
"C07","D06",2,"D07",1,3,287,-1.05529041110423,0.258210491449066,-1.07735216335511
"C08","D06",2,"D07",1,3,288,-1.28752835060662,0.21627145693257,-1.42039006479617
"C01","D01",1,"D08",1,3,289,0.665807579174414,0.660563771369273,0.732540238007461
"C02","D01",1,"D08",1,3,290,2.11295901673958,0.892156360802907,2.20649949019213
"C03","D01",1,"D08",1,3,291,0.0728098693731065,0.518194430243698,0.221875290542782
"C04","D01",1,"D08",1,3,292,3.4869231931882,0.970313395582313,3.36756900193961
"C05","D01",1,"D08",1,3,293,-0.163785645588158,0.459144878526485,-0.330752911763684
"C06","D01",1,"D08",1,3,294,-0.0283954613231716,0.492901611616659,0.186065962944835
"C07","D01",1,"D08",1,3,295,1.65955478675044,0.840178229421616,1.6395014443674
"C08","D01",1,"D08",1,3,296,1.28138474784128,0.782685398946843,1.25837117378188
"C01","D07",1,"D08",1,3,297,-3.65413050133051,0.025230916902983,-3.70366468860099
"C02","D07",1,"D08",1,3,298,-1.79931729856466,0.141934190017419,-1.69781085868546
"C03","D07",1,"D08",1,3,299,-3.20312954182482,0.0390481223013124,-3.16106442406981
"C04","D07",1,"D08",1,3,300,-1.31328290612086,0.211938013658215,-1.46383694029735
"C05","D07",1,"D08",1,3,301,-4.14127089469272,0.0156536932290118,-4.22297716883666
"C06","D07",1,"D08",1,3,302,-3.43142483856515,0.0313276648660087,-3.27854446465737
"C07","D07",1,"D08",1,3,303,-1.91561688068586,0.12835113881377,-1.76586452182826
"C08","D07",1,"D08",1,3,304,-2.02662916684624,0.116435258825224,-1.95524877947337
"C01","D01",2,"D08",1,3,305,-6.95971932474255,0.000948462564588454,-6.88757029379833
"C02","D01",2,"D08",1,3,306,-4.61270470777014,0.00982740156532485,-4.52316349960889
"C03","D01",2,"D08",1,3,307,-5.23080539365149,0.00532075348701782,-5.34302224940102
"C04","D01",2,"D08",1,3,308,-4.95555311086029,0.00699490956484354,-5.04947089297478
"C05","D01",2,"D08",1,3,309,-6.55220043098708,0.00142493883923582,-6.69835990909126
"C06","D01",2,"D08",1,3,310,-5.2049236636296,0.00545949971410028,-5.37008905954825
"C07","D01",2,"D08",1,3,311,-3.73356284864757,0.023349282015776,-3.87346462617941
"C08","D01",2,"D08",1,3,312,-4.00407640002402,0.0179143509998777,-3.79249633299359
"C01","D07",2,"D08",1,3,313,-3.06810273389593,0.0444423295820235,-3.31474632441612
"C02","D07",2,"D08",1,3,314,-1.37497276497155,0.201817609440913,-1.14874453268946
"C03","D07",2,"D08",1,3,315,-2.58407225440963,0.070170564385744,-2.45977998627059
"C04","D07",2,"D08",1,3,316,-0.999800616582967,0.268980624334996,-1.19170255830236
"C05","D07",2,"D08",1,3,317,-3.5711251572429,0.0273548584494087,-3.67584664614968
"C06","D07",2,"D08",1,3,318,-2.64681959746103,0.0661853026685006,-2.60422267732613
"C07","D07",2,"D08",1,3,319,-1.28731774053461,0.216307157075703,-1.07279165473955
"C08","D07",2,"D08",1,3,320,-1.30444611815782,0.213417693523775,-1.20674430277842
"C01","D01",1,"D02",2,3,321,6.00316365933589,0.997535167769041,6.08286357888931
"C02","D01",1,"D02",2,3,322,7.40384806556408,0.999391465399621,7.50295281489229
"C03","D01",1,"D02",2,3,323,5.47377329780562,0.9958221557437,5.42431600917596
"C04","D01",1,"D02",2,3,324,8.79731188029749,0.999848884030757,8.77701947049747
"C05","D01",1,"D02",2,3,325,4.92958641081591,0.992822397720182,4.91622612465734
"C06","D01",1,"D02",2,3,326,5.44200336011077,0.995687876512217,5.3762446255634
"C07","D01",1,"D02",2,3,327,6.80380993952161,0.998891689908949,6.83158352146699
"C08","D01",1,"D02",2,3,328,6.39295554387019,0.99832949190249,6.41111686799998
"C01","D01",2,"D02",2,3,329,-2.8148893570307,0.0565248662581644,-2.70512416218507
"C02","D01",2,"D02",2,3,330,-0.208330964184902,0.448104818638428,-0.281941590300808
"C03","D01",2,"D02",2,3,331,-1.01140097983032,0.266705766274204,-1.02025911757402
"C04","D01",2,"D02",2,3,332,-0.983760792017069,0.272146198007547,-0.921787058843635
"C05","D01",2,"D02",2,3,333,-2.38551005556172,0.0842843217429423,-2.42778516771935
"C06","D01",2,"D02",2,3,334,-0.961702633820942,0.276537428756221,-1.04442757120379
"C07","D01",2,"D02",2,3,335,0.457568206914935,0.612437128921619,0.454154140764849
"C08","D01",2,"D02",2,3,336,0.669031339604571,0.661286226014709,0.567875695159864
"C01","D01",1,"D03",2,3,337,1.66944223224977,0.841501442066405,1.62724046036332
"C02","D01",1,"D03",2,3,338,3.0157531233532,0.953280747879179,2.84455470001686
"C03","D01",1,"D03",2,3,339,0.795155128218903,0.688937163354943,0.720334076759824
"C04","D01",1,"D03",2,3,340,4.36888281755656,0.987493023428782,4.40105627885893
"C05","D01",1,"D03",2,3,341,0.449267760215867,0.610465123282041,0.432575021081913
"C06","D01",1,"D03",2,3,342,0.879752408106528,0.706770911343007,0.779725273281503
"C07","D01",1,"D03",2,3,343,2.21289947510569,0.90140192210049,2.18309899016339
"C08","D01",1,"D03",2,3,344,1.6804874322454,0.842969064390416,1.76356565830373
"C01","D02",1,"D03",2,3,345,2.72386329232159,0.938420163240965,2.56159388815092
"C02","D02",1,"D03",2,3,346,3.40435090969843,0.967840235610099,3.27494651980916
"C03","D02",1,"D03",2,3,347,0.817961253081042,0.693803399430222,0.902405920076712
"C04","D02",1,"D03",2,3,348,5.24193515561638,0.994737827015391,5.5959806814018
"C05","D02",1,"D03",2,3,349,1.19496435815341,0.767627759754261,1.13916636759273
"C06","D02",1,"D03",2,3,350,1.43363091226898,0.807466423614437,1.16159310098411
"C07","D02",1,"D03",2,3,351,2.38164515822716,0.915416903977273,2.46171475858008
"C08","D02",1,"D03",2,3,352,1.95924227248464,0.876450925539461,1.97924001131196
"C01","D01",2,"D03",2,3,353,-8.31548842920007,0.000244637484910656,-8.25775505290178
"C02","D01",2,"D03",2,3,354,-5.75257171499466,0.00316455987629077,-5.85080035474424
"C03","D01",2,"D03",2,3,355,-6.46845366392527,0.00154921940495488,-6.48118433173093
"C04","D01",2,"D03",2,3,356,-6.45214754080133,0.00157464814760087,-6.5197642945075
"C05","D01",2,"D03",2,3,357,-7.88381324666526,0.000376651587390588,-7.85201029592924
"C06","D01",2,"D03",2,3,358,-6.64112972678708,0.00130384925156345,-6.44115304376921
"C07","D01",2,"D03",2,3,359,-4.89953857283305,0.00739492756188145,-4.96813108149751
"C08","D01",2,"D03",2,3,360,-4.80594117126986,0.00811461204763994,-4.8004063778523
"C01","D02",2,"D03",2,3,361,1.26762029186068,0.780335108975853,1.23468067811433
"C02","D02",2,"D03",2,3,362,2.44694491827914,0.92033775135186,2.65947025979031
"C03","D02",2,"D03",2,3,363,0.669087770129637,0.661298865589763,0.692246690892655
"C04","D02",2,"D03",2,3,364,3.87940310762935,0.979755166945829,3.87583641158927
"C05","D02",2,"D03",2,3,365,0.148602841732703,0.537082495078005,0.197907425704371
"C06","D02",2,"D03",2,3,366,0.589948922116974,0.643353425970416,0.696673545762694
"C07","D02",2,"D03",2,3,367,2.02834908735333,0.883741566614856,2.13205091704446
"C08","D02",2,"D03",2,3,368,1.62085762514633,0.834913372839932,1.76489904231158
"C01","D03",1,"D04",2,3,369,-12.2098868286315,4.98094059838587e-06,-11.9904387819629
"C02","D03",1,"D04",2,3,370,-9.90209348972637,5.00672448938284e-05,-9.94302470822179
"C03","D03",1,"D04",2,3,371,-11.0091253631618,1.65497110913453e-05,-10.9196943370621
"C04","D03",1,"D04",2,3,372,-9.94071728530944,4.81704181383366e-05,-9.98815370441847
"C05","D03",1,"D04",2,3,373,-11.8384033473319,7.22176937620171e-06,-11.945213790439
"C06","D03",1,"D04",2,3,374,-10.973263681664,1.71539715177522e-05,-10.821396663945
"C07","D03",1,"D04",2,3,375,-9.4267901640923,8.05308112641498e-05,-9.38959957945437
"C08","D03",1,"D04",2,3,376,-9.38549752180766,8.39254669853106e-05,-9.34851983689665
"C01","D03",2,"D04",2,3,377,-14.6532773258458,4.32675523370036e-07,-14.6541499620735
"C02","D03",2,"D04",2,3,378,-11.9838045798394,6.24449161547038e-06,-11.8521048939377
"C03","D03",2,"D04",2,3,379,-12.2644746915785,4.71633092092036e-06,-12.1914253767992
"C04","D03",2,"D04",2,3,380,-13.2527649894304,1.75548261435728e-06,-13.165117713037
"C05","D03",2,"D04",2,3,381,-14.0754869551754,7.7106919043798e-07,-13.9569874839373
"C06","D03",2,"D04",2,3,382,-12.3249987255261,4.43934744182588e-06,-12.2599989770527
"C07","D03",2,"D04",2,3,383,-10.7631889765982,2.11639744365667e-05,-10.7245175821173
"C08","D03",2,"D04",2,3,384,-10.6394749350193,2.39510382014269e-05,-10.4608633567153
"C01","D03",1,"D05",2,3,385,-5.19621287327868,0.0055070009638798,-5.28044575797099
"C02","D03",1,"D05",2,3,386,-3.55446649712552,0.0278015953709436,-3.55564705872548
"C03","D03",1,"D05",2,3,387,-5.02451829845248,0.00653180777936784,-5.17704988813027
"C04","D03",1,"D05",2,3,388,-2.96001557568084,0.0492652765419095,-2.88618523719215
"C05","D03",1,"D05",2,3,389,-5.98680679224187,0.00250537885887243,-5.94980263565159
"C06","D03",1,"D05",2,3,390,-5.22168908287448,0.0053692192708636,-5.19290336403843
"C07","D03",1,"D05",2,3,391,-3.67379140088381,0.0247518576486422,-3.7340348549022
"C08","D03",1,"D05",2,3,392,-3.8630786490803,0.0205711769540231,-3.9680244768938
"C01","D04",1,"D05",2,3,393,-3.99921552731339,0.0180000711132473,-3.86137939513859
"C02","D04",1,"D05",2,3,394,-2.17104095547376,0.102381330664033,-2.22407093848128
"C03","D04",1,"D05",2,3,395,-3.88915088399104,0.0200523876108649,-3.90025465494969
"C04","D04",1,"D05",2,3,396,-1.4581014722892,0.188757871834373,-1.41647245325728
"C05","D04",1,"D05",2,3,397,-4.7489037144629,0.00858681315390617,-4.58394261790565
"C06","D04",1,"D05",2,3,398,-4.01688800885017,0.0176903375317149,-3.88723820998119
"C07","D04",1,"D05",2,3,399,-2.40814731559274,0.0825535290832152,-2.44405624910634
"C08","D04",1,"D05",2,3,400,-2.82055034432931,0.0562237237298367,-2.6946136680676
"C01","D03",2,"D05",2,3,401,5.63173700083463,0.996430440024291,5.74383590479535
"C02","D03",2,"D05",2,3,402,6.14719979460634,0.997865103206052,6.25027765472646
"C03","D03",2,"D05",2,3,403,3.47171280946974,0.969872107453312,3.3006939664492
"C04","D03",2,"D05",2,3,404,9.10153978950163,0.999888518430566,9.10542393706139
"C05","D03",2,"D05",2,3,405,3.60052159780547,0.973416507044333,3.67162147625921
"C06","D03",2,"D05",2,3,406,3.45233545999515,0.969300712776295,3.40517974196189
"C07","D03",2,"D05",2,3,407,4.68759577158256,0.990875228571248,4.75403037552152
"C08","D03",2,"D05",2,3,408,3.993595428945,0.981900318070459,4.01609792889583
"C01","D04",2,"D05",2,3,409,-17.7915648890352,1.8759511975709e-08,-17.7508324390129
"C02","D04",2,"D05",2,3,410,-14.1049158990802,7.4870810091883e-07,-13.9404998292782
"C03","D04",2,"D05",2,3,411,-13.5779397323119,1.26816320397021e-06,-13.4825591121631
"C04","D04",2,"D05",2,3,412,-17.1096171321431,3.71011760177312e-08,-16.9223943719639
"C05","D04",2,"D05",2,3,413,-16.2995841177512,8.34027794703884e-08,-16.2461994526735
"C06","D04",2,"D05",2,3,414,-13.9259529475672,8.95437113429075e-07,-13.8011629814697
"C07","D04",2,"D05",2,3,415,-12.0650752273224,5.75707523214061e-06,-12.1167266970111
"C08","D04",2,"D05",2,3,416,-11.5285029421189,9.8453353103672e-06,-11.5819377405914
"C01","D05",1,"D06",2,3,417,43.8145510816624,1,43.9336234376107
"C02","D05",1,"D06",2,3,418,39.2063765009694,1,38.920519013272
"C03","D05",1,"D06",2,3,419,30.2354717857023,0.999999999999926,30.2948094622668
"C04","D05",1,"D06",2,3,420,51.354104529087,1,51.5194698586877
"C05","D05",1,"D06",2,3,421,35.5811452088615,1,35.9052372711586
"C06","D05",1,"D06",2,3,422,30.9619568120388,0.999999999999964,31.114365198156
"C07","D05",1,"D06",2,3,423,31.9937277130295,0.999999999999987,31.8994049898298
"C08","D05",1,"D06",2,3,424,29.2700507796975,0.999999999999806,29.0432387280822
"C01","D05",2,"D06",2,3,425,32.4997193258356,0.999999999999992,32.2470155893669
"C02","D05",2,"D06",2,3,426,28.6768086216384,0.999999999999649,28.8088918170985
"C03","D05",2,"D06",2,3,427,21.8159885905183,0.999999999664698,21.8510935611549
"C04","D05",2,"D06",2,3,428,38.543160494376,1,38.6051206825993
"C05","D05",2,"D06",2,3,429,26.0716094162739,0.999999999995244,25.9746959499769
"C06","D05",2,"D06",2,3,430,22.4105881584582,0.999999999814986,22.4906498728414
"C07","D05",2,"D06",2,3,431,23.4588120199667,0.999999999935141,23.4273164037033
"C08","D05",2,"D06",2,3,432,21.1324870561203,0.999999999335833,21.1989000720465
"C01","D01",1,"D07",2,3,433,0.53881684318434,0.631537142407831,0.397817608089086
"C02","D01",1,"D07",2,3,434,2.64998523404015,0.934010080410986,2.57176646361475
"C03","D01",1,"D07",2,3,435,1.28084264994775,0.782593179947412,1.30455876131547
"C04","D01",1,"D07",2,3,436,2.60540051390341,0.931208339836136,2.49825198337643
"C05","D01",1,"D07",2,3,437,0.0794828552569598,0.519860259275789,0.087041073428128
"C06","D01",1,"D07",2,3,438,0.846014096564788,0.699730340398479,1.17685304555481
"C07","D01",1,"D07",2,3,439,2.60628861752534,0.931265209410191,2.70225727052815
"C08","D01",1,"D07",2,3,440,2.81207254166977,0.943324725737437,2.58858698817462
"C01","D05",1,"D07",2,3,441,-0.906523070758979,0.287711851104723,-1.06348169706896
"C02","D05",1,"D07",2,3,442,1.4237875924924,0.805931504803964,1.24705539647577
"C03","D05",1,"D07",2,3,443,0.180406844543374,0.544979782234221,-0.0250122693907578
"C04","D05",1,"D07",2,3,444,0.878280829775849,0.706465840157109,0.999779600157013
"C05","D05",1,"D07",2,3,445,-1.28774230822603,0.216235193721167,-1.39702112096802
"C06","D05",1,"D07",2,3,446,-0.178952638352107,0.45538085071694,-0.242825817269753
"C07","D05",1,"D07",2,3,447,1.32855322537575,0.790601220601283,1.324403162026
"C08","D05",1,"D07",2,3,448,1.05346987585708,0.741440653709007,1.19291529066152
"C01","D06",1,"D07",2,3,449,-2.83736283000339,0.0553382367085931,-2.82369639067027
"C02","D06",1,"D07",2,3,450,-0.457127240700656,0.387667543077507,-0.471249985643325
"C03","D06",1,"D07",2,3,451,-1.90581048012139,0.129452254940537,-1.78471796625734
"C04","D06",1,"D07",2,3,452,-0.974829373287798,0.273918952926473,-0.753341798507423
"C05","D06",1,"D07",2,3,453,-3.28806922194536,0.0359827607443831,-3.21094901272338
"C06","D06",1,"D07",2,3,454,-2.05007823356997,0.114044476451551,-2.05006545547975
"C07","D06",1,"D07",2,3,455,-0.440921869239001,0.391521328203448,-0.462348945634328
"C08","D06",1,"D07",2,3,456,-0.78631812443512,0.312959785716958,-0.618592251409165
"C01","D01",2,"D07",2,3,457,0.645691006157631,0.656038784866775,0.58744556845031
"C02","D01",2,"D07",2,3,458,2.41780683131144,0.918175123771376,2.49103247362367
"C03","D01",2,"D07",2,3,459,1.25534372201098,0.778223514155874,1.27210009258009
"C04","D01",2,"D07",2,3,460,2.6962701178648,0.936806193038214,2.74354209956549
"C05","D01",2,"D07",2,3,461,0.431718060951196,0.606283850810893,0.366986819998994
"C06","D01",2,"D07",2,3,462,1.24316764776206,0.776114907880704,1.34201482957306
"C07","D01",2,"D07",2,3,463,2.89180985705887,0.947440080712737,2.77721736060827
"C08","D01",2,"D07",2,3,464,2.64071850481441,0.933436620971133,2.71749770451487
"C01","D05",2,"D07",2,3,465,-1.10124985332794,0.249505782795252,-1.03227846870444
"C02","D05",2,"D07",2,3,466,1.36061632236109,0.79585984798908,1.2207057582806
"C03","D05",2,"D07",2,3,467,-0.0115541511125752,0.497111494356027,-0.0740342652718907
"C04","D05",2,"D07",2,3,468,0.940360567791618,0.719172484675925,1.05810463074053
"C05","D05",2,"D07",2,3,469,-1.17658184681712,0.235667345775462,-1.38517088655342
"C06","D05",2,"D07",2,3,470,-0.501700146197951,0.3771412113931,-0.266197671542544
"C07","D05",2,"D07",2,3,471,1.31522607054325,0.788386352564423,1.28814927039775
"C08","D05",2,"D07",2,3,472,0.975578063120882,0.726229926810982,1.1522215347582
"C01","D06",2,"D07",2,3,473,-5.62394700805935,0.00359737498919389,-5.75511449324175
"C02","D06",2,"D07",2,3,474,-3.49233621672282,0.0295310769214575,-3.52303768736128
"C03","D06",2,"D07",2,3,475,-4.71763379673117,0.00885714852601636,-4.69251752652595
"C04","D06",2,"D07",2,3,476,-3.79452497866314,0.0219987572274091,-3.71675842099767
"C05","D06",2,"D07",2,3,477,-6.03161944346256,0.00239584769814761,-5.95872880537234
"C06","D06",2,"D07",2,3,478,-4.53914125566172,0.010569664966012,-4.80884340835978
"C07","D06",2,"D07",2,3,479,-3.10393857340181,0.0429450846859048,-3.28478040711185
"C08","D06",2,"D07",2,3,480,-3.5599186649702,0.0276546093240808,-3.35780090113345
"C01","D01",1,"D08",2,3,481,4.36790414867096,0.98748093055924,4.2891521159843
"C02","D01",1,"D08",2,3,482,5.45068262500363,0.99572498132294,5.35440472240684
"C03","D01",1,"D08",2,3,483,2.84042568047092,0.944821658714215,2.88936284473463
"C04","D01",1,"D08",2,3,484,7.38627319427152,0.999380682630545,7.26484110030483
"C05","D01",1,"D08",2,3,485,2.78959401659102,0.942110907196272,2.71443184385865
"C06","D01",1,"D08",2,3,486,2.9025460520799,0.947972153947053,2.87654702527274
"C07","D01",1,"D08",2,3,487,4.2326439404937,0.98569367578647,4.29976414537159
"C08","D01",1,"D08",2,3,488,3.73235808485319,0.976623228656096,3.73272969552257
"C01","D07",1,"D08",2,3,489,-2.561203382203,0.0716774281993577,-2.73384879322417
"C02","D07",1,"D08",2,3,490,-0.993474326715408,0.2702263795266,-0.788419518062889
"C03","D07",1,"D08",2,3,491,-2.35232584816533,0.0868810791128027,-2.35717381292144
"C04","D07",1,"D08",2,3,492,-0.628376155175119,0.347878830806673,-0.427676873913454
"C05","D07",1,"D08",2,3,493,-3.44171094876858,0.03101702037233,-3.36913754473178
"C06","D07",1,"D08",2,3,494,-2.60356794385697,0.0689091462491385,-2.48843244218591
"C07","D07",1,"D08",2,3,495,-0.932931375675378,0.282330380551111,-0.973608033454522
"C08","D07",1,"D08",2,3,496,-1.44812800603636,0.190289834906522,-1.20713868882747
"C01","D01",2,"D08",2,3,497,-8.24518630889435,0.000262450308803235,-8.41629006109352
"C02","D01",2,"D08",2,3,498,-5.68411291217785,0.00338802984097113,-5.75535558408079
"C03","D01",2,"D08",2,3,499,-6.45468066484446,0.00157067067342164,-6.3214880242664
"C04","D01",2,"D08",2,3,500,-6.63200812408554,0.00131578113379087,-6.78139240339163
"C05","D01",2,"D08",2,3,501,-8.05740762603831,0.000316646571411207,-7.96705982232353
"C06","D01",2,"D08",2,3,502,-6.41381931231525,0.00163607250283659,-6.41248960776905
"C07","D01",2,"D08",2,3,503,-4.81283166484675,0.00805933963858104,-4.87575287928297
"C08","D01",2,"D08",2,3,504,-4.68645726135238,0.0091350710353469,-4.70573818817436
"C01","D07",2,"D08",2,3,505,-2.99990454135558,0.0474301858665781,-3.09974922086043
"C02","D07",2,"D08",2,3,506,-1.02907142186604,0.263264168006602,-0.869838259279614
"C03","D07",2,"D08",2,3,507,-2.45810614255812,0.078847779900125,-2.18017631299857
"C04","D07",2,"D08",2,3,508,-0.892778731713284,0.290536727777706,-0.995475926581312
"C05","D07",2,"D08",2,3,509,-3.4272613042631,0.0314542593318061,-3.46802110972523
"C06","D07",2,"D08",2,3,510,-2.35733485635703,0.0864845221130005,-2.36529956135385
"C07","D07",2,"D08",2,3,511,-0.965735458161774,0.275731331390155,-0.814868777598824
"C08","D07",2,"D08",2,3,512,-0.955643734239249,0.277751239055621,-0.95572212748602
