"scenario","dataset","mask","adapter","id","target","level","n","width","covered","coverage","mean_width"
"gamma",1,"reveal_25","gibbs","gamma-001-reveal_25-gibbs","latent_mean",0.5,1104,240.284734375929,602,0.545289855072464,0.217649215920226
"gamma",1,"reveal_25","gibbs","gamma-001-reveal_25-gibbs","interaction",0.5,1104,135.040698696827,724,0.655797101449275,0.122319473457271
"gamma",1,"reveal_25","gibbs","gamma-001-reveal_25-gibbs","response_holdout",0.5,756,273.311054979682,429,0.567460317460317,0.361522559496934
"gamma",1,"reveal_25","gibbs","gamma-001-reveal_25-gibbs","viability_holdout",0.5,756,40.695561531128,429,0.567460317460317,0.0538301078454073
"gamma",1,"reveal_25","gibbs","gamma-001-reveal_25-gibbs","latent_mean",0.8,1104,463.306677664902,954,0.864130434782609,0.419661845710962
"gamma",1,"reveal_25","gibbs","gamma-001-reveal_25-gibbs","interaction",0.8,1104,277.347020561923,1005,0.910326086956522,0.251220127320583
"gamma",1,"reveal_25","gibbs","gamma-001-reveal_25-gibbs","response_holdout",0.8,756,521.822432989879,635,0.83994708994709,0.690241313478675
"gamma",1,"reveal_25","gibbs","gamma-001-reveal_25-gibbs","viability_holdout",0.8,756,77.6857282281107,635,0.83994708994709,0.102758899772633
"gamma",1,"reveal_25","gibbs","gamma-001-reveal_25-gibbs","latent_mean",0.95,1104,727.930709261131,1085,0.982789855072464,0.659357526504648
"gamma",1,"reveal_25","gibbs","gamma-001-reveal_25-gibbs","interaction",0.95,1104,478.099779271047,1086,0.983695652173913,0.433061394267253
"gamma",1,"reveal_25","gibbs","gamma-001-reveal_25-gibbs","response_holdout",0.95,756,806.405177712685,723,0.956349206349206,1.06667351549297
"gamma",1,"reveal_25","gibbs","gamma-001-reveal_25-gibbs","viability_holdout",0.95,756,120.038575659525,723,0.956349206349206,0.158781184734822
"multiplicative_gamma",1,"reveal_25","gibbs","multiplicative_gamma-001-reveal_25-gibbs","latent_mean",0.5,1104,223.372302585183,447,0.404891304347826,0.202329984225709
"multiplicative_gamma",1,"reveal_25","gibbs","multiplicative_gamma-001-reveal_25-gibbs","interaction",0.5,1104,118.474178971751,439,0.397644927536232,0.107313567909195
"multiplicative_gamma",1,"reveal_25","gibbs","multiplicative_gamma-001-reveal_25-gibbs","response_holdout",0.5,756,259.701854213178,328,0.433862433862434,0.343520971181452
"multiplicative_gamma",1,"reveal_25","gibbs","multiplicative_gamma-001-reveal_25-gibbs","viability_holdout",0.5,756,46.3493653147246,328,0.433862433862434,0.0613086842787362
"multiplicative_gamma",1,"reveal_25","gibbs","multiplicative_gamma-001-reveal_25-gibbs","latent_mean",0.8,1104,428.14278469544,779,0.705615942028985,0.38781049338355
"multiplicative_gamma",1,"reveal_25","gibbs","multiplicative_gamma-001-reveal_25-gibbs","interaction",0.8,1104,241.002357316577,732,0.66304347826087,0.218299236699798
"multiplicative_gamma",1,"reveal_25","gibbs","multiplicative_gamma-001-reveal_25-gibbs","response_holdout",0.8,756,495.237009467505,546,0.722222222222222,0.655075409348552
"multiplicative_gamma",1,"reveal_25","gibbs","multiplicative_gamma-001-reveal_25-gibbs","viability_holdout",0.8,756,88.0987495784831,546,0.722222222222222,0.116532737537676
"multiplicative_gamma",1,"reveal_25","gibbs","multiplicative_gamma-001-reveal_25-gibbs","latent_mean",0.95,1104,668.522189785254,982,0.889492753623188,0.605545461762006
"multiplicative_gamma",1,"reveal_25","gibbs","multiplicative_gamma-001-reveal_25-gibbs","interaction",0.95,1104,411.294361556475,953,0.863224637681159,0.372549240540285
"multiplicative_gamma",1,"reveal_25","gibbs","multiplicative_gamma-001-reveal_25-gibbs","response_holdout",0.95,756,762.288172013382,693,0.916666666666667,1.00831768784839
"multiplicative_gamma",1,"reveal_25","gibbs","multiplicative_gamma-001-reveal_25-gibbs","viability_holdout",0.95,756,134.82822865723,693,0.916666666666667,0.178344217800569
"horseshoe",1,"reveal_25","gibbs","horseshoe-001-reveal_25-gibbs","latent_mean",0.5,1104,62483.7220152016,771,0.698369565217391,56.5975742891319
"horseshoe",1,"reveal_25","gibbs","horseshoe-001-reveal_25-gibbs","interaction",0.5,1104,60946.7292756844,755,0.683876811594203,55.2053707207286
"horseshoe",1,"reveal_25","gibbs","horseshoe-001-reveal_25-gibbs","response_holdout",0.5,756,62219.034626308,581,0.768518518518518,82.3003103522593
"horseshoe",1,"reveal_25","gibbs","horseshoe-001-reveal_25-gibbs","viability_holdout",0.5,756,161.743999392427,641,0.847883597883598,0.213947089143422
"horseshoe",1,"reveal_25","gibbs","horseshoe-001-reveal_25-gibbs","latent_mean",0.8,1104,160876.557236085,991,0.897644927536232,145.721519235585
"horseshoe",1,"reveal_25","gibbs","horseshoe-001-reveal_25-gibbs","interaction",0.8,1104,158695.708634324,982,0.889492753623188,143.74611289341
"horseshoe",1,"reveal_25","gibbs","horseshoe-001-reveal_25-gibbs","response_holdout",0.8,756,159673.335027935,707,0.935185185185185,211.208115116317
"horseshoe",1,"reveal_25","gibbs","horseshoe-001-reveal_25-gibbs","viability_holdout",0.8,756,286.211181121735,726,0.96031746031746,0.378586218414993
"horseshoe",1,"reveal_25","gibbs","horseshoe-001-reveal_25-gibbs","latent_mean",0.95,1104,207192.87045544,1063,0.96286231884058,187.674701499492
"horseshoe",1,"reveal_25","gibbs","horseshoe-001-reveal_25-gibbs","interaction",0.95,1104,204273.953901031,1057,0.957427536231884,185.030755345137
"horseshoe",1,"reveal_25","gibbs","horseshoe-001-reveal_25-gibbs","response_holdout",0.95,756,205753.400463471,738,0.976190476190476,272.160582623639
"horseshoe",1,"reveal_25","gibbs","horseshoe-001-reveal_25-gibbs","viability_holdout",0.95,756,385.709273205254,746,0.986772486772487,0.510197451329701
"realism",1,"reveal_25","gibbs","realism-001-reveal_25-gibbs","latent_mean",0.5,1104,191.300642854701,535,0.484601449275362,0.173279567803171
"realism",1,"reveal_25","gibbs","realism-001-reveal_25-gibbs","interaction",0.5,1104,10.8529723322433,185,0.167572463768116,0.00983059088065517
"realism",1,"reveal_25","gibbs","realism-001-reveal_25-gibbs","response_holdout",0.5,756,259.971766362772,371,0.490740740740741,0.343877997834355
"realism",1,"reveal_25","gibbs","realism-001-reveal_25-gibbs","viability_holdout",0.5,756,54.5403461500944,371,0.490740740740741,0.0721433150133524
"realism",1,"reveal_25","gibbs","realism-001-reveal_25-gibbs","latent_mean",0.8,1104,367.078097488733,887,0.803442028985507,0.332498276710809
"realism",1,"reveal_25","gibbs","realism-001-reveal_25-gibbs","interaction",0.8,1104,47.6150310881534,489,0.442934782608696,0.0431295571450665
"realism",1,"reveal_25","gibbs","realism-001-reveal_25-gibbs","response_holdout",0.8,756,495.769218137468,604,0.798941798941799,0.655779389070725
"realism",1,"reveal_25","gibbs","realism-001-reveal_25-gibbs","viability_holdout",0.8,756,103.616243288559,604,0.798941798941799,0.137058522868465
"realism",1,"reveal_25","gibbs","realism-001-reveal_25-gibbs","latent_mean",0.95,1104,574.770509111205,1045,0.946557971014493,0.520625461151454
"realism",1,"reveal_25","gibbs","realism-001-reveal_25-gibbs","interaction",0.95,1104,172.864721452377,884,0.800724637681159,0.156580363634399
"realism",1,"reveal_25","gibbs","realism-001-reveal_25-gibbs","response_holdout",0.95,756,763.518073807268,719,0.951058201058201,1.00994454207311
"realism",1,"reveal_25","gibbs","realism-001-reveal_25-gibbs","viability_holdout",0.95,756,158.402351567275,719,0.951058201058201,0.209526920062533
"gamma",2,"reveal_25","gibbs","gamma-002-reveal_25-gibbs","latent_mean",0.5,1104,254.668204774551,594,0.53804347826087,0.230677721716078
"gamma",2,"reveal_25","gibbs","gamma-002-reveal_25-gibbs","interaction",0.5,1104,149.96778961541,620,0.561594202898551,0.135840389144393
"gamma",2,"reveal_25","gibbs","gamma-002-reveal_25-gibbs","response_holdout",0.5,756,283.391423075922,398,0.526455026455027,0.374856379730056
"gamma",2,"reveal_25","gibbs","gamma-002-reveal_25-gibbs","viability_holdout",0.5,756,42.8180121548615,398,0.526455026455027,0.0566375822154252
"gamma",2,"reveal_25","gibbs","gamma-002-reveal_25-gibbs","latent_mean",0.8,1104,489.716407069088,919,0.832427536231884,0.443583702055333
"gamma",2,"reveal_25","gibbs","gamma-002-reveal_25-gibbs","interaction",0.8,1104,302.535817533209,980,0.88768115942029,0.274036066606168
"gamma",2,"reveal_25","gibbs","gamma-002-reveal_25-gibbs","response_holdout",0.8,756,540.968851641535,624,0.825396825396825,0.715567264076104
"gamma",2,"reveal_25","gibbs","gamma-002-reveal_25-gibbs","viability_holdout",0.8,756,81.7071112889422,624,0.825396825396825,0.108078189535638
"gamma",2,"reveal_25","gibbs","gamma-002-reveal_25-gibbs","latent_mean",0.95,1104,766.750037017502,1074,0.972826086956522,0.694519961066578
"gamma",2,"reveal_25","gibbs","gamma-002-reveal_25-gibbs","interaction",0.95,1104,509.505148681481,1083,0.980978260869565,0.461508286849167
"gamma",2,"reveal_25","gibbs","gamma-002-reveal_25-gibbs","response_holdout",0.95,756,833.295137858024,736,0.973544973544973,1.10224224584395
"gamma",2,"reveal_25","gibbs","gamma-002-reveal_25-gibbs","viability_holdout",0.95,756,125.83858512735,736,0.973544973544973,0.166453154930357
"multiplicative_gamma",2,"reveal_25","gibbs","multiplicative_gamma-002-reveal_25-gibbs","latent_mean",0.5,1104,303.951035655572,568,0.514492753623188,0.275317967079323
"multiplicative_gamma",2,"reveal_25","gibbs","multiplicative_gamma-002-reveal_25-gibbs","interaction",0.5,1104,136.668916901546,649,0.58786231884058,0.123794308787633
"multiplicative_gamma",2,"reveal_25","gibbs","multiplicative_gamma-002-reveal_25-gibbs","response_holdout",0.5,756,351.996312682165,363,0.48015873015873,0.465603588203922
"multiplicative_gamma",2,"reveal_25","gibbs","multiplicative_gamma-002-reveal_25-gibbs","viability_holdout",0.5,756,51.3187026156508,363,0.48015873015873,0.0678818817667338
"multiplicative_gamma",2,"reveal_25","gibbs","multiplicative_gamma-002-reveal_25-gibbs","latent_mean",0.8,1104,587.0660958345,920,0.833333333333333,0.531762767966033
"multiplicative_gamma",2,"reveal_25","gibbs","multiplicative_gamma-002-reveal_25-gibbs","interaction",0.8,1104,307.613730621923,934,0.846014492753623,0.278635625563336
"multiplicative_gamma",2,"reveal_25","gibbs","multiplicative_gamma-002-reveal_25-gibbs","response_holdout",0.8,756,672.954498952693,609,0.805555555555556,0.890151453641128
"multiplicative_gamma",2,"reveal_25","gibbs","multiplicative_gamma-002-reveal_25-gibbs","viability_holdout",0.8,756,97.9793042327959,609,0.805555555555556,0.129602254276185
"multiplicative_gamma",2,"reveal_25","gibbs","multiplicative_gamma-002-reveal_25-gibbs","latent_mean",0.95,1104,929.523846831712,1063,0.96286231884058,0.841960006188145
"multiplicative_gamma",2,"reveal_25","gibbs","multiplicative_gamma-002-reveal_25-gibbs","interaction",0.95,1104,570.668366678611,1059,0.959239130434783,0.516909752426278
"multiplicative_gamma",2,"reveal_25","gibbs","multiplicative_gamma-002-reveal_25-gibbs","response_holdout",0.95,756,1039.53980451758,719,0.951058201058201,1.37505265147828
"multiplicative_gamma",2,"reveal_25","gibbs","multiplicative_gamma-002-reveal_25-gibbs","viability_holdout",0.95,756,150.865064840347,719,0.951058201058201,0.199556964074534
"horseshoe",2,"reveal_25","gibbs","horseshoe-002-reveal_25-gibbs","latent_mean",0.5,1104,182102.232158874,699,0.633152173913043,164.947674056951
"horseshoe",2,"reveal_25","gibbs","horseshoe-002-reveal_25-gibbs","interaction",0.5,1104,178988.882098942,706,0.639492753623188,162.127610596868
"horseshoe",2,"reveal_25","gibbs","horseshoe-002-reveal_25-gibbs","response_holdout",0.5,756,181756.658210892,523,0.691798941798942,240.418860067318
"horseshoe",2,"reveal_25","gibbs","horseshoe-002-reveal_25-gibbs","viability_holdout",0.5,756,189.017883288158,633,0.837301587301587,0.250023655143067
"horseshoe",2,"reveal_25","gibbs","horseshoe-002-reveal_25-gibbs","latent_mean",0.8,1104,466742.375542409,1005,0.910326086956522,422.773890889863
"horseshoe",2,"reveal_25","gibbs","horseshoe-002-reveal_25-gibbs","interaction",0.8,1104,460743.316281377,974,0.882246376811594,417.339960399798
"horseshoe",2,"reveal_25","gibbs","horseshoe-002-reveal_25-gibbs","response_holdout",0.8,756,464365.983539666,705,0.932539682539683,614.240718967812
"horseshoe",2,"reveal_25","gibbs","horseshoe-002-reveal_25-gibbs","viability_holdout",0.8,756,307.85038100611,728,0.962962962962963,0.40720949868533
"horseshoe",2,"reveal_25","gibbs","horseshoe-002-reveal_25-gibbs","latent_mean",0.95,1104,691091.978930656,1077,0.97554347826087,625.989111350232
"horseshoe",2,"reveal_25","gibbs","horseshoe-002-reveal_25-gibbs","interaction",0.95,1104,688248.095542509,1056,0.956521739130435,623.413130020388
"horseshoe",2,"reveal_25","gibbs","horseshoe-002-reveal_25-gibbs","response_holdout",0.95,756,685982.784469121,747,0.988095238095238,907.384635541165
"horseshoe",2,"reveal_25","gibbs","horseshoe-002-reveal_25-gibbs","viability_holdout",0.95,756,411.27722970603,753,0.996031746031746,0.544017499611151
"realism",2,"reveal_25","gibbs","realism-002-reveal_25-gibbs","latent_mean",0.5,1104,193.53687411158,562,0.509057971014493,0.175305139593822
"realism",2,"reveal_25","gibbs","realism-002-reveal_25-gibbs","interaction",0.5,1104,24.8660005499074,469,0.42481884057971,0.0225235512227422
"realism",2,"reveal_25","gibbs","realism-002-reveal_25-gibbs","response_holdout",0.5,756,253.337244912971,377,0.498677248677249,0.335102175810808
"realism",2,"reveal_25","gibbs","realism-002-reveal_25-gibbs","viability_holdout",0.5,756,52.1170915209712,377,0.498677248677249,0.0689379517473164
"realism",2,"reveal_25","gibbs","realism-002-reveal_25-gibbs","latent_mean",0.8,1104,376.642054931781,893,0.808876811594203,0.341161281641106
"realism",2,"reveal_25","gibbs","realism-002-reveal_25-gibbs","interaction",0.8,1104,94.8295946334535,772,0.699275362318841,0.0858963719505919
"realism",2,"reveal_25","gibbs","realism-002-reveal_25-gibbs","response_holdout",0.8,756,484.863856538345,592,0.783068783068783,0.641354307590403
"realism",2,"reveal_25","gibbs","realism-002-reveal_25-gibbs","viability_holdout",0.8,756,99.3636425320483,592,0.783068783068783,0.131433389592657
"realism",2,"reveal_25","gibbs","realism-002-reveal_25-gibbs","latent_mean",0.95,1104,612.723651241947,1049,0.95018115942029,0.555003307284373
"realism",2,"reveal_25","gibbs","realism-002-reveal_25-gibbs","interaction",0.95,1104,284.572216649388,1033,0.935688405797101,0.257764688994011
"realism",2,"reveal_25","gibbs","realism-002-reveal_25-gibbs","response_holdout",0.95,756,758.059847434593,720,0.952380952380952,1.00272466591877
"realism",2,"reveal_25","gibbs","realism-002-reveal_25-gibbs","viability_holdout",0.95,756,154.227478280037,720,0.952380952380952,0.20400460089952
"gamma",1,"reveal_75","gibbs","gamma-001-reveal_75-gibbs","latent_mean",0.5,1104,125.607679748827,554,0.501811594202899,0.113775072236256
"gamma",1,"reveal_75","gibbs","gamma-001-reveal_75-gibbs","interaction",0.5,1104,76.4217204586056,614,0.556159420289855,0.0692225728791717
"gamma",1,"reveal_75","gibbs","gamma-001-reveal_75-gibbs","response_holdout",0.5,252,73.8690266265314,144,0.571428571428571,0.293131058041791
"gamma",1,"reveal_75","gibbs","gamma-001-reveal_75-gibbs","viability_holdout",0.5,252,11.3611685522462,144,0.571428571428571,0.0450840021914533
"gamma",1,"reveal_75","gibbs","gamma-001-reveal_75-gibbs","latent_mean",0.8,1104,240.334214532353,883,0.79981884057971,0.217694034902494
"gamma",1,"reveal_75","gibbs","gamma-001-reveal_75-gibbs","interaction",0.8,1104,152.278502246818,920,0.833333333333333,0.137933425948205
"gamma",1,"reveal_75","gibbs","gamma-001-reveal_75-gibbs","response_holdout",0.8,252,140.739279321245,206,0.817460317460317,0.558489203655733
"gamma",1,"reveal_75","gibbs","gamma-001-reveal_75-gibbs","viability_holdout",0.8,252,21.6493466991134,206,0.817460317460317,0.0859101059488627
"gamma",1,"reveal_75","gibbs","gamma-001-reveal_75-gibbs","latent_mean",0.95,1104,372.362124459891,1053,0.953804347826087,0.337284533025264
"gamma",1,"reveal_75","gibbs","gamma-001-reveal_75-gibbs","interaction",0.95,1104,251.587591343116,1059,0.959239130434783,0.227887310999199
"gamma",1,"reveal_75","gibbs","gamma-001-reveal_75-gibbs","response_holdout",0.95,252,214.697665158785,244,0.968253968253968,0.851974861741211
"gamma",1,"reveal_75","gibbs","gamma-001-reveal_75-gibbs","viability_holdout",0.95,252,32.9770417090417,244,0.968253968253968,0.130861276623181
"multiplicative_gamma",1,"reveal_75","gibbs","multiplicative_gamma-001-reveal_75-gibbs","latent_mean",0.5,1104,131.763877323794,520,0.471014492753623,0.119351338155611
"multiplicative_gamma",1,"reveal_75","gibbs","multiplicative_gamma-001-reveal_75-gibbs","interaction",0.5,1104,91.0394282813633,533,0.482789855072464,0.0824632502548581
"multiplicative_gamma",1,"reveal_75","gibbs","multiplicative_gamma-001-reveal_75-gibbs","response_holdout",0.5,252,72.3764963551866,126,0.5,0.287208318869788
"multiplicative_gamma",1,"reveal_75","gibbs","multiplicative_gamma-001-reveal_75-gibbs","viability_holdout",0.5,252,13.0147459139938,126,0.5,0.0516458171190231
"multiplicative_gamma",1,"reveal_75","gibbs","multiplicative_gamma-001-reveal_75-gibbs","latent_mean",0.8,1104,251.898467326987,854,0.773550724637681,0.228168901564299
"multiplicative_gamma",1,"reveal_75","gibbs","multiplicative_gamma-001-reveal_75-gibbs","interaction",0.8,1104,177.957681478159,854,0.773550724637681,0.16119355206355
"multiplicative_gamma",1,"reveal_75","gibbs","multiplicative_gamma-001-reveal_75-gibbs","response_holdout",0.8,252,137.645282909934,197,0.781746031746032,0.546211440118785
"multiplicative_gamma",1,"reveal_75","gibbs","multiplicative_gamma-001-reveal_75-gibbs","viability_holdout",0.8,252,24.7133429548058,197,0.781746031746032,0.0980688212492294
"multiplicative_gamma",1,"reveal_75","gibbs","multiplicative_gamma-001-reveal_75-gibbs","latent_mean",0.95,1104,389.403159649196,1026,0.929347826086957,0.352720253305431
"multiplicative_gamma",1,"reveal_75","gibbs","multiplicative_gamma-001-reveal_75-gibbs","interaction",0.95,1104,286.048717919296,1041,0.942934782608696,0.25910209956458
"multiplicative_gamma",1,"reveal_75","gibbs","multiplicative_gamma-001-reveal_75-gibbs","response_holdout",0.95,252,210.680885682606,243,0.964285714285714,0.836035260645261
"multiplicative_gamma",1,"reveal_75","gibbs","multiplicative_gamma-001-reveal_75-gibbs","viability_holdout",0.95,252,37.7030582505799,243,0.964285714285714,0.149615310518174
"horseshoe",1,"reveal_75","gibbs","horseshoe-001-reveal_75-gibbs","latent_mean",0.5,1104,7384.5844102418,748,0.677536231884058,6.68893515420453
"horseshoe",1,"reveal_75","gibbs","horseshoe-001-reveal_75-gibbs","interaction",0.5,1104,6922.19418789612,730,0.661231884057971,6.27010343106533
"horseshoe",1,"reveal_75","gibbs","horseshoe-001-reveal_75-gibbs","response_holdout",0.5,252,5219.59656139096,224,0.888888888888889,20.7126847674245
"horseshoe",1,"reveal_75","gibbs","horseshoe-001-reveal_75-gibbs","viability_holdout",0.5,252,31.500472333327,236,0.936507936507937,0.125001874338599
"horseshoe",1,"reveal_75","gibbs","horseshoe-001-reveal_75-gibbs","latent_mean",0.8,1104,17915.8197099318,995,0.901268115942029,16.228097563344
"horseshoe",1,"reveal_75","gibbs","horseshoe-001-reveal_75-gibbs","interaction",0.8,1104,16778.4285329296,923,0.836050724637681,15.1978519320015
"horseshoe",1,"reveal_75","gibbs","horseshoe-001-reveal_75-gibbs","response_holdout",0.8,252,13097.4696355709,244,0.968253968253968,51.9740858554402
"horseshoe",1,"reveal_75","gibbs","horseshoe-001-reveal_75-gibbs","viability_holdout",0.8,252,52.0794557398351,249,0.988095238095238,0.206664506904107
"horseshoe",1,"reveal_75","gibbs","horseshoe-001-reveal_75-gibbs","latent_mean",0.95,1104,24734.3932297523,1070,0.969202898550725,22.4043416936162
"horseshoe",1,"reveal_75","gibbs","horseshoe-001-reveal_75-gibbs","interaction",0.95,1104,22515.8149219704,1014,0.918478260869565,20.3947598930891
"horseshoe",1,"reveal_75","gibbs","horseshoe-001-reveal_75-gibbs","response_holdout",0.95,252,17897.3907545608,249,0.988095238095238,71.0213918831779
"horseshoe",1,"reveal_75","gibbs","horseshoe-001-reveal_75-gibbs","viability_holdout",0.95,252,70.8579604037794,250,0.992063492063492,0.28118238255468
"realism",1,"reveal_75","gibbs","realism-001-reveal_75-gibbs","latent_mean",0.5,1104,113.092489595101,535,0.484601449275362,0.102438849270925
"realism",1,"reveal_75","gibbs","realism-001-reveal_75-gibbs","interaction",0.5,1104,43.7988731327466,324,0.293478260869565,0.0396728923303865
"realism",1,"reveal_75","gibbs","realism-001-reveal_75-gibbs","response_holdout",0.5,252,75.3072831051702,129,0.511904761904762,0.298838425020517
"realism",1,"reveal_75","gibbs","realism-001-reveal_75-gibbs","viability_holdout",0.5,252,15.831681046076,129,0.511904761904762,0.0628241311352222
"realism",1,"reveal_75","gibbs","realism-001-reveal_75-gibbs","latent_mean",0.8,1104,216.94551926701,886,0.802536231884058,0.196508622524465
"realism",1,"reveal_75","gibbs","realism-001-reveal_75-gibbs","interaction",0.8,1104,98.1837730051829,606,0.548913043478261,0.0889345769974483
"realism",1,"reveal_75","gibbs","realism-001-reveal_75-gibbs","response_holdout",0.8,252,143.120761820474,206,0.817460317460317,0.567939531033626
"realism",1,"reveal_75","gibbs","realism-001-reveal_75-gibbs","viability_holdout",0.8,252,29.9865089919581,206,0.817460317460317,0.118994083301421
"realism",1,"reveal_75","gibbs","realism-001-reveal_75-gibbs","latent_mean",0.95,1104,340.772459639107,1054,0.954710144927536,0.308670706194843
"realism",1,"reveal_75","gibbs","realism-001-reveal_75-gibbs","interaction",0.95,1104,192.237597220146,914,0.827898550724638,0.174128258351581
"realism",1,"reveal_75","gibbs","realism-001-reveal_75-gibbs","response_holdout",0.95,252,220.145004888627,241,0.956349206349206,0.873591289240584
"realism",1,"reveal_75","gibbs","realism-001-reveal_75-gibbs","viability_holdout",0.95,252,45.8072525903602,241,0.956349206349206,0.181774811866509
"gamma",2,"reveal_75","gibbs","gamma-002-reveal_75-gibbs","latent_mean",0.5,1104,141.38486868132,541,0.490036231884058,0.128066004240326
"gamma",2,"reveal_75","gibbs","gamma-002-reveal_75-gibbs","interaction",0.5,1104,98.1761297755538,581,0.526268115942029,0.0889276537822045
"gamma",2,"reveal_75","gibbs","gamma-002-reveal_75-gibbs","response_holdout",0.5,252,76.9051970904837,127,0.503968253968254,0.305179353533666
"gamma",2,"reveal_75","gibbs","gamma-002-reveal_75-gibbs","viability_holdout",0.5,252,11.4142058609959,127,0.503968253968254,0.0452944677023647
"gamma",2,"reveal_75","gibbs","gamma-002-reveal_75-gibbs","latent_mean",0.8,1104,273.596247969751,881,0.798007246376812,0.247822688378398
"gamma",2,"reveal_75","gibbs","gamma-002-reveal_75-gibbs","interaction",0.8,1104,196.365988610285,903,0.817934782608696,0.177867743306418
"gamma",2,"reveal_75","gibbs","gamma-002-reveal_75-gibbs","response_holdout",0.8,252,146.775483516634,204,0.80952380952381,0.582442394907276
"gamma",2,"reveal_75","gibbs","gamma-002-reveal_75-gibbs","viability_holdout",0.8,252,21.7827662308369,204,0.80952380952381,0.086439548535067
"gamma",2,"reveal_75","gibbs","gamma-002-reveal_75-gibbs","latent_mean",0.95,1104,435.39629662615,1063,0.96286231884058,0.394380703465716
"gamma",2,"reveal_75","gibbs","gamma-002-reveal_75-gibbs","interaction",0.95,1104,328.29764104815,1069,0.968297101449275,0.297371051674049
"gamma",2,"reveal_75","gibbs","gamma-002-reveal_75-gibbs","response_holdout",0.95,252,227.501895775198,245,0.972222222222222,0.902785300695229
"gamma",2,"reveal_75","gibbs","gamma-002-reveal_75-gibbs","viability_holdout",0.95,252,33.7482512300152,245,0.972222222222222,0.13392163186514
"multiplicative_gamma",2,"reveal_75","gibbs","multiplicative_gamma-002-reveal_75-gibbs","latent_mean",0.5,1104,180.833514834223,606,0.548913043478261,0.163798473581724
"multiplicative_gamma",2,"reveal_75","gibbs","multiplicative_gamma-002-reveal_75-gibbs","interaction",0.5,1104,108.43646628698,626,0.567028985507246,0.0982214368541484
"multiplicative_gamma",2,"reveal_75","gibbs","multiplicative_gamma-002-reveal_75-gibbs","response_holdout",0.5,252,103.723737113126,133,0.527777777777778,0.411602131401294
"multiplicative_gamma",2,"reveal_75","gibbs","multiplicative_gamma-002-reveal_75-gibbs","viability_holdout",0.5,252,14.1735679694803,133,0.527777777777778,0.0562443173392075
"multiplicative_gamma",2,"reveal_75","gibbs","multiplicative_gamma-002-reveal_75-gibbs","latent_mean",0.8,1104,347.073210670354,917,0.830615942028985,0.314377908215901
"multiplicative_gamma",2,"reveal_75","gibbs","multiplicative_gamma-002-reveal_75-gibbs","interaction",0.8,1104,221.388845628271,930,0.842391304347826,0.200533374663289
"multiplicative_gamma",2,"reveal_75","gibbs","multiplicative_gamma-002-reveal_75-gibbs","response_holdout",0.8,252,197.515599810762,203,0.805555555555556,0.78379206274112
"multiplicative_gamma",2,"reveal_75","gibbs","multiplicative_gamma-002-reveal_75-gibbs","viability_holdout",0.8,252,26.9673674078393,203,0.805555555555556,0.107013362729521
"multiplicative_gamma",2,"reveal_75","gibbs","multiplicative_gamma-002-reveal_75-gibbs","latent_mean",0.95,1104,541.232845229223,1075,0.973731884057971,0.490247142417774
"multiplicative_gamma",2,"reveal_75","gibbs","multiplicative_gamma-002-reveal_75-gibbs","interaction",0.95,1104,375.281824122976,1059,0.959239130434783,0.339929188517189
"multiplicative_gamma",2,"reveal_75","gibbs","multiplicative_gamma-002-reveal_75-gibbs","response_holdout",0.95,252,302.573968743057,241,0.956349206349206,1.20069035215499
"multiplicative_gamma",2,"reveal_75","gibbs","multiplicative_gamma-002-reveal_75-gibbs","viability_holdout",0.95,252,41.2239168230048,241,0.956349206349206,0.16358697151986
"horseshoe",2,"reveal_75","gibbs","horseshoe-002-reveal_75-gibbs","latent_mean",0.5,1104,28977.4679102774,742,0.672101449275362,26.2477064404687
"horseshoe",2,"reveal_75","gibbs","horseshoe-002-reveal_75-gibbs","interaction",0.5,1104,23205.7670514267,650,0.588768115942029,21.0197165320894
"horseshoe",2,"reveal_75","gibbs","horseshoe-002-reveal_75-gibbs","response_holdout",0.5,252,16664.5111084312,207,0.821428571428571,66.1290123350445
"horseshoe",2,"reveal_75","gibbs","horseshoe-002-reveal_75-gibbs","viability_holdout",0.5,252,37.4264649270061,230,0.912698412698413,0.14851771796431
"horseshoe",2,"reveal_75","gibbs","horseshoe-002-reveal_75-gibbs","latent_mean",0.8,1104,98392.0249300023,977,0.884963768115942,89.1232109873209
"horseshoe",2,"reveal_75","gibbs","horseshoe-002-reveal_75-gibbs","interaction",0.8,1104,86680.3030701103,913,0.826992753623188,78.5147672736506
"horseshoe",2,"reveal_75","gibbs","horseshoe-002-reveal_75-gibbs","response_holdout",0.8,252,71252.5795676934,240,0.952380952380952,282.748331617831
"horseshoe",2,"reveal_75","gibbs","horseshoe-002-reveal_75-gibbs","viability_holdout",0.8,252,95.2966668361485,247,0.98015873015873,0.378161376333923
"horseshoe",2,"reveal_75","gibbs","horseshoe-002-reveal_75-gibbs","latent_mean",0.95,1104,131765.089550789,1053,0.953804347826087,119.352436187309
"horseshoe",2,"reveal_75","gibbs","horseshoe-002-reveal_75-gibbs","interaction",0.95,1104,113499.183707503,999,0.904891304347826,102.807231619115
"horseshoe",2,"reveal_75","gibbs","horseshoe-002-reveal_75-gibbs","response_holdout",0.95,252,95665.133448178,252,1,379.623545429278
"horseshoe",2,"reveal_75","gibbs","horseshoe-002-reveal_75-gibbs","viability_holdout",0.95,252,120.62494485383,252,1,0.478670416086626
"realism",2,"reveal_75","gibbs","realism-002-reveal_75-gibbs","latent_mean",0.5,1104,110.683564857058,557,0.504528985507246,0.100256852225596
"realism",2,"reveal_75","gibbs","realism-002-reveal_75-gibbs","interaction",0.5,1104,36.3757194865402,435,0.394021739130435,0.0329490212740401
"realism",2,"reveal_75","gibbs","realism-002-reveal_75-gibbs","response_holdout",0.5,252,75.5359602773998,132,0.523809523809524,0.299745874116666
"realism",2,"reveal_75","gibbs","realism-002-reveal_75-gibbs","viability_holdout",0.5,252,15.3899864602419,132,0.523809523809524,0.0610713748422297
"realism",2,"reveal_75","gibbs","realism-002-reveal_75-gibbs","latent_mean",0.8,1104,212.353804317593,892,0.807971014492754,0.192349460432602
"realism",2,"reveal_75","gibbs","realism-002-reveal_75-gibbs","interaction",0.8,1104,82.280969742495,794,0.719202898550725,0.0745298638971875
"realism",2,"reveal_75","gibbs","realism-002-reveal_75-gibbs","response_holdout",0.8,252,144.018311421921,197,0.781746031746032,0.571501235801274
"realism",2,"reveal_75","gibbs","realism-002-reveal_75-gibbs","viability_holdout",0.8,252,29.2467206796915,197,0.781746031746032,0.116058415395601
"realism",2,"reveal_75","gibbs","realism-002-reveal_75-gibbs","latent_mean",0.95,1104,334.3888579376,1056,0.956521739130435,0.302888458276812
"realism",2,"reveal_75","gibbs","realism-002-reveal_75-gibbs","interaction",0.95,1104,171.203665728831,1019,0.923007246376812,0.155075784174666
"realism",2,"reveal_75","gibbs","realism-002-reveal_75-gibbs","response_holdout",0.95,252,220.741341937817,242,0.96031746031746,0.875957706102449
"realism",2,"reveal_75","gibbs","realism-002-reveal_75-gibbs","viability_holdout",0.95,252,44.553943526196,242,0.96031746031746,0.176801363199191
"gamma",1,"reveal_25","gibbs_cmi","gamma-001-reveal_25-gibbs_cmi","latent_mean",0.5,1104,253.838090158301,619,0.560688405797101,0.229925806302809
"gamma",1,"reveal_25","gibbs_cmi","gamma-001-reveal_25-gibbs_cmi","interaction",0.5,1104,150.021861943168,745,0.67481884057971,0.135889367702145
"gamma",1,"reveal_25","gibbs_cmi","gamma-001-reveal_25-gibbs_cmi","response_holdout",0.5,756,283.354568817724,428,0.566137566137566,0.374807630711275
"gamma",1,"reveal_25","gibbs_cmi","gamma-001-reveal_25-gibbs_cmi","viability_holdout",0.5,756,42.2583947794745,428,0.566137566137566,0.0558973475918975
"gamma",1,"reveal_25","gibbs_cmi","gamma-001-reveal_25-gibbs_cmi","latent_mean",0.8,1104,488.444118863792,957,0.866847826086957,0.442431267086768
"gamma",1,"reveal_25","gibbs_cmi","gamma-001-reveal_25-gibbs_cmi","interaction",0.8,1104,305.567542892706,1015,0.919384057971015,0.27678219464919
"gamma",1,"reveal_25","gibbs_cmi","gamma-001-reveal_25-gibbs_cmi","response_holdout",0.8,756,541.039115177798,638,0.843915343915344,0.715660205261638
"gamma",1,"reveal_25","gibbs_cmi","gamma-001-reveal_25-gibbs_cmi","viability_holdout",0.8,756,80.6655247769498,638,0.843915343915344,0.10670042959914
"gamma",1,"reveal_25","gibbs_cmi","gamma-001-reveal_25-gibbs_cmi","latent_mean",0.95,1104,763.074705663394,1082,0.980072463768116,0.691190856579161
"gamma",1,"reveal_25","gibbs_cmi","gamma-001-reveal_25-gibbs_cmi","interaction",0.95,1104,517.209740863725,1088,0.985507246376812,0.468487084115693
"gamma",1,"reveal_25","gibbs_cmi","gamma-001-reveal_25-gibbs_cmi","response_holdout",0.95,756,833.245782206297,732,0.968253968253968,1.10217696059034
"gamma",1,"reveal_25","gibbs_cmi","gamma-001-reveal_25-gibbs_cmi","viability_holdout",0.95,756,124.127277553204,732,0.968253968253968,0.164189520573021
"multiplicative_gamma",1,"reveal_25","gibbs_cmi","multiplicative_gamma-001-reveal_25-gibbs_cmi","latent_mean",0.5,1104,225.645732435628,468,0.423913043478261,0.20438925039459
"multiplicative_gamma",1,"reveal_25","gibbs_cmi","multiplicative_gamma-001-reveal_25-gibbs_cmi","interaction",0.5,1104,121.944411614804,439,0.397644927536232,0.110456894578627
"multiplicative_gamma",1,"reveal_25","gibbs_cmi","multiplicative_gamma-001-reveal_25-gibbs_cmi","response_holdout",0.5,756,260.516303753641,332,0.439153439153439,0.344598285388414
"multiplicative_gamma",1,"reveal_25","gibbs_cmi","multiplicative_gamma-001-reveal_25-gibbs_cmi","viability_holdout",0.5,756,46.5384778729868,332,0.439153439153439,0.0615588331653264
"multiplicative_gamma",1,"reveal_25","gibbs_cmi","multiplicative_gamma-001-reveal_25-gibbs_cmi","latent_mean",0.8,1104,434.22035454789,777,0.703804347826087,0.393315538539755
"multiplicative_gamma",1,"reveal_25","gibbs_cmi","multiplicative_gamma-001-reveal_25-gibbs_cmi","interaction",0.8,1104,248.873968814474,734,0.664855072463768,0.225429319578328
"multiplicative_gamma",1,"reveal_25","gibbs_cmi","multiplicative_gamma-001-reveal_25-gibbs_cmi","response_holdout",0.8,756,498.05645208603,544,0.71957671957672,0.658804830801627
"multiplicative_gamma",1,"reveal_25","gibbs_cmi","multiplicative_gamma-001-reveal_25-gibbs_cmi","viability_holdout",0.8,756,88.6888571298435,544,0.71957671957672,0.117313303081804
"multiplicative_gamma",1,"reveal_25","gibbs_cmi","multiplicative_gamma-001-reveal_25-gibbs_cmi","latent_mean",0.95,1104,680.227786678618,989,0.895833333333333,0.616148357498748
"multiplicative_gamma",1,"reveal_25","gibbs_cmi","multiplicative_gamma-001-reveal_25-gibbs_cmi","interaction",0.95,1104,424.5487478709,966,0.875,0.384555025245381
"multiplicative_gamma",1,"reveal_25","gibbs_cmi","multiplicative_gamma-001-reveal_25-gibbs_cmi","response_holdout",0.95,756,766.942151476749,692,0.915343915343915,1.01447374533962
"multiplicative_gamma",1,"reveal_25","gibbs_cmi","multiplicative_gamma-001-reveal_25-gibbs_cmi","viability_holdout",0.95,756,135.710164378722,692,0.915343915343915,0.179510799442753
"horseshoe",1,"reveal_25","gibbs_cmi","horseshoe-001-reveal_25-gibbs_cmi","latent_mean",0.5,1104,114293.522810739,752,0.681159420289855,103.526741676394
"horseshoe",1,"reveal_25","gibbs_cmi","horseshoe-001-reveal_25-gibbs_cmi","interaction",0.5,1104,112662.022855041,745,0.67481884057971,102.048933745508
"horseshoe",1,"reveal_25","gibbs_cmi","horseshoe-001-reveal_25-gibbs_cmi","response_holdout",0.5,756,113926.373636622,539,0.712962962962963,150.696261424103
"horseshoe",1,"reveal_25","gibbs_cmi","horseshoe-001-reveal_25-gibbs_cmi","viability_holdout",0.5,756,204.825764119896,610,0.806878306878307,0.270933550423143
"horseshoe",1,"reveal_25","gibbs_cmi","horseshoe-001-reveal_25-gibbs_cmi","latent_mean",0.8,1104,244818.563288222,999,0.904891304347826,221.755945007448
"horseshoe",1,"reveal_25","gibbs_cmi","horseshoe-001-reveal_25-gibbs_cmi","interaction",0.8,1104,243060.777225374,978,0.885869565217391,220.163747486752
"horseshoe",1,"reveal_25","gibbs_cmi","horseshoe-001-reveal_25-gibbs_cmi","response_holdout",0.8,756,243321.197497752,695,0.919312169312169,321.853435843587
"horseshoe",1,"reveal_25","gibbs_cmi","horseshoe-001-reveal_25-gibbs_cmi","viability_holdout",0.8,756,371.010294965298,713,0.943121693121693,0.490754358419706
"horseshoe",1,"reveal_25","gibbs_cmi","horseshoe-001-reveal_25-gibbs_cmi","latent_mean",0.95,1104,408548.727249612,1063,0.96286231884058,370.062252943489
"horseshoe",1,"reveal_25","gibbs_cmi","horseshoe-001-reveal_25-gibbs_cmi","interaction",0.95,1104,407058.771193227,1047,0.948369565217391,368.712655066329
"horseshoe",1,"reveal_25","gibbs_cmi","horseshoe-001-reveal_25-gibbs_cmi","response_holdout",0.95,756,405121.421104709,734,0.970899470899471,535.874895641149
"horseshoe",1,"reveal_25","gibbs_cmi","horseshoe-001-reveal_25-gibbs_cmi","viability_holdout",0.95,756,487.14867342063,741,0.98015873015873,0.644376552143691
"realism",1,"reveal_25","gibbs_cmi","realism-001-reveal_25-gibbs_cmi","latent_mean",0.5,1104,190.249574964807,538,0.48731884057971,0.172327513555079
"realism",1,"reveal_25","gibbs_cmi","realism-001-reveal_25-gibbs_cmi","interaction",0.5,1104,12.0203735251074,195,0.176630434782609,0.0108880194973799
"realism",1,"reveal_25","gibbs_cmi","realism-001-reveal_25-gibbs_cmi","response_holdout",0.5,756,259.512275055893,370,0.489417989417989,0.343270205100387
"realism",1,"reveal_25","gibbs_cmi","realism-001-reveal_25-gibbs_cmi","viability_holdout",0.5,756,54.4810878422435,370,0.489417989417989,0.0720649310082586
"realism",1,"reveal_25","gibbs_cmi","realism-001-reveal_25-gibbs_cmi","latent_mean",0.8,1104,364.563771366917,888,0.804347826086957,0.33022080739757
"realism",1,"reveal_25","gibbs_cmi","realism-001-reveal_25-gibbs_cmi","interaction",0.8,1104,51.1092286542615,513,0.464673913043478,0.0462945911723383
"realism",1,"reveal_25","gibbs_cmi","realism-001-reveal_25-gibbs_cmi","response_holdout",0.8,756,494.546522921859,602,0.796296296296296,0.654162067356956
"realism",1,"reveal_25","gibbs_cmi","realism-001-reveal_25-gibbs_cmi","viability_holdout",0.8,756,103.39330632832,602,0.796296296296296,0.136763632709418
"realism",1,"reveal_25","gibbs_cmi","realism-001-reveal_25-gibbs_cmi","latent_mean",0.95,1104,571.494033427639,1042,0.943840579710145,0.517657638974311
"realism",1,"reveal_25","gibbs_cmi","realism-001-reveal_25-gibbs_cmi","interaction",0.95,1104,180.652561512998,898,0.813405797101449,0.163634566587861
"realism",1,"reveal_25","gibbs_cmi","realism-001-reveal_25-gibbs_cmi","response_holdout",0.95,756,762.023874090719,718,0.94973544973545,1.00796808742159
"realism",1,"reveal_25","gibbs_cmi","realism-001-reveal_25-gibbs_cmi","viability_holdout",0.95,756,158.167882447528,718,0.94973544973545,0.209216775724243
"gamma",2,"reveal_25","gibbs_cmi","gamma-002-reveal_25-gibbs_cmi","latent_mean",0.5,1104,254.95728347919,589,0.533514492753623,0.230939568368831
"gamma",2,"reveal_25","gibbs_cmi","gamma-002-reveal_25-gibbs_cmi","interaction",0.5,1104,150.364996344194,609,0.551630434782609,0.136200177848001
"gamma",2,"reveal_25","gibbs_cmi","gamma-002-reveal_25-gibbs_cmi","response_holdout",0.5,756,283.251872583311,395,0.522486772486772,0.374671789131363
"gamma",2,"reveal_25","gibbs_cmi","gamma-002-reveal_25-gibbs_cmi","viability_holdout",0.5,756,42.8373901969815,395,0.522486772486772,0.0566632145462718
"gamma",2,"reveal_25","gibbs_cmi","gamma-002-reveal_25-gibbs_cmi","latent_mean",0.8,1104,490.517462995373,918,0.831521739130435,0.444309296191461
"gamma",2,"reveal_25","gibbs_cmi","gamma-002-reveal_25-gibbs_cmi","interaction",0.8,1104,303.240845815055,959,0.868659420289855,0.274674679180303
"gamma",2,"reveal_25","gibbs_cmi","gamma-002-reveal_25-gibbs_cmi","response_holdout",0.8,756,540.543782558585,622,0.822751322751323,0.715005003384371
"gamma",2,"reveal_25","gibbs_cmi","gamma-002-reveal_25-gibbs_cmi","viability_holdout",0.8,756,81.7322943666937,622,0.822751322751323,0.108111500485045
"gamma",2,"reveal_25","gibbs_cmi","gamma-002-reveal_25-gibbs_cmi","latent_mean",0.95,1104,768.023513314277,1069,0.968297101449275,0.695673472204961
"gamma",2,"reveal_25","gibbs_cmi","gamma-002-reveal_25-gibbs_cmi","interaction",0.95,1104,511.616366234621,1080,0.978260869565217,0.463420621589331
"gamma",2,"reveal_25","gibbs_cmi","gamma-002-reveal_25-gibbs_cmi","response_holdout",0.95,756,833.750306913634,733,0.96957671957672,1.10284432131433
"gamma",2,"reveal_25","gibbs_cmi","gamma-002-reveal_25-gibbs_cmi","viability_holdout",0.95,756,126.016018469457,733,0.96957671957672,0.166687855118329
"multiplicative_gamma",2,"reveal_25","gibbs_cmi","multiplicative_gamma-002-reveal_25-gibbs_cmi","latent_mean",0.5,1104,301.018194692591,556,0.503623188405797,0.272661408236042
"multiplicative_gamma",2,"reveal_25","gibbs_cmi","multiplicative_gamma-002-reveal_25-gibbs_cmi","interaction",0.5,1104,130.782930822176,648,0.58695652173913,0.118462799657768
"multiplicative_gamma",2,"reveal_25","gibbs_cmi","multiplicative_gamma-002-reveal_25-gibbs_cmi","response_holdout",0.5,756,351.157662177247,364,0.481481481481481,0.464494262139216
"multiplicative_gamma",2,"reveal_25","gibbs_cmi","multiplicative_gamma-002-reveal_25-gibbs_cmi","viability_holdout",0.5,756,51.3212533799176,364,0.481481481481481,0.0678852557935418
"multiplicative_gamma",2,"reveal_25","gibbs_cmi","multiplicative_gamma-002-reveal_25-gibbs_cmi","latent_mean",0.8,1104,581.173129178838,918,0.831521739130435,0.526424935850397
"multiplicative_gamma",2,"reveal_25","gibbs_cmi","multiplicative_gamma-002-reveal_25-gibbs_cmi","interaction",0.8,1104,295.919868017641,918,0.831521739130435,0.268043358711631
"multiplicative_gamma",2,"reveal_25","gibbs_cmi","multiplicative_gamma-002-reveal_25-gibbs_cmi","response_holdout",0.8,756,671.046252431374,609,0.805555555555556,0.887627318030918
"multiplicative_gamma",2,"reveal_25","gibbs_cmi","multiplicative_gamma-002-reveal_25-gibbs_cmi","viability_holdout",0.8,756,97.8992286361014,609,0.805555555555556,0.129496334174737
"multiplicative_gamma",2,"reveal_25","gibbs_cmi","multiplicative_gamma-002-reveal_25-gibbs_cmi","latent_mean",0.95,1104,916.577463075809,1061,0.961050724637681,0.830233209307798
"multiplicative_gamma",2,"reveal_25","gibbs_cmi","multiplicative_gamma-002-reveal_25-gibbs_cmi","interaction",0.95,1104,552.161247531145,1055,0.955615942028985,0.500146057546327
"multiplicative_gamma",2,"reveal_25","gibbs_cmi","multiplicative_gamma-002-reveal_25-gibbs_cmi","response_holdout",0.95,756,1036.51338780887,719,0.951058201058201,1.37104945477364
"multiplicative_gamma",2,"reveal_25","gibbs_cmi","multiplicative_gamma-002-reveal_25-gibbs_cmi","viability_holdout",0.95,756,150.779900920283,719,0.951058201058201,0.199444313386617
"horseshoe",2,"reveal_25","gibbs_cmi","horseshoe-002-reveal_25-gibbs_cmi","latent_mean",0.5,1104,168853.492813222,706,0.639492753623188,152.947004359802
"horseshoe",2,"reveal_25","gibbs_cmi","horseshoe-002-reveal_25-gibbs_cmi","interaction",0.5,1104,165524.551822346,707,0.640398550724638,149.931659259371
"horseshoe",2,"reveal_25","gibbs_cmi","horseshoe-002-reveal_25-gibbs_cmi","response_holdout",0.5,756,168023.809568221,529,0.69973544973545,222.25371636008
"horseshoe",2,"reveal_25","gibbs_cmi","horseshoe-002-reveal_25-gibbs_cmi","viability_holdout",0.5,756,178.111646414536,622,0.822751322751323,0.235597415892244
"horseshoe",2,"reveal_25","gibbs_cmi","horseshoe-002-reveal_25-gibbs_cmi","latent_mean",0.8,1104,471517.990510673,990,0.896739130434783,427.099629085754
"horseshoe",2,"reveal_25","gibbs_cmi","horseshoe-002-reveal_25-gibbs_cmi","interaction",0.8,1104,465997.403609061,947,0.857789855072464,422.099097471975
"horseshoe",2,"reveal_25","gibbs_cmi","horseshoe-002-reveal_25-gibbs_cmi","response_holdout",0.8,756,468891.851346212,701,0.927248677248677,620.227316595518
"horseshoe",2,"reveal_25","gibbs_cmi","horseshoe-002-reveal_25-gibbs_cmi","viability_holdout",0.8,756,278.682535410204,727,0.961640211640212,0.36862769234154
"horseshoe",2,"reveal_25","gibbs_cmi","horseshoe-002-reveal_25-gibbs_cmi","latent_mean",0.95,1104,600012.016529217,1072,0.971014492753623,543.4891454069
"horseshoe",2,"reveal_25","gibbs_cmi","horseshoe-002-reveal_25-gibbs_cmi","interaction",0.95,1104,590812.592586621,1033,0.935688405797101,535.156333864693
"horseshoe",2,"reveal_25","gibbs_cmi","horseshoe-002-reveal_25-gibbs_cmi","response_holdout",0.95,756,597128.27977039,749,0.990740740740741,789.852221918506
"horseshoe",2,"reveal_25","gibbs_cmi","horseshoe-002-reveal_25-gibbs_cmi","viability_holdout",0.95,756,356.351407300651,753,0.996031746031746,0.471364295371231
"realism",2,"reveal_25","gibbs_cmi","realism-002-reveal_25-gibbs_cmi","latent_mean",0.5,1104,195.979764889498,572,0.518115942028985,0.177517902979618
"realism",2,"reveal_25","gibbs_cmi","realism-002-reveal_25-gibbs_cmi","interaction",0.5,1104,26.4013152496041,467,0.423007246376812,0.0239142348275399
"realism",2,"reveal_25","gibbs_cmi","realism-002-reveal_25-gibbs_cmi","response_holdout",0.5,756,254.088536640613,373,0.493386243386243,0.336095947937319
"realism",2,"reveal_25","gibbs_cmi","realism-002-reveal_25-gibbs_cmi","viability_holdout",0.5,756,52.3118537449758,373,0.493386243386243,0.0691955737367405
"realism",2,"reveal_25","gibbs_cmi","realism-002-reveal_25-gibbs_cmi","latent_mean",0.8,1104,380.74210689161,900,0.815217391304348,0.344875096822111
"realism",2,"reveal_25","gibbs_cmi","realism-002-reveal_25-gibbs_cmi","interaction",0.8,1104,101.918348323429,780,0.706521739130435,0.0923173444958597
"realism",2,"reveal_25","gibbs_cmi","realism-002-reveal_25-gibbs_cmi","response_holdout",0.8,756,487.501310330062,592,0.783068783068783,0.644843003082093
"realism",2,"reveal_25","gibbs_cmi","realism-002-reveal_25-gibbs_cmi","viability_holdout",0.8,756,100.033481180615,592,0.783068783068783,0.132319419551077
"realism",2,"reveal_25","gibbs_cmi","realism-002-reveal_25-gibbs_cmi","latent_mean",0.95,1104,622.690834252973,1046,0.947463768115942,0.564031552765374
"realism",2,"reveal_25","gibbs_cmi","realism-002-reveal_25-gibbs_cmi","interaction",0.95,1104,304.054874763037,1038,0.940217391304348,0.275412024241881
"realism",2,"reveal_25","gibbs_cmi","realism-002-reveal_25-gibbs_cmi","response_holdout",0.95,756,764.374249536316,720,0.952380952380952,1.01107704965121
"realism",2,"reveal_25","gibbs_cmi","realism-002-reveal_25-gibbs_cmi","viability_holdout",0.95,756,155.701838463081,720,0.952380952380952,0.205954812781853
"gamma",1,"reveal_75","gibbs_cmi","gamma-001-reveal_75-gibbs_cmi","latent_mean",0.5,1104,126.392551074537,545,0.493659420289855,0.114486006408095
"gamma",1,"reveal_75","gibbs_cmi","gamma-001-reveal_75-gibbs_cmi","interaction",0.5,1104,77.5591133774038,620,0.561594202898551,0.0702528200882281
"gamma",1,"reveal_75","gibbs_cmi","gamma-001-reveal_75-gibbs_cmi","response_holdout",0.5,252,73.8770652395645,142,0.563492063492063,0.293162957299859
"gamma",1,"reveal_75","gibbs_cmi","gamma-001-reveal_75-gibbs_cmi","viability_holdout",0.5,252,11.3659224399982,142,0.563492063492063,0.0451028668253897
"gamma",1,"reveal_75","gibbs_cmi","gamma-001-reveal_75-gibbs_cmi","latent_mean",0.8,1104,241.879843208343,881,0.798007246376812,0.219094060877122
"gamma",1,"reveal_75","gibbs_cmi","gamma-001-reveal_75-gibbs_cmi","interaction",0.8,1104,154.318913496174,919,0.832427536231884,0.139781624543636
"gamma",1,"reveal_75","gibbs_cmi","gamma-001-reveal_75-gibbs_cmi","response_holdout",0.8,252,140.277213582349,212,0.841269841269841,0.556655609453764
"gamma",1,"reveal_75","gibbs_cmi","gamma-001-reveal_75-gibbs_cmi","viability_holdout",0.8,252,21.566348025534,212,0.841269841269841,0.0855807461330715
"gamma",1,"reveal_75","gibbs_cmi","gamma-001-reveal_75-gibbs_cmi","latent_mean",0.95,1104,374.381989929726,1055,0.955615942028985,0.339114121313158
"gamma",1,"reveal_75","gibbs_cmi","gamma-001-reveal_75-gibbs_cmi","interaction",0.95,1104,253.939324507352,1062,0.96195652173913,0.230017504082746
"gamma",1,"reveal_75","gibbs_cmi","gamma-001-reveal_75-gibbs_cmi","response_holdout",0.95,252,214.965724625231,244,0.968253968253968,0.853038589782663
"gamma",1,"reveal_75","gibbs_cmi","gamma-001-reveal_75-gibbs_cmi","viability_holdout",0.95,252,33.0146026647842,244,0.968253968253968,0.131010328034858
"multiplicative_gamma",1,"reveal_75","gibbs_cmi","multiplicative_gamma-001-reveal_75-gibbs_cmi","latent_mean",0.5,1104,130.546530348151,505,0.457427536231884,0.118248668793615
"multiplicative_gamma",1,"reveal_75","gibbs_cmi","multiplicative_gamma-001-reveal_75-gibbs_cmi","interaction",0.5,1104,89.4487960936399,504,0.456521739130435,0.0810224602297463
"multiplicative_gamma",1,"reveal_75","gibbs_cmi","multiplicative_gamma-001-reveal_75-gibbs_cmi","response_holdout",0.5,252,71.9225589766183,129,0.511904761904762,0.285406980065946
"multiplicative_gamma",1,"reveal_75","gibbs_cmi","multiplicative_gamma-001-reveal_75-gibbs_cmi","viability_holdout",0.5,252,12.9351010787662,129,0.511904761904762,0.0513297661855802
"multiplicative_gamma",1,"reveal_75","gibbs_cmi","multiplicative_gamma-001-reveal_75-gibbs_cmi","latent_mean",0.8,1104,249.217074185433,845,0.765398550724638,0.225740103428834
"multiplicative_gamma",1,"reveal_75","gibbs_cmi","multiplicative_gamma-001-reveal_75-gibbs_cmi","interaction",0.8,1104,175.17591518944,834,0.755434782608696,0.158673836222319
"multiplicative_gamma",1,"reveal_75","gibbs_cmi","multiplicative_gamma-001-reveal_75-gibbs_cmi","response_holdout",0.8,252,137.023776641739,196,0.777777777777778,0.543745145403728
"multiplicative_gamma",1,"reveal_75","gibbs_cmi","multiplicative_gamma-001-reveal_75-gibbs_cmi","viability_holdout",0.8,252,24.6188526370723,196,0.777777777777778,0.0976938596709219
"multiplicative_gamma",1,"reveal_75","gibbs_cmi","multiplicative_gamma-001-reveal_75-gibbs_cmi","latent_mean",0.95,1104,385.417844025754,1025,0.928442028985507,0.349110365965357
"multiplicative_gamma",1,"reveal_75","gibbs_cmi","multiplicative_gamma-001-reveal_75-gibbs_cmi","interaction",0.95,1104,282.288304936407,1031,0.933876811594203,0.255695928384427
"multiplicative_gamma",1,"reveal_75","gibbs_cmi","multiplicative_gamma-001-reveal_75-gibbs_cmi","response_holdout",0.95,252,209.859866159013,242,0.96031746031746,0.83277724666275
"multiplicative_gamma",1,"reveal_75","gibbs_cmi","multiplicative_gamma-001-reveal_75-gibbs_cmi","viability_holdout",0.95,252,37.5946595776318,242,0.96031746031746,0.149185157054094
"horseshoe",1,"reveal_75","gibbs_cmi","horseshoe-001-reveal_75-gibbs_cmi","latent_mean",0.5,1104,2918.00613631398,706,0.639492753623188,2.64312150028441
"horseshoe",1,"reveal_75","gibbs_cmi","horseshoe-001-reveal_75-gibbs_cmi","interaction",0.5,1104,2207.41828608477,745,0.67481884057971,1.99947308522171
"horseshoe",1,"reveal_75","gibbs_cmi","horseshoe-001-reveal_75-gibbs_cmi","response_holdout",0.5,252,1793.20631936668,222,0.880952380952381,7.11589809272491
"horseshoe",1,"reveal_75","gibbs_cmi","horseshoe-001-reveal_75-gibbs_cmi","viability_holdout",0.5,252,13.0551818599169,232,0.920634920634921,0.0518062772218923
"horseshoe",1,"reveal_75","gibbs_cmi","horseshoe-001-reveal_75-gibbs_cmi","latent_mean",0.8,1104,7223.37174713126,938,0.84963768115942,6.54290919124208
"horseshoe",1,"reveal_75","gibbs_cmi","horseshoe-001-reveal_75-gibbs_cmi","interaction",0.8,1104,6153.27953503778,919,0.832427536231884,5.57362276724437
"horseshoe",1,"reveal_75","gibbs_cmi","horseshoe-001-reveal_75-gibbs_cmi","response_holdout",0.8,252,4219.02665913294,241,0.956349206349206,16.7421692822736
"horseshoe",1,"reveal_75","gibbs_cmi","horseshoe-001-reveal_75-gibbs_cmi","viability_holdout",0.8,252,29.6486042305063,247,0.98015873015873,0.117653191390898
"horseshoe",1,"reveal_75","gibbs_cmi","horseshoe-001-reveal_75-gibbs_cmi","latent_mean",0.95,1104,11801.1530850875,1034,0.936594202898551,10.6894502582315
"horseshoe",1,"reveal_75","gibbs_cmi","horseshoe-001-reveal_75-gibbs_cmi","interaction",0.95,1104,10120.8343688468,1017,0.921195652173913,9.16742243554966
"horseshoe",1,"reveal_75","gibbs_cmi","horseshoe-001-reveal_75-gibbs_cmi","response_holdout",0.95,252,6973.33362303682,248,0.984126984126984,27.6719588215747
"horseshoe",1,"reveal_75","gibbs_cmi","horseshoe-001-reveal_75-gibbs_cmi","viability_holdout",0.95,252,50.2282009633182,250,0.992063492063492,0.199318257790945
"realism",1,"reveal_75","gibbs_cmi","realism-001-reveal_75-gibbs_cmi","latent_mean",0.5,1104,113.412710553103,544,0.492753623188406,0.102728904486506
"realism",1,"reveal_75","gibbs_cmi","realism-001-reveal_75-gibbs_cmi","interaction",0.5,1104,42.5967660214221,321,0.290760869565217,0.0385840271933171
"realism",1,"reveal_75","gibbs_cmi","realism-001-reveal_75-gibbs_cmi","response_holdout",0.5,252,75.4915365688024,128,0.507936507936508,0.29956958955874
"realism",1,"reveal_75","gibbs_cmi","realism-001-reveal_75-gibbs_cmi","viability_holdout",0.5,252,15.8574161957483,128,0.507936507936508,0.0629262547450327
"realism",1,"reveal_75","gibbs_cmi","realism-001-reveal_75-gibbs_cmi","latent_mean",0.8,1104,217.909423831105,893,0.808876811594203,0.197381724484696
"realism",1,"reveal_75","gibbs_cmi","realism-001-reveal_75-gibbs_cmi","interaction",0.8,1104,96.2010643953323,621,0.5625,0.0871386452856271
"realism",1,"reveal_75","gibbs_cmi","realism-001-reveal_75-gibbs_cmi","response_holdout",0.8,252,143.45386006531,209,0.829365079365079,0.569261349465517
"realism",1,"reveal_75","gibbs_cmi","realism-001-reveal_75-gibbs_cmi","viability_holdout",0.8,252,30.0329304759667,209,0.829365079365079,0.11917829553955
"realism",1,"reveal_75","gibbs_cmi","realism-001-reveal_75-gibbs_cmi","latent_mean",0.95,1104,342.161781069113,1059,0.959239130434783,0.309929149519124
"realism",1,"reveal_75","gibbs_cmi","realism-001-reveal_75-gibbs_cmi","interaction",0.95,1104,190.104571002336,945,0.855978260869565,0.172196169386174
"realism",1,"reveal_75","gibbs_cmi","realism-001-reveal_75-gibbs_cmi","response_holdout",0.95,252,220.397379857393,241,0.956349206349206,0.874592777211878
"realism",1,"reveal_75","gibbs_cmi","realism-001-reveal_75-gibbs_cmi","viability_holdout",0.95,252,45.8265949680217,241,0.956349206349206,0.18185156733342
"gamma",2,"reveal_75","gibbs_cmi","gamma-002-reveal_75-gibbs_cmi","latent_mean",0.5,1104,151.654017499837,559,0.506340579710145,0.13736776947449
"gamma",2,"reveal_75","gibbs_cmi","gamma-002-reveal_75-gibbs_cmi","interaction",0.5,1104,110.794373748,602,0.545289855072464,0.100357222597826
"gamma",2,"reveal_75","gibbs_cmi","gamma-002-reveal_75-gibbs_cmi","response_holdout",0.5,252,79.5550103987581,129,0.511904761904762,0.315694485709358
"gamma",2,"reveal_75","gibbs_cmi","gamma-002-reveal_75-gibbs_cmi","viability_holdout",0.5,252,11.8133113821747,129,0.511904761904762,0.0468782197705344
"gamma",2,"reveal_75","gibbs_cmi","gamma-002-reveal_75-gibbs_cmi","latent_mean",0.8,1104,297.114721073479,901,0.816123188405797,0.269125653146267
"gamma",2,"reveal_75","gibbs_cmi","gamma-002-reveal_75-gibbs_cmi","interaction",0.8,1104,221.837217622915,887,0.803442028985507,0.200939508716408
"gamma",2,"reveal_75","gibbs_cmi","gamma-002-reveal_75-gibbs_cmi","response_holdout",0.8,252,152.290036157069,208,0.825396825396825,0.604325540305829
"gamma",2,"reveal_75","gibbs_cmi","gamma-002-reveal_75-gibbs_cmi","viability_holdout",0.8,252,22.6041512200854,208,0.825396825396825,0.0896990127781166
"gamma",2,"reveal_75","gibbs_cmi","gamma-002-reveal_75-gibbs_cmi","latent_mean",0.95,1104,459.183917097889,1068,0.967391304347826,0.415927461139392
"gamma",2,"reveal_75","gibbs_cmi","gamma-002-reveal_75-gibbs_cmi","interaction",0.95,1104,346.408575262705,1054,0.954710144927536,0.313775883390131
"gamma",2,"reveal_75","gibbs_cmi","gamma-002-reveal_75-gibbs_cmi","response_holdout",0.95,252,236.50912441029,247,0.98015873015873,0.938528271469406
"gamma",2,"reveal_75","gibbs_cmi","gamma-002-reveal_75-gibbs_cmi","viability_holdout",0.95,252,35.083807374768,247,0.98015873015873,0.139221457836381
"multiplicative_gamma",2,"reveal_75","gibbs_cmi","multiplicative_gamma-002-reveal_75-gibbs_cmi","latent_mean",0.5,1104,181.245333066656,612,0.554347826086957,0.164171497342986
"multiplicative_gamma",2,"reveal_75","gibbs_cmi","multiplicative_gamma-002-reveal_75-gibbs_cmi","interaction",0.5,1104,109.178732003306,645,0.584239130434783,0.0988937789885022
"multiplicative_gamma",2,"reveal_75","gibbs_cmi","multiplicative_gamma-002-reveal_75-gibbs_cmi","response_holdout",0.5,252,103.349409763693,136,0.53968253968254,0.410116705411482
"multiplicative_gamma",2,"reveal_75","gibbs_cmi","multiplicative_gamma-002-reveal_75-gibbs_cmi","viability_holdout",0.5,252,14.1478118752331,136,0.53968253968254,0.0561421106160043
"multiplicative_gamma",2,"reveal_75","gibbs_cmi","multiplicative_gamma-002-reveal_75-gibbs_cmi","latent_mean",0.8,1104,347.274638377553,909,0.823369565217391,0.314560360849233
"multiplicative_gamma",2,"reveal_75","gibbs_cmi","multiplicative_gamma-002-reveal_75-gibbs_cmi","interaction",0.8,1104,222.462399480531,920,0.833333333333333,0.201505796630916
"multiplicative_gamma",2,"reveal_75","gibbs_cmi","multiplicative_gamma-002-reveal_75-gibbs_cmi","response_holdout",0.8,252,196.76279722742,204,0.80952380952381,0.78080475090246
"multiplicative_gamma",2,"reveal_75","gibbs_cmi","multiplicative_gamma-002-reveal_75-gibbs_cmi","viability_holdout",0.8,252,26.8923093271886,204,0.80952380952381,0.106715513203129
"multiplicative_gamma",2,"reveal_75","gibbs_cmi","multiplicative_gamma-002-reveal_75-gibbs_cmi","latent_mean",0.95,1104,540.178800644313,1070,0.969202898550725,0.489292391887964
"multiplicative_gamma",2,"reveal_75","gibbs_cmi","multiplicative_gamma-002-reveal_75-gibbs_cmi","interaction",0.95,1104,375.057012658567,1059,0.959239130434783,0.339725554944354
"multiplicative_gamma",2,"reveal_75","gibbs_cmi","multiplicative_gamma-002-reveal_75-gibbs_cmi","response_holdout",0.95,252,301.814203568767,240,0.952380952380952,1.19767541098717
"multiplicative_gamma",2,"reveal_75","gibbs_cmi","multiplicative_gamma-002-reveal_75-gibbs_cmi","viability_holdout",0.95,252,41.1849323676215,240,0.952380952380952,0.163432271300085
"horseshoe",2,"reveal_75","gibbs_cmi","horseshoe-002-reveal_75-gibbs_cmi","latent_mean",0.5,1104,62333.7417953394,777,0.703804347826087,56.461722640706
"horseshoe",2,"reveal_75","gibbs_cmi","horseshoe-002-reveal_75-gibbs_cmi","interaction",0.5,1104,59791.1969394859,692,0.626811594202899,54.1586928799691
"horseshoe",2,"reveal_75","gibbs_cmi","horseshoe-002-reveal_75-gibbs_cmi","response_holdout",0.5,252,40203.3833032812,216,0.857142857142857,159.537235330481
"horseshoe",2,"reveal_75","gibbs_cmi","horseshoe-002-reveal_75-gibbs_cmi","viability_holdout",0.5,252,58.2132351936943,229,0.908730158730159,0.231004901562279
"horseshoe",2,"reveal_75","gibbs_cmi","horseshoe-002-reveal_75-gibbs_cmi","latent_mean",0.8,1104,413958.246490999,1041,0.942934782608696,374.962179792572
"horseshoe",2,"reveal_75","gibbs_cmi","horseshoe-002-reveal_75-gibbs_cmi","interaction",0.8,1104,438995.332189944,976,0.884057971014493,397.640699447413
"horseshoe",2,"reveal_75","gibbs_cmi","horseshoe-002-reveal_75-gibbs_cmi","response_holdout",0.8,252,310536.831288843,251,0.996031746031746,1232.28901305097
"horseshoe",2,"reveal_75","gibbs_cmi","horseshoe-002-reveal_75-gibbs_cmi","viability_holdout",0.8,252,135.118256345974,252,1,0.536183556928468
"horseshoe",2,"reveal_75","gibbs_cmi","horseshoe-002-reveal_75-gibbs_cmi","latent_mean",0.95,1104,802798.889151912,1094,0.990942028985507,727.1729068405
"horseshoe",2,"reveal_75","gibbs_cmi","horseshoe-002-reveal_75-gibbs_cmi","interaction",0.95,1104,798889.801677928,1076,0.97463768115942,723.632066737254
"horseshoe",2,"reveal_75","gibbs_cmi","horseshoe-002-reveal_75-gibbs_cmi","response_holdout",0.95,252,656929.628445455,252,1,2606.86360494228
"horseshoe",2,"reveal_75","gibbs_cmi","horseshoe-002-reveal_75-gibbs_cmi","viability_holdout",0.95,252,191.499983082974,252,1,0.75992056778958
"realism",2,"reveal_75","gibbs_cmi","realism-002-reveal_75-gibbs_cmi","latent_mean",0.5,1104,110.574489719029,549,0.497282608695652,0.100158052281729
"realism",2,"reveal_75","gibbs_cmi","realism-002-reveal_75-gibbs_cmi","interaction",0.5,1104,36.446377072491,447,0.404891304347826,0.0330130227105897
"realism",2,"reveal_75","gibbs_cmi","realism-002-reveal_75-gibbs_cmi","response_holdout",0.5,252,75.4420998345221,132,0.523809523809524,0.299373412041754
"realism",2,"reveal_75","gibbs_cmi","realism-002-reveal_75-gibbs_cmi","viability_holdout",0.5,252,15.3663255647322,132,0.523809523809524,0.0609774823997309
"realism",2,"reveal_75","gibbs_cmi","realism-002-reveal_75-gibbs_cmi","latent_mean",0.8,1104,212.326424917056,886,0.802536231884058,0.192324660250956
"realism",2,"reveal_75","gibbs_cmi","realism-002-reveal_75-gibbs_cmi","interaction",0.8,1104,83.017230721482,785,0.711050724637681,0.0751967669578641
"realism",2,"reveal_75","gibbs_cmi","realism-002-reveal_75-gibbs_cmi","response_holdout",0.8,252,143.663128015722,196,0.777777777777778,0.570091777840168
"realism",2,"reveal_75","gibbs_cmi","realism-002-reveal_75-gibbs_cmi","viability_holdout",0.8,252,29.1827265326016,196,0.777777777777778,0.115804470367466
"realism",2,"reveal_75","gibbs_cmi","realism-002-reveal_75-gibbs_cmi","latent_mean",0.95,1104,334.038776197734,1058,0.958333333333333,0.302571355251571
"realism",2,"reveal_75","gibbs_cmi","realism-002-reveal_75-gibbs_cmi","interaction",0.95,1104,173.937731202072,1011,0.915760869565217,0.1575522927555
"realism",2,"reveal_75","gibbs_cmi","realism-002-reveal_75-gibbs_cmi","response_holdout",0.95,252,220.5431015123,243,0.964285714285714,0.875171037747221
"realism",2,"reveal_75","gibbs_cmi","realism-002-reveal_75-gibbs_cmi","viability_holdout",0.95,252,44.5267672504391,243,0.964285714285714,0.176693520835076
"gamma",1,"reveal_25","gibbs_icm","gamma-001-reveal_25-gibbs_icm","latent_mean",0.5,1104,251.470675805661,612,0.554347826086957,0.227781409244259
"gamma",1,"reveal_25","gibbs_icm","gamma-001-reveal_25-gibbs_icm","interaction",0.5,1104,144.531807556871,734,0.664855072463768,0.130916492352239
"gamma",1,"reveal_25","gibbs_icm","gamma-001-reveal_25-gibbs_icm","response_holdout",0.5,756,282.527371534964,425,0.562169312169312,0.373713454411328
"gamma",1,"reveal_25","gibbs_icm","gamma-001-reveal_25-gibbs_icm","viability_holdout",0.5,756,42.1293425346568,425,0.562169312169312,0.0557266435643608
"gamma",1,"reveal_25","gibbs_icm","gamma-001-reveal_25-gibbs_icm","latent_mean",0.8,1104,485.648789440745,956,0.865942028985507,0.439899265797776
"gamma",1,"reveal_25","gibbs_icm","gamma-001-reveal_25-gibbs_icm","interaction",0.8,1104,299.314610842146,1011,0.915760869565217,0.271118306922234
"gamma",1,"reveal_25","gibbs_icm","gamma-001-reveal_25-gibbs_icm","response_holdout",0.8,756,539.38522477446,634,0.838624338624339,0.713472519542936
"gamma",1,"reveal_25","gibbs_icm","gamma-001-reveal_25-gibbs_icm","viability_holdout",0.8,756,80.3900058927626,634,0.838624338624339,0.106335986630638
"gamma",1,"reveal_25","gibbs_icm","gamma-001-reveal_25-gibbs_icm","latent_mean",0.95,1104,757.67886388583,1085,0.982789855072464,0.686303318737164
"gamma",1,"reveal_25","gibbs_icm","gamma-001-reveal_25-gibbs_icm","interaction",0.95,1104,507.064293381043,1087,0.984601449275362,0.459297367192974
"gamma",1,"reveal_25","gibbs_icm","gamma-001-reveal_25-gibbs_icm","response_holdout",0.95,756,832.766101906881,731,0.966931216931217,1.10154246283979
"gamma",1,"reveal_25","gibbs_icm","gamma-001-reveal_25-gibbs_icm","viability_holdout",0.95,756,123.991644019238,731,0.966931216931217,0.164010111136558
"multiplicative_gamma",1,"reveal_25","gibbs_icm","multiplicative_gamma-001-reveal_25-gibbs_icm","latent_mean",0.5,1104,225.122145907093,460,0.416666666666667,0.203914987234686
"multiplicative_gamma",1,"reveal_25","gibbs_icm","multiplicative_gamma-001-reveal_25-gibbs_icm","interaction",0.5,1104,121.931490136959,438,0.396739130434783,0.110445190341449
"multiplicative_gamma",1,"reveal_25","gibbs_icm","multiplicative_gamma-001-reveal_25-gibbs_icm","response_holdout",0.5,756,259.939891315237,328,0.433862433862434,0.343835835073064
"multiplicative_gamma",1,"reveal_25","gibbs_icm","multiplicative_gamma-001-reveal_25-gibbs_icm","viability_holdout",0.5,756,46.4464393910851,328,0.433862433862434,0.061437089141647
"multiplicative_gamma",1,"reveal_25","gibbs_icm","multiplicative_gamma-001-reveal_25-gibbs_icm","latent_mean",0.8,1104,433.234995458643,781,0.707427536231884,0.392423003132828
"multiplicative_gamma",1,"reveal_25","gibbs_icm","multiplicative_gamma-001-reveal_25-gibbs_icm","interaction",0.8,1104,248.155218842023,755,0.683876811594203,0.224778277936615
"multiplicative_gamma",1,"reveal_25","gibbs_icm","multiplicative_gamma-001-reveal_25-gibbs_icm","response_holdout",0.8,756,496.459841647593,546,0.722222222222222,0.656692912232266
"multiplicative_gamma",1,"reveal_25","gibbs_icm","multiplicative_gamma-001-reveal_25-gibbs_icm","viability_holdout",0.8,756,88.4183530512771,546,0.722222222222222,0.11695549345407
"multiplicative_gamma",1,"reveal_25","gibbs_icm","multiplicative_gamma-001-reveal_25-gibbs_icm","latent_mean",0.95,1104,678.162640088997,986,0.893115942028985,0.614277753703802
"multiplicative_gamma",1,"reveal_25","gibbs_icm","multiplicative_gamma-001-reveal_25-gibbs_icm","interaction",0.95,1104,423.658639114001,969,0.877717391304348,0.383748767313407
"multiplicative_gamma",1,"reveal_25","gibbs_icm","multiplicative_gamma-001-reveal_25-gibbs_icm","response_holdout",0.95,756,766.98046772968,693,0.916666666666667,1.01452442821386
"multiplicative_gamma",1,"reveal_25","gibbs_icm","multiplicative_gamma-001-reveal_25-gibbs_icm","viability_holdout",0.95,756,135.835938189259,693,0.916666666666667,0.17967716691701
"horseshoe",1,"reveal_25","gibbs_icm","horseshoe-001-reveal_25-gibbs_icm","latent_mean",0.5,1104,220458.203055635,844,0.764492753623188,199.69040131851
"horseshoe",1,"reveal_25","gibbs_icm","horseshoe-001-reveal_25-gibbs_icm","interaction",0.5,1104,219975.957788411,844,0.764492753623188,199.253584953271
"horseshoe",1,"reveal_25","gibbs_icm","horseshoe-001-reveal_25-gibbs_icm","response_holdout",0.5,756,220039.147781343,580,0.767195767195767,291.057073784845
"horseshoe",1,"reveal_25","gibbs_icm","horseshoe-001-reveal_25-gibbs_icm","viability_holdout",0.5,756,298.871350841094,643,0.850529100529101,0.395332474657532
"horseshoe",1,"reveal_25","gibbs_icm","horseshoe-001-reveal_25-gibbs_icm","latent_mean",0.8,1104,622666.062035971,1040,0.942028985507246,564.009114163017
"horseshoe",1,"reveal_25","gibbs_icm","horseshoe-001-reveal_25-gibbs_icm","interaction",0.8,1104,622062.948531242,1040,0.942028985507246,563.462815698589
"horseshoe",1,"reveal_25","gibbs_icm","horseshoe-001-reveal_25-gibbs_icm","response_holdout",0.8,756,620322.193556343,714,0.944444444444444,820.532002058655
"horseshoe",1,"reveal_25","gibbs_icm","horseshoe-001-reveal_25-gibbs_icm","viability_holdout",0.8,756,473.446499407343,737,0.974867724867725,0.626251983343047
"horseshoe",1,"reveal_25","gibbs_icm","horseshoe-001-reveal_25-gibbs_icm","latent_mean",0.95,1104,741949.469145317,1087,0.984601449275362,672.055678573657
"horseshoe",1,"reveal_25","gibbs_icm","horseshoe-001-reveal_25-gibbs_icm","interaction",0.95,1104,740482.12627875,1078,0.976449275362319,670.726563658288
"horseshoe",1,"reveal_25","gibbs_icm","horseshoe-001-reveal_25-gibbs_icm","response_holdout",0.95,756,738547.457256026,745,0.985449735449735,976.914626000034
"horseshoe",1,"reveal_25","gibbs_icm","horseshoe-001-reveal_25-gibbs_icm","viability_holdout",0.95,756,538.540137364375,753,0.996031746031746,0.712354679053406
"realism",1,"reveal_25","gibbs_icm","realism-001-reveal_25-gibbs_icm","latent_mean",0.5,1104,192.454642271646,532,0.481884057971014,0.174324857130114
"realism",1,"reveal_25","gibbs_icm","realism-001-reveal_25-gibbs_icm","interaction",0.5,1104,13.2355658385141,205,0.185688405797101,0.0119887371725672
"realism",1,"reveal_25","gibbs_icm","realism-001-reveal_25-gibbs_icm","response_holdout",0.5,756,260.709822321874,374,0.494708994708995,0.344854262330521
"realism",1,"reveal_25","gibbs_icm","realism-001-reveal_25-gibbs_icm","viability_holdout",0.5,756,54.7010657602117,374,0.494708994708995,0.0723559070902271
"realism",1,"reveal_25","gibbs_icm","realism-001-reveal_25-gibbs_icm","latent_mean",0.8,1104,369.309641254721,885,0.801630434782609,0.334519602585798
"realism",1,"reveal_25","gibbs_icm","realism-001-reveal_25-gibbs_icm","interaction",0.8,1104,57.3900467862526,550,0.498188405797101,0.0519837380310259
"realism",1,"reveal_25","gibbs_icm","realism-001-reveal_25-gibbs_icm","response_holdout",0.8,756,496.649680180794,602,0.796296296296296,0.656944021403166
"realism",1,"reveal_25","gibbs_icm","realism-001-reveal_25-gibbs_icm","viability_holdout",0.8,756,103.770455387568,602,0.796296296296296,0.137262507126412
"realism",1,"reveal_25","gibbs_icm","realism-001-reveal_25-gibbs_icm","latent_mean",0.95,1104,581.1432862941,1051,0.951992753623188,0.526397904251902
"realism",1,"reveal_25","gibbs_icm","realism-001-reveal_25-gibbs_icm","interaction",0.95,1104,201.922196692051,921,0.834239130434783,0.18290054048193
"realism",1,"reveal_25","gibbs_icm","realism-001-reveal_25-gibbs_icm","response_holdout",0.95,756,766.879609254941,718,0.94973544973545,1.01439101753299
"realism",1,"reveal_25","gibbs_icm","realism-001-reveal_25-gibbs_icm","viability_holdout",0.95,756,158.98944811166,718,0.94973544973545,0.210303502793201
"gamma",2,"reveal_25","gibbs_icm","gamma-002-reveal_25-gibbs_icm","latent_mean",0.5,1104,254.676854271404,599,0.542572463768116,0.230685556405257
"gamma",2,"reveal_25","gibbs_icm","gamma-002-reveal_25-gibbs_icm","interaction",0.5,1104,148.020940951317,610,0.552536231884058,0.134076939267497
"gamma",2,"reveal_25","gibbs_icm","gamma-002-reveal_25-gibbs_icm","response_holdout",0.5,756,283.329149020055,401,0.53042328042328,0.374774006640284
"gamma",2,"reveal_25","gibbs_icm","gamma-002-reveal_25-gibbs_icm","viability_holdout",0.5,756,42.8040929398443,401,0.53042328042328,0.0566191705553496
"gamma",2,"reveal_25","gibbs_icm","gamma-002-reveal_25-gibbs_icm","latent_mean",0.8,1104,489.8085322123,922,0.835144927536232,0.443667148743025
"gamma",2,"reveal_25","gibbs_icm","gamma-002-reveal_25-gibbs_icm","interaction",0.8,1104,299.671441144683,969,0.877717391304348,0.271441522775981
"gamma",2,"reveal_25","gibbs_icm","gamma-002-reveal_25-gibbs_icm","response_holdout",0.8,756,541.291532953639,623,0.824074074074074,0.715994091208518
"gamma",2,"reveal_25","gibbs_icm","gamma-002-reveal_25-gibbs_icm","viability_holdout",0.8,756,81.7350925366437,623,0.824074074074074,0.108115201768047
"gamma",2,"reveal_25","gibbs_icm","gamma-002-reveal_25-gibbs_icm","latent_mean",0.95,1104,765.983077747469,1076,0.97463768115942,0.693825251582852
"gamma",2,"reveal_25","gibbs_icm","gamma-002-reveal_25-gibbs_icm","interaction",0.95,1104,505.200731575202,1083,0.980978260869565,0.457609358310871
"gamma",2,"reveal_25","gibbs_icm","gamma-002-reveal_25-gibbs_icm","response_holdout",0.95,756,835.078443856767,734,0.970899470899471,1.10460111621265
"gamma",2,"reveal_25","gibbs_icm","gamma-002-reveal_25-gibbs_icm","viability_holdout",0.95,756,126.086065014201,734,0.970899470899471,0.166780509278044
"multiplicative_gamma",2,"reveal_25","gibbs_icm","multiplicative_gamma-002-reveal_25-gibbs_icm","latent_mean",0.5,1104,299.726753068765,559,0.506340579710145,0.27149162415649
"multiplicative_gamma",2,"reveal_25","gibbs_icm","multiplicative_gamma-002-reveal_25-gibbs_icm","interaction",0.5,1104,129.517498076446,642,0.581521739130435,0.117316574344606
"multiplicative_gamma",2,"reveal_25","gibbs_icm","multiplicative_gamma-002-reveal_25-gibbs_icm","response_holdout",0.5,756,350.587618247672,360,0.476190476190476,0.463740235777345
"multiplicative_gamma",2,"reveal_25","gibbs_icm","multiplicative_gamma-002-reveal_25-gibbs_icm","viability_holdout",0.5,756,51.1591288026127,360,0.476190476190476,0.0676708052944613
"multiplicative_gamma",2,"reveal_25","gibbs_icm","multiplicative_gamma-002-reveal_25-gibbs_icm","latent_mean",0.8,1104,578.218462782229,910,0.824275362318841,0.523748607592598
"multiplicative_gamma",2,"reveal_25","gibbs_icm","multiplicative_gamma-002-reveal_25-gibbs_icm","interaction",0.8,1104,293.428595485651,918,0.831521739130435,0.265786771273234
"multiplicative_gamma",2,"reveal_25","gibbs_icm","multiplicative_gamma-002-reveal_25-gibbs_icm","response_holdout",0.8,756,669.25950617824,604,0.798941798941799,0.885263897061164
"multiplicative_gamma",2,"reveal_25","gibbs_icm","multiplicative_gamma-002-reveal_25-gibbs_icm","viability_holdout",0.8,756,97.4931728815966,604,0.798941798941799,0.128959223388355
"multiplicative_gamma",2,"reveal_25","gibbs_icm","multiplicative_gamma-002-reveal_25-gibbs_icm","latent_mean",0.95,1104,912.962659780795,1063,0.96286231884058,0.826958930960865
"multiplicative_gamma",2,"reveal_25","gibbs_icm","multiplicative_gamma-002-reveal_25-gibbs_icm","interaction",0.95,1104,547.184525518219,1052,0.952898550724638,0.495638157172299
"multiplicative_gamma",2,"reveal_25","gibbs_icm","multiplicative_gamma-002-reveal_25-gibbs_icm","response_holdout",0.95,756,1034.40821419711,720,0.952380952380952,1.36826483359406
"multiplicative_gamma",2,"reveal_25","gibbs_icm","multiplicative_gamma-002-reveal_25-gibbs_icm","viability_holdout",0.95,756,150.085870044523,720,0.952380952380952,0.198526283127676
"horseshoe",2,"reveal_25","gibbs_icm","horseshoe-002-reveal_25-gibbs_icm","latent_mean",0.5,1104,102567.554217068,792,0.717391304347826,92.9053933125619
"horseshoe",2,"reveal_25","gibbs_icm","horseshoe-002-reveal_25-gibbs_icm","interaction",0.5,1104,100843.84150305,765,0.692934782608696,91.3440593324725
"horseshoe",2,"reveal_25","gibbs_icm","horseshoe-002-reveal_25-gibbs_icm","response_holdout",0.5,756,101000.617108772,573,0.757936507936508,133.598699879328
"horseshoe",2,"reveal_25","gibbs_icm","horseshoe-002-reveal_25-gibbs_icm","viability_holdout",0.5,756,127.15210332156,666,0.880952380952381,0.168190612859207
"horseshoe",2,"reveal_25","gibbs_icm","horseshoe-002-reveal_25-gibbs_icm","latent_mean",0.8,1104,767233.568308011,1036,0.938405797101449,694.957942307981
"horseshoe",2,"reveal_25","gibbs_icm","horseshoe-002-reveal_25-gibbs_icm","interaction",0.8,1104,758150.255444171,1001,0.906702898550725,686.730303844358
"horseshoe",2,"reveal_25","gibbs_icm","horseshoe-002-reveal_25-gibbs_icm","response_holdout",0.8,756,760795.099549909,718,0.94973544973545,1006.34272427237
"horseshoe",2,"reveal_25","gibbs_icm","horseshoe-002-reveal_25-gibbs_icm","viability_holdout",0.8,756,455.401311985256,739,0.977513227513228,0.602382687811185
"horseshoe",2,"reveal_25","gibbs_icm","horseshoe-002-reveal_25-gibbs_icm","latent_mean",0.95,1104,1173090.25167778,1090,0.98731884057971,1062.58174970813
"horseshoe",2,"reveal_25","gibbs_icm","horseshoe-002-reveal_25-gibbs_icm","interaction",0.95,1104,1151828.53629996,1081,0.979166666666667,1043.32294954707
"horseshoe",2,"reveal_25","gibbs_icm","horseshoe-002-reveal_25-gibbs_icm","response_holdout",0.95,756,1171593.67243047,753,0.996031746031746,1549.72707993449
"horseshoe",2,"reveal_25","gibbs_icm","horseshoe-002-reveal_25-gibbs_icm","viability_holdout",0.95,756,566.489133377844,754,0.997354497354497,0.749324250499794
"realism",2,"reveal_25","gibbs_icm","realism-002-reveal_25-gibbs_icm","latent_mean",0.5,1104,192.953090150454,555,0.502717391304348,0.174776349773962
"realism",2,"reveal_25","gibbs_icm","realism-002-reveal_25-gibbs_icm","interaction",0.5,1104,28.2473064729742,483,0.4375,0.0255863283269693
"realism",2,"reveal_25","gibbs_icm","realism-002-reveal_25-gibbs_icm","response_holdout",0.5,756,252.164231644045,377,0.498677248677249,0.333550570957731
"realism",2,"reveal_25","gibbs_icm","realism-002-reveal_25-gibbs_icm","viability_holdout",0.5,756,51.9167700331761,377,0.498677248677249,0.0686729762343599
"realism",2,"reveal_25","gibbs_icm","realism-002-reveal_25-gibbs_icm","latent_mean",0.8,1104,375.927796139256,891,0.807065217391304,0.340514308097152
"realism",2,"reveal_25","gibbs_icm","realism-002-reveal_25-gibbs_icm","interaction",0.8,1104,104.305522355243,783,0.709239130434783,0.094479639814532
"realism",2,"reveal_25","gibbs_icm","realism-002-reveal_25-gibbs_icm","response_holdout",0.8,756,483.112007184833,589,0.779100529100529,0.639037046540785
"realism",2,"reveal_25","gibbs_icm","realism-002-reveal_25-gibbs_icm","viability_holdout",0.8,756,99.0919771320432,589,0.779100529100529,0.131074043825454
"realism",2,"reveal_25","gibbs_icm","realism-002-reveal_25-gibbs_icm","latent_mean",0.95,1104,614.491954402252,1047,0.948369565217391,0.55660503116146
"realism",2,"reveal_25","gibbs_icm","realism-002-reveal_25-gibbs_icm","interaction",0.95,1104,302.37642189972,1041,0.942934782608696,0.27389168650337
"realism",2,"reveal_25","gibbs_icm","realism-002-reveal_25-gibbs_icm","response_holdout",0.95,756,757.740859770559,718,0.94973544973545,1.00230272456423
"realism",2,"reveal_25","gibbs_icm","realism-002-reveal_25-gibbs_icm","viability_holdout",0.95,756,154.243636685349,718,0.94973544973545,0.20402597445152
"gamma",1,"reveal_75","gibbs_icm","gamma-001-reveal_75-gibbs_icm","latent_mean",0.5,1104,125.979746252655,559,0.506340579710145,0.11411208899697
"gamma",1,"reveal_75","gibbs_icm","gamma-001-reveal_75-gibbs_icm","interaction",0.5,1104,76.0270959903447,617,0.558876811594203,0.0688651231796601
"gamma",1,"reveal_75","gibbs_icm","gamma-001-reveal_75-gibbs_icm","response_holdout",0.5,252,74.2152352737697,143,0.567460317460317,0.294504901880039
"gamma",1,"reveal_75","gibbs_icm","gamma-001-reveal_75-gibbs_icm","viability_holdout",0.5,252,11.4099499508797,143,0.567460317460317,0.0452775791701573
"gamma",1,"reveal_75","gibbs_icm","gamma-001-reveal_75-gibbs_icm","latent_mean",0.8,1104,241.310501959264,882,0.798913043478261,0.218578353223971
"gamma",1,"reveal_75","gibbs_icm","gamma-001-reveal_75-gibbs_icm","interaction",0.8,1104,151.733078985865,921,0.834239130434783,0.137439383139371
"gamma",1,"reveal_75","gibbs_icm","gamma-001-reveal_75-gibbs_icm","response_holdout",0.8,252,141.120780250194,210,0.833333333333333,0.56000309623093
"gamma",1,"reveal_75","gibbs_icm","gamma-001-reveal_75-gibbs_icm","viability_holdout",0.8,252,21.6698894918288,210,0.833333333333333,0.0859916249675747
"gamma",1,"reveal_75","gibbs_icm","gamma-001-reveal_75-gibbs_icm","latent_mean",0.95,1104,375.015203882307,1052,0.952898550724638,0.339687684676003
"gamma",1,"reveal_75","gibbs_icm","gamma-001-reveal_75-gibbs_icm","interaction",0.95,1104,252.901596595205,1061,0.961050724637681,0.229077533147831
"gamma",1,"reveal_75","gibbs_icm","gamma-001-reveal_75-gibbs_icm","response_holdout",0.95,252,216.105957606873,244,0.968253968253968,0.857563323836798
"gamma",1,"reveal_75","gibbs_icm","gamma-001-reveal_75-gibbs_icm","viability_holdout",0.95,252,33.1469383000796,244,0.968253968253968,0.13153546944476
"multiplicative_gamma",1,"reveal_75","gibbs_icm","multiplicative_gamma-001-reveal_75-gibbs_icm","latent_mean",0.5,1104,129.178464233299,518,0.469202898550725,0.117009478472192
"multiplicative_gamma",1,"reveal_75","gibbs_icm","multiplicative_gamma-001-reveal_75-gibbs_icm","interaction",0.5,1104,87.4818320834204,528,0.478260869565217,0.0792407899306344
"multiplicative_gamma",1,"reveal_75","gibbs_icm","multiplicative_gamma-001-reveal_75-gibbs_icm","response_holdout",0.5,252,71.2654882223424,129,0.511904761904762,0.282799556437867
"multiplicative_gamma",1,"reveal_75","gibbs_icm","multiplicative_gamma-001-reveal_75-gibbs_icm","viability_holdout",0.5,252,12.7993247469546,129,0.511904761904762,0.0507909712180737
"multiplicative_gamma",1,"reveal_75","gibbs_icm","multiplicative_gamma-001-reveal_75-gibbs_icm","latent_mean",0.8,1104,247.03816107675,852,0.771739130434783,0.223766450250679
"multiplicative_gamma",1,"reveal_75","gibbs_icm","multiplicative_gamma-001-reveal_75-gibbs_icm","interaction",0.8,1104,171.615800677026,865,0.783514492753623,0.155449094816147
"multiplicative_gamma",1,"reveal_75","gibbs_icm","multiplicative_gamma-001-reveal_75-gibbs_icm","response_holdout",0.8,252,135.767772721737,197,0.781746031746032,0.538761002864034
"multiplicative_gamma",1,"reveal_75","gibbs_icm","multiplicative_gamma-001-reveal_75-gibbs_icm","viability_holdout",0.8,252,24.3717038247916,197,0.781746031746032,0.0967131104158397
"multiplicative_gamma",1,"reveal_75","gibbs_icm","multiplicative_gamma-001-reveal_75-gibbs_icm","latent_mean",0.95,1104,382.151594286937,1029,0.932065217391304,0.346151806419327
"multiplicative_gamma",1,"reveal_75","gibbs_icm","multiplicative_gamma-001-reveal_75-gibbs_icm","interaction",0.95,1104,277.425352852208,1045,0.946557971014493,0.251291080482072
"multiplicative_gamma",1,"reveal_75","gibbs_icm","multiplicative_gamma-001-reveal_75-gibbs_icm","response_holdout",0.95,252,207.840733733517,244,0.968253968253968,0.824764816402845
"multiplicative_gamma",1,"reveal_75","gibbs_icm","multiplicative_gamma-001-reveal_75-gibbs_icm","viability_holdout",0.95,252,37.222980794917,244,0.968253968253968,0.147710241249671
"horseshoe",1,"reveal_75","gibbs_icm","horseshoe-001-reveal_75-gibbs_icm","latent_mean",0.5,1104,4734.52470238869,870,0.78804347826087,4.28851875216367
"horseshoe",1,"reveal_75","gibbs_icm","horseshoe-001-reveal_75-gibbs_icm","interaction",0.5,1104,4734.93671531905,853,0.772644927536232,4.28889195228175
"horseshoe",1,"reveal_75","gibbs_icm","horseshoe-001-reveal_75-gibbs_icm","response_holdout",0.5,252,2060.67680535313,237,0.94047619047619,8.17728891013146
"horseshoe",1,"reveal_75","gibbs_icm","horseshoe-001-reveal_75-gibbs_icm","viability_holdout",0.5,252,12.5568376650087,243,0.964285714285714,0.0498287208928915
"horseshoe",1,"reveal_75","gibbs_icm","horseshoe-001-reveal_75-gibbs_icm","latent_mean",0.8,1104,19199.532569621,1060,0.960144927536232,17.3908809507436
"horseshoe",1,"reveal_75","gibbs_icm","horseshoe-001-reveal_75-gibbs_icm","interaction",0.8,1104,19097.2304472229,1034,0.936594202898551,17.2982159848034
"horseshoe",1,"reveal_75","gibbs_icm","horseshoe-001-reveal_75-gibbs_icm","response_holdout",0.8,252,9857.99724070113,249,0.988095238095238,39.1190366694489
"horseshoe",1,"reveal_75","gibbs_icm","horseshoe-001-reveal_75-gibbs_icm","viability_holdout",0.8,252,54.3397104111784,249,0.988095238095238,0.21563377147293
"horseshoe",1,"reveal_75","gibbs_icm","horseshoe-001-reveal_75-gibbs_icm","latent_mean",0.95,1104,38826.6512473477,1092,0.989130434782609,35.1690681588294
"horseshoe",1,"reveal_75","gibbs_icm","horseshoe-001-reveal_75-gibbs_icm","interaction",0.95,1104,35443.4937560099,1083,0.980978260869565,32.1046139094293
"horseshoe",1,"reveal_75","gibbs_icm","horseshoe-001-reveal_75-gibbs_icm","response_holdout",0.95,252,26062.6612114566,252,1,103.423258775621
"horseshoe",1,"reveal_75","gibbs_icm","horseshoe-001-reveal_75-gibbs_icm","viability_holdout",0.95,252,99.3270068610714,252,1,0.394154789131236
"realism",1,"reveal_75","gibbs_icm","realism-001-reveal_75-gibbs_icm","latent_mean",0.5,1104,112.979103260024,550,0.498188405797101,0.102336144257268
"realism",1,"reveal_75","gibbs_icm","realism-001-reveal_75-gibbs_icm","interaction",0.5,1104,40.4611311707017,319,0.288949275362319,0.0366495753357805
"realism",1,"reveal_75","gibbs_icm","realism-001-reveal_75-gibbs_icm","response_holdout",0.5,252,75.5824151498354,125,0.496031746031746,0.299930218848553
"realism",1,"reveal_75","gibbs_icm","realism-001-reveal_75-gibbs_icm","viability_holdout",0.5,252,15.8804956992562,125,0.496031746031746,0.0630178400764137
"realism",1,"reveal_75","gibbs_icm","realism-001-reveal_75-gibbs_icm","latent_mean",0.8,1104,217.692280893778,882,0.798913043478261,0.197185037041466
"realism",1,"reveal_75","gibbs_icm","realism-001-reveal_75-gibbs_icm","interaction",0.8,1104,94.1081541509207,617,0.558876811594203,0.0852428932526455
"realism",1,"reveal_75","gibbs_icm","realism-001-reveal_75-gibbs_icm","response_holdout",0.8,252,144.3204339463,206,0.817460317460317,0.572700134707541
"realism",1,"reveal_75","gibbs_icm","realism-001-reveal_75-gibbs_icm","viability_holdout",0.8,252,30.2080292007393,206,0.817460317460317,0.119873131748965
"realism",1,"reveal_75","gibbs_icm","realism-001-reveal_75-gibbs_icm","latent_mean",0.95,1104,343.31572828196,1055,0.955615942028985,0.310974391559746
"realism",1,"reveal_75","gibbs_icm","realism-001-reveal_75-gibbs_icm","interaction",0.95,1104,190.880345992897,916,0.829710144927536,0.172898864124001
"realism",1,"reveal_75","gibbs_icm","realism-001-reveal_75-gibbs_icm","response_holdout",0.95,252,221.530756826193,240,0.952380952380952,0.879090304865845
"realism",1,"reveal_75","gibbs_icm","realism-001-reveal_75-gibbs_icm","viability_holdout",0.95,252,46.0581896512935,240,0.952380952380952,0.182770593854339
"gamma",2,"reveal_75","gibbs_icm","gamma-002-reveal_75-gibbs_icm","latent_mean",0.5,1104,134.467938813018,523,0.473731884057971,0.12180066921469
"gamma",2,"reveal_75","gibbs_icm","gamma-002-reveal_75-gibbs_icm","interaction",0.5,1104,92.463380748537,567,0.513586956521739,0.0837530622722256
"gamma",2,"reveal_75","gibbs_icm","gamma-002-reveal_75-gibbs_icm","response_holdout",0.5,252,74.4349810602645,127,0.503968253968254,0.295376908969303
"gamma",2,"reveal_75","gibbs_icm","gamma-002-reveal_75-gibbs_icm","viability_holdout",0.5,252,11.0484839371481,127,0.503968253968254,0.0438431902267784
"gamma",2,"reveal_75","gibbs_icm","gamma-002-reveal_75-gibbs_icm","latent_mean",0.8,1104,256.969168859436,851,0.770833333333333,0.232761928314707
"gamma",2,"reveal_75","gibbs_icm","gamma-002-reveal_75-gibbs_icm","interaction",0.8,1104,180.125808922192,882,0.798913043478261,0.163157435617927
"gamma",2,"reveal_75","gibbs_icm","gamma-002-reveal_75-gibbs_icm","response_holdout",0.8,252,141.387840706752,200,0.793650793650794,0.561062859947428
"gamma",2,"reveal_75","gibbs_icm","gamma-002-reveal_75-gibbs_icm","viability_holdout",0.8,252,20.9981733953736,200,0.793650793650794,0.0833260849022761
"gamma",2,"reveal_75","gibbs_icm","gamma-002-reveal_75-gibbs_icm","latent_mean",0.95,1104,397.30643172595,1059,0.959239130434783,0.35987901424452
"gamma",2,"reveal_75","gibbs_icm","gamma-002-reveal_75-gibbs_icm","interaction",0.95,1104,289.046511455669,1059,0.959239130434783,0.26181749226057
"gamma",2,"reveal_75","gibbs_icm","gamma-002-reveal_75-gibbs_icm","response_holdout",0.95,252,216.80125836135,244,0.968253968253968,0.86032245381488
"gamma",2,"reveal_75","gibbs_icm","gamma-002-reveal_75-gibbs_icm","viability_holdout",0.95,252,32.1915890543562,244,0.968253968253968,0.12774440100935
"multiplicative_gamma",2,"reveal_75","gibbs_icm","multiplicative_gamma-002-reveal_75-gibbs_icm","latent_mean",0.5,1104,180.114049780968,609,0.551630434782609,0.163146784221891
"multiplicative_gamma",2,"reveal_75","gibbs_icm","multiplicative_gamma-002-reveal_75-gibbs_icm","interaction",0.5,1104,106.057961609382,640,0.579710144927536,0.0960669942113968
"multiplicative_gamma",2,"reveal_75","gibbs_icm","multiplicative_gamma-002-reveal_75-gibbs_icm","response_holdout",0.5,252,103.732487919353,135,0.535714285714286,0.411636856822827
"multiplicative_gamma",2,"reveal_75","gibbs_icm","multiplicative_gamma-002-reveal_75-gibbs_icm","viability_holdout",0.5,252,14.1697341786167,135,0.535714285714286,0.0562291038833995
"multiplicative_gamma",2,"reveal_75","gibbs_icm","multiplicative_gamma-002-reveal_75-gibbs_icm","latent_mean",0.8,1104,345.48613479784,913,0.826992753623188,0.312940339490798
"multiplicative_gamma",2,"reveal_75","gibbs_icm","multiplicative_gamma-002-reveal_75-gibbs_icm","interaction",0.8,1104,217.597472958086,929,0.841485507246377,0.197099160288122
"multiplicative_gamma",2,"reveal_75","gibbs_icm","multiplicative_gamma-002-reveal_75-gibbs_icm","response_holdout",0.8,252,197.304909176535,204,0.80952380952381,0.782955988795773
"multiplicative_gamma",2,"reveal_75","gibbs_icm","multiplicative_gamma-002-reveal_75-gibbs_icm","viability_holdout",0.8,252,26.920925024559,204,0.80952380952381,0.106829067557774
"multiplicative_gamma",2,"reveal_75","gibbs_icm","multiplicative_gamma-002-reveal_75-gibbs_icm","latent_mean",0.95,1104,538.378053289,1072,0.971014492753623,0.487661280153079
"multiplicative_gamma",2,"reveal_75","gibbs_icm","multiplicative_gamma-002-reveal_75-gibbs_icm","interaction",0.95,1104,369.509923895609,1066,0.965579710144927,0.334701018021385
"multiplicative_gamma",2,"reveal_75","gibbs_icm","multiplicative_gamma-002-reveal_75-gibbs_icm","response_holdout",0.95,252,301.821911499001,241,0.956349206349206,1.19770599801191
"multiplicative_gamma",2,"reveal_75","gibbs_icm","multiplicative_gamma-002-reveal_75-gibbs_icm","viability_holdout",0.95,252,41.1108214435596,241,0.956349206349206,0.163138180331586
"horseshoe",2,"reveal_75","gibbs_icm","horseshoe-002-reveal_75-gibbs_icm","latent_mean",0.5,1104,17650.0804367524,858,0.777173913043478,15.9873916999569
"horseshoe",2,"reveal_75","gibbs_icm","horseshoe-002-reveal_75-gibbs_icm","interaction",0.5,1104,17498.9212030712,728,0.659420289855073,15.8504721042311
"horseshoe",2,"reveal_75","gibbs_icm","horseshoe-002-reveal_75-gibbs_icm","response_holdout",0.5,252,12179.8922546036,214,0.849206349206349,48.3329057722364
"horseshoe",2,"reveal_75","gibbs_icm","horseshoe-002-reveal_75-gibbs_icm","viability_holdout",0.5,252,16.2292177490038,230,0.912698412698413,0.0644016577341421
"horseshoe",2,"reveal_75","gibbs_icm","horseshoe-002-reveal_75-gibbs_icm","latent_mean",0.8,1104,92675.3815289105,1078,0.976449275362319,83.9450919645929
"horseshoe",2,"reveal_75","gibbs_icm","horseshoe-002-reveal_75-gibbs_icm","interaction",0.8,1104,89451.3036791679,1045,0.946557971014493,81.0247315934492
"horseshoe",2,"reveal_75","gibbs_icm","horseshoe-002-reveal_75-gibbs_icm","response_holdout",0.8,252,67313.8711102886,249,0.988095238095238,267.118536151939
"horseshoe",2,"reveal_75","gibbs_icm","horseshoe-002-reveal_75-gibbs_icm","viability_holdout",0.8,252,68.5351878001865,250,0.992063492063492,0.271965030953121
"horseshoe",2,"reveal_75","gibbs_icm","horseshoe-002-reveal_75-gibbs_icm","latent_mean",0.95,1104,132454.093913733,1104,1,119.976534342149
"horseshoe",2,"reveal_75","gibbs_icm","horseshoe-002-reveal_75-gibbs_icm","interaction",0.95,1104,120303.450997836,1104,1,108.970517208185
"horseshoe",2,"reveal_75","gibbs_icm","horseshoe-002-reveal_75-gibbs_icm","response_holdout",0.95,252,99340.4580057777,252,1,394.208166689594
"horseshoe",2,"reveal_75","gibbs_icm","horseshoe-002-reveal_75-gibbs_icm","viability_holdout",0.95,252,111.997297131832,252,1,0.444433718777112
"realism",2,"reveal_75","gibbs_icm","realism-002-reveal_75-gibbs_icm","latent_mean",0.5,1104,112.184934791633,572,0.518115942028985,0.101616788760537
"realism",2,"reveal_75","gibbs_icm","realism-002-reveal_75-gibbs_icm","interaction",0.5,1104,36.3625704988498,457,0.413949275362319,0.0329371109591031
"realism",2,"reveal_75","gibbs_icm","realism-002-reveal_75-gibbs_icm","response_holdout",0.5,252,76.3515891805122,134,0.531746031746032,0.302982496748064
"realism",2,"reveal_75","gibbs_icm","realism-002-reveal_75-gibbs_icm","viability_holdout",0.5,252,15.5944944039729,134,0.531746031746032,0.0618829143014799
"realism",2,"reveal_75","gibbs_icm","realism-002-reveal_75-gibbs_icm","latent_mean",0.8,1104,216.272639984972,898,0.813405797101449,0.19589913042117
"realism",2,"reveal_75","gibbs_icm","realism-002-reveal_75-gibbs_icm","interaction",0.8,1104,85.2168869877658,798,0.722826086956522,0.0771892092280488
"realism",2,"reveal_75","gibbs_icm","realism-002-reveal_75-gibbs_icm","response_holdout",0.8,252,145.583984849478,198,0.785714285714286,0.577714225593167
"realism",2,"reveal_75","gibbs_icm","realism-002-reveal_75-gibbs_icm","viability_holdout",0.8,252,29.629043065301,198,0.785714285714286,0.117575567719448
"realism",2,"reveal_75","gibbs_icm","realism-002-reveal_75-gibbs_icm","latent_mean",0.95,1104,341.282268263089,1064,0.963768115942029,0.30913248936874
"realism",2,"reveal_75","gibbs_icm","realism-002-reveal_75-gibbs_icm","interaction",0.95,1104,179.969142827594,1028,0.931159420289855,0.163015527923545
"realism",2,"reveal_75","gibbs_icm","realism-002-reveal_75-gibbs_icm","response_holdout",0.95,252,223.743906322537,243,0.964285714285714,0.887872644137051
"realism",2,"reveal_75","gibbs_icm","realism-002-reveal_75-gibbs_icm","viability_holdout",0.95,252,45.2638966283448,243,0.964285714285714,0.179618637414066
"gamma",1,"reveal_25","gibbs_imc","gamma-001-reveal_25-gibbs_imc","latent_mean",0.5,1104,240.922693679215,596,0.539855072463768,0.218227077607985
"gamma",1,"reveal_25","gibbs_imc","gamma-001-reveal_25-gibbs_imc","interaction",0.5,1104,134.631104169574,736,0.666666666666667,0.121948463921716
"gamma",1,"reveal_25","gibbs_imc","gamma-001-reveal_25-gibbs_imc","response_holdout",0.5,756,273.363711872312,422,0.558201058201058,0.361592211471312
"gamma",1,"reveal_25","gibbs_imc","gamma-001-reveal_25-gibbs_imc","viability_holdout",0.5,756,40.6521995609142,422,0.558201058201058,0.05377275074195
"gamma",1,"reveal_25","gibbs_imc","gamma-001-reveal_25-gibbs_imc","latent_mean",0.8,1104,463.580478498687,960,0.869565217391304,0.419909853712579
"gamma",1,"reveal_25","gibbs_imc","gamma-001-reveal_25-gibbs_imc","interaction",0.8,1104,276.35322164558,1002,0.907608695652174,0.250319947142735
"gamma",1,"reveal_25","gibbs_imc","gamma-001-reveal_25-gibbs_imc","response_holdout",0.8,756,521.972548406635,636,0.841269841269841,0.690439878844755
"gamma",1,"reveal_25","gibbs_imc","gamma-001-reveal_25-gibbs_imc","viability_holdout",0.8,756,77.6268252861239,636,0.841269841269841,0.102680985828206
"gamma",1,"reveal_25","gibbs_imc","gamma-001-reveal_25-gibbs_imc","latent_mean",0.95,1104,727.264745583233,1084,0.981884057971015,0.658754298535537
"gamma",1,"reveal_25","gibbs_imc","gamma-001-reveal_25-gibbs_imc","interaction",0.95,1104,475.361694910529,1085,0.982789855072464,0.430581245389972
"gamma",1,"reveal_25","gibbs_imc","gamma-001-reveal_25-gibbs_imc","response_holdout",0.95,756,806.407306267361,725,0.958994708994709,1.06667633104148
"gamma",1,"reveal_25","gibbs_imc","gamma-001-reveal_25-gibbs_imc","viability_holdout",0.95,756,119.87503842591,725,0.958994708994709,0.158564865642739
"multiplicative_gamma",1,"reveal_25","gibbs_imc","multiplicative_gamma-001-reveal_25-gibbs_imc","latent_mean",0.5,1104,223.502724946328,459,0.415760869565217,0.202448120422399
"multiplicative_gamma",1,"reveal_25","gibbs_imc","multiplicative_gamma-001-reveal_25-gibbs_imc","interaction",0.5,1104,118.736125525525,436,0.394927536231884,0.107550838338338
"multiplicative_gamma",1,"reveal_25","gibbs_imc","multiplicative_gamma-001-reveal_25-gibbs_imc","response_holdout",0.5,756,258.951920742411,329,0.435185185185185,0.34252899569102
"multiplicative_gamma",1,"reveal_25","gibbs_imc","multiplicative_gamma-001-reveal_25-gibbs_imc","viability_holdout",0.5,756,46.2246046753261,329,0.435185185185185,0.0611436569779445
"multiplicative_gamma",1,"reveal_25","gibbs_imc","multiplicative_gamma-001-reveal_25-gibbs_imc","latent_mean",0.8,1104,429.561865093359,773,0.70018115942029,0.389095892294709
"multiplicative_gamma",1,"reveal_25","gibbs_imc","multiplicative_gamma-001-reveal_25-gibbs_imc","interaction",0.8,1104,241.79075745368,723,0.654891304347826,0.219013367258768
"multiplicative_gamma",1,"reveal_25","gibbs_imc","multiplicative_gamma-001-reveal_25-gibbs_imc","response_holdout",0.8,756,494.355731597006,543,0.718253968253968,0.653909697879637
"multiplicative_gamma",1,"reveal_25","gibbs_imc","multiplicative_gamma-001-reveal_25-gibbs_imc","viability_holdout",0.8,756,87.9792287872484,543,0.718253968253968,0.116374641252974
"multiplicative_gamma",1,"reveal_25","gibbs_imc","multiplicative_gamma-001-reveal_25-gibbs_imc","latent_mean",0.95,1104,671.163683900433,987,0.894021739130435,0.60793811947503
"multiplicative_gamma",1,"reveal_25","gibbs_imc","multiplicative_gamma-001-reveal_25-gibbs_imc","interaction",0.95,1104,412.781393930085,957,0.866847826086957,0.373896190154062
"multiplicative_gamma",1,"reveal_25","gibbs_imc","multiplicative_gamma-001-reveal_25-gibbs_imc","response_holdout",0.95,756,762.28998177869,695,0.919312169312169,1.00832008171784
"multiplicative_gamma",1,"reveal_25","gibbs_imc","multiplicative_gamma-001-reveal_25-gibbs_imc","viability_holdout",0.95,756,134.832796842776,695,0.919312169312169,0.178350260374042
"horseshoe",1,"reveal_25","gibbs_imc","horseshoe-001-reveal_25-gibbs_imc","latent_mean",0.5,1104,236689.721563765,768,0.695652173913043,214.392863735294
"horseshoe",1,"reveal_25","gibbs_imc","horseshoe-001-reveal_25-gibbs_imc","interaction",0.5,1104,235407.195451864,767,0.694746376811594,213.231155300601
"horseshoe",1,"reveal_25","gibbs_imc","horseshoe-001-reveal_25-gibbs_imc","response_holdout",0.5,756,236402.608870306,541,0.715608465608466,312.701863585061
"horseshoe",1,"reveal_25","gibbs_imc","horseshoe-001-reveal_25-gibbs_imc","viability_holdout",0.5,756,350.570846817709,597,0.78968253968254,0.463718051346176
"horseshoe",1,"reveal_25","gibbs_imc","horseshoe-001-reveal_25-gibbs_imc","latent_mean",0.8,1104,545813.988322114,997,0.903079710144927,494.39672855264
"horseshoe",1,"reveal_25","gibbs_imc","horseshoe-001-reveal_25-gibbs_imc","interaction",0.8,1104,544734.169251651,988,0.894927536231884,493.418631568525
"horseshoe",1,"reveal_25","gibbs_imc","horseshoe-001-reveal_25-gibbs_imc","response_holdout",0.8,756,543767.356477993,693,0.916666666666667,719.268990050255
"horseshoe",1,"reveal_25","gibbs_imc","horseshoe-001-reveal_25-gibbs_imc","viability_holdout",0.8,756,497.598489051893,712,0.941798941798942,0.658199059592451
"horseshoe",1,"reveal_25","gibbs_imc","horseshoe-001-reveal_25-gibbs_imc","latent_mean",0.95,1104,652512.432951582,1060,0.960144927536232,591.043870427157
"horseshoe",1,"reveal_25","gibbs_imc","horseshoe-001-reveal_25-gibbs_imc","interaction",0.95,1104,651281.827706178,1052,0.952898550724638,589.929191762843
"horseshoe",1,"reveal_25","gibbs_imc","horseshoe-001-reveal_25-gibbs_imc","response_holdout",0.95,756,649096.81676866,730,0.965608465608466,858.593672974417
"horseshoe",1,"reveal_25","gibbs_imc","horseshoe-001-reveal_25-gibbs_imc","viability_holdout",0.95,756,569.19412534217,737,0.974867724867725,0.752902282198637
"realism",1,"reveal_25","gibbs_imc","realism-001-reveal_25-gibbs_imc","latent_mean",0.5,1104,192.846776169488,545,0.493659420289855,0.174680050878159
"realism",1,"reveal_25","gibbs_imc","realism-001-reveal_25-gibbs_imc","interaction",0.5,1104,12.3160859359536,191,0.173007246376812,0.0111558749419869
"realism",1,"reveal_25","gibbs_imc","realism-001-reveal_25-gibbs_imc","response_holdout",0.5,756,260.845150524487,377,0.498677248677249,0.345033267889533
"realism",1,"reveal_25","gibbs_imc","realism-001-reveal_25-gibbs_imc","viability_holdout",0.5,756,54.8046183449773,377,0.498677248677249,0.0724928814087001
"realism",1,"reveal_25","gibbs_imc","realism-001-reveal_25-gibbs_imc","latent_mean",0.8,1104,369.319119614013,898,0.813405797101449,0.334528188056171
"realism",1,"reveal_25","gibbs_imc","realism-001-reveal_25-gibbs_imc","interaction",0.8,1104,52.3785994749692,505,0.457427536231884,0.0474443835823997
"realism",1,"reveal_25","gibbs_imc","realism-001-reveal_25-gibbs_imc","response_holdout",0.8,756,496.694375248117,607,0.802910052910053,0.657003141862588
"realism",1,"reveal_25","gibbs_imc","realism-001-reveal_25-gibbs_imc","viability_holdout",0.8,756,103.937885994545,607,0.802910052910053,0.137483976183261
"realism",1,"reveal_25","gibbs_imc","realism-001-reveal_25-gibbs_imc","latent_mean",0.95,1104,578.167543861501,1048,0.949275362318841,0.523702485381794
"realism",1,"reveal_25","gibbs_imc","realism-001-reveal_25-gibbs_imc","interaction",0.95,1104,185.387734647179,902,0.817028985507246,0.167923672687663
"realism",1,"reveal_25","gibbs_imc","realism-001-reveal_25-gibbs_imc","response_holdout",0.95,756,765.348998760113,720,0.952380952380952,1.01236640047634
"realism",1,"reveal_25","gibbs_imc","realism-001-reveal_25-gibbs_imc","viability_holdout",0.95,756,158.928000694366,720,0.952380952380952,0.210222223140696
"gamma",2,"reveal_25","gibbs_imc","gamma-002-reveal_25-gibbs_imc","latent_mean",0.5,1104,256.408290182527,590,0.534420289855073,0.232253886034898
"gamma",2,"reveal_25","gibbs_imc","gamma-002-reveal_25-gibbs_imc","interaction",0.5,1104,150.402515441755,605,0.548007246376812,0.136234162537822
"gamma",2,"reveal_25","gibbs_imc","gamma-002-reveal_25-gibbs_imc","response_holdout",0.5,756,284.726840466399,392,0.518518518518518,0.376622804849734
"gamma",2,"reveal_25","gibbs_imc","gamma-002-reveal_25-gibbs_imc","viability_holdout",0.5,756,43.0077887221357,392,0.518518518518518,0.0568886094208144
"gamma",2,"reveal_25","gibbs_imc","gamma-002-reveal_25-gibbs_imc","latent_mean",0.8,1104,493.833770168985,912,0.826086956521739,0.447313197616834
"gamma",2,"reveal_25","gibbs_imc","gamma-002-reveal_25-gibbs_imc","interaction",0.8,1104,305.821496110359,945,0.855978260869565,0.277012224737644
"gamma",2,"reveal_25","gibbs_imc","gamma-002-reveal_25-gibbs_imc","response_holdout",0.8,756,543.185961874504,621,0.821428571428571,0.718499949569449
"gamma",2,"reveal_25","gibbs_imc","gamma-002-reveal_25-gibbs_imc","viability_holdout",0.8,756,82.1016509542298,621,0.821428571428571,0.108600067399775
"gamma",2,"reveal_25","gibbs_imc","gamma-002-reveal_25-gibbs_imc","latent_mean",0.95,1104,775.068431151942,1073,0.971920289855073,0.702054738362266
"gamma",2,"reveal_25","gibbs_imc","gamma-002-reveal_25-gibbs_imc","interaction",0.95,1104,517.35871066476,1080,0.978260869565217,0.468622020529674
"gamma",2,"reveal_25","gibbs_imc","gamma-002-reveal_25-gibbs_imc","response_holdout",0.95,756,839.558196645068,730,0.965608465608466,1.11052671513898
"gamma",2,"reveal_25","gibbs_imc","gamma-002-reveal_25-gibbs_imc","viability_holdout",0.95,756,126.850669967777,730,0.965608465608466,0.167791891491768
"multiplicative_gamma",2,"reveal_25","gibbs_imc","multiplicative_gamma-002-reveal_25-gibbs_imc","latent_mean",0.5,1104,299.182285392987,553,0.500905797101449,0.270998446913938
"multiplicative_gamma",2,"reveal_25","gibbs_imc","multiplicative_gamma-002-reveal_25-gibbs_imc","interaction",0.5,1104,122.846033252239,631,0.571557971014493,0.111273580844419
"multiplicative_gamma",2,"reveal_25","gibbs_imc","multiplicative_gamma-002-reveal_25-gibbs_imc","response_holdout",0.5,756,351.981565834701,357,0.472222222222222,0.465584081791932
"multiplicative_gamma",2,"reveal_25","gibbs_imc","multiplicative_gamma-002-reveal_25-gibbs_imc","viability_holdout",0.5,756,51.3917297802373,357,0.472222222222222,0.0679784785452874
"multiplicative_gamma",2,"reveal_25","gibbs_imc","multiplicative_gamma-002-reveal_25-gibbs_imc","latent_mean",0.8,1104,577.456039059166,911,0.82518115942029,0.523058006394172
"multiplicative_gamma",2,"reveal_25","gibbs_imc","multiplicative_gamma-002-reveal_25-gibbs_imc","interaction",0.8,1104,284.196411179954,915,0.828804347826087,0.257424285489089
"multiplicative_gamma",2,"reveal_25","gibbs_imc","multiplicative_gamma-002-reveal_25-gibbs_imc","response_holdout",0.8,756,671.822502911235,609,0.805555555555556,0.88865410437994
"multiplicative_gamma",2,"reveal_25","gibbs_imc","multiplicative_gamma-002-reveal_25-gibbs_imc","viability_holdout",0.8,756,97.925775217299,609,0.805555555555556,0.129531448700131
"multiplicative_gamma",2,"reveal_25","gibbs_imc","multiplicative_gamma-002-reveal_25-gibbs_imc","latent_mean",0.95,1104,912.717817796273,1061,0.961050724637681,0.826737153800972
"multiplicative_gamma",2,"reveal_25","gibbs_imc","multiplicative_gamma-002-reveal_25-gibbs_imc","interaction",0.95,1104,538.494530447898,1056,0.956521739130435,0.487766784825995
"multiplicative_gamma",2,"reveal_25","gibbs_imc","multiplicative_gamma-002-reveal_25-gibbs_imc","response_holdout",0.95,756,1036.15811725165,720,0.952380952380952,1.37057952017414
"multiplicative_gamma",2,"reveal_25","gibbs_imc","multiplicative_gamma-002-reveal_25-gibbs_imc","viability_holdout",0.95,756,150.580429388381,720,0.952380952380952,0.199180462153944
"horseshoe",2,"reveal_25","gibbs_imc","horseshoe-002-reveal_25-gibbs_imc","latent_mean",0.5,1104,230548.516304462,734,0.664855072463768,208.830177812013
"horseshoe",2,"reveal_25","gibbs_imc","horseshoe-002-reveal_25-gibbs_imc","interaction",0.5,1104,228196.93467328,716,0.648550724637681,206.700121986667
"horseshoe",2,"reveal_25","gibbs_imc","horseshoe-002-reveal_25-gibbs_imc","response_holdout",0.5,756,230308.060175608,529,0.69973544973545,304.640291237576
"horseshoe",2,"reveal_25","gibbs_imc","horseshoe-002-reveal_25-gibbs_imc","viability_holdout",0.5,756,241.733162788734,644,0.851851851851852,0.319752860831659
"horseshoe",2,"reveal_25","gibbs_imc","horseshoe-002-reveal_25-gibbs_imc","latent_mean",0.8,1104,1288504.6569425,995,0.901268115942029,1167.12378346241
"horseshoe",2,"reveal_25","gibbs_imc","horseshoe-002-reveal_25-gibbs_imc","interaction",0.8,1104,1283488.09006089,970,0.878623188405797,1162.57979172182
"horseshoe",2,"reveal_25","gibbs_imc","horseshoe-002-reveal_25-gibbs_imc","response_holdout",0.8,756,1283787.64160441,698,0.923280423280423,1698.13180106403
"horseshoe",2,"reveal_25","gibbs_imc","horseshoe-002-reveal_25-gibbs_imc","viability_holdout",0.8,756,494.42105965704,730,0.965608465608466,0.65399611065746
"horseshoe",2,"reveal_25","gibbs_imc","horseshoe-002-reveal_25-gibbs_imc","latent_mean",0.95,1104,2183835.99606896,1076,0.97463768115942,1978.11231527986
"horseshoe",2,"reveal_25","gibbs_imc","horseshoe-002-reveal_25-gibbs_imc","interaction",0.95,1104,2171170.68618093,1053,0.953804347826087,1966.64011429432
"horseshoe",2,"reveal_25","gibbs_imc","horseshoe-002-reveal_25-gibbs_imc","response_holdout",0.95,756,2162875.04898833,742,0.981481481481482,2860.94583199515
"horseshoe",2,"reveal_25","gibbs_imc","horseshoe-002-reveal_25-gibbs_imc","viability_holdout",0.95,756,612.626318530921,752,0.994708994708995,0.810352273189049
"realism",2,"reveal_25","gibbs_imc","realism-002-reveal_25-gibbs_imc","latent_mean",0.5,1104,194.730364753269,541,0.490036231884058,0.176386199957671
"realism",2,"reveal_25","gibbs_imc","realism-002-reveal_25-gibbs_imc","interaction",0.5,1104,26.9584741988422,473,0.428442028985507,0.0244189077888064
"realism",2,"reveal_25","gibbs_imc","realism-002-reveal_25-gibbs_imc","response_holdout",0.5,756,253.226262660654,371,0.490740740740741,0.334955373889754
"realism",2,"reveal_25","gibbs_imc","realism-002-reveal_25-gibbs_imc","viability_holdout",0.5,756,52.1640758004082,371,0.490740740740741,0.0690001002650902
"realism",2,"reveal_25","gibbs_imc","realism-002-reveal_25-gibbs_imc","latent_mean",0.8,1104,379.706969754525,884,0.800724637681159,0.343937472603737
"realism",2,"reveal_25","gibbs_imc","realism-002-reveal_25-gibbs_imc","interaction",0.8,1104,102.842939148018,785,0.711050724637681,0.0931548361847987
"realism",2,"reveal_25","gibbs_imc","realism-002-reveal_25-gibbs_imc","response_holdout",0.8,756,485.251191329656,595,0.787037037037037,0.641866655197958
"realism",2,"reveal_25","gibbs_imc","realism-002-reveal_25-gibbs_imc","viability_holdout",0.8,756,99.618261806407,595,0.787037037037037,0.131770187574612
"realism",2,"reveal_25","gibbs_imc","realism-002-reveal_25-gibbs_imc","latent_mean",0.95,1104,620.180976847144,1052,0.952898550724638,0.561758131202123
"realism",2,"reveal_25","gibbs_imc","realism-002-reveal_25-gibbs_imc","interaction",0.95,1104,303.274794029897,1044,0.945652173913043,0.274705429374907
"realism",2,"reveal_25","gibbs_imc","realism-002-reveal_25-gibbs_imc","response_holdout",0.95,756,762.535349559927,722,0.955026455026455,1.00864464227504
"realism",2,"reveal_25","gibbs_imc","realism-002-reveal_25-gibbs_imc","viability_holdout",0.95,756,155.435064332595,722,0.955026455026455,0.205601936947877
"gamma",1,"reveal_75","gibbs_imc","gamma-001-reveal_75-gibbs_imc","latent_mean",0.5,1104,124.95109301207,555,0.502717391304348,0.113180337873252
"gamma",1,"reveal_75","gibbs_imc","gamma-001-reveal_75-gibbs_imc","interaction",0.5,1104,74.0844431255771,590,0.534420289855073,0.0671054738456314
"gamma",1,"reveal_75","gibbs_imc","gamma-001-reveal_75-gibbs_imc","response_holdout",0.5,252,73.9871802240257,142,0.563492063492063,0.293599921523911
"gamma",1,"reveal_75","gibbs_imc","gamma-001-reveal_75-gibbs_imc","viability_holdout",0.5,252,11.3852215642328,142,0.563492063492063,0.0451794506517176
"gamma",1,"reveal_75","gibbs_imc","gamma-001-reveal_75-gibbs_imc","latent_mean",0.8,1104,238.72837059377,881,0.798007246376812,0.216239466117545
"gamma",1,"reveal_75","gibbs_imc","gamma-001-reveal_75-gibbs_imc","interaction",0.8,1104,147.789773236314,904,0.818840579710145,0.133867548221299
"gamma",1,"reveal_75","gibbs_imc","gamma-001-reveal_75-gibbs_imc","response_holdout",0.8,252,140.383010177948,210,0.833333333333333,0.557075437214081
"gamma",1,"reveal_75","gibbs_imc","gamma-001-reveal_75-gibbs_imc","viability_holdout",0.8,252,21.5850032414291,210,0.833333333333333,0.085654774767576
"gamma",1,"reveal_75","gibbs_imc","gamma-001-reveal_75-gibbs_imc","latent_mean",0.95,1104,370.2726691495,1050,0.951086956521739,0.335391910461504
"gamma",1,"reveal_75","gibbs_imc","gamma-001-reveal_75-gibbs_imc","interaction",0.95,1104,244.732419266472,1058,0.958333333333333,0.221677916002239
"gamma",1,"reveal_75","gibbs_imc","gamma-001-reveal_75-gibbs_imc","response_holdout",0.95,252,214.949601384842,244,0.968253968253968,0.852974608670007
"gamma",1,"reveal_75","gibbs_imc","gamma-001-reveal_75-gibbs_imc","viability_holdout",0.95,252,33.0144007965106,244,0.968253968253968,0.13100952697028
"multiplicative_gamma",1,"reveal_75","gibbs_imc","multiplicative_gamma-001-reveal_75-gibbs_imc","latent_mean",0.5,1104,130.993300934529,521,0.471920289855072,0.118653352295769
"multiplicative_gamma",1,"reveal_75","gibbs_imc","multiplicative_gamma-001-reveal_75-gibbs_imc","interaction",0.5,1104,93.1794614128216,543,0.491847826086957,0.0844016860623384
"multiplicative_gamma",1,"reveal_75","gibbs_imc","multiplicative_gamma-001-reveal_75-gibbs_imc","response_holdout",0.5,252,71.4178939146263,129,0.511904761904762,0.283404340931057
"multiplicative_gamma",1,"reveal_75","gibbs_imc","multiplicative_gamma-001-reveal_75-gibbs_imc","viability_holdout",0.5,252,12.8398794703053,129,0.511904761904762,0.0509519026599416
"multiplicative_gamma",1,"reveal_75","gibbs_imc","multiplicative_gamma-001-reveal_75-gibbs_imc","latent_mean",0.8,1104,250.354862973452,846,0.766304347826087,0.226770709215083
"multiplicative_gamma",1,"reveal_75","gibbs_imc","multiplicative_gamma-001-reveal_75-gibbs_imc","interaction",0.8,1104,181.075457170027,859,0.778079710144927,0.164017624248213
"multiplicative_gamma",1,"reveal_75","gibbs_imc","multiplicative_gamma-001-reveal_75-gibbs_imc","response_holdout",0.8,252,135.970377289958,198,0.785714285714286,0.539564989245864
"multiplicative_gamma",1,"reveal_75","gibbs_imc","multiplicative_gamma-001-reveal_75-gibbs_imc","viability_holdout",0.8,252,24.4191772021187,198,0.785714285714286,0.0969014968338042
"multiplicative_gamma",1,"reveal_75","gibbs_imc","multiplicative_gamma-001-reveal_75-gibbs_imc","latent_mean",0.95,1104,386.262189846215,1022,0.925724637681159,0.349875171962151
"multiplicative_gamma",1,"reveal_75","gibbs_imc","multiplicative_gamma-001-reveal_75-gibbs_imc","interaction",0.95,1104,287.654091297959,1038,0.940217391304348,0.260556242117716
"multiplicative_gamma",1,"reveal_75","gibbs_imc","multiplicative_gamma-001-reveal_75-gibbs_imc","response_holdout",0.95,252,208.453503360284,243,0.964285714285714,0.827196441905889
"multiplicative_gamma",1,"reveal_75","gibbs_imc","multiplicative_gamma-001-reveal_75-gibbs_imc","viability_holdout",0.95,252,37.3145076623142,243,0.964285714285714,0.148073443104421
"horseshoe",1,"reveal_75","gibbs_imc","horseshoe-001-reveal_75-gibbs_imc","latent_mean",0.5,1104,5256.56934711626,886,0.802536231884058,4.76138527818502
"horseshoe",1,"reveal_75","gibbs_imc","horseshoe-001-reveal_75-gibbs_imc","interaction",0.5,1104,4922.79240190723,840,0.760869565217391,4.45905108868408
"horseshoe",1,"reveal_75","gibbs_imc","horseshoe-001-reveal_75-gibbs_imc","response_holdout",0.5,252,3353.37477981737,228,0.904761904761905,13.3070427770531
"horseshoe",1,"reveal_75","gibbs_imc","horseshoe-001-reveal_75-gibbs_imc","viability_holdout",0.5,252,12.6573751446022,238,0.944444444444444,0.0502276791452468
"horseshoe",1,"reveal_75","gibbs_imc","horseshoe-001-reveal_75-gibbs_imc","latent_mean",0.8,1104,16360.6527240162,1083,0.980978260869565,14.819431815232
"horseshoe",1,"reveal_75","gibbs_imc","horseshoe-001-reveal_75-gibbs_imc","interaction",0.8,1104,15424.0922880109,1065,0.964673913043478,13.9710980869664
"horseshoe",1,"reveal_75","gibbs_imc","horseshoe-001-reveal_75-gibbs_imc","response_holdout",0.8,252,13061.2261716358,250,0.992063492063492,51.8302625858563
"horseshoe",1,"reveal_75","gibbs_imc","horseshoe-001-reveal_75-gibbs_imc","viability_holdout",0.8,252,37.7776624293691,251,0.996031746031746,0.149911358846703
"horseshoe",1,"reveal_75","gibbs_imc","horseshoe-001-reveal_75-gibbs_imc","latent_mean",0.95,1104,22858.1367647181,1104,1,20.7048340260128
"horseshoe",1,"reveal_75","gibbs_imc","horseshoe-001-reveal_75-gibbs_imc","interaction",0.95,1104,21117.1810328789,1104,1,19.1278813703613
"horseshoe",1,"reveal_75","gibbs_imc","horseshoe-001-reveal_75-gibbs_imc","response_holdout",0.95,252,18125.0292033504,252,1,71.9247190609143
"horseshoe",1,"reveal_75","gibbs_imc","horseshoe-001-reveal_75-gibbs_imc","viability_holdout",0.95,252,58.5223033441854,252,1,0.232231362476926
"realism",1,"reveal_75","gibbs_imc","realism-001-reveal_75-gibbs_imc","latent_mean",0.5,1104,112.379339530824,550,0.498188405797101,0.101792880009805
"realism",1,"reveal_75","gibbs_imc","realism-001-reveal_75-gibbs_imc","interaction",0.5,1104,41.6860394267137,304,0.27536231884058,0.0377590936836175
"realism",1,"reveal_75","gibbs_imc","realism-001-reveal_75-gibbs_imc","response_holdout",0.5,252,75.4668488640866,127,0.503968253968254,0.299471622476534
"realism",1,"reveal_75","gibbs_imc","realism-001-reveal_75-gibbs_imc","viability_holdout",0.5,252,15.864403825248,127,0.503968253968254,0.0629539834335237
"realism",1,"reveal_75","gibbs_imc","realism-001-reveal_75-gibbs_imc","latent_mean",0.8,1104,216.436479248799,895,0.810688405797101,0.196047535551449
"realism",1,"reveal_75","gibbs_imc","realism-001-reveal_75-gibbs_imc","interaction",0.8,1104,94.7676806269117,603,0.546195652173913,0.0858402904229272
"realism",1,"reveal_75","gibbs_imc","realism-001-reveal_75-gibbs_imc","response_holdout",0.8,252,143.217694648052,206,0.817460317460317,0.568324185111317
"realism",1,"reveal_75","gibbs_imc","realism-001-reveal_75-gibbs_imc","viability_holdout",0.8,252,30.0084469880386,206,0.817460317460317,0.119081138841423
"realism",1,"reveal_75","gibbs_imc","realism-001-reveal_75-gibbs_imc","latent_mean",0.95,1104,338.986721387018,1057,0.957427536231884,0.307053189662154
"realism",1,"reveal_75","gibbs_imc","realism-001-reveal_75-gibbs_imc","interaction",0.95,1104,186.530459988362,945,0.855978260869565,0.168958749989458
"realism",1,"reveal_75","gibbs_imc","realism-001-reveal_75-gibbs_imc","response_holdout",0.95,252,220.175007887565,240,0.952380952380952,0.873710348760179
"realism",1,"reveal_75","gibbs_imc","realism-001-reveal_75-gibbs_imc","viability_holdout",0.95,252,45.8260168503148,240,0.952380952380952,0.181849273215535
"gamma",2,"reveal_75","gibbs_imc","gamma-002-reveal_75-gibbs_imc","latent_mean",0.5,1104,134.413233333115,522,0.472826086956522,0.121751117149561
"gamma",2,"reveal_75","gibbs_imc","gamma-002-reveal_75-gibbs_imc","interaction",0.5,1104,92.5458849943852,568,0.514492753623188,0.0838277943789721
"gamma",2,"reveal_75","gibbs_imc","gamma-002-reveal_75-gibbs_imc","response_holdout",0.5,252,74.2872152362165,124,0.492063492063492,0.294790536651653
"gamma",2,"reveal_75","gibbs_imc","gamma-002-reveal_75-gibbs_imc","viability_holdout",0.5,252,11.02808244502,124,0.492063492063492,0.0437622319246826
"gamma",2,"reveal_75","gibbs_imc","gamma-002-reveal_75-gibbs_imc","latent_mean",0.8,1104,256.544911440416,863,0.781702898550725,0.232377637174289
"gamma",2,"reveal_75","gibbs_imc","gamma-002-reveal_75-gibbs_imc","interaction",0.8,1104,179.822146628894,877,0.794384057971015,0.162882379192839
"gamma",2,"reveal_75","gibbs_imc","gamma-002-reveal_75-gibbs_imc","response_holdout",0.8,252,141.502513226741,197,0.781746031746032,0.561517909629924
"gamma",2,"reveal_75","gibbs_imc","gamma-002-reveal_75-gibbs_imc","viability_holdout",0.8,252,21.0225494268409,197,0.781746031746032,0.0834228151858768
"gamma",2,"reveal_75","gibbs_imc","gamma-002-reveal_75-gibbs_imc","latent_mean",0.95,1104,396.72258944525,1061,0.961050724637681,0.359350171598959
"gamma",2,"reveal_75","gibbs_imc","gamma-002-reveal_75-gibbs_imc","interaction",0.95,1104,287.759963400827,1062,0.96195652173913,0.260652140761619
"gamma",2,"reveal_75","gibbs_imc","gamma-002-reveal_75-gibbs_imc","response_holdout",0.95,252,216.873947523077,244,0.968253968253968,0.860610902869355
"gamma",2,"reveal_75","gibbs_imc","gamma-002-reveal_75-gibbs_imc","viability_holdout",0.95,252,32.2143659252211,244,0.968253968253968,0.127834785417544
"multiplicative_gamma",2,"reveal_75","gibbs_imc","multiplicative_gamma-002-reveal_75-gibbs_imc","latent_mean",0.5,1104,183.08456163563,608,0.550724637681159,0.165837465249665
"multiplicative_gamma",2,"reveal_75","gibbs_imc","multiplicative_gamma-002-reveal_75-gibbs_imc","interaction",0.5,1104,112.444701268176,647,0.586050724637681,0.101852084482043
"multiplicative_gamma",2,"reveal_75","gibbs_imc","multiplicative_gamma-002-reveal_75-gibbs_imc","response_holdout",0.5,252,104.000866076432,136,0.53968253968254,0.412701849509652
"multiplicative_gamma",2,"reveal_75","gibbs_imc","multiplicative_gamma-002-reveal_75-gibbs_imc","viability_holdout",0.5,252,14.2055374365686,136,0.53968253968254,0.0563711803038438
"multiplicative_gamma",2,"reveal_75","gibbs_imc","multiplicative_gamma-002-reveal_75-gibbs_imc","latent_mean",0.8,1104,351.24547535848,921,0.834239130434783,0.318157133476884
"multiplicative_gamma",2,"reveal_75","gibbs_imc","multiplicative_gamma-002-reveal_75-gibbs_imc","interaction",0.8,1104,229.530052836574,946,0.856884057971015,0.207907656554868
"multiplicative_gamma",2,"reveal_75","gibbs_imc","multiplicative_gamma-002-reveal_75-gibbs_imc","response_holdout",0.8,252,197.75991644,204,0.80952380952381,0.784761573174603
"multiplicative_gamma",2,"reveal_75","gibbs_imc","multiplicative_gamma-002-reveal_75-gibbs_imc","viability_holdout",0.8,252,26.9975944827745,204,0.80952380952381,0.107133311439581
"multiplicative_gamma",2,"reveal_75","gibbs_imc","multiplicative_gamma-002-reveal_75-gibbs_imc","latent_mean",0.95,1104,548.631287343988,1072,0.971014492753623,0.496948629840569
"multiplicative_gamma",2,"reveal_75","gibbs_imc","multiplicative_gamma-002-reveal_75-gibbs_imc","interaction",0.95,1104,387.147611901317,1065,0.964673913043478,0.350677184693222
"multiplicative_gamma",2,"reveal_75","gibbs_imc","multiplicative_gamma-002-reveal_75-gibbs_imc","response_holdout",0.95,252,303.176634492946,240,0.952380952380952,1.20308188290851
"multiplicative_gamma",2,"reveal_75","gibbs_imc","multiplicative_gamma-002-reveal_75-gibbs_imc","viability_holdout",0.95,252,41.3858149509323,240,0.952380952380952,0.164229424408461
"horseshoe",2,"reveal_75","gibbs_imc","horseshoe-002-reveal_75-gibbs_imc","latent_mean",0.5,1104,138137.099806967,797,0.721920289855073,125.12418460776
"horseshoe",2,"reveal_75","gibbs_imc","horseshoe-002-reveal_75-gibbs_imc","interaction",0.5,1104,139794.051474384,703,0.636775362318841,126.625046625348
"horseshoe",2,"reveal_75","gibbs_imc","horseshoe-002-reveal_75-gibbs_imc","response_holdout",0.5,252,99191.0124314683,211,0.837301587301587,393.615128696303
"horseshoe",2,"reveal_75","gibbs_imc","horseshoe-002-reveal_75-gibbs_imc","viability_holdout",0.5,252,68.0547138767967,232,0.920634920634921,0.270058388399987
"horseshoe",2,"reveal_75","gibbs_imc","horseshoe-002-reveal_75-gibbs_imc","latent_mean",0.8,1104,800940.936982165,1040,0.942028985507246,725.489979150512
"horseshoe",2,"reveal_75","gibbs_imc","horseshoe-002-reveal_75-gibbs_imc","interaction",0.8,1104,799312.047295945,968,0.876811594202899,724.014535594153
"horseshoe",2,"reveal_75","gibbs_imc","horseshoe-002-reveal_75-gibbs_imc","response_holdout",0.8,252,693690.066343005,250,0.992063492063492,2752.73835850399
"horseshoe",2,"reveal_75","gibbs_imc","horseshoe-002-reveal_75-gibbs_imc","viability_holdout",0.8,252,174.137666118646,252,1,0.691022484597802
"horseshoe",2,"reveal_75","gibbs_imc","horseshoe-002-reveal_75-gibbs_imc","latent_mean",0.95,1104,1021672.84573517,1093,0.990036231884058,925.428302296353
"horseshoe",2,"reveal_75","gibbs_imc","horseshoe-002-reveal_75-gibbs_imc","interaction",0.95,1104,993852.130559458,1054,0.954710144927536,900.228379129944
"horseshoe",2,"reveal_75","gibbs_imc","horseshoe-002-reveal_75-gibbs_imc","response_holdout",0.95,252,882891.951345345,252,1,3503.53948946565
"horseshoe",2,"reveal_75","gibbs_imc","horseshoe-002-reveal_75-gibbs_imc","viability_holdout",0.95,252,208.997809865187,252,1,0.829356388353917
"realism",2,"reveal_75","gibbs_imc","realism-002-reveal_75-gibbs_imc","latent_mean",0.5,1104,110.733644841044,574,0.519927536231884,0.100302214529931
"realism",2,"reveal_75","gibbs_imc","realism-002-reveal_75-gibbs_imc","interaction",0.5,1104,36.2759531989374,457,0.413949275362319,0.0328586532599071
"realism",2,"reveal_75","gibbs_imc","realism-002-reveal_75-gibbs_imc","response_holdout",0.5,252,75.8105856773355,136,0.53968253968254,0.300835657449744
"realism",2,"reveal_75","gibbs_imc","realism-002-reveal_75-gibbs_imc","viability_holdout",0.5,252,15.4662343028723,136,0.53968253968254,0.0613739456463185
"realism",2,"reveal_75","gibbs_imc","realism-002-reveal_75-gibbs_imc","latent_mean",0.8,1104,213.307820373911,901,0.816123188405797,0.193213605411151
"realism",2,"reveal_75","gibbs_imc","realism-002-reveal_75-gibbs_imc","interaction",0.8,1104,84.763071106459,808,0.731884057971015,0.0767781441181693
"realism",2,"reveal_75","gibbs_imc","realism-002-reveal_75-gibbs_imc","response_holdout",0.8,252,144.223192252345,197,0.781746031746032,0.572314254969624
"realism",2,"reveal_75","gibbs_imc","realism-002-reveal_75-gibbs_imc","viability_holdout",0.8,252,29.3310584223372,197,0.781746031746032,0.116393088977529
"realism",2,"reveal_75","gibbs_imc","realism-002-reveal_75-gibbs_imc","latent_mean",0.95,1104,337.628476707211,1059,0.959239130434783,0.305822895568126
"realism",2,"reveal_75","gibbs_imc","realism-002-reveal_75-gibbs_imc","interaction",0.95,1104,180.479295581839,1028,0.931159420289855,0.163477622809637
"realism",2,"reveal_75","gibbs_imc","realism-002-reveal_75-gibbs_imc","response_holdout",0.95,252,222.063591523022,242,0.96031746031746,0.881204728265959
"realism",2,"reveal_75","gibbs_imc","realism-002-reveal_75-gibbs_imc","viability_holdout",0.95,252,44.8523557739613,242,0.96031746031746,0.177985538785561
"gamma",1,"reveal_25","gibbs_mci","gamma-001-reveal_25-gibbs_mci","latent_mean",0.5,1104,247.065898972532,611,0.553442028985507,0.223791575156279
"gamma",1,"reveal_25","gibbs_mci","gamma-001-reveal_25-gibbs_mci","interaction",0.5,1104,142.933870799952,739,0.669384057971015,0.129469085869522
"gamma",1,"reveal_25","gibbs_mci","gamma-001-reveal_25-gibbs_mci","response_holdout",0.5,756,277.393911551664,425,0.562169312169312,0.366923163428127
"gamma",1,"reveal_25","gibbs_mci","gamma-001-reveal_25-gibbs_mci","viability_holdout",0.5,756,41.2967608918267,425,0.562169312169312,0.0546253450950088
"gamma",1,"reveal_25","gibbs_mci","gamma-001-reveal_25-gibbs_mci","latent_mean",0.8,1104,479.959438064258,952,0.86231884057971,0.434745867811828
"gamma",1,"reveal_25","gibbs_mci","gamma-001-reveal_25-gibbs_mci","interaction",0.8,1104,299.595421339349,1012,0.916666666666667,0.271372664256657
"gamma",1,"reveal_25","gibbs_mci","gamma-001-reveal_25-gibbs_mci","response_holdout",0.8,756,532.281422680122,636,0.841269841269841,0.704075955926088
"gamma",1,"reveal_25","gibbs_mci","gamma-001-reveal_25-gibbs_mci","viability_holdout",0.8,756,79.2600191143149,636,0.841269841269841,0.104841295124755
"gamma",1,"reveal_25","gibbs_mci","gamma-001-reveal_25-gibbs_mci","latent_mean",0.95,1104,753.916934534655,1080,0.978260869565217,0.682895774035014
"gamma",1,"reveal_25","gibbs_mci","gamma-001-reveal_25-gibbs_mci","interaction",0.95,1104,510.846136336581,1089,0.986413043478261,0.462722949580236
"gamma",1,"reveal_25","gibbs_mci","gamma-001-reveal_25-gibbs_mci","response_holdout",0.95,756,823.479931469525,731,0.966931216931217,1.08925916861048
"gamma",1,"reveal_25","gibbs_mci","gamma-001-reveal_25-gibbs_mci","viability_holdout",0.95,756,122.589537468552,731,0.966931216931217,0.162155472842
"multiplicative_gamma",1,"reveal_25","gibbs_mci","multiplicative_gamma-001-reveal_25-gibbs_mci","latent_mean",0.5,1104,223.967197165563,453,0.410326086956522,0.202868838012286
"multiplicative_gamma",1,"reveal_25","gibbs_mci","multiplicative_gamma-001-reveal_25-gibbs_mci","interaction",0.5,1104,119.155866094266,427,0.386775362318841,0.107931038128864
"multiplicative_gamma",1,"reveal_25","gibbs_mci","multiplicative_gamma-001-reveal_25-gibbs_mci","response_holdout",0.5,756,259.159651113697,332,0.439153439153439,0.342803771314414
"multiplicative_gamma",1,"reveal_25","gibbs_mci","multiplicative_gamma-001-reveal_25-gibbs_mci","viability_holdout",0.5,756,46.3087215390678,332,0.439153439153439,0.0612549226707246
"multiplicative_gamma",1,"reveal_25","gibbs_mci","multiplicative_gamma-001-reveal_25-gibbs_mci","latent_mean",0.8,1104,430.03116146067,772,0.699275362318841,0.389520979583941
"multiplicative_gamma",1,"reveal_25","gibbs_mci","multiplicative_gamma-001-reveal_25-gibbs_mci","interaction",0.8,1104,242.968205586893,721,0.653079710144927,0.22007989636494
"multiplicative_gamma",1,"reveal_25","gibbs_mci","multiplicative_gamma-001-reveal_25-gibbs_mci","response_holdout",0.8,756,494.741700316107,545,0.720899470899471,0.654420238513369
"multiplicative_gamma",1,"reveal_25","gibbs_mci","multiplicative_gamma-001-reveal_25-gibbs_mci","viability_holdout",0.8,756,88.1278842028503,545,0.720899470899471,0.116571275400596
"multiplicative_gamma",1,"reveal_25","gibbs_mci","multiplicative_gamma-001-reveal_25-gibbs_mci","latent_mean",0.95,1104,672.015936145903,983,0.890398550724638,0.60871008708868
"multiplicative_gamma",1,"reveal_25","gibbs_mci","multiplicative_gamma-001-reveal_25-gibbs_mci","interaction",0.95,1104,416.321309669877,949,0.859601449275362,0.377102635570541
"multiplicative_gamma",1,"reveal_25","gibbs_mci","multiplicative_gamma-001-reveal_25-gibbs_mci","response_holdout",0.95,756,763.269433178617,688,0.91005291005291,1.00961565235267
"multiplicative_gamma",1,"reveal_25","gibbs_mci","multiplicative_gamma-001-reveal_25-gibbs_mci","viability_holdout",0.95,756,135.150892138352,688,0.91005291005291,0.178771021347026
"horseshoe",1,"reveal_25","gibbs_mci","horseshoe-001-reveal_25-gibbs_mci","latent_mean",0.5,1104,357291.839857371,829,0.750905797101449,323.633912914286
"horseshoe",1,"reveal_25","gibbs_mci","horseshoe-001-reveal_25-gibbs_mci","interaction",0.5,1104,355717.965789471,833,0.754528985507246,322.208302345535
"horseshoe",1,"reveal_25","gibbs_mci","horseshoe-001-reveal_25-gibbs_mci","response_holdout",0.5,756,356496.226999102,565,0.747354497354497,471.555855818918
"horseshoe",1,"reveal_25","gibbs_mci","horseshoe-001-reveal_25-gibbs_mci","viability_holdout",0.5,756,382.571154609827,635,0.83994708994709,0.50604650080665
"horseshoe",1,"reveal_25","gibbs_mci","horseshoe-001-reveal_25-gibbs_mci","latent_mean",0.8,1104,1220270.09998065,1048,0.949275362318841,1105.31711954769
"horseshoe",1,"reveal_25","gibbs_mci","horseshoe-001-reveal_25-gibbs_mci","interaction",0.8,1104,1218900.29936321,1039,0.941123188405797,1104.07635811885
"horseshoe",1,"reveal_25","gibbs_mci","horseshoe-001-reveal_25-gibbs_mci","response_holdout",0.8,756,1216943.26924478,728,0.962962962962963,1609.71331910685
"horseshoe",1,"reveal_25","gibbs_mci","horseshoe-001-reveal_25-gibbs_mci","viability_holdout",0.8,756,574.57545488823,746,0.986772486772487,0.76002044297385
"horseshoe",1,"reveal_25","gibbs_mci","horseshoe-001-reveal_25-gibbs_mci","latent_mean",0.95,1104,1586143.08009581,1092,0.989130434782609,1436.72380443461
"horseshoe",1,"reveal_25","gibbs_mci","horseshoe-001-reveal_25-gibbs_mci","interaction",0.95,1104,1584080.17070702,1083,0.980978260869565,1434.85522708969
"horseshoe",1,"reveal_25","gibbs_mci","horseshoe-001-reveal_25-gibbs_mci","response_holdout",0.95,756,1579951.42396094,750,0.992063492063492,2089.88283592717
"horseshoe",1,"reveal_25","gibbs_mci","horseshoe-001-reveal_25-gibbs_mci","viability_holdout",0.95,756,655.514097177695,754,0.997354497354497,0.867082139123936
"realism",1,"reveal_25","gibbs_mci","realism-001-reveal_25-gibbs_mci","latent_mean",0.5,1104,190.941399271834,538,0.48731884057971,0.172954166007096
"realism",1,"reveal_25","gibbs_mci","realism-001-reveal_25-gibbs_mci","interaction",0.5,1104,13.1155966547303,209,0.189311594202899,0.0118800694336325
"realism",1,"reveal_25","gibbs_mci","realism-001-reveal_25-gibbs_mci","response_holdout",0.5,756,259.561210394277,376,0.497354497354497,0.343334934383965
"realism",1,"reveal_25","gibbs_mci","realism-001-reveal_25-gibbs_mci","viability_holdout",0.5,756,54.4443795194824,376,0.497354497354497,0.0720163750257704
"realism",1,"reveal_25","gibbs_mci","realism-001-reveal_25-gibbs_mci","latent_mean",0.8,1104,366.717925143827,889,0.805253623188406,0.332172033644771
"realism",1,"reveal_25","gibbs_mci","realism-001-reveal_25-gibbs_mci","interaction",0.8,1104,55.3285935056908,530,0.480072463768116,0.0501164796247199
"realism",1,"reveal_25","gibbs_mci","realism-001-reveal_25-gibbs_mci","response_holdout",0.8,756,494.689837055412,605,0.80026455026455,0.654351636316683
"realism",1,"reveal_25","gibbs_mci","realism-001-reveal_25-gibbs_mci","viability_holdout",0.8,756,103.372131406554,605,0.80026455026455,0.136735623553643
"realism",1,"reveal_25","gibbs_mci","realism-001-reveal_25-gibbs_mci","latent_mean",0.95,1104,575.48752770247,1045,0.946557971014493,0.521274934513107
"realism",1,"reveal_25","gibbs_mci","realism-001-reveal_25-gibbs_mci","interaction",0.95,1104,191.790551460872,911,0.82518115942029,0.173723325598616
"realism",1,"reveal_25","gibbs_mci","realism-001-reveal_25-gibbs_mci","response_holdout",0.95,756,762.147744686773,716,0.947089947089947,1.00813193741637
"realism",1,"reveal_25","gibbs_mci","realism-001-reveal_25-gibbs_mci","viability_holdout",0.95,756,158.102020339531,716,0.947089947089947,0.209129656533772
"gamma",2,"reveal_25","gibbs_mci","gamma-002-reveal_25-gibbs_mci","latent_mean",0.5,1104,253.78180239341,589,0.533514492753623,0.229874821008523
"gamma",2,"reveal_25","gibbs_mci","gamma-002-reveal_25-gibbs_mci","interaction",0.5,1104,146.095375492198,597,0.540760869565217,0.132332767655976
"gamma",2,"reveal_25","gibbs_mci","gamma-002-reveal_25-gibbs_mci","response_holdout",0.5,756,283.482348684665,395,0.522486772486772,0.374976651699293
"gamma",2,"reveal_25","gibbs_mci","gamma-002-reveal_25-gibbs_mci","viability_holdout",0.5,756,42.792436396888,395,0.522486772486772,0.0566037518477355
"gamma",2,"reveal_25","gibbs_mci","gamma-002-reveal_25-gibbs_mci","latent_mean",0.8,1104,488.115905702451,909,0.823369565217391,0.442133972556568
"gamma",2,"reveal_25","gibbs_mci","gamma-002-reveal_25-gibbs_mci","interaction",0.8,1104,296.798944635694,941,0.852355072463768,0.268839623764216
"gamma",2,"reveal_25","gibbs_mci","gamma-002-reveal_25-gibbs_mci","response_holdout",0.8,756,540.596717316566,621,0.821428571428571,0.715075022905511
"gamma",2,"reveal_25","gibbs_mci","gamma-002-reveal_25-gibbs_mci","viability_holdout",0.8,756,81.5965955694986,621,0.821428571428571,0.107932004721559
"gamma",2,"reveal_25","gibbs_mci","gamma-002-reveal_25-gibbs_mci","latent_mean",0.95,1104,764.369618518575,1073,0.971920289855073,0.692363784890013
"gamma",2,"reveal_25","gibbs_mci","gamma-002-reveal_25-gibbs_mci","interaction",0.95,1104,503.958951955112,1079,0.977355072463768,0.456484557930355
"gamma",2,"reveal_25","gibbs_mci","gamma-002-reveal_25-gibbs_mci","response_holdout",0.95,756,833.844060899769,733,0.96957671957672,1.1029683345235
"gamma",2,"reveal_25","gibbs_mci","gamma-002-reveal_25-gibbs_mci","viability_holdout",0.95,756,125.853149845802,733,0.96957671957672,0.166472420430955
"multiplicative_gamma",2,"reveal_25","gibbs_mci","multiplicative_gamma-002-reveal_25-gibbs_mci","latent_mean",0.5,1104,303.49879606497,565,0.511775362318841,0.274908329768995
"multiplicative_gamma",2,"reveal_25","gibbs_mci","multiplicative_gamma-002-reveal_25-gibbs_mci","interaction",0.5,1104,133.226361241902,647,0.586050724637681,0.120676051849549
"multiplicative_gamma",2,"reveal_25","gibbs_mci","multiplicative_gamma-002-reveal_25-gibbs_mci","response_holdout",0.5,756,353.075838514681,364,0.481481481481481,0.467031532426827
"multiplicative_gamma",2,"reveal_25","gibbs_mci","multiplicative_gamma-002-reveal_25-gibbs_mci","viability_holdout",0.5,756,51.3954474450814,364,0.481481481481481,0.0679833960913775
"multiplicative_gamma",2,"reveal_25","gibbs_mci","multiplicative_gamma-002-reveal_25-gibbs_mci","latent_mean",0.8,1104,586.442639556084,919,0.832427536231884,0.531198043076163
"multiplicative_gamma",2,"reveal_25","gibbs_mci","multiplicative_gamma-002-reveal_25-gibbs_mci","interaction",0.8,1104,300.129142213317,926,0.838768115942029,0.27185610707728
"multiplicative_gamma",2,"reveal_25","gibbs_mci","multiplicative_gamma-002-reveal_25-gibbs_mci","response_holdout",0.8,756,674.250762369798,607,0.802910052910053,0.891866087790739
"multiplicative_gamma",2,"reveal_25","gibbs_mci","multiplicative_gamma-002-reveal_25-gibbs_mci","viability_holdout",0.8,756,98.0181378943331,607,0.802910052910053,0.129653621553351
"multiplicative_gamma",2,"reveal_25","gibbs_mci","multiplicative_gamma-002-reveal_25-gibbs_mci","latent_mean",0.95,1104,928.061804416975,1066,0.965579710144927,0.84063569240668
"multiplicative_gamma",2,"reveal_25","gibbs_mci","multiplicative_gamma-002-reveal_25-gibbs_mci","interaction",0.95,1104,558.781313828075,1058,0.958333333333333,0.506142494409489
"multiplicative_gamma",2,"reveal_25","gibbs_mci","multiplicative_gamma-002-reveal_25-gibbs_mci","response_holdout",0.95,756,1043.10574685548,719,0.951058201058201,1.37976950642259
"multiplicative_gamma",2,"reveal_25","gibbs_mci","multiplicative_gamma-002-reveal_25-gibbs_mci","viability_holdout",0.95,756,151.191623326002,719,0.951058201058201,0.199988919743389
"horseshoe",2,"reveal_25","gibbs_mci","horseshoe-002-reveal_25-gibbs_mci","latent_mean",0.5,1104,518669.505365364,754,0.682971014492754,469.809334570076
"horseshoe",2,"reveal_25","gibbs_mci","horseshoe-002-reveal_25-gibbs_mci","interaction",0.5,1104,511329.008862774,757,0.685688405797101,463.160334114832
"horseshoe",2,"reveal_25","gibbs_mci","horseshoe-002-reveal_25-gibbs_mci","response_holdout",0.5,756,514950.20812994,561,0.742063492063492,681.151068954948
"horseshoe",2,"reveal_25","gibbs_mci","horseshoe-002-reveal_25-gibbs_mci","viability_holdout",0.5,756,436.00403556978,659,0.871693121693122,0.576724914774841
"horseshoe",2,"reveal_25","gibbs_mci","horseshoe-002-reveal_25-gibbs_mci","latent_mean",0.8,1104,1349239.92836779,1032,0.934782608695652,1222.13761627517
"horseshoe",2,"reveal_25","gibbs_mci","horseshoe-002-reveal_25-gibbs_mci","interaction",0.8,1104,1337093.93303642,1006,0.911231884057971,1211.1358089098
"horseshoe",2,"reveal_25","gibbs_mci","horseshoe-002-reveal_25-gibbs_mci","response_holdout",0.8,756,1339084.16466884,727,0.961640211640212,1771.27535009106
"horseshoe",2,"reveal_25","gibbs_mci","horseshoe-002-reveal_25-gibbs_mci","viability_holdout",0.8,756,631.701756944232,744,0.984126984126984,0.835584334582317
"horseshoe",2,"reveal_25","gibbs_mci","horseshoe-002-reveal_25-gibbs_mci","latent_mean",0.95,1104,1980838.52441675,1082,0.980072463768116,1794.23779385575
"horseshoe",2,"reveal_25","gibbs_mci","horseshoe-002-reveal_25-gibbs_mci","interaction",0.95,1104,1958940.32500492,1067,0.966485507246377,1774.40246830156
"horseshoe",2,"reveal_25","gibbs_mci","horseshoe-002-reveal_25-gibbs_mci","response_holdout",0.95,756,1970337.33858921,743,0.982804232804233,2606.2663208852
"horseshoe",2,"reveal_25","gibbs_mci","horseshoe-002-reveal_25-gibbs_mci","viability_holdout",0.95,756,670.119504026926,754,0.997354497354497,0.886401460353076
"realism",2,"reveal_25","gibbs_mci","realism-002-reveal_25-gibbs_mci","latent_mean",0.5,1104,195.228951528857,551,0.499094202898551,0.17683781841382
"realism",2,"reveal_25","gibbs_mci","realism-002-reveal_25-gibbs_mci","interaction",0.5,1104,28.5656932907278,487,0.441123188405797,0.0258747221836302
"realism",2,"reveal_25","gibbs_mci","realism-002-reveal_25-gibbs_mci","response_holdout",0.5,756,253.576310079014,370,0.489417989417989,0.335418399575416
"realism",2,"reveal_25","gibbs_mci","realism-002-reveal_25-gibbs_mci","viability_holdout",0.5,756,52.2292579232458,370,0.489417989417989,0.0690863200042934
"realism",2,"reveal_25","gibbs_mci","realism-002-reveal_25-gibbs_mci","latent_mean",0.8,1104,380.511849000329,883,0.79981884057971,0.344666529891603
"realism",2,"reveal_25","gibbs_mci","realism-002-reveal_25-gibbs_mci","interaction",0.8,1104,104.829838297628,793,0.718297101449275,0.0949545636753879
"realism",2,"reveal_25","gibbs_mci","realism-002-reveal_25-gibbs_mci","response_holdout",0.8,756,485.945017129418,588,0.777777777777778,0.642784414192352
"realism",2,"reveal_25","gibbs_mci","realism-002-reveal_25-gibbs_mci","viability_holdout",0.8,756,99.7095744489295,588,0.777777777777778,0.131890971493293
"realism",2,"reveal_25","gibbs_mci","realism-002-reveal_25-gibbs_mci","latent_mean",0.95,1104,621.317950667362,1049,0.95018115942029,0.5627879987929
"realism",2,"reveal_25","gibbs_mci","realism-002-reveal_25-gibbs_mci","interaction",0.95,1104,304.446178810022,1043,0.944746376811594,0.275766466313426
"realism",2,"reveal_25","gibbs_mci","realism-002-reveal_25-gibbs_mci","response_holdout",0.95,756,762.631756915125,725,0.958994708994709,1.00877216523165
"realism",2,"reveal_25","gibbs_mci","realism-002-reveal_25-gibbs_mci","viability_holdout",0.95,756,155.358370477375,725,0.958994708994709,0.205500490049438
"gamma",1,"reveal_75","gibbs_mci","gamma-001-reveal_75-gibbs_mci","latent_mean",0.5,1104,125.75628772288,551,0.499094202898551,0.113909680908406
"gamma",1,"reveal_75","gibbs_mci","gamma-001-reveal_75-gibbs_mci","interaction",0.5,1104,76.3178848342914,608,0.550724637681159,0.0691285188716408
"gamma",1,"reveal_75","gibbs_mci","gamma-001-reveal_75-gibbs_mci","response_holdout",0.5,252,73.8502807445141,142,0.563492063492063,0.293056669621088
"gamma",1,"reveal_75","gibbs_mci","gamma-001-reveal_75-gibbs_mci","viability_holdout",0.5,252,11.3496022021961,142,0.563492063492063,0.0450381039769686
"gamma",1,"reveal_75","gibbs_mci","gamma-001-reveal_75-gibbs_mci","latent_mean",0.8,1104,240.734733584925,878,0.795289855072464,0.218056823899389
"gamma",1,"reveal_75","gibbs_mci","gamma-001-reveal_75-gibbs_mci","interaction",0.8,1104,152.035406472562,924,0.83695652173913,0.137713230500509
"gamma",1,"reveal_75","gibbs_mci","gamma-001-reveal_75-gibbs_mci","response_holdout",0.8,252,140.162381277722,211,0.837301587301587,0.556199925705244
"gamma",1,"reveal_75","gibbs_mci","gamma-001-reveal_75-gibbs_mci","viability_holdout",0.8,252,21.5397857740183,211,0.837301587301587,0.0854753403730886
"gamma",1,"reveal_75","gibbs_mci","gamma-001-reveal_75-gibbs_mci","latent_mean",0.95,1104,373.00263595728,1056,0.956521739130435,0.337864706483044
"gamma",1,"reveal_75","gibbs_mci","gamma-001-reveal_75-gibbs_mci","interaction",0.95,1104,250.806010624571,1061,0.961050724637681,0.227179357449793
"gamma",1,"reveal_75","gibbs_mci","gamma-001-reveal_75-gibbs_mci","response_holdout",0.95,252,214.719452842736,244,0.968253968253968,0.852061320804507
"gamma",1,"reveal_75","gibbs_mci","gamma-001-reveal_75-gibbs_mci","viability_holdout",0.95,252,32.9448061536414,244,0.968253968253968,0.130733357752545
"multiplicative_gamma",1,"reveal_75","gibbs_mci","multiplicative_gamma-001-reveal_75-gibbs_mci","latent_mean",0.5,1104,133.310954362797,523,0.473731884057971,0.120752676053258
"multiplicative_gamma",1,"reveal_75","gibbs_mci","multiplicative_gamma-001-reveal_75-gibbs_mci","interaction",0.5,1104,92.3086934775373,541,0.490036231884058,0.0836129469905229
"multiplicative_gamma",1,"reveal_75","gibbs_mci","multiplicative_gamma-001-reveal_75-gibbs_mci","response_holdout",0.5,252,72.5873086342205,130,0.515873015873016,0.288044875532621
"multiplicative_gamma",1,"reveal_75","gibbs_mci","multiplicative_gamma-001-reveal_75-gibbs_mci","viability_holdout",0.5,252,13.0466080538632,130,0.515873015873016,0.0517722541819969
"multiplicative_gamma",1,"reveal_75","gibbs_mci","multiplicative_gamma-001-reveal_75-gibbs_mci","latent_mean",0.8,1104,254.728764975133,857,0.776268115942029,0.230732576970229
"multiplicative_gamma",1,"reveal_75","gibbs_mci","multiplicative_gamma-001-reveal_75-gibbs_mci","interaction",0.8,1104,180.441549409781,867,0.785326086956522,0.163443432436395
"multiplicative_gamma",1,"reveal_75","gibbs_mci","multiplicative_gamma-001-reveal_75-gibbs_mci","response_holdout",0.8,252,137.805339186678,198,0.785714285714286,0.546846584074119
"multiplicative_gamma",1,"reveal_75","gibbs_mci","multiplicative_gamma-001-reveal_75-gibbs_mci","viability_holdout",0.8,252,24.7475116876481,198,0.785714285714286,0.0982044114589212
"multiplicative_gamma",1,"reveal_75","gibbs_mci","multiplicative_gamma-001-reveal_75-gibbs_mci","latent_mean",0.95,1104,394.395142972683,1036,0.938405797101449,0.357241977330329
"multiplicative_gamma",1,"reveal_75","gibbs_mci","multiplicative_gamma-001-reveal_75-gibbs_mci","interaction",0.95,1104,290.780672488177,1040,0.942028985507246,0.263388290297262
"multiplicative_gamma",1,"reveal_75","gibbs_mci","multiplicative_gamma-001-reveal_75-gibbs_mci","response_holdout",0.95,252,211.258927073945,244,0.968253968253968,0.838329075690259
"multiplicative_gamma",1,"reveal_75","gibbs_mci","multiplicative_gamma-001-reveal_75-gibbs_mci","viability_holdout",0.95,252,37.8090513654598,244,0.968253968253968,0.150035918116904
"horseshoe",1,"reveal_75","gibbs_mci","horseshoe-001-reveal_75-gibbs_mci","latent_mean",0.5,1104,20373.2244556041,747,0.676630434782609,18.4540076590617
"horseshoe",1,"reveal_75","gibbs_mci","horseshoe-001-reveal_75-gibbs_mci","interaction",0.5,1104,20740.5586044981,766,0.693840579710145,18.7867378663932
"horseshoe",1,"reveal_75","gibbs_mci","horseshoe-001-reveal_75-gibbs_mci","response_holdout",0.5,252,13895.3536517592,216,0.857142857142857,55.1402922688857
"horseshoe",1,"reveal_75","gibbs_mci","horseshoe-001-reveal_75-gibbs_mci","viability_holdout",0.5,252,38.2895133618896,231,0.916666666666667,0.151942513340832
"horseshoe",1,"reveal_75","gibbs_mci","horseshoe-001-reveal_75-gibbs_mci","latent_mean",0.8,1104,39718.8827725289,973,0.881340579710145,35.9772488881602
"horseshoe",1,"reveal_75","gibbs_mci","horseshoe-001-reveal_75-gibbs_mci","interaction",0.8,1104,39185.434207265,944,0.855072463768116,35.4940527239719
"horseshoe",1,"reveal_75","gibbs_mci","horseshoe-001-reveal_75-gibbs_mci","response_holdout",0.8,252,29402.6007124685,244,0.968253968253968,116.67698695424
"horseshoe",1,"reveal_75","gibbs_mci","horseshoe-001-reveal_75-gibbs_mci","viability_holdout",0.8,252,83.6725255869788,248,0.984126984126984,0.33203383169436
"horseshoe",1,"reveal_75","gibbs_mci","horseshoe-001-reveal_75-gibbs_mci","latent_mean",0.95,1104,58938.0455503305,1070,0.969202898550725,53.3859108245747
"horseshoe",1,"reveal_75","gibbs_mci","horseshoe-001-reveal_75-gibbs_mci","interaction",0.95,1104,55855.6963345495,1040,0.942028985507246,50.5939278392658
"horseshoe",1,"reveal_75","gibbs_mci","horseshoe-001-reveal_75-gibbs_mci","response_holdout",0.95,252,45173.6783817911,250,0.992063492063492,179.260628499171
"horseshoe",1,"reveal_75","gibbs_mci","horseshoe-001-reveal_75-gibbs_mci","viability_holdout",0.95,252,113.180508283934,251,0.996031746031746,0.449129001126722
"realism",1,"reveal_75","gibbs_mci","realism-001-reveal_75-gibbs_mci","latent_mean",0.5,1104,112.740392452959,540,0.489130434782609,0.102119920700144
"realism",1,"reveal_75","gibbs_mci","realism-001-reveal_75-gibbs_mci","interaction",0.5,1104,43.7329758824523,320,0.289855072463768,0.0396132027920764
"realism",1,"reveal_75","gibbs_mci","realism-001-reveal_75-gibbs_mci","response_holdout",0.5,252,75.2991765034065,129,0.511904761904762,0.298806255965899
"realism",1,"reveal_75","gibbs_mci","realism-001-reveal_75-gibbs_mci","viability_holdout",0.5,252,15.8238977346007,129,0.511904761904762,0.0627932449785742
"realism",1,"reveal_75","gibbs_mci","realism-001-reveal_75-gibbs_mci","latent_mean",0.8,1104,216.87451491981,889,0.805253623188406,0.196444306992582
"realism",1,"reveal_75","gibbs_mci","realism-001-reveal_75-gibbs_mci","interaction",0.8,1104,100.462437569854,626,0.567028985507246,0.0909985847553025
"realism",1,"reveal_75","gibbs_mci","realism-001-reveal_75-gibbs_mci","response_holdout",0.8,252,143.296718225157,205,0.813492063492063,0.568637770734752
"realism",1,"reveal_75","gibbs_mci","realism-001-reveal_75-gibbs_mci","viability_holdout",0.8,252,30.015088341739,205,0.813492063492063,0.119107493419599
"realism",1,"reveal_75","gibbs_mci","realism-001-reveal_75-gibbs_mci","latent_mean",0.95,1104,341.563538241306,1062,0.96195652173913,0.309387262899734
"realism",1,"reveal_75","gibbs_mci","realism-001-reveal_75-gibbs_mci","interaction",0.95,1104,196.863382073666,949,0.859601449275362,0.178318280863828
"realism",1,"reveal_75","gibbs_mci","realism-001-reveal_75-gibbs_mci","response_holdout",0.95,252,220.808246616949,241,0.956349206349206,0.87622320086091
"realism",1,"reveal_75","gibbs_mci","realism-001-reveal_75-gibbs_mci","viability_holdout",0.95,252,45.9393701019388,241,0.956349206349206,0.182299087706106
"gamma",2,"reveal_75","gibbs_mci","gamma-002-reveal_75-gibbs_mci","latent_mean",0.5,1104,136.247446167279,520,0.471014492753623,0.123412541818187
"gamma",2,"reveal_75","gibbs_mci","gamma-002-reveal_75-gibbs_mci","interaction",0.5,1104,93.7384129782539,553,0.500905797101449,0.0849079827701575
"gamma",2,"reveal_75","gibbs_mci","gamma-002-reveal_75-gibbs_mci","response_holdout",0.5,252,74.907815928134,125,0.496031746031746,0.297253237810056
"gamma",2,"reveal_75","gibbs_mci","gamma-002-reveal_75-gibbs_mci","viability_holdout",0.5,252,11.1220153403101,125,0.496031746031746,0.0441349815091672
"gamma",2,"reveal_75","gibbs_mci","gamma-002-reveal_75-gibbs_mci","latent_mean",0.8,1104,260.72392048139,854,0.773550724637681,0.236162971450534
"gamma",2,"reveal_75","gibbs_mci","gamma-002-reveal_75-gibbs_mci","interaction",0.8,1104,183.009457317623,868,0.786231884057971,0.165769435976108
"gamma",2,"reveal_75","gibbs_mci","gamma-002-reveal_75-gibbs_mci","response_holdout",0.8,252,142.328801109029,198,0.785714285714286,0.564796829797733
"gamma",2,"reveal_75","gibbs_mci","gamma-002-reveal_75-gibbs_mci","viability_holdout",0.8,252,21.1432930184149,198,0.785714285714286,0.0839019564222814
"gamma",2,"reveal_75","gibbs_mci","gamma-002-reveal_75-gibbs_mci","latent_mean",0.95,1104,402.865739047929,1058,0.958333333333333,0.364914618702834
"gamma",2,"reveal_75","gibbs_mci","gamma-002-reveal_75-gibbs_mci","interaction",0.95,1104,290.024197814692,1054,0.954710144927536,0.262703077730699
"gamma",2,"reveal_75","gibbs_mci","gamma-002-reveal_75-gibbs_mci","response_holdout",0.95,252,218.117675962856,244,0.968253968253968,0.865546333185937
"gamma",2,"reveal_75","gibbs_mci","gamma-002-reveal_75-gibbs_mci","viability_holdout",0.95,252,32.3758267861315,244,0.968253968253968,0.12847550311957
"multiplicative_gamma",2,"reveal_75","gibbs_mci","multiplicative_gamma-002-reveal_75-gibbs_mci","latent_mean",0.5,1104,181.51433481476,603,0.546195652173913,0.164415158346703
"multiplicative_gamma",2,"reveal_75","gibbs_mci","multiplicative_gamma-002-reveal_75-gibbs_mci","interaction",0.5,1104,110.277446801034,623,0.564311594202899,0.0998889916676035
"multiplicative_gamma",2,"reveal_75","gibbs_mci","multiplicative_gamma-002-reveal_75-gibbs_mci","response_holdout",0.5,252,103.572399955555,141,0.55952380952381,0.41100158712522
"multiplicative_gamma",2,"reveal_75","gibbs_mci","multiplicative_gamma-002-reveal_75-gibbs_mci","viability_holdout",0.5,252,14.1278752392006,141,0.55952380952381,0.0560629969809548
"multiplicative_gamma",2,"reveal_75","gibbs_mci","multiplicative_gamma-002-reveal_75-gibbs_mci","latent_mean",0.8,1104,347.541387027603,912,0.826086956521739,0.314801981003263
"multiplicative_gamma",2,"reveal_75","gibbs_mci","multiplicative_gamma-002-reveal_75-gibbs_mci","interaction",0.8,1104,222.766166565527,925,0.83786231884058,0.20178094797602
"multiplicative_gamma",2,"reveal_75","gibbs_mci","multiplicative_gamma-002-reveal_75-gibbs_mci","response_holdout",0.8,252,197.297014582149,201,0.797619047619048,0.782924661040273
"multiplicative_gamma",2,"reveal_75","gibbs_mci","multiplicative_gamma-002-reveal_75-gibbs_mci","viability_holdout",0.8,252,26.8940117309168,201,0.797619047619048,0.106722268773479
"multiplicative_gamma",2,"reveal_75","gibbs_mci","multiplicative_gamma-002-reveal_75-gibbs_mci","latent_mean",0.95,1104,540.393948645544,1071,0.970108695652174,0.489487272323862
"multiplicative_gamma",2,"reveal_75","gibbs_mci","multiplicative_gamma-002-reveal_75-gibbs_mci","interaction",0.95,1104,373.54298852702,1061,0.961050724637681,0.338354156274474
"multiplicative_gamma",2,"reveal_75","gibbs_mci","multiplicative_gamma-002-reveal_75-gibbs_mci","response_holdout",0.95,252,302.350840272828,239,0.948412698412698,1.19980492171757
"multiplicative_gamma",2,"reveal_75","gibbs_mci","multiplicative_gamma-002-reveal_75-gibbs_mci","viability_holdout",0.95,252,41.1882658994556,239,0.948412698412698,0.163445499601014
"horseshoe",2,"reveal_75","gibbs_mci","horseshoe-002-reveal_75-gibbs_mci","latent_mean",0.5,1104,153304.938228456,764,0.692028985507246,138.863168685195
"horseshoe",2,"reveal_75","gibbs_mci","horseshoe-002-reveal_75-gibbs_mci","interaction",0.5,1104,149359.484698151,684,0.619565217391304,135.289388313542
"horseshoe",2,"reveal_75","gibbs_mci","horseshoe-002-reveal_75-gibbs_mci","response_holdout",0.5,252,127421.652685991,213,0.845238095238095,505.641478912663
"horseshoe",2,"reveal_75","gibbs_mci","horseshoe-002-reveal_75-gibbs_mci","viability_holdout",0.5,252,87.8089297038046,236,0.936507936507937,0.348448133745256
"horseshoe",2,"reveal_75","gibbs_mci","horseshoe-002-reveal_75-gibbs_mci","latent_mean",0.8,1104,1054852.696281,1031,0.933876811594203,955.48251474728
"horseshoe",2,"reveal_75","gibbs_mci","horseshoe-002-reveal_75-gibbs_mci","interaction",0.8,1104,1085811.74695281,963,0.872282608695652,983.525133109429
"horseshoe",2,"reveal_75","gibbs_mci","horseshoe-002-reveal_75-gibbs_mci","response_holdout",0.8,252,920129.943408112,247,0.98015873015873,3651.30929923854
"horseshoe",2,"reveal_75","gibbs_mci","horseshoe-002-reveal_75-gibbs_mci","viability_holdout",0.8,252,155.891142893012,251,0.996031746031746,0.618615646400842
"horseshoe",2,"reveal_75","gibbs_mci","horseshoe-002-reveal_75-gibbs_mci","latent_mean",0.95,1104,2119867.14973369,1095,0.991847826086957,1920.16951968631
"horseshoe",2,"reveal_75","gibbs_mci","horseshoe-002-reveal_75-gibbs_mci","interaction",0.95,1104,2120702.92379673,1048,0.949275362318841,1920.92656141008
"horseshoe",2,"reveal_75","gibbs_mci","horseshoe-002-reveal_75-gibbs_mci","response_holdout",0.95,252,1952369.3086066,252,1,7747.49725637539
"horseshoe",2,"reveal_75","gibbs_mci","horseshoe-002-reveal_75-gibbs_mci","viability_holdout",0.95,252,195.578336001932,252,1,0.776104507944173
"realism",2,"reveal_75","gibbs_mci","realism-002-reveal_75-gibbs_mci","latent_mean",0.5,1104,111.963393048678,570,0.516304347826087,0.101416116891918
"realism",2,"reveal_75","gibbs_mci","realism-002-reveal_75-gibbs_mci","interaction",0.5,1104,38.0194714348996,486,0.440217391304348,0.0344379270243655
"realism",2,"reveal_75","gibbs_mci","realism-002-reveal_75-gibbs_mci","response_holdout",0.5,252,75.5998085307494,132,0.523809523809524,0.299999240201386
"realism",2,"reveal_75","gibbs_mci","realism-002-reveal_75-gibbs_mci","viability_holdout",0.5,252,15.4207281712954,132,0.523809523809524,0.0611933657591089
"realism",2,"reveal_75","gibbs_mci","realism-002-reveal_75-gibbs_mci","latent_mean",0.8,1104,215.297981287612,904,0.818840579710145,0.195016287398199
"realism",2,"reveal_75","gibbs_mci","realism-002-reveal_75-gibbs_mci","interaction",0.8,1104,87.100270940084,796,0.721014492753623,0.0788951729529746
"realism",2,"reveal_75","gibbs_mci","realism-002-reveal_75-gibbs_mci","response_holdout",0.8,252,144.286704185105,196,0.777777777777778,0.572566286448828
"realism",2,"reveal_75","gibbs_mci","realism-002-reveal_75-gibbs_mci","viability_holdout",0.8,252,29.3337536642621,196,0.777777777777778,0.116403784381993
"realism",2,"reveal_75","gibbs_mci","realism-002-reveal_75-gibbs_mci","latent_mean",0.95,1104,338.206633192567,1059,0.959239130434783,0.306346588036746
"realism",2,"reveal_75","gibbs_mci","realism-002-reveal_75-gibbs_mci","interaction",0.95,1104,180.405057792908,1026,0.929347826086957,0.163410378435605
"realism",2,"reveal_75","gibbs_mci","realism-002-reveal_75-gibbs_mci","response_holdout",0.95,252,221.536886959816,244,0.968253968253968,0.879114630792919
"realism",2,"reveal_75","gibbs_mci","realism-002-reveal_75-gibbs_mci","viability_holdout",0.95,252,44.7470857520149,244,0.968253968253968,0.177567800603234
"gamma",1,"reveal_25","gibbs_mic","gamma-001-reveal_25-gibbs_mic","latent_mean",0.5,1104,239.027181868075,601,0.544384057971015,0.216510128503691
"gamma",1,"reveal_25","gibbs_mic","gamma-001-reveal_25-gibbs_mic","interaction",0.5,1104,132.660660333449,722,0.653985507246377,0.120163641606385
"gamma",1,"reveal_25","gibbs_mic","gamma-001-reveal_25-gibbs_mic","response_holdout",0.5,756,272.417748421953,426,0.563492063492063,0.360340937066076
"gamma",1,"reveal_25","gibbs_mic","gamma-001-reveal_25-gibbs_mic","viability_holdout",0.5,756,40.5614336382624,426,0.563492063492063,0.0536526899977016
"gamma",1,"reveal_25","gibbs_mic","gamma-001-reveal_25-gibbs_mic","latent_mean",0.8,1104,458.968390194638,955,0.865036231884058,0.415732237495143
"gamma",1,"reveal_25","gibbs_mic","gamma-001-reveal_25-gibbs_mic","interaction",0.8,1104,271.887103304921,1006,0.911231884057971,0.246274550095037
"gamma",1,"reveal_25","gibbs_mic","gamma-001-reveal_25-gibbs_mic","response_holdout",0.8,756,519.337128258953,636,0.841269841269841,0.686953873358404
"gamma",1,"reveal_25","gibbs_mic","gamma-001-reveal_25-gibbs_mic","viability_holdout",0.8,756,77.3355184094811,636,0.841269841269841,0.1022956592718
"gamma",1,"reveal_25","gibbs_mic","gamma-001-reveal_25-gibbs_mic","latent_mean",0.95,1104,717.977284996016,1083,0.980978260869565,0.650341743655812
"gamma",1,"reveal_25","gibbs_mic","gamma-001-reveal_25-gibbs_mic","interaction",0.95,1104,464.305763113649,1086,0.983695652173913,0.420566814414537
"gamma",1,"reveal_25","gibbs_mic","gamma-001-reveal_25-gibbs_mic","response_holdout",0.95,756,799.860640399611,723,0.956349206349206,1.05801672010531
"gamma",1,"reveal_25","gibbs_mic","gamma-001-reveal_25-gibbs_mic","viability_holdout",0.95,756,119.092783806829,723,0.956349206349206,0.15753013731062
"multiplicative_gamma",1,"reveal_25","gibbs_mic","multiplicative_gamma-001-reveal_25-gibbs_mic","latent_mean",0.5,1104,226.18468709892,463,0.419384057971014,0.204877433966413
"multiplicative_gamma",1,"reveal_25","gibbs_mic","multiplicative_gamma-001-reveal_25-gibbs_mic","interaction",0.5,1104,122.906691715673,440,0.398550724637681,0.111328525104776
"multiplicative_gamma",1,"reveal_25","gibbs_mic","multiplicative_gamma-001-reveal_25-gibbs_mic","response_holdout",0.5,756,260.101167026868,321,0.424603174603175,0.344049162733953
"multiplicative_gamma",1,"reveal_25","gibbs_mic","multiplicative_gamma-001-reveal_25-gibbs_mic","viability_holdout",0.5,756,46.4923072256065,321,0.424603174603175,0.0614977608804318
"multiplicative_gamma",1,"reveal_25","gibbs_mic","multiplicative_gamma-001-reveal_25-gibbs_mic","latent_mean",0.8,1104,435.028411372589,776,0.702898550724638,0.394047474069374
"multiplicative_gamma",1,"reveal_25","gibbs_mic","multiplicative_gamma-001-reveal_25-gibbs_mic","interaction",0.8,1104,250.24674826982,730,0.661231884057971,0.226672779229909
"multiplicative_gamma",1,"reveal_25","gibbs_mic","multiplicative_gamma-001-reveal_25-gibbs_mic","response_holdout",0.8,756,497.179027756603,541,0.715608465608466,0.657644216609264
"multiplicative_gamma",1,"reveal_25","gibbs_mic","multiplicative_gamma-001-reveal_25-gibbs_mic","viability_holdout",0.8,756,88.6137031714028,541,0.715608465608466,0.117213893083866
"multiplicative_gamma",1,"reveal_25","gibbs_mic","multiplicative_gamma-001-reveal_25-gibbs_mic","latent_mean",0.95,1104,680.05904516268,985,0.892210144927536,0.615995511922717
"multiplicative_gamma",1,"reveal_25","gibbs_mic","multiplicative_gamma-001-reveal_25-gibbs_mic","interaction",0.95,1104,426.099989196397,951,0.861413043478261,0.385960135141664
"multiplicative_gamma",1,"reveal_25","gibbs_mic","multiplicative_gamma-001-reveal_25-gibbs_mic","response_holdout",0.95,756,766.608545442332,689,0.911375661375661,1.01403246751631
"multiplicative_gamma",1,"reveal_25","gibbs_mic","multiplicative_gamma-001-reveal_25-gibbs_mic","viability_holdout",0.95,756,135.806982236098,689,0.911375661375661,0.179638865391664
"horseshoe",1,"reveal_25","gibbs_mic","horseshoe-001-reveal_25-gibbs_mic","latent_mean",0.5,1104,207161.46835645,842,0.76268115942029,187.646257569248
"horseshoe",1,"reveal_25","gibbs_mic","horseshoe-001-reveal_25-gibbs_mic","interaction",0.5,1104,207037.994543275,860,0.778985507246377,187.534415347169
"horseshoe",1,"reveal_25","gibbs_mic","horseshoe-001-reveal_25-gibbs_mic","response_holdout",0.5,756,206383.800237421,606,0.801587301587302,272.994444758494
"horseshoe",1,"reveal_25","gibbs_mic","horseshoe-001-reveal_25-gibbs_mic","viability_holdout",0.5,756,340.752962766415,660,0.873015873015873,0.450731432230707
"horseshoe",1,"reveal_25","gibbs_mic","horseshoe-001-reveal_25-gibbs_mic","latent_mean",0.8,1104,625197.948968008,1020,0.923913043478261,566.302490007254
"horseshoe",1,"reveal_25","gibbs_mic","horseshoe-001-reveal_25-gibbs_mic","interaction",0.8,1104,624685.728110168,1013,0.917572463768116,565.83852183892
"horseshoe",1,"reveal_25","gibbs_mic","horseshoe-001-reveal_25-gibbs_mic","response_holdout",0.8,756,622509.35206351,699,0.924603174603175,823.425068867077
"horseshoe",1,"reveal_25","gibbs_mic","horseshoe-001-reveal_25-gibbs_mic","viability_holdout",0.8,756,514.703015608712,724,0.957671957671958,0.680824094720519
"horseshoe",1,"reveal_25","gibbs_mic","horseshoe-001-reveal_25-gibbs_mic","latent_mean",0.95,1104,1204896.83933831,1054,0.954710144927536,1091.39206461804
"horseshoe",1,"reveal_25","gibbs_mic","horseshoe-001-reveal_25-gibbs_mic","interaction",0.95,1104,1203707.86344707,1050,0.951086956521739,1090.31509370205
"horseshoe",1,"reveal_25","gibbs_mic","horseshoe-001-reveal_25-gibbs_mic","response_holdout",0.95,756,1197311.14076455,718,0.94973544973545,1583.7448951912
"horseshoe",1,"reveal_25","gibbs_mic","horseshoe-001-reveal_25-gibbs_mic","viability_holdout",0.95,756,633.942554843485,739,0.977513227513228,0.838548352967573
"realism",1,"reveal_25","gibbs_mic","realism-001-reveal_25-gibbs_mic","latent_mean",0.5,1104,192.423799762205,525,0.47554347826087,0.174296920074461
"realism",1,"reveal_25","gibbs_mic","realism-001-reveal_25-gibbs_mic","interaction",0.5,1104,13.180181198509,208,0.188405797101449,0.0119385699261857
"realism",1,"reveal_25","gibbs_mic","realism-001-reveal_25-gibbs_mic","response_holdout",0.5,756,260.399196803022,369,0.488095238095238,0.344443382014579
"realism",1,"reveal_25","gibbs_mic","realism-001-reveal_25-gibbs_mic","viability_holdout",0.5,756,54.6326339110071,369,0.488095238095238,0.0722653887711734
"realism",1,"reveal_25","gibbs_mic","realism-001-reveal_25-gibbs_mic","latent_mean",0.8,1104,368.985493731856,886,0.802536231884058,0.334225990699145
"realism",1,"reveal_25","gibbs_mic","realism-001-reveal_25-gibbs_mic","interaction",0.8,1104,55.0585679316251,538,0.48731884057971,0.049871891242414
"realism",1,"reveal_25","gibbs_mic","realism-001-reveal_25-gibbs_mic","response_holdout",0.8,756,495.792987556315,600,0.793650793650794,0.655810830100946
"realism",1,"reveal_25","gibbs_mic","realism-001-reveal_25-gibbs_mic","viability_holdout",0.8,756,103.617025447876,600,0.793650793650794,0.137059557470735
"realism",1,"reveal_25","gibbs_mic","realism-001-reveal_25-gibbs_mic","latent_mean",0.95,1104,578.869000214414,1045,0.946557971014493,0.524337862513056
"realism",1,"reveal_25","gibbs_mic","realism-001-reveal_25-gibbs_mic","interaction",0.95,1104,193.650804505617,909,0.823369565217391,0.175408337414508
"realism",1,"reveal_25","gibbs_mic","realism-001-reveal_25-gibbs_mic","response_holdout",0.95,756,765.692028095453,718,0.94973544973545,1.0128201429834
"realism",1,"reveal_25","gibbs_mic","realism-001-reveal_25-gibbs_mic","viability_holdout",0.95,756,158.78978873939,718,0.94973544973545,0.210039403094432
"gamma",2,"reveal_25","gibbs_mic","gamma-002-reveal_25-gibbs_mic","latent_mean",0.5,1104,253.524550837948,591,0.535326086956522,0.229641803295243
"gamma",2,"reveal_25","gibbs_mic","gamma-002-reveal_25-gibbs_mic","interaction",0.5,1104,146.932386587098,601,0.544384057971015,0.133090929879618
"gamma",2,"reveal_25","gibbs_mic","gamma-002-reveal_25-gibbs_mic","response_holdout",0.5,756,283.234465675994,397,0.525132275132275,0.374648764121685
"gamma",2,"reveal_25","gibbs_mic","gamma-002-reveal_25-gibbs_mic","viability_holdout",0.5,756,42.8530959209823,397,0.525132275132275,0.0566839893134687
"gamma",2,"reveal_25","gibbs_mic","gamma-002-reveal_25-gibbs_mic","latent_mean",0.8,1104,487.921606872127,914,0.827898550724638,0.441957977239245
"gamma",2,"reveal_25","gibbs_mic","gamma-002-reveal_25-gibbs_mic","interaction",0.8,1104,297.947479598835,951,0.861413043478261,0.269879963404742
"gamma",2,"reveal_25","gibbs_mic","gamma-002-reveal_25-gibbs_mic","response_holdout",0.8,756,541.498748758345,623,0.824074074074074,0.716268186188286
"gamma",2,"reveal_25","gibbs_mic","gamma-002-reveal_25-gibbs_mic","viability_holdout",0.8,756,81.8897660660858,623,0.824074074074074,0.108319796383711
"gamma",2,"reveal_25","gibbs_mic","gamma-002-reveal_25-gibbs_mic","latent_mean",0.95,1104,764.416609782661,1067,0.966485507246377,0.692406349440817
"gamma",2,"reveal_25","gibbs_mic","gamma-002-reveal_25-gibbs_mic","interaction",0.95,1104,504.62522700156,1084,0.981884057971015,0.457088067936196
"gamma",2,"reveal_25","gibbs_mic","gamma-002-reveal_25-gibbs_mic","response_holdout",0.95,756,835.142660389241,731,0.966931216931217,1.10468605871593
"gamma",2,"reveal_25","gibbs_mic","gamma-002-reveal_25-gibbs_mic","viability_holdout",0.95,756,126.150705981631,731,0.966931216931217,0.166866013203215
"multiplicative_gamma",2,"reveal_25","gibbs_mic","multiplicative_gamma-002-reveal_25-gibbs_mic","latent_mean",0.5,1104,303.043247437747,574,0.519927536231884,0.274495695142887
"multiplicative_gamma",2,"reveal_25","gibbs_mic","multiplicative_gamma-002-reveal_25-gibbs_mic","interaction",0.5,1104,135.593378400541,656,0.594202898550725,0.122820089130925
"multiplicative_gamma",2,"reveal_25","gibbs_mic","multiplicative_gamma-002-reveal_25-gibbs_mic","response_holdout",0.5,756,351.615753819088,358,0.473544973544974,0.465100203464403
"multiplicative_gamma",2,"reveal_25","gibbs_mic","multiplicative_gamma-002-reveal_25-gibbs_mic","viability_holdout",0.5,756,51.267593790977,358,0.473544973544974,0.0678142775012923
"multiplicative_gamma",2,"reveal_25","gibbs_mic","multiplicative_gamma-002-reveal_25-gibbs_mic","latent_mean",0.8,1104,584.570486360052,916,0.829710144927536,0.529502252137728
"multiplicative_gamma",2,"reveal_25","gibbs_mic","multiplicative_gamma-002-reveal_25-gibbs_mic","interaction",0.8,1104,303.982710419885,924,0.83695652173913,0.275346657989026
"multiplicative_gamma",2,"reveal_25","gibbs_mic","multiplicative_gamma-002-reveal_25-gibbs_mic","response_holdout",0.8,756,671.061417996772,608,0.804232804232804,0.887647378302608
"multiplicative_gamma",2,"reveal_25","gibbs_mic","multiplicative_gamma-002-reveal_25-gibbs_mic","viability_holdout",0.8,756,97.665213684944,608,0.804232804232804,0.12918679058855
"multiplicative_gamma",2,"reveal_25","gibbs_mic","multiplicative_gamma-002-reveal_25-gibbs_mic","latent_mean",0.95,1104,922.824120311403,1061,0.961050724637681,0.835891413325546
"multiplicative_gamma",2,"reveal_25","gibbs_mic","multiplicative_gamma-002-reveal_25-gibbs_mic","interaction",0.95,1104,563.613586287099,1054,0.954710144927536,0.510519552796286
"multiplicative_gamma",2,"reveal_25","gibbs_mic","multiplicative_gamma-002-reveal_25-gibbs_mic","response_holdout",0.95,756,1038.3693910724,718,0.94973544973545,1.37350448554551
"multiplicative_gamma",2,"reveal_25","gibbs_mic","multiplicative_gamma-002-reveal_25-gibbs_mic","viability_holdout",0.95,756,150.711997971807,718,0.94973544973545,0.199354494671703
"horseshoe",2,"reveal_25","gibbs_mic","horseshoe-002-reveal_25-gibbs_mic","latent_mean",0.5,1104,242201.747943763,739,0.669384057971015,219.385641253408
"horseshoe",2,"reveal_25","gibbs_mic","horseshoe-002-reveal_25-gibbs_mic","interaction",0.5,1104,239331.916108274,754,0.682971014492754,216.786155895175
"horseshoe",2,"reveal_25","gibbs_mic","horseshoe-002-reveal_25-gibbs_mic","response_holdout",0.5,756,241149.847781796,543,0.718253968253968,318.98128013465
"horseshoe",2,"reveal_25","gibbs_mic","horseshoe-002-reveal_25-gibbs_mic","viability_holdout",0.5,756,213.206550464489,660,0.873015873015873,0.282019246646149
"horseshoe",2,"reveal_25","gibbs_mic","horseshoe-002-reveal_25-gibbs_mic","latent_mean",0.8,1104,1005893.25037676,1004,0.909420289855073,911.135190558656
"horseshoe",2,"reveal_25","gibbs_mic","horseshoe-002-reveal_25-gibbs_mic","interaction",0.8,1104,1000412.53770531,969,0.877717391304348,906.170776906985
"horseshoe",2,"reveal_25","gibbs_mic","horseshoe-002-reveal_25-gibbs_mic","response_holdout",0.8,756,1001148.01583019,706,0.933862433862434,1324.26986220925
"horseshoe",2,"reveal_25","gibbs_mic","horseshoe-002-reveal_25-gibbs_mic","viability_holdout",0.8,756,415.488362695682,740,0.978835978835979,0.549587781343495
"horseshoe",2,"reveal_25","gibbs_mic","horseshoe-002-reveal_25-gibbs_mic","latent_mean",0.95,1104,1277945.67452127,1083,0.980978260869565,1157.559487791
"horseshoe",2,"reveal_25","gibbs_mic","horseshoe-002-reveal_25-gibbs_mic","interaction",0.95,1104,1266842.06126072,1059,0.959239130434783,1147.50186708398
"horseshoe",2,"reveal_25","gibbs_mic","horseshoe-002-reveal_25-gibbs_mic","response_holdout",0.95,756,1267223.17855468,752,0.994708994708995,1676.22113565434
"horseshoe",2,"reveal_25","gibbs_mic","horseshoe-002-reveal_25-gibbs_mic","viability_holdout",0.95,756,552.601125737711,754,0.997354497354497,0.730953870023427
"realism",2,"reveal_25","gibbs_mic","realism-002-reveal_25-gibbs_mic","latent_mean",0.5,1104,192.444918665103,562,0.509057971014493,0.174316049515492
"realism",2,"reveal_25","gibbs_mic","realism-002-reveal_25-gibbs_mic","interaction",0.5,1104,24.8138711298468,469,0.42481884057971,0.0224763325451511
"realism",2,"reveal_25","gibbs_mic","realism-002-reveal_25-gibbs_mic","response_holdout",0.5,756,252.032118127253,374,0.494708994708995,0.333375817628641
"realism",2,"reveal_25","gibbs_mic","realism-002-reveal_25-gibbs_mic","viability_holdout",0.5,756,51.8691077804137,374,0.494708994708995,0.0686099309264731
"realism",2,"reveal_25","gibbs_mic","realism-002-reveal_25-gibbs_mic","latent_mean",0.8,1104,374.626312813798,881,0.798007246376812,0.339335428273367
"realism",2,"reveal_25","gibbs_mic","realism-002-reveal_25-gibbs_mic","interaction",0.8,1104,95.9116764157991,771,0.698369565217391,0.0868765184925716
"realism",2,"reveal_25","gibbs_mic","realism-002-reveal_25-gibbs_mic","response_holdout",0.8,756,483.367146433713,586,0.775132275132275,0.639374532319726
"realism",2,"reveal_25","gibbs_mic","realism-002-reveal_25-gibbs_mic","viability_holdout",0.8,756,99.0992070411822,586,0.775132275132275,0.131083607197331
"realism",2,"reveal_25","gibbs_mic","realism-002-reveal_25-gibbs_mic","latent_mean",0.95,1104,613.343969509001,1045,0.946557971014493,0.555565189772646
"realism",2,"reveal_25","gibbs_mic","realism-002-reveal_25-gibbs_mic","interaction",0.95,1104,293.174913784745,1038,0.940217391304348,0.265556987123863
"realism",2,"reveal_25","gibbs_mic","realism-002-reveal_25-gibbs_mic","response_holdout",0.95,756,758.627860421946,724,0.957671957671958,1.00347600584914
"realism",2,"reveal_25","gibbs_mic","realism-002-reveal_25-gibbs_mic","viability_holdout",0.95,756,154.372675512484,724,0.957671957671958,0.204196660730798
"gamma",1,"reveal_75","gibbs_mic","gamma-001-reveal_75-gibbs_mic","latent_mean",0.5,1104,126.492436700739,552,0.5,0.114576482518785
"gamma",1,"reveal_75","gibbs_mic","gamma-001-reveal_75-gibbs_mic","interaction",0.5,1104,76.4792806333008,598,0.541666666666667,0.0692747107185696
"gamma",1,"reveal_75","gibbs_mic","gamma-001-reveal_75-gibbs_mic","response_holdout",0.5,252,73.8868703849164,144,0.571428571428571,0.293201866606811
"gamma",1,"reveal_75","gibbs_mic","gamma-001-reveal_75-gibbs_mic","viability_holdout",0.5,252,11.3651716684834,144,0.571428571428571,0.0450998875733469
"gamma",1,"reveal_75","gibbs_mic","gamma-001-reveal_75-gibbs_mic","latent_mean",0.8,1104,242.060304617597,882,0.798913043478261,0.219257522298548
"gamma",1,"reveal_75","gibbs_mic","gamma-001-reveal_75-gibbs_mic","interaction",0.8,1104,152.566803675755,917,0.830615942028985,0.138194568546879
"gamma",1,"reveal_75","gibbs_mic","gamma-001-reveal_75-gibbs_mic","response_holdout",0.8,252,140.421751907545,209,0.829365079365079,0.557229174236291
"gamma",1,"reveal_75","gibbs_mic","gamma-001-reveal_75-gibbs_mic","viability_holdout",0.8,252,21.5847660569457,209,0.829365079365079,0.0856538335593085
"gamma",1,"reveal_75","gibbs_mic","gamma-001-reveal_75-gibbs_mic","latent_mean",0.95,1104,375.17265044372,1049,0.95018115942029,0.339830299314964
"gamma",1,"reveal_75","gibbs_mic","gamma-001-reveal_75-gibbs_mic","interaction",0.95,1104,252.305181749011,1057,0.957427536231884,0.228537302308887
"gamma",1,"reveal_75","gibbs_mic","gamma-001-reveal_75-gibbs_mic","response_holdout",0.95,252,215.005702741628,244,0.968253968253968,0.853197233101697
"gamma",1,"reveal_75","gibbs_mic","gamma-001-reveal_75-gibbs_mic","viability_holdout",0.95,252,33.0336281879403,244,0.968253968253968,0.13108582614262
"multiplicative_gamma",1,"reveal_75","gibbs_mic","multiplicative_gamma-001-reveal_75-gibbs_mic","latent_mean",0.5,1104,133.319108820169,525,0.47554347826087,0.12076006233711
"multiplicative_gamma",1,"reveal_75","gibbs_mic","multiplicative_gamma-001-reveal_75-gibbs_mic","interaction",0.5,1104,91.9297931032221,532,0.481884057971014,0.0832697401297301
"multiplicative_gamma",1,"reveal_75","gibbs_mic","multiplicative_gamma-001-reveal_75-gibbs_mic","response_holdout",0.5,252,72.8377962699012,127,0.503968253968254,0.28903887408691
"multiplicative_gamma",1,"reveal_75","gibbs_mic","multiplicative_gamma-001-reveal_75-gibbs_mic","viability_holdout",0.5,252,13.0961823647294,127,0.503968253968254,0.0519689776378149
"multiplicative_gamma",1,"reveal_75","gibbs_mic","multiplicative_gamma-001-reveal_75-gibbs_mic","latent_mean",0.8,1104,254.399651543041,855,0.77445652173913,0.230434466977392
"multiplicative_gamma",1,"reveal_75","gibbs_mic","multiplicative_gamma-001-reveal_75-gibbs_mic","interaction",0.8,1104,179.338907471927,843,0.763586956521739,0.162444662565152
"multiplicative_gamma",1,"reveal_75","gibbs_mic","multiplicative_gamma-001-reveal_75-gibbs_mic","response_holdout",0.8,252,138.413636657922,198,0.785714285714286,0.54926046292826
"multiplicative_gamma",1,"reveal_75","gibbs_mic","multiplicative_gamma-001-reveal_75-gibbs_mic","viability_holdout",0.8,252,24.8379981156887,198,0.785714285714286,0.0985634845860662
"multiplicative_gamma",1,"reveal_75","gibbs_mic","multiplicative_gamma-001-reveal_75-gibbs_mic","latent_mean",0.95,1104,392.620977982288,1027,0.930253623188406,0.355634943824536
"multiplicative_gamma",1,"reveal_75","gibbs_mic","multiplicative_gamma-001-reveal_75-gibbs_mic","interaction",0.95,1104,285.680836858208,1042,0.943840579710145,0.258768873965768
"multiplicative_gamma",1,"reveal_75","gibbs_mic","multiplicative_gamma-001-reveal_75-gibbs_mic","response_holdout",0.95,252,212.189581616946,243,0.964285714285714,0.842022149273596
"multiplicative_gamma",1,"reveal_75","gibbs_mic","multiplicative_gamma-001-reveal_75-gibbs_mic","viability_holdout",0.95,252,37.9526652868622,243,0.964285714285714,0.150605814630406
"horseshoe",1,"reveal_75","gibbs_mic","horseshoe-001-reveal_75-gibbs_mic","latent_mean",0.5,1104,8319.54649524792,783,0.709239130434783,7.53582110076804
"horseshoe",1,"reveal_75","gibbs_mic","horseshoe-001-reveal_75-gibbs_mic","interaction",0.5,1104,8442.77364682227,784,0.710144927536232,7.64743989748394
"horseshoe",1,"reveal_75","gibbs_mic","horseshoe-001-reveal_75-gibbs_mic","response_holdout",0.5,252,5187.92355616943,218,0.865079365079365,20.5869982387676
"horseshoe",1,"reveal_75","gibbs_mic","horseshoe-001-reveal_75-gibbs_mic","viability_holdout",0.5,252,21.2764510510956,231,0.916666666666667,0.0844303613138713
"horseshoe",1,"reveal_75","gibbs_mic","horseshoe-001-reveal_75-gibbs_mic","latent_mean",0.8,1104,29620.6971525705,1007,0.91213768115942,26.8303416237051
"horseshoe",1,"reveal_75","gibbs_mic","horseshoe-001-reveal_75-gibbs_mic","interaction",0.8,1104,29403.8391711891,964,0.873188405797101,26.6339122927437
"horseshoe",1,"reveal_75","gibbs_mic","horseshoe-001-reveal_75-gibbs_mic","response_holdout",0.8,252,18251.7478302671,244,0.968253968253968,72.4275707550282
"horseshoe",1,"reveal_75","gibbs_mic","horseshoe-001-reveal_75-gibbs_mic","viability_holdout",0.8,252,72.1289815072819,248,0.984126984126984,0.286226117092389
"horseshoe",1,"reveal_75","gibbs_mic","horseshoe-001-reveal_75-gibbs_mic","latent_mean",0.95,1104,46784.6077291477,1081,0.979166666666667,42.3773620735033
"horseshoe",1,"reveal_75","gibbs_mic","horseshoe-001-reveal_75-gibbs_mic","interaction",0.95,1104,43550.375362518,1051,0.951992753623188,39.4478037703968
"horseshoe",1,"reveal_75","gibbs_mic","horseshoe-001-reveal_75-gibbs_mic","response_holdout",0.95,252,31861.6397530794,251,0.996031746031746,126.435078385236
"horseshoe",1,"reveal_75","gibbs_mic","horseshoe-001-reveal_75-gibbs_mic","viability_holdout",0.95,252,105.322809808656,251,0.996031746031746,0.417947657970859
"realism",1,"reveal_75","gibbs_mic","realism-001-reveal_75-gibbs_mic","latent_mean",0.5,1104,112.521595349725,544,0.492753623188406,0.101921734918229
"realism",1,"reveal_75","gibbs_mic","realism-001-reveal_75-gibbs_mic","interaction",0.5,1104,44.2564241716713,330,0.298913043478261,0.0400873407352095
"realism",1,"reveal_75","gibbs_mic","realism-001-reveal_75-gibbs_mic","response_holdout",0.5,252,75.2832476733017,128,0.507936507936508,0.298743046322626
"realism",1,"reveal_75","gibbs_mic","realism-001-reveal_75-gibbs_mic","viability_holdout",0.5,252,15.8296819625019,128,0.507936507936508,0.0628161982638966
"realism",1,"reveal_75","gibbs_mic","realism-001-reveal_75-gibbs_mic","latent_mean",0.8,1104,216.722830083092,891,0.807065217391304,0.196306911307149
"realism",1,"reveal_75","gibbs_mic","realism-001-reveal_75-gibbs_mic","interaction",0.8,1104,99.4747222547667,622,0.563405797101449,0.0901039150858394
"realism",1,"reveal_75","gibbs_mic","realism-001-reveal_75-gibbs_mic","response_holdout",0.8,252,143.240359687181,204,0.80952380952381,0.568414125742781
"realism",1,"reveal_75","gibbs_mic","realism-001-reveal_75-gibbs_mic","viability_holdout",0.8,252,30.0136460409997,204,0.80952380952381,0.119101770003967
"realism",1,"reveal_75","gibbs_mic","realism-001-reveal_75-gibbs_mic","latent_mean",0.95,1104,341.534791410029,1058,0.958333333333333,0.309361224103287
"realism",1,"reveal_75","gibbs_mic","realism-001-reveal_75-gibbs_mic","interaction",0.95,1104,195.891909770728,952,0.86231884057971,0.177438324067688
"realism",1,"reveal_75","gibbs_mic","realism-001-reveal_75-gibbs_mic","response_holdout",0.95,252,220.222787648794,240,0.952380952380952,0.873899950987278
"realism",1,"reveal_75","gibbs_mic","realism-001-reveal_75-gibbs_mic","viability_holdout",0.95,252,45.8498667121496,240,0.952380952380952,0.181943915524403
"gamma",2,"reveal_75","gibbs_mic","gamma-002-reveal_75-gibbs_mic","latent_mean",0.5,1104,133.651281879102,521,0.471920289855072,0.12106094373107
"gamma",2,"reveal_75","gibbs_mic","gamma-002-reveal_75-gibbs_mic","interaction",0.5,1104,90.2812232954207,563,0.509963768115942,0.0817764703762869
"gamma",2,"reveal_75","gibbs_mic","gamma-002-reveal_75-gibbs_mic","response_holdout",0.5,252,74.3850563243545,126,0.5,0.295178794937915
"gamma",2,"reveal_75","gibbs_mic","gamma-002-reveal_75-gibbs_mic","viability_holdout",0.5,252,11.0374503632274,126,0.5,0.0437994062032833
"gamma",2,"reveal_75","gibbs_mic","gamma-002-reveal_75-gibbs_mic","latent_mean",0.8,1104,254.850742703098,860,0.778985507246377,0.230843064042661
"gamma",2,"reveal_75","gibbs_mic","gamma-002-reveal_75-gibbs_mic","interaction",0.8,1104,175.608551930843,876,0.793478260869565,0.159065717328662
"gamma",2,"reveal_75","gibbs_mic","gamma-002-reveal_75-gibbs_mic","response_holdout",0.8,252,141.440113164741,200,0.793650793650794,0.561270290336274
"gamma",2,"reveal_75","gibbs_mic","gamma-002-reveal_75-gibbs_mic","viability_holdout",0.8,252,21.0103161683102,200,0.793650793650794,0.0833742705091674
"gamma",2,"reveal_75","gibbs_mic","gamma-002-reveal_75-gibbs_mic","latent_mean",0.95,1104,393.260266918407,1063,0.96286231884058,0.356214009889861
"gamma",2,"reveal_75","gibbs_mic","gamma-002-reveal_75-gibbs_mic","interaction",0.95,1104,281.364785552254,1063,0.96286231884058,0.254859407203129
"gamma",2,"reveal_75","gibbs_mic","gamma-002-reveal_75-gibbs_mic","response_holdout",0.95,252,216.982507705578,243,0.964285714285714,0.861041697244355
"gamma",2,"reveal_75","gibbs_mic","gamma-002-reveal_75-gibbs_mic","viability_holdout",0.95,252,32.2263280739919,243,0.964285714285714,0.127882254261873
"multiplicative_gamma",2,"reveal_75","gibbs_mic","multiplicative_gamma-002-reveal_75-gibbs_mic","latent_mean",0.5,1104,181.645839065964,601,0.544384057971015,0.164534274516272
"multiplicative_gamma",2,"reveal_75","gibbs_mic","multiplicative_gamma-002-reveal_75-gibbs_mic","interaction",0.5,1104,111.334190548839,621,0.5625,0.10084618709134
"multiplicative_gamma",2,"reveal_75","gibbs_mic","multiplicative_gamma-002-reveal_75-gibbs_mic","response_holdout",0.5,252,103.504282097571,139,0.551587301587302,0.410731278164964
"multiplicative_gamma",2,"reveal_75","gibbs_mic","multiplicative_gamma-002-reveal_75-gibbs_mic","viability_holdout",0.5,252,14.1107908523191,139,0.551587301587302,0.0559952017949172
"multiplicative_gamma",2,"reveal_75","gibbs_mic","multiplicative_gamma-002-reveal_75-gibbs_mic","latent_mean",0.8,1104,348.305077002347,914,0.827898550724638,0.315493729168792
"multiplicative_gamma",2,"reveal_75","gibbs_mic","multiplicative_gamma-002-reveal_75-gibbs_mic","interaction",0.8,1104,225.011160276088,924,0.83695652173913,0.203814456771819
"multiplicative_gamma",2,"reveal_75","gibbs_mic","multiplicative_gamma-002-reveal_75-gibbs_mic","response_holdout",0.8,252,197.258263996264,204,0.80952380952381,0.782770888874063
"multiplicative_gamma",2,"reveal_75","gibbs_mic","multiplicative_gamma-002-reveal_75-gibbs_mic","viability_holdout",0.8,252,26.9029410179434,204,0.80952380952381,0.106757702452157
"multiplicative_gamma",2,"reveal_75","gibbs_mic","multiplicative_gamma-002-reveal_75-gibbs_mic","latent_mean",0.95,1104,541.469845267328,1070,0.969202898550725,0.490461816365334
"multiplicative_gamma",2,"reveal_75","gibbs_mic","multiplicative_gamma-002-reveal_75-gibbs_mic","interaction",0.95,1104,376.250516712516,1060,0.960144927536232,0.340806627456989
"multiplicative_gamma",2,"reveal_75","gibbs_mic","multiplicative_gamma-002-reveal_75-gibbs_mic","response_holdout",0.95,252,302.447956007828,240,0.952380952380952,1.20019030161836
"multiplicative_gamma",2,"reveal_75","gibbs_mic","multiplicative_gamma-002-reveal_75-gibbs_mic","viability_holdout",0.95,252,41.2229121227713,240,0.952380952380952,0.163582984614172
"horseshoe",2,"reveal_75","gibbs_mic","horseshoe-002-reveal_75-gibbs_mic","latent_mean",0.5,1104,16141.9916941051,719,0.651268115942029,14.6213692881387
"horseshoe",2,"reveal_75","gibbs_mic","horseshoe-002-reveal_75-gibbs_mic","interaction",0.5,1104,15497.9319806783,640,0.579710144927536,14.0379818665565
"horseshoe",2,"reveal_75","gibbs_mic","horseshoe-002-reveal_75-gibbs_mic","response_holdout",0.5,252,10594.1545261964,192,0.761904761904762,42.0402957388746
"horseshoe",2,"reveal_75","gibbs_mic","horseshoe-002-reveal_75-gibbs_mic","viability_holdout",0.5,252,18.6179298043666,218,0.865079365079365,0.0738806738268514
"horseshoe",2,"reveal_75","gibbs_mic","horseshoe-002-reveal_75-gibbs_mic","latent_mean",0.8,1104,66824.9925163385,964,0.873188405797101,60.529884525669
"horseshoe",2,"reveal_75","gibbs_mic","horseshoe-002-reveal_75-gibbs_mic","interaction",0.8,1104,63029.893138886,856,0.77536231884058,57.0922945098605
"horseshoe",2,"reveal_75","gibbs_mic","horseshoe-002-reveal_75-gibbs_mic","response_holdout",0.8,252,49277.9770514577,230,0.912698412698413,195.547527981975
"horseshoe",2,"reveal_75","gibbs_mic","horseshoe-002-reveal_75-gibbs_mic","viability_holdout",0.8,252,64.3213805220412,240,0.952380952380952,0.255243573500164
"horseshoe",2,"reveal_75","gibbs_mic","horseshoe-002-reveal_75-gibbs_mic","latent_mean",0.95,1104,102571.157827189,1060,0.960144927536232,92.9086574521641
"horseshoe",2,"reveal_75","gibbs_mic","horseshoe-002-reveal_75-gibbs_mic","interaction",0.95,1104,93641.5869696408,1015,0.919384057971015,84.8202780522109
"horseshoe",2,"reveal_75","gibbs_mic","horseshoe-002-reveal_75-gibbs_mic","response_holdout",0.95,252,77931.9752000165,251,0.996031746031746,309.253869841335
"horseshoe",2,"reveal_75","gibbs_mic","horseshoe-002-reveal_75-gibbs_mic","viability_holdout",0.95,252,102.220482405731,251,0.996031746031746,0.405636834943378
"realism",2,"reveal_75","gibbs_mic","realism-002-reveal_75-gibbs_mic","latent_mean",0.5,1104,111.650768837369,572,0.518115942028985,0.101132942787472
"realism",2,"reveal_75","gibbs_mic","realism-002-reveal_75-gibbs_mic","interaction",0.5,1104,38.1580533276524,472,0.427536231884058,0.0345634541011344
"realism",2,"reveal_75","gibbs_mic","realism-002-reveal_75-gibbs_mic","response_holdout",0.5,252,75.7569904468521,132,0.523809523809524,0.300622977963699
"realism",2,"reveal_75","gibbs_mic","realism-002-reveal_75-gibbs_mic","viability_holdout",0.5,252,15.4523381350508,132,0.523809523809524,0.0613188021232176
"realism",2,"reveal_75","gibbs_mic","realism-002-reveal_75-gibbs_mic","latent_mean",0.8,1104,215.001656865849,904,0.818840579710145,0.194747877595878
"realism",2,"reveal_75","gibbs_mic","realism-002-reveal_75-gibbs_mic","interaction",0.8,1104,86.9940222558477,815,0.738224637681159,0.0787989332027606
"realism",2,"reveal_75","gibbs_mic","realism-002-reveal_75-gibbs_mic","response_holdout",0.8,252,144.459795608889,198,0.785714285714286,0.573253157178129
"realism",2,"reveal_75","gibbs_mic","realism-002-reveal_75-gibbs_mic","viability_holdout",0.8,252,29.3629399863014,198,0.785714285714286,0.116519603120244
"realism",2,"reveal_75","gibbs_mic","realism-002-reveal_75-gibbs_mic","latent_mean",0.95,1104,339.062663884998,1060,0.960144927536232,0.307121978156701
"realism",2,"reveal_75","gibbs_mic","realism-002-reveal_75-gibbs_mic","interaction",0.95,1104,180.324438261013,1027,0.930253623188406,0.163337353497295
"realism",2,"reveal_75","gibbs_mic","realism-002-reveal_75-gibbs_mic","response_holdout",0.95,252,222.434487306629,241,0.956349206349206,0.882676536931068
"realism",2,"reveal_75","gibbs_mic","realism-002-reveal_75-gibbs_mic","viability_holdout",0.95,252,44.945402657204,241,0.956349206349206,0.178354772449222
