"scenario","dataset","mask","adapter","id","variable","mean","sd","rhat","ess_bulk","ess_tail","mcse_mean","ess_bulk_per_second","ess_tail_per_second"
"gamma",1,"reveal_25","gibbs","gamma-001-reveal_25-gibbs","sigma",0.189269803145475,0.0092078046162399,1.01167731652494,266.802192603426,772.089754572494,0.000564687453319926,12.369132712259,35.7946107822204
"gamma",1,"reveal_25","gibbs","gamma-001-reveal_25-gibbs","mean_row_1",1.1602280433748,0.10494982604665,1.00795082129703,309.813605662748,749.609058168346,0.00596138396624884,14.3631713334607,34.7523902720605
"gamma",1,"reveal_25","gibbs","gamma-001-reveal_25-gibbs","mean_row_159",1.39158255499445,0.098241298538087,1.00068529133215,1525.69217511337,1892.49634380814,0.00251898726642865,70.7321360738698,87.7374290128949
"gamma",1,"reveal_25","gibbs","gamma-001-reveal_25-gibbs","mean_row_316",1.16240957161249,0.267447516554215,1.01705644777381,158.691465824701,62.3771248813123,0.023447792074544,7.35704523990271,2.89184630882301
"gamma",1,"reveal_25","gibbs","gamma-001-reveal_25-gibbs","mean_row_474",2.0171232985221,0.179881760297248,1.00792656589178,557.030632460434,1207.12682431229,0.00772518973273806,25.824322320836,55.9632278308899
"gamma",1,"reveal_25","gibbs","gamma-001-reveal_25-gibbs","mean_row_631",0.746418145714566,0.157406089496464,1.00735033148329,703.472539532119,1013.49402002544,0.00593666877361505,32.6134696120593,46.9862781652962
"gamma",1,"reveal_25","gibbs","gamma-001-reveal_25-gibbs","mean_row_789",1.01197456781819,0.13576342058073,1.01808876853482,364.09274559043,1411.83211430106,0.0071358499387521,16.879589503497,65.4535055308788
"gamma",1,"reveal_25","gibbs","gamma-001-reveal_25-gibbs","mean_row_946",1.99124094118268,0.218881628715297,1.00300844285409,861.37755124745,1149.46253040515,0.0074828853567321,39.9340542998354,53.2898715996824
"gamma",1,"reveal_25","gibbs","gamma-001-reveal_25-gibbs","mean_row_1104",1.50783739068827,0.160743908925794,1.01163107379522,441.665243628086,1436.62998996706,0.00762971661734941,20.4759037379734,66.6031520615232
"gamma",1,"reveal_25","gibbs","gamma-001-reveal_25-gibbs","interaction_row_97",-0.161233860958277,0.360180148093463,1.00387767199257,448.043966713643,830.895857314044,0.0169024169949454,20.7716257169051,38.5209020544295
"gamma",1,"reveal_25","gibbs","gamma-001-reveal_25-gibbs","interaction_row_241",0.652202354853756,0.21674626905191,1.02429059566283,150.315263320531,620.648224144068,0.0173458872287449,6.96871874457723,28.7736775217463
"gamma",1,"reveal_25","gibbs","gamma-001-reveal_25-gibbs","interaction_row_385",0.0714728888101656,0.173189553420151,1.01001933582209,402.96192155745,1073.68140049655,0.00859560772783409,18.6815911709527,49.776606420795
"gamma",1,"reveal_25","gibbs","gamma-001-reveal_25-gibbs","interaction_row_529",0.112734464480604,0.274800702506595,1.01025019443409,399.382830963174,897.481263839363,0.0134724067419911,18.5156620752515,41.6078471877312
"gamma",1,"reveal_25","gibbs","gamma-001-reveal_25-gibbs","interaction_row_672",0.0233089153080437,0.0550666438121355,1.00435744923407,760.69843362198,831.125243831536,0.00199706527120063,35.2665013269346,38.5315365707713
"gamma",1,"reveal_25","gibbs","gamma-001-reveal_25-gibbs","interaction_row_816",-0.0739292990929381,0.061856553632618,1.00957045038927,426.515415776904,1048.32094861865,0.00298487278744686,19.7735473239177,48.6008784709618
"gamma",1,"reveal_25","gibbs","gamma-001-reveal_25-gibbs","interaction_row_960",-0.0139064378157491,0.065607143528742,1.00254505880886,841.286960449288,1005.93277543633,0.0022314832043413,39.0026407255117,46.6357336780868
"gamma",1,"reveal_25","gibbs","gamma-001-reveal_25-gibbs","interaction_row_1104",0.063436467188909,0.0928713830959538,1.0084352270743,448.536090510241,630.95765693579,0.00423957541641276,20.7944409137803,29.2516298996657
"gamma",1,"reveal_25","gibbs","gamma-001-reveal_25-gibbs","observed_log_likelihood",88.9622278850121,13.7439262191552,1.0230837734863,135.251903437992,439.662674571689,1.18532512013075,6.27037104487677,20.3830632624798
"multiplicative_gamma",1,"reveal_25","gibbs","multiplicative_gamma-001-reveal_25-gibbs","sigma",0.183784530653593,0.00863408642200741,1.02252544691013,294.238637598834,762.88852574856,0.000506323307256639,12.0117014042633,31.143391808808
"multiplicative_gamma",1,"reveal_25","gibbs","multiplicative_gamma-001-reveal_25-gibbs","mean_row_1",0.723984517420345,0.0948472789121696,1.00824472529333,319.203229134104,769.277436446572,0.00528669894905275,13.0308307125287,31.4042062559835
"multiplicative_gamma",1,"reveal_25","gibbs","multiplicative_gamma-001-reveal_25-gibbs","mean_row_159",-0.213019635374172,0.103283305610225,1.00156825551866,976.340343473098,1438.67249737732,0.0033142703521348,39.8571335513185,58.7309151444039
"multiplicative_gamma",1,"reveal_25","gibbs","multiplicative_gamma-001-reveal_25-gibbs","mean_row_316",0.492687612818469,0.116758406922077,1.0096615874844,765.572738713098,1384.02436972413,0.00422248032439762,31.2529694118672,56.5000150932449
"multiplicative_gamma",1,"reveal_25","gibbs","multiplicative_gamma-001-reveal_25-gibbs","mean_row_474",1.22085726211355,0.131916564774285,1.00138156293872,744.375363061807,1137.30862766932,0.00480999250112973,30.3876291256453,46.42834045025
"multiplicative_gamma",1,"reveal_25","gibbs","multiplicative_gamma-001-reveal_25-gibbs","mean_row_631",0.69734943132923,0.137231227639394,1.006872610574,727.176807426391,807.559059415478,0.00528425988207008,29.6855326349768,32.9669766253869
"multiplicative_gamma",1,"reveal_25","gibbs","multiplicative_gamma-001-reveal_25-gibbs","mean_row_789",0.281777690690316,0.150023140673805,1.00644551034228,1063.85052662087,1650.02220343102,0.00460209937814393,43.4295610148953,67.3588424000255
"multiplicative_gamma",1,"reveal_25","gibbs","multiplicative_gamma-001-reveal_25-gibbs","mean_row_946",2.01208323948269,0.16209673271705,1.00456339497645,652.42324654984,1044.6192228271,0.00636927136378018,26.6338686540594,42.6444816634185
"multiplicative_gamma",1,"reveal_25","gibbs","multiplicative_gamma-001-reveal_25-gibbs","mean_row_1104",2.18555742371404,0.118386843632594,1.01367553046987,639.774387038677,1467.16185319018,0.00468727200450148,26.117504369639,59.8939358748439
"multiplicative_gamma",1,"reveal_25","gibbs","multiplicative_gamma-001-reveal_25-gibbs","interaction_row_97",-0.327042783286657,0.218688862671923,1.00469593146963,628.016619179113,741.670387552161,0.0087223844927421,25.6375171121454,30.2772039333835
"multiplicative_gamma",1,"reveal_25","gibbs","multiplicative_gamma-001-reveal_25-gibbs","interaction_row_241",0.463529495146078,0.152438102783703,1.01011431168859,463.30415900325,708.302227446745,0.00704136625258515,18.9134617489897,28.9150158167352
"multiplicative_gamma",1,"reveal_25","gibbs","multiplicative_gamma-001-reveal_25-gibbs","interaction_row_385",0.772971957578901,0.442044115668134,1.00765458347893,581.771218815806,1010.97891334248,0.0185199286077316,23.7496415257922,41.271183594974
"multiplicative_gamma",1,"reveal_25","gibbs","multiplicative_gamma-001-reveal_25-gibbs","interaction_row_529",0.133027112810232,0.172259245070312,1.00506702626124,566.71802430245,1010.2538164586,0.00714822264620328,23.1351250939929,41.2415829710402
"multiplicative_gamma",1,"reveal_25","gibbs","multiplicative_gamma-001-reveal_25-gibbs","interaction_row_672",0.00456066821828267,0.0391322666363584,1.02157642916608,299.751516610128,740.452064736819,0.00219226305665724,12.2367536173305,30.2274683514378
"multiplicative_gamma",1,"reveal_25","gibbs","multiplicative_gamma-001-reveal_25-gibbs","interaction_row_816",-0.0327551254185877,0.041851277681922,1.01329010358858,357.874245517164,1078.19230586214,0.0020629454801451,14.6094972859718,44.0150353470826
"multiplicative_gamma",1,"reveal_25","gibbs","multiplicative_gamma-001-reveal_25-gibbs","interaction_row_960",-0.0165165483978229,0.0608400679817632,1.01225418324586,266.277941062154,631.003400032103,0.00368747720236309,10.8702621269658,25.7594464415457
"multiplicative_gamma",1,"reveal_25","gibbs","multiplicative_gamma-001-reveal_25-gibbs","interaction_row_1104",0.00259063049221966,0.0552427572730651,1.01828683925418,437.991534239397,619.527316209878,0.00256360085267882,17.880124683189,25.2909583691165
"multiplicative_gamma",1,"reveal_25","gibbs","multiplicative_gamma-001-reveal_25-gibbs","observed_log_likelihood",100.526473973353,13.41538964661,1.04020442162501,92.2375609219418,441.599098397432,1.41704725245616,3.76541316631049,18.02739624418
"horseshoe",1,"reveal_25","gibbs","horseshoe-001-reveal_25-gibbs","sigma",5.04691650196066,2.09761203180322,2.36346272542197,4.99652197603028,30.5240185031351,1.03212822793032,0.215664795236112,1.31750770472785
"horseshoe",1,"reveal_25","gibbs","horseshoe-001-reveal_25-gibbs","mean_row_1",8.50358314464842,3.63834720349543,1.48829390017144,7.83051804341971,33.651779066528,1.49380149904825,0.337988520520531,1.45251118208424
"horseshoe",1,"reveal_25","gibbs","horseshoe-001-reveal_25-gibbs","mean_row_159",375.803062685109,4.8452283294379,1.07699858506794,851.390636005532,56.7118415652343,0.173032909673506,36.7485599104596,2.44785227750492
"horseshoe",1,"reveal_25","gibbs","horseshoe-001-reveal_25-gibbs","mean_row_316",-437.381983101597,24.8153764791434,1.81973956733432,5.92126657923617,30.0037188672006,10.5987123320534,0.25557953121703,1.29505002016577
"horseshoe",1,"reveal_25","gibbs","horseshoe-001-reveal_25-gibbs","mean_row_474",15.7456583634656,4.81914053577026,1.21972434411121,16.4604501128401,35.904127139241,1.13565126973933,0.710482135395372,1.54972924461502
"horseshoe",1,"reveal_25","gibbs","horseshoe-001-reveal_25-gibbs","mean_row_631",106.548894266461,10.8179456056893,1.54831789097757,9.81381573907132,43.4771119824528,3.73597849358614,0.423593566085604,1.87660186388349
"horseshoe",1,"reveal_25","gibbs","horseshoe-001-reveal_25-gibbs","mean_row_789",52.2391673869344,5.84620148547173,1.34772299840532,9.35096293137461,29.4180092111484,2.20407406975679,0.403615458018584,1.26976904398948
"horseshoe",1,"reveal_25","gibbs","horseshoe-001-reveal_25-gibbs","mean_row_946",29.69055109655,104.823290684979,2.49649604480009,4.87686182459349,19.2709636015716,50.0366298543319,0.210499906102964,0.831792282526395
"horseshoe",1,"reveal_25","gibbs","horseshoe-001-reveal_25-gibbs","mean_row_1104",356.07922450639,163.030918125255,1.84201785420231,5.85092280320389,12.9382693050672,80.3221541268615,0.252543283978067,0.558454303568159
"horseshoe",1,"reveal_25","gibbs","horseshoe-001-reveal_25-gibbs","interaction_row_97",-180.703278513033,20.7055102172484,1.60600326964981,33.7800155622908,31.6202887272306,2.03053894732282,1.45804625182539,1.36482599824026
"horseshoe",1,"reveal_25","gibbs","horseshoe-001-reveal_25-gibbs","interaction_row_241",43.13415419541,3.62673102675838,1.2619775547257,20.6166765850733,16.8029795350299,0.819781098463745,0.889877269728643,0.725266727168067
"horseshoe",1,"reveal_25","gibbs","horseshoe-001-reveal_25-gibbs","interaction_row_385",33.8083301368478,33.2561606973489,1.8400511293933,52.7083190108739,27.4718190421163,1.72611201731426,2.27504829984779,1.18576566998084
"horseshoe",1,"reveal_25","gibbs","horseshoe-001-reveal_25-gibbs","interaction_row_529",-42.4235485202596,46.0648921671361,1.9644688454073,149.473956125148,29.2019084478475,2.36068953962833,6.45174189076085,1.2604414903249
"horseshoe",1,"reveal_25","gibbs","horseshoe-001-reveal_25-gibbs","interaction_row_672",849.297082183603,9.87561595229329,1.33648223876337,9.74613942136376,24.4368615465381,3.58912486250577,0.420672454306099,1.05476784990236
"horseshoe",1,"reveal_25","gibbs","horseshoe-001-reveal_25-gibbs","interaction_row_816",723.755043465845,6.18815769555999,1.19742888935852,21.3268891086342,50.6798584230774,1.24503339438658,0.920532161111623,2.18749388911763
"horseshoe",1,"reveal_25","gibbs","horseshoe-001-reveal_25-gibbs","interaction_row_960",-108.523783018355,6.09783372422304,1.42618636885033,23.9582083558966,25.632155569801,1.3368253307375,1.03410775016818,1.10636030601696
"horseshoe",1,"reveal_25","gibbs","horseshoe-001-reveal_25-gibbs","interaction_row_1104",112.251400441364,170.397409297921,1.73564674378542,6.2186455488596,12.4178975891067,84.0268717238798,0.268415294753952,0.535993507817104
"horseshoe",1,"reveal_25","gibbs","horseshoe-001-reveal_25-gibbs","observed_log_likelihood",-1054.90424977377,134.457811304462,2.44079405359158,4.93548413348903,46.8516342136086,66.3875517458893,0.213030219850182,2.02225631101556
"realism",1,"reveal_25","gibbs","realism-001-reveal_25-gibbs","sigma",0.20627538171104,0.00891880404190325,1.00523770014835,681.151367365525,889.494591096379,0.000341016687245693,31.1127468764228,40.6291778694732
"realism",1,"reveal_25","gibbs","realism-001-reveal_25-gibbs","mean_row_1",1.30902360071408,0.0846460211321913,1.01749514902345,275.71649089678,570.32710805014,0.00512897277874309,12.5938195266423,26.0506603960233
"realism",1,"reveal_25","gibbs","realism-001-reveal_25-gibbs","mean_row_159",0.367700986307373,0.079617594454526,0.999405316854682,544.505541397072,1086.59428054943,0.0033869426792637,24.871216434343,49.632041316833
"realism",1,"reveal_25","gibbs","realism-001-reveal_25-gibbs","mean_row_316",0.753620759734097,0.10197218439632,1.00779619282684,784.50464030005,1207.62812137906,0.00354596569533607,35.833583350845,55.1604677924019
"realism",1,"reveal_25","gibbs","realism-001-reveal_25-gibbs","mean_row_474",0.615410371338572,0.187152880507651,1.0211968254878,270.51630583806,1054.72974578715,0.0119290252437948,12.3562922321317,48.1765745118141
"realism",1,"reveal_25","gibbs","realism-001-reveal_25-gibbs","mean_row_631",0.612285517818107,0.102901710812996,1.01497119438669,419.16374640794,999.998334099825,0.0049831843149483,19.146016827659,45.6766242223461
"realism",1,"reveal_25","gibbs","realism-001-reveal_25-gibbs","mean_row_789",-0.870805665242816,0.0980197910845766,1.00097646633144,1156.43102337991,1684.57894668187,0.00288335936031729,52.8219532900885,76.9460077048312
"realism",1,"reveal_25","gibbs","realism-001-reveal_25-gibbs","mean_row_946",1.13239645901275,0.246090423747049,1.00384614711793,605.490420223114,960.841116982274,0.0100080027111973,27.656804468237,43.8880517508917
"realism",1,"reveal_25","gibbs","realism-001-reveal_25-gibbs","mean_row_1104",-1.0350899876142,0.113272074668029,1.00760630297125,691.406628605821,1411.76055886162,0.00431316930247849,31.5811733707496,64.4845639638981
"realism",1,"reveal_25","gibbs","realism-001-reveal_25-gibbs","interaction_row_97",-6.02611734900834e-05,0.0673662571569315,1.02217862911349,1884.58081063039,1071.69079445397,0.00158429767530808,86.081432906883,48.9512992487994
"realism",1,"reveal_25","gibbs","realism-001-reveal_25-gibbs","interaction_row_241",0.00211489931678251,0.0846630372338269,1.02012880215345,1137.12376598538,575.302144057279,0.0029418252428139,51.9400614801707,26.2779036247786
"realism",1,"reveal_25","gibbs","realism-001-reveal_25-gibbs","interaction_row_385",-0.000102546037019465,0.0647539266695256,1.00871658517127,1892.17516695035,1067.62676851609,0.00181685702491107,86.4283180445964,48.7656679539617
"realism",1,"reveal_25","gibbs","realism-001-reveal_25-gibbs","interaction_row_529",0.00178733184650477,0.0974682909369837,1.02187037290279,1429.03899495396,804.229310607942,0.00314072560079424,65.2737859112026,36.7345412053141
"realism",1,"reveal_25","gibbs","realism-001-reveal_25-gibbs","interaction_row_672",0.00407572403514454,0.0287573053309763,1.00825935409921,1234.02081547585,556.597200767399,0.00111411438804522,56.3659989711712,25.4235235357145
"realism",1,"reveal_25","gibbs","realism-001-reveal_25-gibbs","interaction_row_816",-0.00550888468895676,0.0347901505119504,1.02952742622471,416.001832392446,151.627306809269,0.00259417630197728,19.001591028751,6.92583505272321
"realism",1,"reveal_25","gibbs","realism-001-reveal_25-gibbs","interaction_row_960",-0.00359172429583649,0.0335716189319451,1.01688575976508,1676.75138972463,897.444897659705,0.00101018271445737,76.5884707314955,40.99232163978
"realism",1,"reveal_25","gibbs","realism-001-reveal_25-gibbs","interaction_row_1104",0.000234532962570135,0.0393778669465882,1.01595535869044,1461.92954148593,773.11339628822,0.00140886083053209,66.7761175483454,35.3132689118996
"realism",1,"reveal_25","gibbs","realism-001-reveal_25-gibbs","observed_log_likelihood",54.7341387400059,9.03373985691216,1.02095831463405,322.905517946775,437.421063106238,0.506192047446043,14.7492585733693,19.9799508110463
"gamma",2,"reveal_25","gibbs","gamma-002-reveal_25-gibbs","sigma",0.194617593588491,0.0101540695699192,1.05543968819599,85.5598054166658,437.475234753552,0.00111305942108962,3.81707809130786,19.5170749388156
"gamma",2,"reveal_25","gibbs","gamma-002-reveal_25-gibbs","mean_row_1",0.758275937713391,0.0921901743792719,1.01020321927406,386.203850002757,861.752427674021,0.00470242758691963,17.2297055544393,38.4453458699095
"gamma",2,"reveal_25","gibbs","gamma-002-reveal_25-gibbs","mean_row_159",0.617306882493727,0.1697848875043,1.00180806136659,864.381277554342,1321.27912134103,0.00579442951591899,38.5626267032943,58.9462021566376
"gamma",2,"reveal_25","gibbs","gamma-002-reveal_25-gibbs","mean_row_316",1.6249462995411,0.143511380323013,1.01483716980452,461.902891508413,1232.66295991202,0.00663087115485373,20.6068655591529,54.9927709084106
"gamma",2,"reveal_25","gibbs","gamma-002-reveal_25-gibbs","mean_row_474",1.90919201898526,0.1167979168176,1.00297779336706,1090.61439380767,1788.11181942762,0.00353195283836421,48.6555607319952,79.7730010897889
"gamma",2,"reveal_25","gibbs","gamma-002-reveal_25-gibbs","mean_row_631",0.954829036147416,0.237681958404151,1.00523094234398,763.129109347151,1207.15506542838,0.00859582294677031,34.0454655073456,53.854787661315
"gamma",2,"reveal_25","gibbs","gamma-002-reveal_25-gibbs","mean_row_789",1.39089742623254,0.222167321888091,1.02901276044961,255.862513288866,714.787557711177,0.0144110696985524,11.4147897965142,31.8888047160908
"gamma",2,"reveal_25","gibbs","gamma-002-reveal_25-gibbs","mean_row_946",1.85044827959704,0.179823293416035,1.00259065308364,1141.14906407245,1693.53029248383,0.00530955147067767,50.9100630859893,75.5534370949733
"gamma",2,"reveal_25","gibbs","gamma-002-reveal_25-gibbs","mean_row_1104",1.07950643104717,0.195543907317075,1.00883996779769,343.156768601342,803.832225685784,0.0106000191346354,15.3092468704591,35.8613529192854
"gamma",2,"reveal_25","gibbs","gamma-002-reveal_25-gibbs","interaction_row_97",-0.0479168550407556,0.0806499417914833,1.01478267834082,406.137385389249,1137.235498921,0.0039727183702199,18.1190000173655,50.7354672728529
"gamma",2,"reveal_25","gibbs","gamma-002-reveal_25-gibbs","interaction_row_241",-0.16633056052329,0.134762366961672,1.03152051447424,192.779852688074,244.01106537182,0.00972573173432218,8.60048417078181,10.8860613594388
"gamma",2,"reveal_25","gibbs","gamma-002-reveal_25-gibbs","interaction_row_385",0.132632083609092,0.11779073475031,1.0022946233588,658.091864027153,1236.50936382121,0.00466381531907383,29.3594407328642,55.1643704582295
"gamma",2,"reveal_25","gibbs","gamma-002-reveal_25-gibbs","interaction_row_529",-0.110504014475786,0.10801304914386,1.01009479459355,741.353865486966,1265.41887328992,0.0039643118643353,33.0740069367372,56.4541098947095
"gamma",2,"reveal_25","gibbs","gamma-002-reveal_25-gibbs","interaction_row_672",-0.0661212709892031,0.0928258857285422,1.00279018176833,608.500273611013,1018.66028213145,0.0037524704746994,27.1470119835383,45.4454732157685
"gamma",2,"reveal_25","gibbs","gamma-002-reveal_25-gibbs","interaction_row_816",-0.059718563142333,0.0904902776479358,1.01708054978147,248.715901492394,530.80305778576,0.00579279275337853,11.0959581303767,23.6807074631166
"gamma",2,"reveal_25","gibbs","gamma-002-reveal_25-gibbs","interaction_row_960",-0.187548134195618,0.14542149374388,1.03432275090274,137.932702186332,401.169010683678,0.0106100085279757,6.1535892119711,17.8973460041792
"gamma",2,"reveal_25","gibbs","gamma-002-reveal_25-gibbs","interaction_row_1104",-0.020148739339743,0.130756358624183,1.02668022897649,183.657787037436,513.06242149052,0.00980588421202263,8.19352161666007,22.8892447687049
"gamma",2,"reveal_25","gibbs","gamma-002-reveal_25-gibbs","observed_log_likelihood",77.6252268291669,16.1605166945387,1.10059818509613,32.3998554336708,101.728761974557,2.74697753442037,1.44545417950795,4.53842346529363
"multiplicative_gamma",2,"reveal_25","gibbs","multiplicative_gamma-002-reveal_25-gibbs","sigma",0.252126854394524,0.0131959352515996,1.03283871606441,179.227123176989,687.250690804736,0.00100674080981587,8.14150645848043,31.2188012539626
"multiplicative_gamma",2,"reveal_25","gibbs","multiplicative_gamma-002-reveal_25-gibbs","mean_row_1",1.23407537734242,0.126168164527183,1.01174312862531,418.156798045803,1160.52161356603,0.00618148918235225,18.9950394315345,52.7174349761982
"multiplicative_gamma",2,"reveal_25","gibbs","multiplicative_gamma-002-reveal_25-gibbs","mean_row_159",1.33959535416901,0.189210985010402,1.01026423995313,653.429221692013,994.703287666494,0.00753143911544547,29.6824394336335,45.1850316919455
"multiplicative_gamma",2,"reveal_25","gibbs","multiplicative_gamma-002-reveal_25-gibbs","mean_row_316",5.13696839767543,0.176633337703522,1.00776312028267,1061.81098208236,1541.27450257644,0.00539978408655012,48.2334415409445,70.013377967495
"multiplicative_gamma",2,"reveal_25","gibbs","multiplicative_gamma-002-reveal_25-gibbs","mean_row_474",-0.226189936066671,0.143895084786766,1.00384394845763,678.012702862538,1663.23772920861,0.00552293283282977,30.7991597557252,75.5536353778778
"multiplicative_gamma",2,"reveal_25","gibbs","multiplicative_gamma-002-reveal_25-gibbs","mean_row_631",1.51625797592539,0.226477566315246,1.01089627424433,654.80570886684,1469.05516396669,0.00881081574528585,29.7449672420658,66.7327684185829
"multiplicative_gamma",2,"reveal_25","gibbs","multiplicative_gamma-002-reveal_25-gibbs","mean_row_789",2.40204798156747,0.227109865323241,1.00679825206434,819.334008740169,1222.38980944778,0.00831194105421077,37.2187702707443,55.5278372602786
"multiplicative_gamma",2,"reveal_25","gibbs","multiplicative_gamma-002-reveal_25-gibbs","mean_row_946",0.91051099381313,0.273576662253694,1.00745383198022,489.227746835333,1194.31380806694,0.0123381927160692,22.223482639926,54.2524669786015
"multiplicative_gamma",2,"reveal_25","gibbs","multiplicative_gamma-002-reveal_25-gibbs","mean_row_1104",3.28781287897792,0.266045699675916,1.00633128466267,511.690259611532,816.490120293486,0.0115631056311837,23.2438566190392,37.0895848229982
"multiplicative_gamma",2,"reveal_25","gibbs","multiplicative_gamma-002-reveal_25-gibbs","interaction_row_97",0.00733913961582028,0.0931575680731746,1.00539887773776,771.724114126562,1190.92841110353,0.00327519744884634,35.0560604218478,54.098683160876
"multiplicative_gamma",2,"reveal_25","gibbs","multiplicative_gamma-002-reveal_25-gibbs","interaction_row_241",0.00541788957660876,0.12213181654067,1.00793702255562,800.631794830296,868.424406399425,0.00428338035547117,36.3692102675703,39.4487329153911
"multiplicative_gamma",2,"reveal_25","gibbs","multiplicative_gamma-002-reveal_25-gibbs","interaction_row_385",-0.00607648230195829,0.116501078248566,1.01163127982108,594.895568744715,990.312273262667,0.00500714788076979,27.0235108905565,44.9855670601736
"multiplicative_gamma",2,"reveal_25","gibbs","multiplicative_gamma-002-reveal_25-gibbs","interaction_row_529",0.0481951774306476,0.127651106096275,1.00587730327127,687.537549764547,1095.37851868132,0.00482110905670667,31.2318320052941,49.7582683147686
"multiplicative_gamma",2,"reveal_25","gibbs","multiplicative_gamma-002-reveal_25-gibbs","interaction_row_672",0.019296779622581,0.151906255047077,1.00935245207629,483.659335016337,967.23445452155,0.00672709913784285,21.9705339791194,43.9372424148971
"multiplicative_gamma",2,"reveal_25","gibbs","multiplicative_gamma-002-reveal_25-gibbs","interaction_row_816",0.0295222468925,0.159873027295497,1.01028232414779,451.13563202869,534.76509159316,0.00783914108900223,20.4931240132955,24.2920455888597
"multiplicative_gamma",2,"reveal_25","gibbs","multiplicative_gamma-002-reveal_25-gibbs","interaction_row_960",0.0129038653824316,0.160248702832345,1.00312193917831,986.233944133172,1293.92234442287,0.00504747002305458,44.8003063565534,58.7772483157474
"multiplicative_gamma",2,"reveal_25","gibbs","multiplicative_gamma-002-reveal_25-gibbs","interaction_row_1104",-0.00612496858273376,0.170754624540966,1.00921059529174,407.056750540935,1027.40522965687,0.00834324216132244,18.4908126892402,46.6705382782257
"multiplicative_gamma",2,"reveal_25","gibbs","multiplicative_gamma-002-reveal_25-gibbs","observed_log_likelihood",-23.3238516285363,14.9539943413194,1.0534271915826,71.0846645326685,328.156325431692,1.77191042529315,3.22906625477733,14.9067105220174
"horseshoe",2,"reveal_25","gibbs","horseshoe-002-reveal_25-gibbs","sigma",15.1526517334876,11.4143670074701,2.35130400674058,4.98558620009322,15.2914038720841,4.04165017085939,0.205201934478647,0.6293794810703
"horseshoe",2,"reveal_25","gibbs","horseshoe-002-reveal_25-gibbs","mean_row_1",-10.0959342572946,14.5158627624028,1.61595908459038,6.92389435038687,40.0977015621263,5.80784914159732,0.284980834309634,1.6503828433539
"horseshoe",2,"reveal_25","gibbs","horseshoe-002-reveal_25-gibbs","mean_row_159",-347.718463740837,1816.68002455236,2.16757541907839,5.23740660112801,11.4516535470269,769.538783000304,0.215566620066184,0.471339049515429
"horseshoe",2,"reveal_25","gibbs","horseshoe-002-reveal_25-gibbs","mean_row_316",1235.62278597775,19.1826046206254,1.14763276151382,1826.26670055774,70.7346100561495,0.431822048616285,75.167381484925,2.91136854034201
"horseshoe",2,"reveal_25","gibbs","horseshoe-002-reveal_25-gibbs","mean_row_474",523.445776544869,25.2811844761847,1.40932735615916,8.48332037550645,18.2666495165888,5.95320443452933,0.349165310154199,0.751837731173392
"horseshoe",2,"reveal_25","gibbs","horseshoe-002-reveal_25-gibbs","mean_row_631",12.6537728378867,12.4070271986752,1.09795030397843,40.6054432153725,57.9097126832535,1.94271950145555,1.67128100162053,2.3835080952936
"horseshoe",2,"reveal_25","gibbs","horseshoe-002-reveal_25-gibbs","mean_row_789",-449.768764763284,79.5636492324358,2.09630734727295,5.32896240972783,34.3792361402388,35.6508273209555,0.219334969119518,1.41501630475135
"horseshoe",2,"reveal_25","gibbs","horseshoe-002-reveal_25-gibbs","mean_row_946",2629.48568543505,67.0623214330949,1.28294815986664,15.5404674921115,19.3657980142944,19.2637072962192,0.639630700202151,0.797077626535
"horseshoe",2,"reveal_25","gibbs","horseshoe-002-reveal_25-gibbs","mean_row_1104",73.3634018864045,62.2426431709396,1.67995899528789,6.40794246416441,12.8100099397318,28.435140386517,0.263744750747629,0.527247692613261
"horseshoe",2,"reveal_25","gibbs","horseshoe-002-reveal_25-gibbs","interaction_row_97",734.273350294152,26.0374188901008,1.29200399949127,11.0992671037971,24.059776628254,7.15366838861237,0.456835162322895,0.990277273141832
"horseshoe",2,"reveal_25","gibbs","horseshoe-002-reveal_25-gibbs","interaction_row_241",257.592447554274,399.43600844461,2.24068355177852,5.18047900499427,14.1718467897011,186.222243096528,0.213223534943788,0.583299587985719
"horseshoe",2,"reveal_25","gibbs","horseshoe-002-reveal_25-gibbs","interaction_row_385",609.596059159033,451.053872137013,2.55192592100049,5.24738811482199,24.0528393703753,219.629769152876,0.215977449572851,0.989991742277544
"horseshoe",2,"reveal_25","gibbs","horseshoe-002-reveal_25-gibbs","interaction_row_529",-84.7560852664768,20.7023712713288,1.12423544070488,367.123889756185,46.1674043842131,1.06707333462496,15.1104663218713,1.90020597564262
"horseshoe",2,"reveal_25","gibbs","horseshoe-002-reveal_25-gibbs","interaction_row_672",-46.6857055990972,12.9747831183823,1.27883021379612,19.902186587761,44.3163903366293,3.02247473714836,0.819154864494605,1.82402001714806
"horseshoe",2,"reveal_25","gibbs","horseshoe-002-reveal_25-gibbs","interaction_row_816",-30.6737275263038,32.0647647415149,1.16807774776016,16.4857335187612,23.9300362785297,2.19989755081442,0.678536941009267,0.984937285089299
"horseshoe",2,"reveal_25","gibbs","horseshoe-002-reveal_25-gibbs","interaction_row_960",90.8836849287463,157.79721539662,1.98070261797013,5.49301802600167,32.3616957134743,73.4955783798023,0.226087340549953,1.33197628060068
"horseshoe",2,"reveal_25","gibbs","horseshoe-002-reveal_25-gibbs","interaction_row_1104",58.8054311963968,60.4728495440641,1.83311919828378,5.859018632643,12.2138326893426,27.5468212109911,0.241151573618826,0.502709610196846
"horseshoe",2,"reveal_25","gibbs","horseshoe-002-reveal_25-gibbs","observed_log_likelihood",-1404.84512211629,190.292107170449,2.40588757474591,4.93595675419352,14.7654643168192,83.9833320152931,0.203159234202894,0.607732314653408
"realism",2,"reveal_25","gibbs","realism-002-reveal_25-gibbs","sigma",0.194416031049978,0.00896144537445651,1.0177627226038,242.415164640736,394.41745334683,0.000565941443044323,10.3924875521193,16.9089193752392
"realism",2,"reveal_25","gibbs","realism-002-reveal_25-gibbs","mean_row_1",1.79159070333141,0.0912275308966781,1.02517938685397,198.570095931239,447.10843175383,0.00638563151436052,8.5128224269587,19.1678141024534
"realism",2,"reveal_25","gibbs","realism-002-reveal_25-gibbs","mean_row_159",-0.0800764179921682,0.140581329637069,1.01128851609589,360.587411444797,688.406516768611,0.00726307251038439,15.4586046233729,29.5124117623515
"realism",2,"reveal_25","gibbs","realism-002-reveal_25-gibbs","mean_row_316",1.64674619151254,0.0952366112881301,1.00220379682504,658.391510837876,1278.33218995313,0.00371155807625038,28.225649954466,54.8028890488352
"realism",2,"reveal_25","gibbs","realism-002-reveal_25-gibbs","mean_row_474",0.818260720225605,0.0950321514901871,1.01543120641443,474.076898005911,1133.59279043104,0.00432210121414641,20.3239688761858,48.5978217624554
"realism",2,"reveal_25","gibbs","realism-002-reveal_25-gibbs","mean_row_631",-0.28598800226752,0.215022774755602,1.02690637654315,182.661208888613,729.941301288021,0.0126054255365728,7.83079863193915,31.2930335800403
"realism",2,"reveal_25","gibbs","realism-002-reveal_25-gibbs","mean_row_789",-0.397862106593625,0.233199057816252,1.0368014087947,110.497656856253,370.188649232425,0.0136303686119611,4.73710266896392,15.8702156062944
"realism",2,"reveal_25","gibbs","realism-002-reveal_25-gibbs","mean_row_946",-0.525075892654866,0.201757800458095,1.01487558022251,186.446251979657,309.988031367633,0.0149636834524793,7.99306576265356,13.2893780059861
"realism",2,"reveal_25","gibbs","realism-002-reveal_25-gibbs","mean_row_1104",-0.417508244092267,0.151915489117449,1.00976144091307,712.651066706127,925.040043744349,0.00560715237538389,30.55179056444,39.6570369435115
"realism",2,"reveal_25","gibbs","realism-002-reveal_25-gibbs","interaction_row_97",0.0550749739743165,0.122107710088124,1.02523891818669,350.094749542202,397.689170557733,0.00787672349722857,15.0087777390981,17.0491799090171
"realism",2,"reveal_25","gibbs","realism-002-reveal_25-gibbs","interaction_row_241",-0.00313788807358196,0.155268161279245,1.01808587484189,483.122798084172,312.115562939526,0.00821603519474133,20.7117721891525,13.3805865960527
"realism",2,"reveal_25","gibbs","realism-002-reveal_25-gibbs","interaction_row_385",0.0151358125920162,0.129557548623927,1.02879700938225,463.429314124311,360.464830952858,0.00713402957761342,19.8675003911648,15.4533495221151
"realism",2,"reveal_25","gibbs","realism-002-reveal_25-gibbs","interaction_row_529",-0.0159962393196306,0.0673399719518016,1.0253368523799,534.808970972654,736.822523908958,0.00296172131693587,22.9275902843459,31.5880358359323
"realism",2,"reveal_25","gibbs","realism-002-reveal_25-gibbs","interaction_row_672",0.00361656151683693,0.0350571971693204,1.00589151647508,1460.55306530387,995.73966929157,0.00109150236807293,62.614810310549,42.6879734755881
"realism",2,"reveal_25","gibbs","realism-002-reveal_25-gibbs","interaction_row_816",0.00229609237484925,0.047901726575598,1.00521243831313,1316.32396111481,796.095603523771,0.00150225593570323,56.4316196996831,34.1291092996558
"realism",2,"reveal_25","gibbs","realism-002-reveal_25-gibbs","interaction_row_960",0.141950929079239,0.251663278296112,1.02576973797771,140.985156257281,352.593167819584,0.0212235317488979,6.04412056320331,15.115886470873
"realism",2,"reveal_25","gibbs","realism-002-reveal_25-gibbs","interaction_row_1104",0.00289502271140225,0.0944623337758022,1.00342866217382,1087.57186496518,680.923127409787,0.00250050577656273,46.6248763167785,29.1915942471828
"realism",2,"reveal_25","gibbs","realism-002-reveal_25-gibbs","observed_log_likelihood",77.9853209400464,11.567930226472,1.03325027044859,113.084351588907,191.386608161137,1.12745891575346,4.84799586679701,8.20486187778172
"gamma",1,"reveal_75","gibbs","gamma-001-reveal_75-gibbs","sigma",0.1934756778543,0.00536689811909582,1.01749938455154,402.554939710599,1609.83428289881,0.000269594261984558,16.3195743183443,65.2626700814374
"gamma",1,"reveal_75","gibbs","gamma-001-reveal_75-gibbs","mean_row_1",1.08719288349807,0.0696364118569522,1.00665262974319,153.851957205399,353.642861582272,0.00560997776050396,6.23715722241858,14.3366790279431
"gamma",1,"reveal_75","gibbs","gamma-001-reveal_75-gibbs","mean_row_159",1.34664613113501,0.0742601983585736,1.00334678095245,1632.27434437245,1844.62546842307,0.00184200182446862,66.172390009829,74.7811030292725
"gamma",1,"reveal_75","gibbs","gamma-001-reveal_75-gibbs","mean_row_316",1.34692434294646,0.105941119792037,1.00103564202779,775.811575456296,1351.09325860406,0.00380485507632097,31.451395607747,54.7733108446128
"gamma",1,"reveal_75","gibbs","gamma-001-reveal_75-gibbs","mean_row_474",2.08686589990405,0.075437233296748,1.00078544003814,1370.93752523525,1654.76837598947,0.00204143373876673,55.5777972690334,67.0842978874397
"gamma",1,"reveal_75","gibbs","gamma-001-reveal_75-gibbs","mean_row_631",0.656011730826332,0.0875444944032651,1.01155895594205,629.712409007949,1098.93271774386,0.00352924450718609,25.5285364660457,44.5507243582056
"gamma",1,"reveal_75","gibbs","gamma-001-reveal_75-gibbs","mean_row_789",0.987678348902298,0.101575550551296,1.0020158264095,1069.1980828655,1669.49743480155,0.00313224754539778,43.3452824772164,67.6814138242004
"gamma",1,"reveal_75","gibbs","gamma-001-reveal_75-gibbs","mean_row_946",1.68321497059857,0.0809284699908726,1.007736067531,791.991050195878,1670.78578509699,0.00291094041944901,32.1073113956248,67.7336435357761
"gamma",1,"reveal_75","gibbs","gamma-001-reveal_75-gibbs","mean_row_1104",1.42739316054835,0.0881736550595524,1.0055665193676,877.063717809552,1552.7647766928,0.00296805539635146,35.556156719891,62.949072716293
"gamma",1,"reveal_75","gibbs","gamma-001-reveal_75-gibbs","interaction_row_97",-0.0127478320988377,0.0696854810715215,1.01668981959826,324.80350930335,848.988614428177,0.00384906698802769,13.1675318970021,34.4179922336797
"gamma",1,"reveal_75","gibbs","gamma-001-reveal_75-gibbs","interaction_row_241",0.472788943675693,0.12141750563193,1.01084335686199,238.984132887337,756.248264966593,0.00790390674025861,9.68841500333793,30.6582991432519
"gamma",1,"reveal_75","gibbs","gamma-001-reveal_75-gibbs","interaction_row_385",0.00325372153565558,0.0517704851839213,1.0186249341356,397.460312793132,1063.88494531551,0.00258163346080457,16.1130381802867,43.1298879197109
"gamma",1,"reveal_75","gibbs","gamma-001-reveal_75-gibbs","interaction_row_529",0.0257961884781502,0.056381492270107,1.01424893012522,339.990059794489,672.944899531285,0.00314557283283439,13.7831945430936,27.2811813163857
"gamma",1,"reveal_75","gibbs","gamma-001-reveal_75-gibbs","interaction_row_672",0.0248815680671346,0.0429961649572062,1.00568471520335,400.877687785884,1044.67105536751,0.0021290201382209,16.2515785375556,42.3509569614266
"gamma",1,"reveal_75","gibbs","gamma-001-reveal_75-gibbs","interaction_row_816",-0.109303012878855,0.0500065382310181,1.01841784023129,498.529440046401,1023.96485330098,0.00221748363547417,20.2103798616127,41.5115276807469
"gamma",1,"reveal_75","gibbs","gamma-001-reveal_75-gibbs","interaction_row_960",-0.0154492362270687,0.045089150986516,1.04114949023469,324.993369675705,262.618270873187,0.00335998051498899,13.1752288351119,10.6465427848213
"gamma",1,"reveal_75","gibbs","gamma-001-reveal_75-gibbs","interaction_row_1104",0.0627660205590435,0.064326057563608,1.02247589136231,262.09489272633,812.55597893696,0.0039864271919464,10.6253250385669,32.9410134567219
"gamma",1,"reveal_75","gibbs","gamma-001-reveal_75-gibbs","observed_log_likelihood",191.388917647106,13.2894724838857,1.06238849753022,52.6897006208871,693.260001977096,1.8277000977269,2.13604007868355,28.1047554212955
"multiplicative_gamma",1,"reveal_75","gibbs","multiplicative_gamma-001-reveal_75-gibbs","sigma",0.183923783098732,0.00577600357413319,1.12516306625651,21.697346003727,184.384305282112,0.00124369073265215,0.806113315638544,6.85036057668719
"multiplicative_gamma",1,"reveal_75","gibbs","multiplicative_gamma-001-reveal_75-gibbs","mean_row_1",0.740799807247067,0.0668713203183275,1.04104730515888,82.3205122074014,528.902533392919,0.00740086005820193,3.05842295316546,19.6501164137658
"multiplicative_gamma",1,"reveal_75","gibbs","multiplicative_gamma-001-reveal_75-gibbs","mean_row_159",-0.206685046589457,0.0776890807070153,1.00344955147373,1144.52604959929,1784.86457495695,0.00229679739028206,42.522144806037,66.3124006151344
"multiplicative_gamma",1,"reveal_75","gibbs","multiplicative_gamma-001-reveal_75-gibbs","mean_row_316",0.455605968300966,0.0878824355305091,1.02694270727269,193.246238145162,856.051225690193,0.00620483133731934,7.17960462717946,31.8045484355103
"multiplicative_gamma",1,"reveal_75","gibbs","multiplicative_gamma-001-reveal_75-gibbs","mean_row_474",1.3641631460794,0.0701593083324109,1.00325093381419,1586.4071091266,1804.31087706544,0.00175931651078355,58.939185210529,67.0348817456325
"multiplicative_gamma",1,"reveal_75","gibbs","multiplicative_gamma-001-reveal_75-gibbs","mean_row_631",0.411032642437986,0.101195362010118,1.01653740243464,268.546770130167,210.860894290882,0.00608549859758301,9.977216901849,7.83403530579886
"multiplicative_gamma",1,"reveal_75","gibbs","multiplicative_gamma-001-reveal_75-gibbs","mean_row_789",0.357030969231565,0.1099379314071,1.01112758418566,1033.66877429441,1791.99015381789,0.00345668168354445,38.4035062525789,66.5771345600349
"multiplicative_gamma",1,"reveal_75","gibbs","multiplicative_gamma-001-reveal_75-gibbs","mean_row_946",2.08455956062179,0.0904794595795539,1.01503781840421,218.446458772329,358.971830869626,0.00625579312961197,8.115858923032,13.3367450910101
"multiplicative_gamma",1,"reveal_75","gibbs","multiplicative_gamma-001-reveal_75-gibbs","mean_row_1104",2.0731240877633,0.0715906690568969,1.01374446315148,337.620470645141,1159.99908753084,0.0039761349801564,12.5434860545825,43.0970087505887
"multiplicative_gamma",1,"reveal_75","gibbs","multiplicative_gamma-001-reveal_75-gibbs","interaction_row_97",-0.609975877954325,0.111557505363435,1.05124026711281,103.75156975497,654.497954696711,0.0108342968165141,3.85464295418971,24.3163157488747
"multiplicative_gamma",1,"reveal_75","gibbs","multiplicative_gamma-001-reveal_75-gibbs","interaction_row_241",0.51318858136515,0.120715207747053,1.11051277880219,24.8943132105279,103.51157725368,0.0239494603416345,0.92488903293684,3.84572660327241
"multiplicative_gamma",1,"reveal_75","gibbs","multiplicative_gamma-001-reveal_75-gibbs","interaction_row_385",1.35802278867833,0.150589782940831,1.02197411556971,364.070678887006,963.255976871498,0.00795526159995339,13.5261806690075,35.7874861372975
"multiplicative_gamma",1,"reveal_75","gibbs","multiplicative_gamma-001-reveal_75-gibbs","interaction_row_529",0.356203545606006,0.0931180474236354,1.00564611954224,473.799662330144,1037.12623420781,0.00428695628179981,17.6029002203204,38.5319599571932
"multiplicative_gamma",1,"reveal_75","gibbs","multiplicative_gamma-001-reveal_75-gibbs","interaction_row_672",-0.0142736839737564,0.0327585443645146,1.00723917978758,264.407213894666,555.211607585122,0.00196980051128104,9.82342152974685,20.6275675280548
"multiplicative_gamma",1,"reveal_75","gibbs","multiplicative_gamma-001-reveal_75-gibbs","interaction_row_816",-0.0345745867717795,0.0294232620199054,1.02760384579139,183.258707960863,762.061155982086,0.0018461165049823,6.80854168378894,28.3125708122339
"multiplicative_gamma",1,"reveal_75","gibbs","multiplicative_gamma-001-reveal_75-gibbs","interaction_row_960",0.0369103969867472,0.0444709675935377,1.05366639922966,54.9810252171008,215.257145986001,0.00622820890476155,2.04268930067993,7.99736758753162
"multiplicative_gamma",1,"reveal_75","gibbs","multiplicative_gamma-001-reveal_75-gibbs","interaction_row_1104",0.0311218317401997,0.0413281857802912,1.0423656382632,69.7588583211444,322.824845852056,0.00485203230076252,2.59172456238462,11.9937897849627
"multiplicative_gamma",1,"reveal_75","gibbs","multiplicative_gamma-001-reveal_75-gibbs","observed_log_likelihood",237.757726236301,18.8920232952495,1.35126858281165,9.24645040170869,26.3815148827951,6.21778977038623,0.343529885633404,0.980142475954641
"horseshoe",1,"reveal_75","gibbs","horseshoe-001-reveal_75-gibbs","sigma",4.85331588893179,1.95978666224713,2.82275307287266,4.65755803794036,10.8695139729566,0.967297895159773,0.178786151700141,0.417239797817998
"horseshoe",1,"reveal_75","gibbs","horseshoe-001-reveal_75-gibbs","mean_row_1",10.9275722396737,1.7808998036081,1.25738030342236,12.921817533634,14.8332790029235,0.56017349200969,0.496020019716481,0.569393842958947
"horseshoe",1,"reveal_75","gibbs","horseshoe-001-reveal_75-gibbs","mean_row_159",375.044915724533,3.61298353044166,1.44166681956701,8.08981899401418,19.4062405296961,1.37712568317357,0.310537752639599,0.744932652477683
"horseshoe",1,"reveal_75","gibbs","horseshoe-001-reveal_75-gibbs","mean_row_316",-435.863110567797,2.11337153921236,1.13739749114326,508.155073784,167.933840631627,0.154922490913444,19.5061638241911,6.44634910873392
"horseshoe",1,"reveal_75","gibbs","horseshoe-001-reveal_75-gibbs","mean_row_474",17.4728874598941,3.71732621532612,1.62792350872799,6.77992635859011,37.8874030458681,1.6368085032677,0.260255896456571,1.45435503611639
"horseshoe",1,"reveal_75","gibbs","horseshoe-001-reveal_75-gibbs","mean_row_631",112.994848717713,1.1631884533334,1.18434845639155,15.7026742735959,101.362997628155,0.308186333352752,0.602766660534947,3.89094459437853
"horseshoe",1,"reveal_75","gibbs","horseshoe-001-reveal_75-gibbs","mean_row_789",51.6621189263008,2.88767840637532,1.40863286266519,8.52149254547933,32.4875147262965,1.00407236523899,0.327108078211176,1.24707361430642
"horseshoe",1,"reveal_75","gibbs","horseshoe-001-reveal_75-gibbs","mean_row_946",8.42714763540165,5.28763868985696,1.33424180845434,9.78925620748137,91.500621061933,1.79723021764876,0.375772761409597,3.51236501715609
"horseshoe",1,"reveal_75","gibbs","horseshoe-001-reveal_75-gibbs","mean_row_1104",260.914383199807,4.72526780117393,1.58682335980406,6.88903272189152,26.5610879166393,1.87504187347851,0.264444079762448,1.0195803583985
"horseshoe",1,"reveal_75","gibbs","horseshoe-001-reveal_75-gibbs","interaction_row_97",-175.797135700895,1.51140572694114,1.18005676931268,17.5458193740682,63.3311004606001,0.399873332179608,0.67351807508611,2.43104297188593
"horseshoe",1,"reveal_75","gibbs","horseshoe-001-reveal_75-gibbs","interaction_row_241",43.959590358303,1.49924918345796,1.18699219673454,21.854750589341,36.5796249199149,0.377840685103396,0.838921753074396,1.40415434800641
"horseshoe",1,"reveal_75","gibbs","horseshoe-001-reveal_75-gibbs","interaction_row_385",31.8498476659212,1.19567657526774,1.52803326638093,7.26411903419293,21.2008669300731,0.433441636146569,0.278842233856395,0.813821616447474
"horseshoe",1,"reveal_75","gibbs","horseshoe-001-reveal_75-gibbs","interaction_row_529",-41.7637602178973,0.369134284222909,1.16824936364304,46.9577320226597,83.6107629778405,0.0621854461290015,1.80253088260181,3.20950301246942
"horseshoe",1,"reveal_75","gibbs","horseshoe-001-reveal_75-gibbs","interaction_row_672",857.39210311942,5.735765959271,1.11775941974517,27.2282067504466,53.2610949594918,1.02659569962797,1.04518854364311,2.04449330004575
"horseshoe",1,"reveal_75","gibbs","horseshoe-001-reveal_75-gibbs","interaction_row_816",722.903871812555,2.9315374171212,1.15719944643637,31.1575208274291,56.3076257701873,0.544085724172531,1.1960201461529,2.16143817013502
"horseshoe",1,"reveal_75","gibbs","horseshoe-001-reveal_75-gibbs","interaction_row_960",-109.419754013687,2.83023138098243,1.72489483967513,6.21999726680611,58.7330254759434,1.25233512574409,0.238762322628925,2.25454015108608
"horseshoe",1,"reveal_75","gibbs","horseshoe-001-reveal_75-gibbs","interaction_row_1104",17.8488645072155,5.15015618731464,1.51923616337834,7.98334109677907,77.5605166414477,2.0972583898659,0.306450466269206,2.97725679019799
"horseshoe",1,"reveal_75","gibbs","horseshoe-001-reveal_75-gibbs","observed_log_likelihood",-2500.10727603418,379.058913929051,3.10349035672512,4.54570022166996,10.8603535440238,187.676978614065,0.174492350453724,0.416888163372764
"realism",1,"reveal_75","gibbs","realism-001-reveal_75-gibbs","sigma",0.19965189426171,0.00560853147485355,1.04659021503783,69.0702444838501,958.649004704582,0.000674549143220138,2.80511085098688,38.9330708973147
"realism",1,"reveal_75","gibbs","realism-001-reveal_75-gibbs","mean_row_1",1.2680894249617,0.0674562839676697,1.06476354224785,47.2406213441949,166.917265199694,0.00981138686655562,1.91855668863237,6.77891667139233
"realism",1,"reveal_75","gibbs","realism-001-reveal_75-gibbs","mean_row_159",0.305108419217347,0.0537191876007322,1.02419926850692,329.898662927885,1130.30092505861,0.00295896716542819,13.3979881788525,45.9042734459085
"realism",1,"reveal_75","gibbs","realism-001-reveal_75-gibbs","mean_row_316",0.776351506439132,0.0710563211271919,1.02240906428208,324.146065599071,652.01709474563,0.00392688046027298,13.1643611907189,26.4800022233533
"realism",1,"reveal_75","gibbs","realism-001-reveal_75-gibbs","mean_row_474",0.156448598997326,0.0940764329276538,1.01346416428188,388.47384885651,1364.32760202997,0.00472540378463901,15.7768691409052,55.4086667761835
"realism",1,"reveal_75","gibbs","realism-001-reveal_75-gibbs","mean_row_631",0.687462278280275,0.0517522980784318,1.01202415576749,536.748621847819,1443.59060287678,0.00220640313455447,21.7986687994078,58.6277302878112
"realism",1,"reveal_75","gibbs","realism-001-reveal_75-gibbs","mean_row_789",-0.894796083288659,0.082970942998094,1.02236981990654,244.373974842812,422.18232745266,0.00539393331014591,9.9246222979658,17.1458525546302
"realism",1,"reveal_75","gibbs","realism-001-reveal_75-gibbs","mean_row_946",1.04864927599308,0.0713698089664313,1.00291729644702,1572.31521217373,1680.16442484367,0.00180267647735442,63.8555501837194,68.2355693799969
"realism",1,"reveal_75","gibbs","realism-001-reveal_75-gibbs","mean_row_1104",-0.991467305946458,0.0680746758515012,1.03283072821816,103.157262750999,875.93389085285,0.00688512268127676,4.18946768269498,35.57380866884
"realism",1,"reveal_75","gibbs","realism-001-reveal_75-gibbs","interaction_row_97",-0.0178915130881194,0.045740517428331,1.0264156411054,329.789120802987,735.936935727944,0.00249585453817441,13.3935394063675,29.8881913547473
"realism",1,"reveal_75","gibbs","realism-001-reveal_75-gibbs","interaction_row_241",0.000868650133210481,0.0326497891711574,1.0152623110488,730.428260405314,858.040271431073,0.00113880217873979,29.6644706333636,34.8471052037149
"realism",1,"reveal_75","gibbs","realism-001-reveal_75-gibbs","interaction_row_385",0.000934892611675246,0.0261725205641271,1.00499595943334,1369.28886511047,914.148068839475,0.000779718165899479,55.6101557531765,37.1257795085682
"realism",1,"reveal_75","gibbs","realism-001-reveal_75-gibbs","interaction_row_529",0.00423507688136177,0.0391517845583528,1.00934470266415,716.841747870843,808.790646689269,0.00154754924987769,29.1126892690103,32.8469579941221
"realism",1,"reveal_75","gibbs","realism-001-reveal_75-gibbs","interaction_row_672",-0.00448043366303782,0.0380518273736476,1.09357964965761,51.4960509079851,318.155915467367,0.00555389451772818,2.09138004743472,12.9210866046934
"realism",1,"reveal_75","gibbs","realism-001-reveal_75-gibbs","interaction_row_816",-0.00714876244228013,0.0399337639401931,1.06738270816717,117.039875394878,289.887951864557,0.00303137749015879,4.75327439365136,11.7730557553733
"realism",1,"reveal_75","gibbs","realism-001-reveal_75-gibbs","interaction_row_960",-0.00112465620197153,0.0209976367701028,1.02918864103443,257.313711453631,754.475732372955,0.00077417176662229,10.4501365168188,30.641097038255
"realism",1,"reveal_75","gibbs","realism-001-reveal_75-gibbs","interaction_row_1104",-0.00697244645469111,0.0364263098542441,1.1312223557596,22.9948841338871,74.8467195776639,0.00640736506854966,0.933878249355766,3.0397075733121
"realism",1,"reveal_75","gibbs","realism-001-reveal_75-gibbs","observed_log_likelihood",164.7274486214,13.1766578943889,1.16025956930398,19.2308777708779,79.0459787315033,3.00830005673063,0.781012783611982,3.21024971496175
"gamma",2,"reveal_75","gibbs","gamma-002-reveal_75-gibbs","sigma",0.196407083043384,0.012568263928268,1.47519059346812,7.68919360519346,10.824474956886,0.00523660867710616,0.30996064035125,0.436347601761034
"gamma",2,"reveal_75","gibbs","gamma-002-reveal_75-gibbs","mean_row_1",0.815912122082671,0.0626448362243414,1.07767265420339,37.5953038903342,225.122343850208,0.0105277475995219,1.51551190753957,9.07495238643157
"gamma",2,"reveal_75","gibbs","gamma-002-reveal_75-gibbs","mean_row_159",0.49138290272543,0.0752815951531892,1.01775384682658,1103.34571376515,543.131160051017,0.00228511071537627,44.4771924765246,21.8942701677356
"gamma",2,"reveal_75","gibbs","gamma-002-reveal_75-gibbs","mean_row_316",1.68038963589828,0.0974739234522375,1.04666874041798,101.080056446337,430.545929740277,0.0100791412379415,4.07465862241856,17.355824152065
"gamma",2,"reveal_75","gibbs","gamma-002-reveal_75-gibbs","mean_row_474",1.9149051698691,0.0753749247486891,1.01048598211671,601.622842430135,1206.27883643515,0.00316302558831361,24.2521402197015,48.6265504267002
"gamma",2,"reveal_75","gibbs","gamma-002-reveal_75-gibbs","mean_row_631",0.958716990075548,0.0947727381133104,1.04072916864235,69.2032844529361,75.5964220926284,0.0121304409195088,2.78966761208272,3.04738267797913
"gamma",2,"reveal_75","gibbs","gamma-002-reveal_75-gibbs","mean_row_789",1.18280909719738,0.152157092616247,1.02449291470408,258.582151053397,120.86680280016,0.00910119274153071,10.4237574496472,4.87228616117063
"gamma",2,"reveal_75","gibbs","gamma-002-reveal_75-gibbs","mean_row_946",1.63217069608921,0.0715475142224095,1.00225505205156,1856.46094735089,1926.97064250326,0.00165826087713357,74.8361731507593,77.6785037490732
"gamma",2,"reveal_75","gibbs","gamma-002-reveal_75-gibbs","mean_row_1104",1.12660265654452,0.0940413829248213,1.02184483791739,413.398104930278,833.864917332066,0.00463788846789236,16.6645747140032,33.6140975261848
"gamma",2,"reveal_75","gibbs","gamma-002-reveal_75-gibbs","interaction_row_97",-0.0395438265865153,0.0666659378769389,1.01363734223254,184.705643604669,987.513084871752,0.00473043435828502,7.44570659913207,39.8078399190451
"gamma",2,"reveal_75","gibbs","gamma-002-reveal_75-gibbs","interaction_row_241",-0.345900819694246,0.130655768946716,1.20468540753778,13.8115096679626,16.556891591736,0.0375132822557054,0.556758562823502,0.667428209446365
"gamma",2,"reveal_75","gibbs","gamma-002-reveal_75-gibbs","interaction_row_385",0.171666049068731,0.0749363054814208,1.01268569095866,180.424930023956,367.671136875451,0.00559126147887281,7.27314588720747,14.8212656458036
"gamma",2,"reveal_75","gibbs","gamma-002-reveal_75-gibbs","interaction_row_529",-0.101219726322808,0.0744033878662419,1.09854351028371,33.329919072124,19.6174921771976,0.0149482804649814,1.34356911646406,0.790804699367017
"gamma",2,"reveal_75","gibbs","gamma-002-reveal_75-gibbs","interaction_row_672",-0.0361573331255329,0.0593814023965277,1.0340930251745,82.5415425890686,229.277078805783,0.0065499838595433,3.32734883658115,9.24243474848967
"gamma",2,"reveal_75","gibbs","gamma-002-reveal_75-gibbs","interaction_row_816",-0.00664297157591396,0.0688992071333202,1.08093700216125,35.915980090424,255.200506049384,0.0116461854830026,1.44781634580659,10.2874392731642
"gamma",2,"reveal_75","gibbs","gamma-002-reveal_75-gibbs","interaction_row_960",-0.144896667609087,0.0720949873736069,1.14147664565279,19.1124887924741,12.6612756588785,0.0181006598915176,0.770447405670741,0.510391246780282
"gamma",2,"reveal_75","gibbs","gamma-002-reveal_75-gibbs","interaction_row_1104",-0.0714122654911052,0.0545690731414505,1.11397958591618,24.138735199497,115.365907126701,0.0105905273339208,0.973061442314549,4.65053844183905
"gamma",2,"reveal_75","gibbs","gamma-002-reveal_75-gibbs","observed_log_likelihood",181.241200303897,50.4099536307128,1.69315802799629,6.37937673974126,10.910785008634,22.3980389607883,0.257160347472135,0.439826863733381
"multiplicative_gamma",2,"reveal_75","gibbs","multiplicative_gamma-002-reveal_75-gibbs","sigma",0.264582172722918,0.00780753381886846,1.01188529050206,266.939478559431,224.286991324048,0.00050561686864429,10.9495663710337,9.20000784790389
"multiplicative_gamma",2,"reveal_75","gibbs","multiplicative_gamma-002-reveal_75-gibbs","mean_row_1",1.07254114978515,0.0827519757597041,1.01081435769542,201.155997540781,553.844349040206,0.0058434919298162,8.2511997022348,22.7180913507612
"multiplicative_gamma",2,"reveal_75","gibbs","multiplicative_gamma-002-reveal_75-gibbs","mean_row_159",1.56148832586516,0.105082269221382,1.01121487722971,505.818954587707,1378.90899784056,0.00468049063906995,20.7481420315726,56.5613436909049
"multiplicative_gamma",2,"reveal_75","gibbs","multiplicative_gamma-002-reveal_75-gibbs","mean_row_316",5.17843065765477,0.166155870860299,1.01351284911678,430.190370581321,1072.26877403033,0.00805268603207876,17.6459399721614,43.9832960347157
"multiplicative_gamma",2,"reveal_75","gibbs","multiplicative_gamma-002-reveal_75-gibbs","mean_row_474",-0.331139530044584,0.107395930572876,1.01154759893958,468.090892654495,1143.36943165239,0.00495587978230512,19.2005780653225,46.8997674905613
"multiplicative_gamma",2,"reveal_75","gibbs","multiplicative_gamma-002-reveal_75-gibbs","mean_row_631",1.59079623498007,0.123361116467944,1.02125041820962,447.963401919527,1098.72412947447,0.00582845871205489,18.3749703400274,45.0684658712202
"multiplicative_gamma",2,"reveal_75","gibbs","multiplicative_gamma-002-reveal_75-gibbs","mean_row_789",2.48830608176331,0.125105378788275,1.00326028338817,934.356333735233,1027.74883288347,0.00412561169145348,38.3262780973476,42.1571365881896
"multiplicative_gamma",2,"reveal_75","gibbs","multiplicative_gamma-002-reveal_75-gibbs","mean_row_946",0.666359821557155,0.128874747252398,1.01944541754056,164.135603207318,529.603211749709,0.0100777913574336,6.73266348936866,21.7237463287957
"multiplicative_gamma",2,"reveal_75","gibbs","multiplicative_gamma-002-reveal_75-gibbs","mean_row_1104",3.34562943005341,0.135724837678196,1.0151284786131,626.895995870001,1539.806605175,0.00542694609650887,25.7145902567785,63.1611881198986
"multiplicative_gamma",2,"reveal_75","gibbs","multiplicative_gamma-002-reveal_75-gibbs","interaction_row_97",0.203716455812109,0.115501384968776,1.02440868667412,224.877149703526,231.948612773668,0.00763578047030572,9.22421550119066,9.5142792064346
"multiplicative_gamma",2,"reveal_75","gibbs","multiplicative_gamma-002-reveal_75-gibbs","interaction_row_241",0.137139049994486,0.096752468902889,1.00172015486784,485.905918768105,985.494005796765,0.00433768326954755,19.9313310130894,40.4238896507965
"multiplicative_gamma",2,"reveal_75","gibbs","multiplicative_gamma-002-reveal_75-gibbs","interaction_row_385",0.149265283883672,0.101256085665781,1.00843652511403,432.109057339485,957.763646609516,0.00483046918589411,17.7246424110705,39.2864205508642
"multiplicative_gamma",2,"reveal_75","gibbs","multiplicative_gamma-002-reveal_75-gibbs","interaction_row_529",-0.0979415849667423,0.11527315091636,1.07339207336998,46.8507305187794,87.0641613748084,0.0169364399440115,1.92176588534311,3.57127697505266
"multiplicative_gamma",2,"reveal_75","gibbs","multiplicative_gamma-002-reveal_75-gibbs","interaction_row_672",0.0165024457242701,0.0711747643431813,1.01230310135547,952.871133124789,1184.77805513765,0.00235480481768258,39.0857349819432,48.5983040788241
"multiplicative_gamma",2,"reveal_75","gibbs","multiplicative_gamma-002-reveal_75-gibbs","interaction_row_816",0.041641412222414,0.0768004640256545,1.03353313979586,111.691308804551,1210.50343033515,0.00684867170732974,4.58145571206989,49.6535309214962
"multiplicative_gamma",2,"reveal_75","gibbs","multiplicative_gamma-002-reveal_75-gibbs","interaction_row_960",0.0122863075616437,0.0738093960420993,1.01471050477707,453.88482201747,1126.34824103662,0.00348418373176501,18.6178605364236,46.2015768094106
"multiplicative_gamma",2,"reveal_75","gibbs","multiplicative_gamma-002-reveal_75-gibbs","interaction_row_1104",-0.026832846142627,0.0752853835988614,1.01126048633316,695.931029824872,933.719235369554,0.00296237848677163,28.5463320819096,38.3001450170047
"multiplicative_gamma",2,"reveal_75","gibbs","multiplicative_gamma-002-reveal_75-gibbs","observed_log_likelihood",-86.3785416917562,15.6418173336382,1.04625328211681,94.8595161311111,86.2442025988305,1.55810483579074,3.89103392801638,3.53764316004884
"horseshoe",2,"reveal_75","gibbs","horseshoe-002-reveal_75-gibbs","sigma",20.7217811465927,14.6576989704782,2.56436961449945,4.81105434996493,10.8629490042916,7.24568111351387,0.179825609253379,0.406030836670837
"horseshoe",2,"reveal_75","gibbs","horseshoe-002-reveal_75-gibbs","mean_row_1",2.33522952012249,4.23525050232398,1.21523053333935,17.4186740612201,36.9232774383234,1.05282497348048,0.65106802949914,1.38010306639468
"horseshoe",2,"reveal_75","gibbs","horseshoe-002-reveal_75-gibbs","mean_row_159",417.355295376942,40.7823906716166,1.72764553133055,7.43330523511136,30.3941413345636,17.9454986212053,0.277839023514664,1.13605970451385
"horseshoe",2,"reveal_75","gibbs","horseshoe-002-reveal_75-gibbs","mean_row_316",1216.25448170422,31.0962108499395,1.34306175483095,9.44672747374015,157.640768909078,10.8749941221076,0.353095891221503,5.89223177502718
"horseshoe",2,"reveal_75","gibbs","horseshoe-002-reveal_75-gibbs","mean_row_474",505.776352173448,19.3907455814796,1.69558385340577,6.31649137840852,26.9836655421954,7.38718669945743,0.236095214861646,1.00858434410538
"horseshoe",2,"reveal_75","gibbs","horseshoe-002-reveal_75-gibbs","mean_row_631",10.801438285185,7.13057784772674,1.23738918834291,25.7390412854284,33.0277807479339,1.59741835297539,0.962063290925778,1.23449879449554
"horseshoe",2,"reveal_75","gibbs","horseshoe-002-reveal_75-gibbs","mean_row_789",-395.512458985049,27.9850904256691,1.67369345712437,7.29966451436969,28.7380145354488,13.5665024998616,0.27284385566157,1.07415767868164
"horseshoe",2,"reveal_75","gibbs","horseshoe-002-reveal_75-gibbs","mean_row_946",2664.92165188931,16.4916219035742,1.32826636923844,143.596591906489,94.579601448653,2.03961989503212,5.36729430763581,3.5351574137943
"horseshoe",2,"reveal_75","gibbs","horseshoe-002-reveal_75-gibbs","mean_row_1104",71.8193161998429,44.3766519717254,2.10967849668942,5.30244109173124,32.8375124212225,21.7077723892656,0.198192460631353,1.22738702329455
"horseshoe",2,"reveal_75","gibbs","horseshoe-002-reveal_75-gibbs","interaction_row_97",723.894216279149,33.9864168412602,2.06928584659335,5.35149439593152,27.6761743041628,15.7581079253745,0.200025954845313,1.0344686515722
"horseshoe",2,"reveal_75","gibbs","horseshoe-002-reveal_75-gibbs","interaction_row_241",119.778114017132,24.1127290328556,2.38078803342363,4.97206749588782,28.8656770434326,11.3921796956538,0.185843892348352,1.07892939535892
"horseshoe",2,"reveal_75","gibbs","horseshoe-002-reveal_75-gibbs","interaction_row_385",783.658101055828,9.55594617240951,1.36148126026136,356.83490690929,63.1922426301923,0.531598063567213,13.3376282764928,2.36197363497765
"horseshoe",2,"reveal_75","gibbs","horseshoe-002-reveal_75-gibbs","interaction_row_529",-75.1482532636351,11.9233037426011,1.42568827631246,15.8934974226387,48.959794043523,3.18997519284979,0.594060604868006,1.82999902980948
"horseshoe",2,"reveal_75","gibbs","horseshoe-002-reveal_75-gibbs","interaction_row_672",-46.1952348834859,8.50251579071675,1.72443407571581,6.73017516655252,32.864066163851,3.76313003256207,0.251557717221817,1.22837953815694
"horseshoe",2,"reveal_75","gibbs","horseshoe-002-reveal_75-gibbs","interaction_row_816",-28.523958083027,3.23100141360792,1.29427530058733,35.3042881405714,51.9132411068426,0.575986630813982,1.31958915080254,1.94039175849751
"horseshoe",2,"reveal_75","gibbs","horseshoe-002-reveal_75-gibbs","interaction_row_960",-45.1434916009626,9.40301198159905,1.59448938512019,9.88564624805188,30.5746967291763,3.71242439975969,0.36950161650788,1.14280842973672
"horseshoe",2,"reveal_75","gibbs","horseshoe-002-reveal_75-gibbs","interaction_row_1104",54.9197229356556,51.9836256981444,1.67457469826631,6.54132391011157,56.6116702342122,25.7699612383335,0.244498912690123,2.11600770853749
"horseshoe",2,"reveal_75","gibbs","horseshoe-002-reveal_75-gibbs","observed_log_likelihood",-3527.01894954363,740.74375560988,2.74548565332178,4.70133562709886,11.17178211353,367.126423837269,0.175724587990538,0.417574273511621
"realism",2,"reveal_75","gibbs","realism-002-reveal_75-gibbs","sigma",0.200420800347333,0.00531381577666209,1.00769792168323,477.457157346588,1099.13722340403,0.000240721630497625,18.3891987885761,42.3331236867985
"realism",2,"reveal_75","gibbs","realism-002-reveal_75-gibbs","mean_row_1",1.77165500598487,0.0604640690894041,1.02465035833553,149.471943796675,867.87685050726,0.00493004907338732,5.75689199648265,33.4261612427693
"realism",2,"reveal_75","gibbs","realism-002-reveal_75-gibbs","mean_row_159",-0.139042183739904,0.0598302883785732,1.01656152072587,339.10567000008,1369.76043420471,0.00322666610258655,13.0606096903436,52.756140587148
"realism",2,"reveal_75","gibbs","realism-002-reveal_75-gibbs","mean_row_316",1.69982895608646,0.0676763399547496,1.00558717926363,662.171010926954,900.741486515256,0.00260234176282059,25.50342824399,34.6919383190286
"realism",2,"reveal_75","gibbs","realism-002-reveal_75-gibbs","mean_row_474",0.793683760630229,0.0819643129890182,1.01859501063066,478.376262524277,1079.09162991935,0.00375434891911904,18.4245980020135,41.5610703250406
"realism",2,"reveal_75","gibbs","realism-002-reveal_75-gibbs","mean_row_631",-0.279632622531559,0.0738721769237035,1.01246355344072,335.789737846222,751.63330514099,0.00407025512174584,12.9328970053236,28.9490565837695
"realism",2,"reveal_75","gibbs","realism-002-reveal_75-gibbs","mean_row_789",-0.176010252115686,0.132193495628446,1.01732738098317,496.264001114123,684.708311283622,0.00597744425671442,19.1135418700556,26.371449363874
"realism",2,"reveal_75","gibbs","realism-002-reveal_75-gibbs","mean_row_946",-0.393859649638208,0.0898543993397369,1.00990440801988,527.896764338263,1048.53348290956,0.00391778502646459,20.3318735302058,40.3841273651812
"realism",2,"reveal_75","gibbs","realism-002-reveal_75-gibbs","mean_row_1104",-0.497731590027028,0.0802152849389224,1.03561688881099,116.489498896969,655.865796308058,0.00734488483508881,4.48657752645852,25.2605837431851
"realism",2,"reveal_75","gibbs","realism-002-reveal_75-gibbs","interaction_row_97",0.00691064332574487,0.0447202572342874,1.04246210806048,808.492928604878,219.818590440537,0.00268764752241329,31.1389974042859,8.46628371747564
"realism",2,"reveal_75","gibbs","realism-002-reveal_75-gibbs","interaction_row_241",-0.0252228785865432,0.0762383365055587,1.05400696876932,114.914201883887,166.748434751167,0.00903344189096974,4.42590517192601,6.42229374330485
"realism",2,"reveal_75","gibbs","realism-002-reveal_75-gibbs","interaction_row_385",0.0480176063565773,0.0708496081286206,1.00719292291571,526.357022345459,1024.03200049474,0.0030916772156398,20.2725705725412,39.4404560350773
"realism",2,"reveal_75","gibbs","realism-002-reveal_75-gibbs","interaction_row_529",-0.00738863482735115,0.0333742430238018,1.00826026631114,701.018545156227,748.837792858022,0.00126961334565165,26.9996358479521,28.841387800725
"realism",2,"reveal_75","gibbs","realism-002-reveal_75-gibbs","interaction_row_672",0.00356739825562813,0.0296757366801564,1.04465175258444,109.78934724036,136.583791604478,0.00269853491860346,4.22852207827608,5.26050653229389
"realism",2,"reveal_75","gibbs","realism-002-reveal_75-gibbs","interaction_row_816",0.00792747223593376,0.0263002616684781,1.08163947482999,34.0819662439848,419.291915506853,0.00419777689270528,1.31266238807521,16.1489722503025
"realism",2,"reveal_75","gibbs","realism-002-reveal_75-gibbs","interaction_row_960",0.0283391065636917,0.0833837988052135,1.05596778188657,66.8456850951187,200.653920578162,0.0070286941554856,2.57455265348632,7.72815901163776
"realism",2,"reveal_75","gibbs","realism-002-reveal_75-gibbs","interaction_row_1104",0.00204055506883997,0.0249857944517648,1.05654313900285,50.9737175667552,475.522022744149,0.00223136017690981,1.96324593925263,18.3146673372419
"realism",2,"reveal_75","gibbs","realism-002-reveal_75-gibbs","observed_log_likelihood",161.05410713948,10.9763352793144,1.04178520434734,95.9640913705586,132.442295610501,1.15214551979926,3.69604419082417,5.10099736598758
"gamma",1,"reveal_25","gibbs_cmi","gamma-001-reveal_25-gibbs_cmi","sigma",0.190757621327784,0.0102746364974009,1.08225669436335,44.7677621315682,463.139403373151,0.00155897935834484,2.02130043938813,20.9111162801676
"gamma",1,"reveal_25","gibbs_cmi","gamma-001-reveal_25-gibbs_cmi","mean_row_1",1.16142936368194,0.108036226655986,1.01004924394749,218.258820217832,523.205768763184,0.00736131078748771,9.85456114402347,23.6231609519227
"gamma",1,"reveal_25","gibbs_cmi","gamma-001-reveal_25-gibbs_cmi","mean_row_159",1.38804087419474,0.102859581284021,0.999470835441437,1267.41273908041,1743.30717364194,0.00288039762993866,57.2247037692078,78.7117199585491
"gamma",1,"reveal_25","gibbs_cmi","gamma-001-reveal_25-gibbs_cmi","mean_row_316",1.36534833155365,0.427834449685731,1.32328239841236,9.80559132298781,51.2421424228192,0.15408819708311,0.442730328832753,2.31362391289594
"gamma",1,"reveal_25","gibbs_cmi","gamma-001-reveal_25-gibbs_cmi","mean_row_474",2.01518264950912,0.178782168928377,1.02242892507474,499.042588671913,1369.47303388121,0.00800578760085782,22.5321739512332,61.832808103721
"gamma",1,"reveal_25","gibbs_cmi","gamma-001-reveal_25-gibbs_cmi","mean_row_631",0.747772199121505,0.164413025221096,1.00591603476567,750.314933291815,1041.96250873975,0.00607155437133251,33.8773222544616,47.0454446785148
"gamma",1,"reveal_25","gibbs_cmi","gamma-001-reveal_25-gibbs_cmi","mean_row_789",1.01110423146122,0.140045887155002,1.0060735157757,904.957505424577,1843.18540543766,0.00469098707492119,40.859558670064,83.2213023946928
"gamma",1,"reveal_25","gibbs_cmi","gamma-001-reveal_25-gibbs_cmi","mean_row_946",1.97405481939865,0.224789347493001,1.00480552530286,617.149246712155,903.046554184899,0.00911141206490726,27.8647844822176,40.773277685791
"gamma",1,"reveal_25","gibbs_cmi","gamma-001-reveal_25-gibbs_cmi","mean_row_1104",1.51203839566253,0.159915901399146,1.00794145211871,524.751901529545,805.443756846391,0.00692976167772482,23.6929700889265,36.366432944121
"gamma",1,"reveal_25","gibbs_cmi","gamma-001-reveal_25-gibbs_cmi","interaction_row_97",-0.0588474406910159,0.382661566637365,1.05640600912709,50.638046217572,1020.26001236901,0.0522234928122736,2.28634848372639,46.0655595254205
"gamma",1,"reveal_25","gibbs_cmi","gamma-001-reveal_25-gibbs_cmi","interaction_row_241",0.664508782594069,0.227690535947865,1.00591194440807,254.552040097846,680.873336854007,0.0142669180421449,11.4932291898973,30.7419783661733
"gamma",1,"reveal_25","gibbs_cmi","gamma-001-reveal_25-gibbs_cmi","interaction_row_385",0.0292738691754739,0.168878560716493,1.04296595882714,76.7966520279224,992.325843487403,0.017975764430611,3.46743055932465,44.8043093501627
"gamma",1,"reveal_25","gibbs_cmi","gamma-001-reveal_25-gibbs_cmi","interaction_row_529",0.042794057433283,0.282118577271818,1.04874839402802,66.9593674258004,690.626701179488,0.0320352731296213,3.0232692534676,31.1823506040947
"gamma",1,"reveal_25","gibbs_cmi","gamma-001-reveal_25-gibbs_cmi","interaction_row_672",0.0129120466313675,0.0584005174771229,1.02660056814851,164.078976981851,1051.04266960414,0.00411436733445071,7.40829767842924,47.455421239125
"gamma",1,"reveal_25","gibbs_cmi","gamma-001-reveal_25-gibbs_cmi","interaction_row_816",-0.0707841355223014,0.0662890215713186,1.00404165603163,501.816704397442,1280.26711314168,0.00294047260637708,22.6574275057541,57.8050890889327
"gamma",1,"reveal_25","gibbs_cmi","gamma-001-reveal_25-gibbs_cmi","interaction_row_960",-0.0199774089928917,0.0730664778166137,1.00865994571421,865.493554143724,875.583473495301,0.0025514882485952,39.0777295531752,39.5332975210087
"gamma",1,"reveal_25","gibbs_cmi","gamma-001-reveal_25-gibbs_cmi","interaction_row_1104",0.0668988117585548,0.101463445947833,1.01583075330701,354.154300076365,626.503300859201,0.0052738126146813,15.9903512767006,28.2871275446632
"gamma",1,"reveal_25","gibbs_cmi","gamma-001-reveal_25-gibbs_cmi","observed_log_likelihood",85.9349460473236,16.2823308260804,1.14249485932684,20.5737785956067,277.422780743095,3.57428110281942,0.928922638414606,12.5258615108856
"multiplicative_gamma",1,"reveal_25","gibbs_cmi","multiplicative_gamma-001-reveal_25-gibbs_cmi","sigma",0.182100333563133,0.00921502483648687,1.02519738561248,209.298401447704,802.486966788039,0.000644683416009474,8.55991171926317,32.8202104939691
"multiplicative_gamma",1,"reveal_25","gibbs_cmi","multiplicative_gamma-001-reveal_25-gibbs_cmi","mean_row_1",0.730848328562509,0.102624971450347,1.02381488754367,185.901395732808,576.415264914828,0.00758729137553617,7.60301810694072,23.5743022745421
"multiplicative_gamma",1,"reveal_25","gibbs_cmi","multiplicative_gamma-001-reveal_25-gibbs_cmi","mean_row_159",-0.224784690360935,0.109346742841562,1.00567942191796,993.024009648098,1767.42758635378,0.00348837344224869,40.6128178662671,72.2844704246771
"multiplicative_gamma",1,"reveal_25","gibbs_cmi","multiplicative_gamma-001-reveal_25-gibbs_cmi","mean_row_316",0.483981199162152,0.117457158021857,1.00453147745383,760.691510104302,1355.22267942278,0.00424190360228001,31.1108547750318,55.4260635320756
"multiplicative_gamma",1,"reveal_25","gibbs_cmi","multiplicative_gamma-001-reveal_25-gibbs_cmi","mean_row_474",1.21645212407772,0.133658737788703,1.00552693180786,627.83366564976,1572.64756210056,0.0053599561319962,25.6772183407533,64.3183330784243
"multiplicative_gamma",1,"reveal_25","gibbs_cmi","multiplicative_gamma-001-reveal_25-gibbs_cmi","mean_row_631",0.722584731419403,0.157501110709831,1.02980403958578,256.58281409323,375.263902174377,0.0103135072010771,10.4937554330387,15.3475891445903
"multiplicative_gamma",1,"reveal_25","gibbs_cmi","multiplicative_gamma-001-reveal_25-gibbs_cmi","mean_row_789",0.288228510080282,0.14605657801001,1.00300370323965,1033.7516614004,1486.29466346583,0.0045309376935457,42.2785023680175,60.7866616279836
"multiplicative_gamma",1,"reveal_25","gibbs_cmi","multiplicative_gamma-001-reveal_25-gibbs_cmi","mean_row_946",2.00699582872261,0.158763887002163,1.01091766132858,477.856013599864,1042.82791731818,0.0071835065221056,19.5434139135358,42.649704196891
"multiplicative_gamma",1,"reveal_25","gibbs_cmi","multiplicative_gamma-001-reveal_25-gibbs_cmi","mean_row_1104",2.18571814647766,0.120830047956035,1.00348763596058,723.566083870975,1395.31021978878,0.0044849119031202,29.5924945348237,57.0655686797585
"multiplicative_gamma",1,"reveal_25","gibbs_cmi","multiplicative_gamma-001-reveal_25-gibbs_cmi","interaction_row_97",-0.322952165069309,0.229624319576072,1.0076811405527,497.182216061774,1182.67938815322,0.0103167276687435,20.33381931462,48.3693668215295
"multiplicative_gamma",1,"reveal_25","gibbs_cmi","multiplicative_gamma-001-reveal_25-gibbs_cmi","interaction_row_241",0.463008050921863,0.16571464238017,1.00516189320325,422.597192193675,407.575193316652,0.00848373854575653,17.2834318511993,16.6690602967834
"multiplicative_gamma",1,"reveal_25","gibbs_cmi","multiplicative_gamma-001-reveal_25-gibbs_cmi","interaction_row_385",0.771614022992509,0.448943951453686,1.01184249907639,465.8678776881,865.619980637422,0.0209916388491699,19.0531216591591,35.4022322456105
"multiplicative_gamma",1,"reveal_25","gibbs_cmi","multiplicative_gamma-001-reveal_25-gibbs_cmi","interaction_row_529",0.120707239330915,0.170613793727705,1.00691563083062,716.042897982368,1119.30796380359,0.00648451354806097,29.2848103546835,45.777594527978
"multiplicative_gamma",1,"reveal_25","gibbs_cmi","multiplicative_gamma-001-reveal_25-gibbs_cmi","interaction_row_672",0.00525348195897327,0.03962415794008,1.02399532782606,287.830448777815,840.514954117757,0.00193695612586339,11.7717250328336,34.3754837887103
"multiplicative_gamma",1,"reveal_25","gibbs_cmi","multiplicative_gamma-001-reveal_25-gibbs_cmi","interaction_row_816",-0.029632600244992,0.0408256387413068,1.00874494495692,449.014267089044,1171.05533479271,0.00183462616594477,18.3638406236572,47.8939648600346
"multiplicative_gamma",1,"reveal_25","gibbs_cmi","multiplicative_gamma-001-reveal_25-gibbs_cmi","interaction_row_960",-0.0143673876011524,0.0668505647876497,1.03395024410335,136.393770112377,479.866768109226,0.00556790135572861,5.57824915595995,19.6256499983324
"multiplicative_gamma",1,"reveal_25","gibbs_cmi","multiplicative_gamma-001-reveal_25-gibbs_cmi","interaction_row_1104",0.00243468927953258,0.0580768319358668,1.00420879351045,599.980106948174,910.251523405689,0.00238527947063173,24.5380600772228,37.2275785614367
"multiplicative_gamma",1,"reveal_25","gibbs_cmi","multiplicative_gamma-001-reveal_25-gibbs_cmi","observed_log_likelihood",104.376188209226,14.5099281605361,1.04968438692292,92.5286410058426,503.382165055209,1.49911476246901,3.7842477201686,20.5873855897595
"horseshoe",1,"reveal_25","gibbs_cmi","horseshoe-001-reveal_25-gibbs_cmi","sigma",5.98875214874654,2.18676693375056,2.43889419635731,4.92378716546817,11.3383269328705,1.02110678212206,0.214422643620963,0.49376505390718
"horseshoe",1,"reveal_25","gibbs_cmi","horseshoe-001-reveal_25-gibbs_cmi","mean_row_1",7.63797526800911,3.84609089911209,1.39119594860482,8.72051214908848,40.8816054071206,1.35816495367662,0.37976362622865,1.78032510591476
"horseshoe",1,"reveal_25","gibbs_cmi","horseshoe-001-reveal_25-gibbs_cmi","mean_row_159",376.305285756368,5.90924248020266,1.06654220596311,137.650247665355,62.9177242136581,0.51741868594203,5.9944366008516,2.73996099001255
"horseshoe",1,"reveal_25","gibbs_cmi","horseshoe-001-reveal_25-gibbs_cmi","mean_row_316",-473.840257815418,126.132324246491,1.89110791539987,7.39115430502504,25.4752334691102,43.3645997855413,0.321872329618301,1.10940353913296
"horseshoe",1,"reveal_25","gibbs_cmi","horseshoe-001-reveal_25-gibbs_cmi","mean_row_474",20.1471904336701,16.3621232426071,1.38562885528437,16.2717003488219,16.9704251351925,3.46368365640458,0.708605162601662,0.739033450994752
"horseshoe",1,"reveal_25","gibbs_cmi","horseshoe-001-reveal_25-gibbs_cmi","mean_row_631",97.5802966382725,19.9994465163411,1.8007860855156,5.97438700244958,12.7869087186174,9.05921495241144,0.260174498212324,0.556848352506964
"horseshoe",1,"reveal_25","gibbs_cmi","horseshoe-001-reveal_25-gibbs_cmi","mean_row_789",52.5162916500911,6.68324006095727,1.52860648464082,7.30528354036503,26.4694036677893,2.49891782661082,0.318132802350087,1.15269797795538
"horseshoe",1,"reveal_25","gibbs_cmi","horseshoe-001-reveal_25-gibbs_cmi","mean_row_946",28.3245537035828,32.1608631514408,1.57878411303831,7.00481137563291,11.4243889617389,10.8751520559004,0.305047745313457,0.497512910409741
"horseshoe",1,"reveal_25","gibbs_cmi","horseshoe-001-reveal_25-gibbs_cmi","mean_row_1104",293.267129094975,219.006133617312,1.82579825806465,5.86505756102287,11.378993642899,91.2306854148186,0.255413385055214,0.495536020681052
"horseshoe",1,"reveal_25","gibbs_cmi","horseshoe-001-reveal_25-gibbs_cmi","interaction_row_97",-228.86845454421,129.295517565151,1.65255680368044,6.95536288931034,12.1328798725976,50.9445908329087,0.302894346962955,0.528366497086514
"horseshoe",1,"reveal_25","gibbs_cmi","horseshoe-001-reveal_25-gibbs_cmi","interaction_row_241",34.191256794335,31.9288651455598,1.83680529719254,8.57100600060971,11.9993724133742,12.9032961172659,0.373252885102544,0.522552471949407
"horseshoe",1,"reveal_25","gibbs_cmi","horseshoe-001-reveal_25-gibbs_cmi","interaction_row_385",60.2827718698285,56.4616037998338,1.88537841733682,16.9709476099018,23.4793349277613,13.8400857354834,0.739056203888945,1.02248551703877
"horseshoe",1,"reveal_25","gibbs_cmi","horseshoe-001-reveal_25-gibbs_cmi","interaction_row_529",-76.7836475745546,75.7619043659711,1.90732802009295,16.724012684998,25.6306947017505,17.8912166905014,0.728302603536039,1.11617361415105
"horseshoe",1,"reveal_25","gibbs_cmi","horseshoe-001-reveal_25-gibbs_cmi","interaction_row_672",857.982361918926,8.60656257331407,1.22067002543925,13.6763750530528,27.3337008281054,2.44824780344968,0.595583114273082,1.19033666455191
"horseshoe",1,"reveal_25","gibbs_cmi","horseshoe-001-reveal_25-gibbs_cmi","interaction_row_816",719.942683277356,9.37137697099286,1.39551833858769,8.68975228736805,30.0316011287253,3.10058335443948,0.378424086023954,1.30782568169339
"horseshoe",1,"reveal_25","gibbs_cmi","horseshoe-001-reveal_25-gibbs_cmi","interaction_row_960",-109.199086738911,5.91446573316018,1.33110692803679,22.3881503130277,44.3330364102075,1.02951315387928,0.974966263686265,1.93062911684918
"horseshoe",1,"reveal_25","gibbs_cmi","horseshoe-001-reveal_25-gibbs_cmi","interaction_row_1104",50.6002331042743,219.424106492051,1.72765593872276,6.21856975632776,11.378993642899,91.9286969013291,0.270808246149361,0.495536020681052
"horseshoe",1,"reveal_25","gibbs_cmi","horseshoe-001-reveal_25-gibbs_cmi","observed_log_likelihood",-1120.85960117671,118.063515236655,2.57261322817179,4.81891765213642,11.3853158506093,56.7851682088834,0.209855752825695,0.49581134218566
"realism",1,"reveal_25","gibbs_cmi","realism-001-reveal_25-gibbs_cmi","sigma",0.206230252186756,0.00867040277489881,1.00515339245531,611.530724208072,1381.24367134477,0.000351240943267782,25.7129346259124,58.0769318986156
"realism",1,"reveal_25","gibbs_cmi","realism-001-reveal_25-gibbs_cmi","mean_row_1",1.31892805313942,0.0863132532112935,1.02367310452409,181.685146288696,561.351263448002,0.00637134835982881,7.63928630907355,23.6030468590171
"realism",1,"reveal_25","gibbs_cmi","realism-001-reveal_25-gibbs_cmi","mean_row_159",0.379480101603679,0.0784515846871169,1.01097448738377,438.154727264853,1380.51976841162,0.00371275897513238,18.4230217913995,58.0464940676798
"realism",1,"reveal_25","gibbs_cmi","realism-001-reveal_25-gibbs_cmi","mean_row_316",0.749580501314742,0.104076025917763,1.01257839476899,601.62940257256,1097.7744373206,0.00379990330279123,25.2966153375336,46.1579463196654
"realism",1,"reveal_25","gibbs_cmi","realism-001-reveal_25-gibbs_cmi","mean_row_474",0.610745019945911,0.188323420717109,1.02294809269961,170.053365933034,522.050296078733,0.0142229840978211,7.15020669945066,21.9505653651236
"realism",1,"reveal_25","gibbs_cmi","realism-001-reveal_25-gibbs_cmi","mean_row_631",0.603070303407908,0.109272728615367,1.00578290099119,569.234891312847,912.162956062529,0.00456469866625504,23.9345284998886,38.3535700316416
"realism",1,"reveal_25","gibbs_cmi","realism-001-reveal_25-gibbs_cmi","mean_row_789",-0.873668054103399,0.0955396771505547,1.00759044460643,929.533133182689,1600.782596918,0.00317727153258401,39.0839310929106,67.3078500154735
"realism",1,"reveal_25","gibbs_cmi","realism-001-reveal_25-gibbs_cmi","mean_row_946",1.11861745479966,0.241501422997035,1.01208843407577,276.78227931821,945.496172462831,0.0144792427525735,11.637820263138,39.7551264543092
"realism",1,"reveal_25","gibbs_cmi","realism-001-reveal_25-gibbs_cmi","mean_row_1104",-1.03248034399008,0.115251710404848,1.01232696235589,535.592731997314,612.948850554466,0.00508940936003255,22.5199820038395,25.7725623577542
"realism",1,"reveal_25","gibbs_cmi","realism-001-reveal_25-gibbs_cmi","interaction_row_97",-0.00171474896748857,0.0794689472490476,1.01466914670776,1634.04199054193,978.654805714742,0.0024257496468172,68.7063024236615,41.1493422072382
"realism",1,"reveal_25","gibbs_cmi","realism-001-reveal_25-gibbs_cmi","interaction_row_241",0.00145178636856929,0.056317553351246,1.01046246147743,1445.54042356618,850.259276255343,0.00153618973739037,60.7804071633598,35.7507159002374
"realism",1,"reveal_25","gibbs_cmi","realism-001-reveal_25-gibbs_cmi","interaction_row_385",0.00173214790226291,0.0644917939390702,1.01314117636239,1617.65389072264,995.453863104307,0.00173091175083125,68.0172346097065,41.8556894884712
"realism",1,"reveal_25","gibbs_cmi","realism-001-reveal_25-gibbs_cmi","interaction_row_529",-0.000278512496432008,0.100183361830749,1.0128838341647,1566.83839592704,834.354360001501,0.00311198217652565,65.8806036213701,35.0819644284365
"realism",1,"reveal_25","gibbs_cmi","realism-001-reveal_25-gibbs_cmi","interaction_row_672",0.00277072719764883,0.0241889400497077,1.00295211345457,1377.83408875645,981.390304433839,0.000730872646294288,57.9335697244441,41.2643612846926
"realism",1,"reveal_25","gibbs_cmi","realism-001-reveal_25-gibbs_cmi","interaction_row_816",-0.00459804751307806,0.0310248688280229,1.00369498991707,887.562646526673,338.712273540285,0.00180170128574066,37.3192047482099,14.2417808325395
"realism",1,"reveal_25","gibbs_cmi","realism-001-reveal_25-gibbs_cmi","interaction_row_960",-0.00746435156193744,0.0445256769600211,1.01023890913824,1241.2008318952,472.885056071424,0.00184569695669794,52.1885730099318,19.8833223761269
"realism",1,"reveal_25","gibbs_cmi","realism-001-reveal_25-gibbs_cmi","interaction_row_1104",-0.00132346290453959,0.0411815788467403,1.0075905596521,1707.20469132387,882.569241817085,0.00120937374774526,71.7825628105739,37.109247858432
"realism",1,"reveal_25","gibbs_cmi","realism-001-reveal_25-gibbs_cmi","observed_log_likelihood",54.796104889276,9.00418830359947,1.02051439258111,238.32146632803,602.331243178424,0.58302302286081,10.0206646061486,25.3261255173202
"gamma",2,"reveal_25","gibbs_cmi","gamma-002-reveal_25-gibbs_cmi","sigma",0.194406243133789,0.0105118206762909,1.01059434419798,205.408742625982,587.118349927755,0.000736842745546015,9.11105533936492,26.0420647561656
"gamma",2,"reveal_25","gibbs_cmi","gamma-002-reveal_25-gibbs_cmi","mean_row_1",0.763597665279163,0.0901526932858854,1.00513014541905,565.026729259448,1336.7807138838,0.00379231793737492,25.0621747287402,59.2938883958215
"gamma",2,"reveal_25","gibbs_cmi","gamma-002-reveal_25-gibbs_cmi","mean_row_159",0.614789269264883,0.179507827612005,1.01355849185959,694.594336000773,1118.85934851133,0.00686039313598918,30.8092408960201,49.6278265030529
"gamma",2,"reveal_25","gibbs_cmi","gamma-002-reveal_25-gibbs_cmi","mean_row_316",1.63127110165084,0.146680795126721,1.0076479101775,504.448185282161,1261.53000331017,0.00649359230380972,22.3751690078581,55.9560879711761
"gamma",2,"reveal_25","gibbs_cmi","gamma-002-reveal_25-gibbs_cmi","mean_row_474",1.91651154944407,0.115397872161102,1.00818446670446,519.408596763804,1182.14237796517,0.00508604433124209,23.0387490247861,52.4347916595775
"gamma",2,"reveal_25","gibbs_cmi","gamma-002-reveal_25-gibbs_cmi","mean_row_631",0.95299832203644,0.231808009883127,1.00609898128955,805.55148198503,1360.19796502744,0.00815675707416514,35.7308264353528,60.3325777346389
"gamma",2,"reveal_25","gibbs_cmi","gamma-002-reveal_25-gibbs_cmi","mean_row_789",1.38848031522553,0.218106237320646,1.00801986432787,289.512389504781,699.621106405873,0.0128296115542161,12.8415342428379,31.0322069818529
"gamma",2,"reveal_25","gibbs_cmi","gamma-002-reveal_25-gibbs_cmi","mean_row_946",1.85268797184019,0.182924607567061,1.00150335145772,858.389211296665,1151.84800368028,0.00625038660142287,38.0744826478893,51.0910624830464
"gamma",2,"reveal_25","gibbs_cmi","gamma-002-reveal_25-gibbs_cmi","mean_row_1104",1.09479975277631,0.2085107976902,1.00880286700715,415.315184621962,498.546236145681,0.0104172518360372,18.4216094310029,22.1133837279078
"gamma",2,"reveal_25","gibbs_cmi","gamma-002-reveal_25-gibbs_cmi","interaction_row_97",-0.0508267596510497,0.077397888633036,1.00703509349887,609.65110187827,1023.64598229978,0.00315982041191601,27.0415214849532,45.4045678553906
"gamma",2,"reveal_25","gibbs_cmi","gamma-002-reveal_25-gibbs_cmi","interaction_row_241",-0.178167517171675,0.128832691941082,1.02697696410634,208.259458009425,424.085519755754,0.00868031171276535,9.23750090971055,18.8106240743293
"gamma",2,"reveal_25","gibbs_cmi","gamma-002-reveal_25-gibbs_cmi","interaction_row_385",0.120017953909937,0.117454177953938,1.00895982226289,352.796185959656,1057.14548758699,0.00623072507256336,15.6485334202553,46.8904629668213
"gamma",2,"reveal_25","gibbs_cmi","gamma-002-reveal_25-gibbs_cmi","interaction_row_529",-0.10320235572503,0.122019164133004,1.00766092955823,369.20349268964,688.160133864432,0.00643696139176169,16.3762915364666,30.5238471441309
"gamma",2,"reveal_25","gibbs_cmi","gamma-002-reveal_25-gibbs_cmi","interaction_row_672",-0.0717115307501524,0.0874821352927701,1.00507414612142,611.775304213847,1201.98512934844,0.00353212987039278,27.1357420365423,53.3149314414922
"gamma",2,"reveal_25","gibbs_cmi","gamma-002-reveal_25-gibbs_cmi","interaction_row_816",-0.0539919295118077,0.0911040687850011,1.02802182467361,293.349259754633,694.268054554954,0.00503116242082934,13.0117214351134,30.7947684433335
"gamma",2,"reveal_25","gibbs_cmi","gamma-002-reveal_25-gibbs_cmi","interaction_row_960",-0.177898813763524,0.145152352512873,1.04374943762416,84.1287927212954,758.941761778684,0.0145842212567513,3.7315942657483,33.6634181316781
"gamma",2,"reveal_25","gibbs_cmi","gamma-002-reveal_25-gibbs_cmi","interaction_row_1104",-0.0114369919025599,0.138388794367,1.02008571456117,237.767469504393,406.915350275018,0.0096428510588061,10.5463503883075,18.0490286216464
"gamma",2,"reveal_25","gibbs_cmi","gamma-002-reveal_25-gibbs_cmi","observed_log_likelihood",78.1175724190543,16.6739648754689,1.02289219208334,124.974127923179,362.836415959006,1.51117639560126,5.54331904737986,16.0938751811491
"multiplicative_gamma",2,"reveal_25","gibbs_cmi","multiplicative_gamma-002-reveal_25-gibbs_cmi","sigma",0.253602091948186,0.0133618180814529,1.05701395925493,53.781202923156,756.632850636243,0.00185079787965623,2.51243590223097,35.3467649554445
"multiplicative_gamma",2,"reveal_25","gibbs_cmi","multiplicative_gamma-002-reveal_25-gibbs_cmi","mean_row_1",1.23009363656901,0.125454050225395,1.00727583365768,348.681791365422,998.147403355084,0.00671988544574757,16.2889746503514,46.6293283824669
"multiplicative_gamma",2,"reveal_25","gibbs_cmi","multiplicative_gamma-002-reveal_25-gibbs_cmi","mean_row_159",1.34154242978288,0.188588059460175,1.00115810542716,575.695396077228,1111.82699600362,0.00782262024662165,26.8941136166136,51.9399699151463
"multiplicative_gamma",2,"reveal_25","gibbs_cmi","multiplicative_gamma-002-reveal_25-gibbs_cmi","mean_row_316",5.13165693231695,0.17586888550181,1.00642240116743,828.940200308247,1662.93303713308,0.00611650591989617,38.7246659959006,77.6853703229508
"multiplicative_gamma",2,"reveal_25","gibbs_cmi","multiplicative_gamma-002-reveal_25-gibbs_cmi","mean_row_474",-0.224909521014925,0.13770879708971,1.00175970638325,1084.03618168477,1378.87507494583,0.00421638722084636,50.6416977335689,64.4153543373744
"multiplicative_gamma",2,"reveal_25","gibbs_cmi","multiplicative_gamma-002-reveal_25-gibbs_cmi","mean_row_631",1.52336001011722,0.220422413859712,1.00600046485473,740.982448568355,1379.69655773964,0.00803230985399658,34.6156427435465,64.4537306241076
"multiplicative_gamma",2,"reveal_25","gibbs_cmi","multiplicative_gamma-002-reveal_25-gibbs_cmi","mean_row_789",2.39678847816825,0.22274483763887,1.01586467766979,603.800310679603,1487.38651098673,0.00898006873476451,28.2070592674766,69.4845609168799
"multiplicative_gamma",2,"reveal_25","gibbs_cmi","multiplicative_gamma-002-reveal_25-gibbs_cmi","mean_row_946",0.890278125998045,0.275948709683226,1.0094811499207,399.857323293064,738.926370091555,0.014136835476519,18.6796843545298,34.5195912403792
"multiplicative_gamma",2,"reveal_25","gibbs_cmi","multiplicative_gamma-002-reveal_25-gibbs_cmi","mean_row_1104",3.28717734779349,0.272436488864533,1.02074168089302,222.523949579628,600.35115406371,0.0179345769155868,10.3954008025614,28.045928901416
"multiplicative_gamma",2,"reveal_25","gibbs_cmi","multiplicative_gamma-002-reveal_25-gibbs_cmi","interaction_row_97",0.00588794694992172,0.0912751924449496,1.00438342655272,868.272073768805,1323.67556610799,0.00310838121558715,40.5620888427921,61.8366610346628
"multiplicative_gamma",2,"reveal_25","gibbs_cmi","multiplicative_gamma-002-reveal_25-gibbs_cmi","interaction_row_241",0.000340737495496156,0.118256724900358,1.00519522495426,814.34302861233,1285.79105492862,0.00442416090507948,38.0427463614095,60.06685298181
"multiplicative_gamma",2,"reveal_25","gibbs_cmi","multiplicative_gamma-002-reveal_25-gibbs_cmi","interaction_row_385",-0.00289905618154082,0.109528985485724,1.01563575224535,512.109312169266,1051.50608218125,0.0046638854974754,23.9236341291819,49.1220257021983
"multiplicative_gamma",2,"reveal_25","gibbs_cmi","multiplicative_gamma-002-reveal_25-gibbs_cmi","interaction_row_529",0.0377122501412023,0.117587848334918,1.01134861701862,596.832692782126,718.574482831897,0.00485333559681423,27.8815609073216,33.5688350383957
"multiplicative_gamma",2,"reveal_25","gibbs_cmi","multiplicative_gamma-002-reveal_25-gibbs_cmi","interaction_row_672",-0.000357891535242253,0.146538730010632,1.02775354667326,714.243588601761,951.633014202943,0.00549805012300305,33.3665135289995,44.4563680371366
"multiplicative_gamma",2,"reveal_25","gibbs_cmi","multiplicative_gamma-002-reveal_25-gibbs_cmi","interaction_row_816",0.0218722931571818,0.14425838419356,1.00528920961297,921.346644274645,1085.24841266851,0.00484316539707657,43.0415137940132,50.6983281635296
"multiplicative_gamma",2,"reveal_25","gibbs_cmi","multiplicative_gamma-002-reveal_25-gibbs_cmi","interaction_row_960",0.0165209552719266,0.162072128200143,1.00948961229361,936.524214816205,1413.53485754395,0.00519466366817316,43.7505472678785,66.034516375967
"multiplicative_gamma",2,"reveal_25","gibbs_cmi","multiplicative_gamma-002-reveal_25-gibbs_cmi","interaction_row_1104",0.00557710059468434,0.172735847265314,1.03237134344899,388.142837329889,483.602989793361,0.0103199889441325,18.1324319036667,22.5919363633263
"multiplicative_gamma",2,"reveal_25","gibbs_cmi","multiplicative_gamma-002-reveal_25-gibbs_cmi","observed_log_likelihood",-25.5297506681681,14.4128331626558,1.07157531243612,45.5898555535274,293.953817809811,2.18144985282269,2.12976995017881,13.7323095304967
"horseshoe",2,"reveal_25","gibbs_cmi","horseshoe-002-reveal_25-gibbs_cmi","sigma",12.6805145828956,5.27632162457916,2.37857800747281,4.95280872366309,28.9420118340868,2.53928400865897,0.204239534996416,1.19348502408605
"horseshoe",2,"reveal_25","gibbs_cmi","horseshoe-002-reveal_25-gibbs_cmi","mean_row_1",-5.09655210162464,15.2500683094633,1.58318617572093,6.85461098588591,33.831587599803,6.8801737452528,0.282664370551996,1.39511701442487
"horseshoe",2,"reveal_25","gibbs_cmi","horseshoe-002-reveal_25-gibbs_cmi","mean_row_159",224.815529063308,1641.16450648125,3.00399203415417,4.59397399373227,22.1147728306756,781.520268548131,0.189442226545661,0.911949395079407
"horseshoe",2,"reveal_25","gibbs_cmi","horseshoe-002-reveal_25-gibbs_cmi","mean_row_316",1233.75766570003,14.8883318783524,1.12590824236266,54.7472891792816,59.499172344523,2.29240370206709,2.25762017234151,2.45357411729992
"horseshoe",2,"reveal_25","gibbs_cmi","horseshoe-002-reveal_25-gibbs_cmi","mean_row_474",522.996548712365,10.9109323236476,1.25695093863768,11.6635792646245,77.4781483180255,3.32278606882601,0.480972340809256,3.19497518837218
"horseshoe",2,"reveal_25","gibbs_cmi","horseshoe-002-reveal_25-gibbs_cmi","mean_row_631",14.4015364781893,10.512898468418,1.08713239206536,434.169808210968,91.4891144447253,0.587059227338162,17.9039096169471,3.77274698741135
"horseshoe",2,"reveal_25","gibbs_cmi","horseshoe-002-reveal_25-gibbs_cmi","mean_row_789",-377.133875461261,19.493799440078,1.36639603911287,8.9332604259219,12.6307106732667,6.91545302155,0.368381873233893,0.52085404838213
"horseshoe",2,"reveal_25","gibbs_cmi","horseshoe-002-reveal_25-gibbs_cmi","mean_row_946",2655.95405663717,40.34247749205,1.08671423123888,115.980582648655,90.1600451777713,3.93902972641822,4.78270443911978,3.71794000733078
"horseshoe",2,"reveal_25","gibbs_cmi","horseshoe-002-reveal_25-gibbs_cmi","mean_row_1104",60.9269583669037,123.715684623288,1.59243906984103,7.07599983620636,15.4986870927779,45.5182712303497,0.291793807678613,0.639121117227953
"horseshoe",2,"reveal_25","gibbs_cmi","horseshoe-002-reveal_25-gibbs_cmi","interaction_row_97",726.530207991545,16.0333876236564,1.09123529905192,32.2103377066464,70.4865382144269,2.90506973758082,1.32826134872769,2.90666136966709
"horseshoe",2,"reveal_25","gibbs_cmi","horseshoe-002-reveal_25-gibbs_cmi","interaction_row_241",177.069633388247,52.9414492888164,1.74788909970359,6.17898131860432,37.6385886276991,20.8733803878964,0.254803353344508,1.55210674753398
"horseshoe",2,"reveal_25","gibbs_cmi","horseshoe-002-reveal_25-gibbs_cmi","interaction_row_385",203.863938305609,770.391863787713,2.96037729407438,4.60982128806158,16.5760357132576,378.710451096803,0.190095723219034,0.683547864464231
"horseshoe",2,"reveal_25","gibbs_cmi","horseshoe-002-reveal_25-gibbs_cmi","interaction_row_529",-81.6488601184083,16.1342311765568,1.12123592683076,36.4832107457099,42.913043691341,3.02316069568563,1.50446229879216,1.76961004912746
"horseshoe",2,"reveal_25","gibbs_cmi","horseshoe-002-reveal_25-gibbs_cmi","interaction_row_672",-49.0960120878046,6.63188999547064,1.31737404602982,10.0238198187068,35.4289924883096,2.18983422878254,0.413353394585849,1.46098938096122
"horseshoe",2,"reveal_25","gibbs_cmi","horseshoe-002-reveal_25-gibbs_cmi","interaction_row_816",-25.6200609485976,9.13843442697831,1.21589056333379,13.7610287682987,35.5641155008177,2.70902017710018,0.567465103847369,1.46656146395125
"horseshoe",2,"reveal_25","gibbs_cmi","horseshoe-002-reveal_25-gibbs_cmi","interaction_row_960",191.200493495172,436.325272970741,1.61781414431618,6.89732801906623,24.9222154274543,209.819201198972,0.284425897693453,1.02772022381255
"horseshoe",2,"reveal_25","gibbs_cmi","horseshoe-002-reveal_25-gibbs_cmi","interaction_row_1104",48.0374797264419,122.676635623537,1.66279839542232,6.72748833805851,13.6900278718973,45.0907929918732,0.277422199507568,0.564537231830818
"horseshoe",2,"reveal_25","gibbs_cmi","horseshoe-002-reveal_25-gibbs_cmi","observed_log_likelihood",-1371.09015792823,152.038245579347,2.47144590907587,4.87848146824176,25.9512839089576,73.6883072657446,0.201174493535743,1.07015603748279
"realism",2,"reveal_25","gibbs_cmi","realism-002-reveal_25-gibbs_cmi","sigma",0.19350103208563,0.00936471131286298,1.05752261586959,58.4901613424553,258.270919623211,0.00122133649059693,2.48060398415772,10.9534297308287
"realism",2,"reveal_25","gibbs_cmi","realism-002-reveal_25-gibbs_cmi","mean_row_1",1.78863631094384,0.100458234104626,1.03334631105976,129.720115611917,223.569190260137,0.00924941005360713,5.50151048016946,9.48170788668456
"realism",2,"reveal_25","gibbs_cmi","realism-002-reveal_25-gibbs_cmi","mean_row_159",-0.0575740277535764,0.146488845199372,1.02108947154869,264.710210238851,782.727175710524,0.00808379138396986,11.2265240357458,33.1959445146325
"realism",2,"reveal_25","gibbs_cmi","realism-002-reveal_25-gibbs_cmi","mean_row_316",1.65828550537014,0.096089988620074,1.01154353436536,692.346149805127,1035.1691395811,0.00366202752983115,29.3628292041699,43.9021646202593
"realism",2,"reveal_25","gibbs_cmi","realism-002-reveal_25-gibbs_cmi","mean_row_474",0.816905058149747,0.0990366573359389,1.0175997634054,455.156649571972,1102.45625962998,0.0046275338754043,19.3034755321247,46.7558530739206
"realism",2,"reveal_25","gibbs_cmi","realism-002-reveal_25-gibbs_cmi","mean_row_631",-0.299553718136444,0.244650046980703,1.02074616396093,214.116847538992,247.480755652623,0.0162239227630784,9.0808281750282,10.4958121910438
"realism",2,"reveal_25","gibbs_cmi","realism-002-reveal_25-gibbs_cmi","mean_row_789",-0.351583079831748,0.217519933752117,1.04116900812755,139.719704852014,296.926523990704,0.01833571412391,5.92559925577901,12.5928378638068
"realism",2,"reveal_25","gibbs_cmi","realism-002-reveal_25-gibbs_cmi","mean_row_946",-0.541359328906569,0.195586378239696,1.02198081492835,163.497730960377,589.135945620542,0.0151808530593062,6.93404007635506,24.9856204936824
"realism",2,"reveal_25","gibbs_cmi","realism-002-reveal_25-gibbs_cmi","mean_row_1104",-0.410304550318527,0.156018603330883,1.01839720500327,462.406461613971,571.667878665871,0.00642161076852264,19.6109445529483,24.244788950586
"realism",2,"reveal_25","gibbs_cmi","realism-002-reveal_25-gibbs_cmi","interaction_row_97",0.0532555751884641,0.118735216153863,1.02618891139603,240.982764537225,324.337676331226,0.00885383612001533,10.22022836156,13.7553618190434
"realism",2,"reveal_25","gibbs_cmi","realism-002-reveal_25-gibbs_cmi","interaction_row_241",-0.00788898050718921,0.0965793188874322,1.02683628289473,819.237227697957,690.102642500556,0.00353009699796095,34.7443584417469,29.267680669263
"realism",2,"reveal_25","gibbs_cmi","realism-002-reveal_25-gibbs_cmi","interaction_row_385",0.00883275362039744,0.133303450443546,1.04689668812216,305.772543793478,309.03587434329,0.00994748935377751,12.9680030448058,13.1064029154454
"realism",2,"reveal_25","gibbs_cmi","realism-002-reveal_25-gibbs_cmi","interaction_row_529",-0.0183386458500666,0.0681945904205834,1.03857959851356,676.921139240517,492.279626487841,0.0032456237080426,28.7086449484928,20.8778839852342
"realism",2,"reveal_25","gibbs_cmi","realism-002-reveal_25-gibbs_cmi","interaction_row_672",0.00163549161471167,0.0285016196530367,1.04368844005162,1429.00662673841,985.269316844093,0.000820983026600806,60.6050564798505,41.7858822190969
"realism",2,"reveal_25","gibbs_cmi","realism-002-reveal_25-gibbs_cmi","interaction_row_816",0.00111002041127289,0.0527064900451567,1.06506155418646,1068.69129774265,573.195452295549,0.00158938651013567,45.3238601188619,24.3095742947345
"realism",2,"reveal_25","gibbs_cmi","realism-002-reveal_25-gibbs_cmi","interaction_row_960",0.120393536445462,0.230048018485779,1.055232644816,90.6360336088937,234.545967459814,0.0214794557050332,3.8439303451755,9.94723980914426
"realism",2,"reveal_25","gibbs_cmi","realism-002-reveal_25-gibbs_cmi","interaction_row_1104",0.0102512168190615,0.103235116115917,1.03189284512996,239.261770272961,307.782524607646,0.00655667620686308,10.1472399284516,13.0532475765573
"realism",2,"reveal_25","gibbs_cmi","realism-002-reveal_25-gibbs_cmi","observed_log_likelihood",79.9380564614182,12.8983427052014,1.1184464017419,26.1489247800092,97.8538408224675,2.52924410113886,1.1089921022948,4.15004202139475
"gamma",1,"reveal_75","gibbs_cmi","gamma-001-reveal_75-gibbs_cmi","sigma",0.193438190645807,0.0052485695218594,1.00743138394454,992.557131582265,1733.13973159473,0.000167222005140537,40.6070094334683,70.9053607001893
"gamma",1,"reveal_75","gibbs_cmi","gamma-001-reveal_75-gibbs_cmi","mean_row_1",1.08902335099675,0.0719453341042726,1.04014357670007,91.591397870543,175.673119473933,0.00745324590735156,3.74714224401845,7.18705230429705
"gamma",1,"reveal_75","gibbs_cmi","gamma-001-reveal_75-gibbs_cmi","mean_row_159",1.35636983433257,0.0751071109834171,1.00101216051366,1285.48577888618,1713.11136737368,0.00210479476124832,52.5911622503856,70.0859701089751
"gamma",1,"reveal_75","gibbs_cmi","gamma-001-reveal_75-gibbs_cmi","mean_row_316",1.33984125640219,0.102596492207787,1.00815926144833,574.730939997023,1206.49004878548,0.00427436192955792,23.5131096836323,49.3593277742292
"gamma",1,"reveal_75","gibbs_cmi","gamma-001-reveal_75-gibbs_cmi","mean_row_474",2.08585392740575,0.0775562208987935,1.00221769741463,1516.28263421277,1676.14029282404,0.00200231413375804,62.0334097374613,68.5734276817099
"gamma",1,"reveal_75","gibbs_cmi","gamma-001-reveal_75-gibbs_cmi","mean_row_631",0.657519529315574,0.082229363650127,1.00694587906084,937.273024986524,1395.23296689963,0.00270919200338445,38.3452532416857,57.0810852554774
"gamma",1,"reveal_75","gibbs_cmi","gamma-001-reveal_75-gibbs_cmi","mean_row_789",0.978765021618572,0.0980552324772134,1.00287603644899,821.912729507489,1691.64359140371,0.00342451238951156,33.6256895433248,69.2076910118935
"gamma",1,"reveal_75","gibbs_cmi","gamma-001-reveal_75-gibbs_cmi","mean_row_946",1.68068065404794,0.085059079285403,1.01080655623389,651.537663488959,1389.62159317078,0.00336716372438711,26.6553885975109,56.8515154919928
"gamma",1,"reveal_75","gibbs_cmi","gamma-001-reveal_75-gibbs_cmi","mean_row_1104",1.42791635771767,0.0840990332025241,1.00003190531541,1064.47726515874,1708.62800448998,0.00259043819998144,43.5493705829373,69.9025489706658
"gamma",1,"reveal_75","gibbs_cmi","gamma-001-reveal_75-gibbs_cmi","interaction_row_97",-0.0207414136631215,0.0705722691708258,1.01162424208915,269.467669293231,1054.43827686776,0.0043013468784688,11.0243288177896,43.1386604290702
"gamma",1,"reveal_75","gibbs_cmi","gamma-001-reveal_75-gibbs_cmi","interaction_row_241",0.465731573331501,0.117919629213472,1.00884390374871,291.286114099313,603.392034900897,0.00681102732746551,11.9169543059082,24.6856783087549
"gamma",1,"reveal_75","gibbs_cmi","gamma-001-reveal_75-gibbs_cmi","interaction_row_385",0.00695108599735587,0.0535500201892319,1.00334291203098,466.212067247093,825.166067419389,0.00252539125115594,19.0734389087712,33.7587885046594
"gamma",1,"reveal_75","gibbs_cmi","gamma-001-reveal_75-gibbs_cmi","interaction_row_529",0.0291439636532961,0.0613745913785039,1.0142596216873,348.513784078651,819.498381397405,0.00328614641105927,14.2582246073989,33.526914920321
"gamma",1,"reveal_75","gibbs_cmi","gamma-001-reveal_75-gibbs_cmi","interaction_row_672",0.024522926496227,0.0430726203106423,1.01763141995966,252.825903261288,447.730439018324,0.00267877147298099,10.3434890668612,18.317327620109
"gamma",1,"reveal_75","gibbs_cmi","gamma-001-reveal_75-gibbs_cmi","interaction_row_816",-0.109462423561098,0.0483283733452448,1.0039850539573,721.510469451745,1307.74260185805,0.00182070178189547,29.5180816369409,53.5017224505198
"gamma",1,"reveal_75","gibbs_cmi","gamma-001-reveal_75-gibbs_cmi","interaction_row_960",-0.00975624189509609,0.0368819044985517,1.02088524909167,736.469483532187,604.22087096154,0.00139725620733152,30.130077467258,24.7195872422182
"gamma",1,"reveal_75","gibbs_cmi","gamma-001-reveal_75-gibbs_cmi","interaction_row_1104",0.0691032656146039,0.0580806690934659,1.00620767942704,360.093342539406,1054.08698396856,0.00305152506762645,14.7319618107191,43.1242885066711
"gamma",1,"reveal_75","gibbs_cmi","gamma-001-reveal_75-gibbs_cmi","observed_log_likelihood",191.547319704718,12.3539653670299,1.02436932496172,231.106955919773,773.416304491719,0.814111077588144,9.45493417010077,31.6416276435674
"multiplicative_gamma",1,"reveal_75","gibbs_cmi","multiplicative_gamma-001-reveal_75-gibbs_cmi","sigma",0.184015832930278,0.00548311181550864,1.09126144777589,31.1426897735353,142.334335835753,0.0009743327314836,1.16000632374326,5.30168494937062
"multiplicative_gamma",1,"reveal_75","gibbs_cmi","multiplicative_gamma-001-reveal_75-gibbs_cmi","mean_row_1",0.736534043804948,0.065910854270026,1.07781621521599,36.8851651974089,340.412387713318,0.0108579912888075,1.37390267804257,12.6797179466353
"multiplicative_gamma",1,"reveal_75","gibbs_cmi","multiplicative_gamma-001-reveal_75-gibbs_cmi","mean_row_159",-0.210794087563503,0.077792045121651,1.00340586269711,1567.00564753378,1868.75372985153,0.00196448641575471,58.3679981947248,69.6075438541188
"multiplicative_gamma",1,"reveal_75","gibbs_cmi","multiplicative_gamma-001-reveal_75-gibbs_cmi","mean_row_316",0.448744681792277,0.0931177994777413,1.03339792181812,132.53266061709,469.186505387821,0.00825383125739033,4.9365910759895,17.4763104029434
"multiplicative_gamma",1,"reveal_75","gibbs_cmi","multiplicative_gamma-001-reveal_75-gibbs_cmi","mean_row_474",1.36929949861347,0.0713174782804317,1.00289466598165,1496.81517468851,1671.78012225049,0.00184348460253139,55.753535765207,62.270649318378
"multiplicative_gamma",1,"reveal_75","gibbs_cmi","multiplicative_gamma-001-reveal_75-gibbs_cmi","mean_row_631",0.40166973915081,0.100377342143425,1.00147208045944,710.255941589609,1448.42860046301,0.00378199860056181,26.4556911978847,53.9512273424597
"multiplicative_gamma",1,"reveal_75","gibbs_cmi","multiplicative_gamma-001-reveal_75-gibbs_cmi","mean_row_789",0.360414157869952,0.107391336249649,1.01120959358239,1088.79054161935,1891.42732557823,0.00324336354208279,40.5553894893044,70.4520924340981
"multiplicative_gamma",1,"reveal_75","gibbs_cmi","multiplicative_gamma-001-reveal_75-gibbs_cmi","mean_row_946",2.09117099911895,0.088482740512556,1.0105360506856,609.747404884029,1433.22145200451,0.00354622602686198,22.7119382010664,53.3847898090854
"multiplicative_gamma",1,"reveal_75","gibbs_cmi","multiplicative_gamma-001-reveal_75-gibbs_cmi","mean_row_1104",2.07512687455886,0.072191425801086,1.00652123838194,619.447553296959,1273.38501666205,0.00287953009373248,23.0732503928543,47.4311847380358
"multiplicative_gamma",1,"reveal_75","gibbs_cmi","multiplicative_gamma-001-reveal_75-gibbs_cmi","interaction_row_97",-0.600075228714463,0.121264167506697,1.13245977481249,20.3865706721236,116.762242311902,0.0270241007677512,0.75936121995469,4.34917280559845
"multiplicative_gamma",1,"reveal_75","gibbs_cmi","multiplicative_gamma-001-reveal_75-gibbs_cmi","interaction_row_241",0.505619361447353,0.118099259825863,1.10970174309861,25.6919017786981,114.367147102754,0.0233427924944701,0.956974774786685,4.25996003660572
"multiplicative_gamma",1,"reveal_75","gibbs_cmi","multiplicative_gamma-001-reveal_75-gibbs_cmi","interaction_row_385",1.361944358502,0.143955240622714,1.03137263505646,130.265528898632,1105.19149097503,0.0125342968049185,4.85214470513028,41.166293849407
"multiplicative_gamma",1,"reveal_75","gibbs_cmi","multiplicative_gamma-001-reveal_75-gibbs_cmi","interaction_row_529",0.354850801431933,0.0934500046810573,1.03583156403936,217.117670967949,1062.59585033341,0.00639034966413254,8.08722281699813,39.5796867558167
"multiplicative_gamma",1,"reveal_75","gibbs_cmi","multiplicative_gamma-001-reveal_75-gibbs_cmi","interaction_row_672",-0.0139435958439651,0.0336905832707094,1.02931674956994,156.77958957876,886.131835399688,0.00241018355354342,5.83974334483407,33.0067357767977
"multiplicative_gamma",1,"reveal_75","gibbs_cmi","multiplicative_gamma-001-reveal_75-gibbs_cmi","interaction_row_816",-0.0353300091413392,0.0319269468463204,1.01858540647327,355.256953185913,888.131571704591,0.00146626849305686,13.2326499491903,33.0812221739707
"multiplicative_gamma",1,"reveal_75","gibbs_cmi","multiplicative_gamma-001-reveal_75-gibbs_cmi","interaction_row_960",0.0414628131140577,0.0424872944034879,1.02390762715871,291.440776103287,435.952937597055,0.00251558186922806,10.8556179872346,16.2384228255319
"multiplicative_gamma",1,"reveal_75","gibbs_cmi","multiplicative_gamma-001-reveal_75-gibbs_cmi","interaction_row_1104",0.0335559807503139,0.0422313208804358,1.00977170087702,434.979134092796,744.664501146309,0.0020263437775207,16.2021504858195,27.7373449974414
"multiplicative_gamma",1,"reveal_75","gibbs_cmi","multiplicative_gamma-001-reveal_75-gibbs_cmi","observed_log_likelihood",237.252260563122,16.7245552946446,1.26261136175991,11.9301291183192,23.9146386184882,4.84135066274906,0.44437475763844,0.89077508170329
"horseshoe",1,"reveal_75","gibbs_cmi","horseshoe-001-reveal_75-gibbs_cmi","sigma",3.98748084685987,1.14755330579235,2.49287638086465,4.88313861779546,24.3862436923736,0.549613412745879,0.19196236409291,0.958654127383186
"horseshoe",1,"reveal_75","gibbs_cmi","horseshoe-001-reveal_75-gibbs_cmi","mean_row_1",11.1052012386382,1.17529947451263,1.05643618163397,174.683064283979,63.8405042741865,0.0991778748233835,6.86701251214633,2.50965108397619
"horseshoe",1,"reveal_75","gibbs_cmi","horseshoe-001-reveal_75-gibbs_cmi","mean_row_159",376.290401727162,1.55782063444976,1.06464214655502,46.0332769509619,746.871923955688,0.228942991194363,1.80962642310566,29.3604813254063
"horseshoe",1,"reveal_75","gibbs_cmi","horseshoe-001-reveal_75-gibbs_cmi","mean_row_316",-435.57345597619,1.58603837087815,1.05889130064908,960.993660339651,130.209422550421,0.0553330835335124,37.7778779911804,5.11869732488484
"horseshoe",1,"reveal_75","gibbs_cmi","horseshoe-001-reveal_75-gibbs_cmi","mean_row_474",16.6251677627963,3.25017479645233,1.58822058221654,7.09360120283829,28.7462660161777,1.49067390115836,0.27885844810277,1.13005212737549
"horseshoe",1,"reveal_75","gibbs_cmi","horseshoe-001-reveal_75-gibbs_cmi","mean_row_631",113.073765704243,1.16820047224639,1.08215903389881,31.7082400018289,164.691254110469,0.196885640235909,1.24649107641437,6.47422179850885
"horseshoe",1,"reveal_75","gibbs_cmi","horseshoe-001-reveal_75-gibbs_cmi","mean_row_789",50.7613270283376,1.52233578094817,1.06908757655577,42.2737444944758,67.618790683588,0.238191886127462,1.66183444038351,2.65818030834137
"horseshoe",1,"reveal_75","gibbs_cmi","horseshoe-001-reveal_75-gibbs_cmi","mean_row_946",9.81890241763357,8.73280275584733,1.69733129407528,6.341809892178,20.4848394647791,4.2333657669447,0.249304579455066,0.805284985642701
"horseshoe",1,"reveal_75","gibbs_cmi","horseshoe-001-reveal_75-gibbs_cmi","mean_row_1104",260.400922547085,2.29874917320311,1.15462279990683,34.5614223765116,30.7873116352811,0.483660652438264,1.35865328942965,1.21028821586921
"horseshoe",1,"reveal_75","gibbs_cmi","horseshoe-001-reveal_75-gibbs_cmi","interaction_row_97",-176.202151217343,1.11993623614338,1.10805524106356,26.079522185687,27.2691441556855,0.251126692901539,1.02521904967713,1.07198459610368
"horseshoe",1,"reveal_75","gibbs_cmi","horseshoe-001-reveal_75-gibbs_cmi","interaction_row_241",43.5141571819187,1.21596548732304,1.15186575330386,18.5956500604396,18.0119401688175,0.327136277280894,0.731018557293793,0.708072182121923
"horseshoe",1,"reveal_75","gibbs_cmi","horseshoe-001-reveal_75-gibbs_cmi","interaction_row_385",32.5286338598066,1.96375693556801,1.2338495237156,12.5598689674934,59.2039402734162,0.549045922598259,0.493744357555363,2.32738188039217
"horseshoe",1,"reveal_75","gibbs_cmi","horseshoe-001-reveal_75-gibbs_cmi","interaction_row_529",-41.8062637353759,0.356995214652333,1.08648906437763,36.5176117980129,69.5598878976859,0.0561401735027555,1.43555357331601,2.73448729843878
"horseshoe",1,"reveal_75","gibbs_cmi","horseshoe-001-reveal_75-gibbs_cmi","interaction_row_672",857.814028718645,3.68058602067261,1.30164129929425,10.4566558328116,22.4449664428426,1.14045061030832,0.411064385282314,0.882340059864869
"horseshoe",1,"reveal_75","gibbs_cmi","horseshoe-001-reveal_75-gibbs_cmi","interaction_row_816",721.893759905651,2.91654469466139,1.38282143581224,8.96209823903915,26.0074941535012,0.97872617405812,0.352311433251007,1.02238753650056
"horseshoe",1,"reveal_75","gibbs_cmi","horseshoe-001-reveal_75-gibbs_cmi","interaction_row_960",-107.591416851261,2.07687299582931,1.28740476135641,14.765825489832,18.2054630035848,0.622831739433015,0.580463302532899,0.715679809874389
"horseshoe",1,"reveal_75","gibbs_cmi","horseshoe-001-reveal_75-gibbs_cmi","interaction_row_1104",14.39635613354,2.11066404924734,1.25106463247584,27.9912638112432,31.9326552836853,0.452682266975048,1.10037203440692,1.25531312539056
"horseshoe",1,"reveal_75","gibbs_cmi","horseshoe-001-reveal_75-gibbs_cmi","observed_log_likelihood",-2378.69241591117,233.871618282398,2.57800070217737,4.83583015298583,22.8609941731823,112.089440081831,0.190102608419916,0.898694636888994
"realism",1,"reveal_75","gibbs_cmi","realism-001-reveal_75-gibbs_cmi","sigma",0.200049673597883,0.00565160672999272,1.02308328908832,164.21596773297,611.884521162995,0.000451751787124873,6.34405902001051,23.6385752815531
"realism",1,"reveal_75","gibbs_cmi","realism-001-reveal_75-gibbs_cmi","mean_row_1",1.26181215443565,0.0693865507678843,1.08636260117687,36.5117557348273,342.768785813493,0.0114656492776314,1.41053721208528,13.2419851579485
"realism",1,"reveal_75","gibbs_cmi","realism-001-reveal_75-gibbs_cmi","mean_row_159",0.308012244610988,0.054520531328888,1.00769598971711,621.039799035221,1165.2929483523,0.002175302624467,23.9922657537271,45.0180779738194
"realism",1,"reveal_75","gibbs_cmi","realism-001-reveal_75-gibbs_cmi","mean_row_316",0.771471776220889,0.0752214900189615,1.01624016986726,310.333259197399,985.765211156101,0.00394028652156665,11.9889225110065,38.0824883583585
"realism",1,"reveal_75","gibbs_cmi","realism-001-reveal_75-gibbs_cmi","mean_row_474",0.159822373101547,0.0932525599053696,1.01742762610353,227.001381494387,1066.79238872259,0.00609930947196645,8.76961102933702,41.212763713448
"realism",1,"reveal_75","gibbs_cmi","realism-001-reveal_75-gibbs_cmi","mean_row_631",0.6895294760324,0.0515076332703269,1.00714092844353,289.763953379591,697.115100956392,0.00302047473080895,11.1942806018773,26.9312382057716
"realism",1,"reveal_75","gibbs_cmi","realism-001-reveal_75-gibbs_cmi","mean_row_789",-0.877958156882942,0.0798524946881216,1.01164084382625,307.441049039506,481.988628409036,0.00462630754874987,11.8771894548777,18.6203835583944
"realism",1,"reveal_75","gibbs_cmi","realism-001-reveal_75-gibbs_cmi","mean_row_946",1.0569490266574,0.0731863069826849,1.00071229162135,1331.51187671182,1908.7012394794,0.00200362950716369,51.4395161951644,73.737733802566
"realism",1,"reveal_75","gibbs_cmi","realism-001-reveal_75-gibbs_cmi","mean_row_1104",-1.00424351831522,0.0700146309299357,1.02047425567904,341.730435983184,1307.87468842031,0.00406527868496391,13.2018711988869,50.5263545845209
"realism",1,"reveal_75","gibbs_cmi","realism-001-reveal_75-gibbs_cmi","interaction_row_97",-0.0200300963086207,0.0524014671034867,1.01139407564421,392.699042276629,512.821026822615,0.0029252554298116,15.1709114265649,19.8115134951756
"realism",1,"reveal_75","gibbs_cmi","realism-001-reveal_75-gibbs_cmi","interaction_row_241",0.00406623396346398,0.042076937220872,1.01016853396515,859.540827166553,659.785979062048,0.00140245481710309,33.2061358766297,25.4891241669714
"realism",1,"reveal_75","gibbs_cmi","realism-001-reveal_75-gibbs_cmi","interaction_row_385",0.00360306308154212,0.0307374152447176,1.017767377608,1161.67274171881,907.6821951041,0.00098151656931567,44.8782206574781,35.0659530656407
"realism",1,"reveal_75","gibbs_cmi","realism-001-reveal_75-gibbs_cmi","interaction_row_529",-0.00114081790159946,0.0307704212574279,1.01071547876867,718.705980563925,850.557781607534,0.00104524404054231,27.7653459750408,32.8590991542415
"realism",1,"reveal_75","gibbs_cmi","realism-001-reveal_75-gibbs_cmi","interaction_row_672",-0.00154311362242192,0.0432179333004068,1.11184517241629,25.1894071517113,41.4096019208371,0.00843681493110808,0.97312757008737,1.59975282676598
"realism",1,"reveal_75","gibbs_cmi","realism-001-reveal_75-gibbs_cmi","interaction_row_816",-0.0117045482065471,0.042428142591285,1.06677994423057,273.311456900978,454.167520225047,0.00243687746219209,10.5586809697114,17.5455870282036
"realism",1,"reveal_75","gibbs_cmi","realism-001-reveal_75-gibbs_cmi","interaction_row_960",0.00131748677545135,0.0197161322153984,1.03029463467936,180.233759445882,527.054505975548,0.00101519325224515,6.96286495831113,20.3613871344622
"realism",1,"reveal_75","gibbs_cmi","realism-001-reveal_75-gibbs_cmi","interaction_row_1104",-0.0193116677460855,0.0408811874049333,1.07656979553103,38.1390131366397,503.465252639255,0.00588367082669846,1.47340209142901,19.4500773667861
"realism",1,"reveal_75","gibbs_cmi","realism-001-reveal_75-gibbs_cmi","observed_log_likelihood",162.935412964132,14.4666602409276,1.10255535458632,26.3564676704223,110.264314880803,2.8140083556398,1.01821393356857,4.2597765068883
"gamma",2,"reveal_75","gibbs_cmi","gamma-002-reveal_75-gibbs_cmi","sigma",0.200281986149842,0.0180465141615726,1.52972683113397,7.23364226514919,34.5949156548751,0.0085457206578324,0.291690885323972,1.39501252691137
"gamma",2,"reveal_75","gibbs_cmi","gamma-002-reveal_75-gibbs_cmi","mean_row_1",0.814966372221192,0.0681469671287434,1.13870880664215,20.5546356798196,59.9770615271885,0.0152708808099661,0.828849376177247,2.41852742155685
"gamma",2,"reveal_75","gibbs_cmi","gamma-002-reveal_75-gibbs_cmi","mean_row_159",0.479244907593585,0.0774306925118845,1.03867816981643,73.6220773007682,183.960770872434,0.0095199593480423,2.96875185696069,7.41807213486166
"gamma",2,"reveal_75","gibbs_cmi","gamma-002-reveal_75-gibbs_cmi","mean_row_316",1.68747812165583,0.10797708742095,1.12417389633155,23.4424336200484,49.8004330561062,0.0228514087830306,0.945297536999412,2.00816295238139
"gamma",2,"reveal_75","gibbs_cmi","gamma-002-reveal_75-gibbs_cmi","mean_row_474",1.90248064731199,0.0739923484971641,1.0031387366631,1204.69429202793,1745.24230516864,0.00212950668863565,48.5783415471564,70.3755113177401
"gamma",2,"reveal_75","gibbs_cmi","gamma-002-reveal_75-gibbs_cmi","mean_row_631",0.979072667492675,0.10564665121727,1.16042364021466,17.358357349487,48.1709804653681,0.0266432542066746,0.69996198836594,1.94245656943296
"gamma",2,"reveal_75","gibbs_cmi","gamma-002-reveal_75-gibbs_cmi","mean_row_789",1.16551733294048,0.169186545617833,1.0465093394758,465.519246270573,173.030196885565,0.00852524991584335,18.771694272776,6.97730541092645
"gamma",2,"reveal_75","gibbs_cmi","gamma-002-reveal_75-gibbs_cmi","mean_row_946",1.63669104952288,0.0706375655451687,1.00218341686202,1993.84677132635,2016.411759079,0.00158187404653873,80.4002891780455,81.310204406589
"gamma",2,"reveal_75","gibbs_cmi","gamma-002-reveal_75-gibbs_cmi","mean_row_1104",1.13025274317823,0.0972285719886312,1.03105881534141,140.14548666797,503.596997845837,0.00830812776042758,5.65125556143271,20.307149394969
"gamma",2,"reveal_75","gibbs_cmi","gamma-002-reveal_75-gibbs_cmi","interaction_row_97",-0.0272916256811722,0.0669277655107331,1.01919866644042,367.074128991004,941.67882083253,0.0033759573488223,14.801973022743,37.9724513420915
"gamma",2,"reveal_75","gibbs_cmi","gamma-002-reveal_75-gibbs_cmi","interaction_row_241",-0.31165999786615,0.188435358933277,1.42926998920165,8.22925777915036,35.1639777985128,0.0743028343082204,0.331838291025862,1.41795950637174
"gamma",2,"reveal_75","gibbs_cmi","gamma-002-reveal_75-gibbs_cmi","interaction_row_385",0.167127990695726,0.0743638949458436,1.02879533875112,293.500296066037,126.946864445384,0.00437796479016873,11.8351665819604,5.11903159181352
"gamma",2,"reveal_75","gibbs_cmi","gamma-002-reveal_75-gibbs_cmi","interaction_row_529",-0.0755679459218507,0.0865991453272162,1.36017031710436,9.19990782687888,38.9109065370743,0.0306918102484536,0.370978984107378,1.56905143502054
"gamma",2,"reveal_75","gibbs_cmi","gamma-002-reveal_75-gibbs_cmi","interaction_row_672",-0.0254719398420447,0.0582639375748322,1.10246604011973,28.3732985657195,533.419659360078,0.0105430609881956,1.14413075389006,21.5097245598644
"gamma",2,"reveal_75","gibbs_cmi","gamma-002-reveal_75-gibbs_cmi","interaction_row_816",-0.00914260824646313,0.0760973336721446,1.18422693683353,15.3136690130167,113.800332677056,0.0195595867515395,0.617511553410086,4.58890812843485
"gamma",2,"reveal_75","gibbs_cmi","gamma-002-reveal_75-gibbs_cmi","interaction_row_960",-0.116686832425727,0.080056290128906,1.35801141934251,9.45905103711381,31.5899827114513,0.0275848824171283,0.381428728461381,1.27384099001779
"gamma",2,"reveal_75","gibbs_cmi","gamma-002-reveal_75-gibbs_cmi","interaction_row_1104",-0.0671718640004746,0.0576019064436927,1.21697161162896,13.7882587621501,144.436783975624,0.0148791256650654,0.55600059527199,5.8242987207397
"gamma",2,"reveal_75","gibbs_cmi","gamma-002-reveal_75-gibbs_cmi","observed_log_likelihood",165.500525174023,74.4325278362761,1.54377729958539,7.18339529508462,42.0162114459083,36.3377142022833,0.289664716120997,1.69427039178629
"multiplicative_gamma",2,"reveal_75","gibbs_cmi","multiplicative_gamma-002-reveal_75-gibbs_cmi","sigma",0.263648288540578,0.0074241396433009,1.04250568938196,83.7133293286252,1231.8101544626,0.000813270468361722,3.42890674730176,50.4550730917753
"multiplicative_gamma",2,"reveal_75","gibbs_cmi","multiplicative_gamma-002-reveal_75-gibbs_cmi","mean_row_1",1.07758966080435,0.0825954799229231,1.03031205659467,119.065452402013,528.611261108653,0.0075880173978343,4.876933415336,21.6519726840605
"multiplicative_gamma",2,"reveal_75","gibbs_cmi","multiplicative_gamma-002-reveal_75-gibbs_cmi","mean_row_159",1.55905653762768,0.101846025311711,1.00869032842946,515.832681021867,1108.29512126483,0.00449922635878122,21.1285607037711,45.3958843804715
"multiplicative_gamma",2,"reveal_75","gibbs_cmi","multiplicative_gamma-002-reveal_75-gibbs_cmi","mean_row_316",5.1856807813732,0.158981595025417,1.03631854064295,94.2048946834095,1397.86034045171,0.0164032518503525,3.85864236435691,57.2565061215577
"multiplicative_gamma",2,"reveal_75","gibbs_cmi","multiplicative_gamma-002-reveal_75-gibbs_cmi","mean_row_474",-0.328805225172159,0.114063290233229,1.03703293366794,89.2087718020986,1270.90291047566,0.0120991514135586,3.65400064725562,52.0563164772532
"multiplicative_gamma",2,"reveal_75","gibbs_cmi","multiplicative_gamma-002-reveal_75-gibbs_cmi","mean_row_631",1.58119066658807,0.123523572340739,1.02583837246462,247.391979220717,798.397021623036,0.00789830093506236,10.1332014098762,32.7024257238894
"multiplicative_gamma",2,"reveal_75","gibbs_cmi","multiplicative_gamma-002-reveal_75-gibbs_cmi","mean_row_789",2.49831446004227,0.119754331702822,1.00788201567045,1007.12564590641,1659.40267752136,0.00376749452737483,41.2519720613749,67.9693076727026
"multiplicative_gamma",2,"reveal_75","gibbs_cmi","multiplicative_gamma-002-reveal_75-gibbs_cmi","mean_row_946",0.670105374206514,0.133347722819795,1.05421765789551,52.5994895301301,1297.7238181607,0.0185646765779727,2.15448060662448,53.1549036684157
"multiplicative_gamma",2,"reveal_75","gibbs_cmi","multiplicative_gamma-002-reveal_75-gibbs_cmi","mean_row_1104",3.34358269481868,0.133098401602544,1.0029995997555,1072.66090439823,1435.06506329747,0.00405450886524298,43.9363031210877,58.7804154705282
"multiplicative_gamma",2,"reveal_75","gibbs_cmi","multiplicative_gamma-002-reveal_75-gibbs_cmi","interaction_row_97",0.204469844916645,0.114271564941853,1.0205150652623,327.427231385228,344.693338232738,0.00640569731563643,13.4114537308605,14.1186752778217
"multiplicative_gamma",2,"reveal_75","gibbs_cmi","multiplicative_gamma-002-reveal_75-gibbs_cmi","interaction_row_241",0.148669158771926,0.0948188314029094,1.00904391161088,347.939372251619,651.408132507921,0.0050499944200238,14.2516331716073,26.6817454127927
"multiplicative_gamma",2,"reveal_75","gibbs_cmi","multiplicative_gamma-002-reveal_75-gibbs_cmi","interaction_row_385",0.153810072696168,0.09550757742974,1.00895222810903,458.657539712237,1209.41648510952,0.00438813957227834,18.7866609204652,49.5378260469205
"multiplicative_gamma",2,"reveal_75","gibbs_cmi","multiplicative_gamma-002-reveal_75-gibbs_cmi","interaction_row_529",-0.0793549429895421,0.124811178440205,1.0674874413105,44.7340318217406,781.26280391784,0.0183253733007527,1.83231063413372,32.0006063700271
"multiplicative_gamma",2,"reveal_75","gibbs_cmi","multiplicative_gamma-002-reveal_75-gibbs_cmi","interaction_row_672",0.0168843023761525,0.0703676125107482,1.00932716251538,927.283747576258,1155.88537707514,0.00235649513680322,37.9816395337207,47.3451862486747
"multiplicative_gamma",2,"reveal_75","gibbs_cmi","multiplicative_gamma-002-reveal_75-gibbs_cmi","interaction_row_816",0.0355551006712255,0.0783176574390888,1.0636187713067,47.4654612555468,843.639094090222,0.0109041747804672,1.94419027015429,34.5555457561326
"multiplicative_gamma",2,"reveal_75","gibbs_cmi","multiplicative_gamma-002-reveal_75-gibbs_cmi","interaction_row_960",0.0125187973249933,0.0769091154181169,1.02207285569869,630.156896268233,1106.00450855234,0.00302344578710927,25.8112925480558,45.3020606435793
"multiplicative_gamma",2,"reveal_75","gibbs_cmi","multiplicative_gamma-002-reveal_75-gibbs_cmi","interaction_row_1104",-0.0292672053393855,0.0759525304776836,1.01049753169986,767.809611502313,1110.19882340248,0.0027070189942239,31.449562198014,45.4738602196477
"multiplicative_gamma",2,"reveal_75","gibbs_cmi","multiplicative_gamma-002-reveal_75-gibbs_cmi","observed_log_likelihood",-83.2985370969835,14.3529980998999,1.12414895938714,23.9505505113659,198.484984990774,2.95089241010169,0.981017060349223,8.12996579793456
"horseshoe",2,"reveal_75","gibbs_cmi","horseshoe-002-reveal_75-gibbs_cmi","sigma",55.7005246903045,66.9895220660074,3.52441723836868,4.42903086481197,,33.2242210087448,0.167893512691887,
"horseshoe",2,"reveal_75","gibbs_cmi","horseshoe-002-reveal_75-gibbs_cmi","mean_row_1",16.6044304843679,32.3517210894419,1.57725007618225,7.44552554470642,14.768924135555,14.2501031329005,0.282241301922155,0.559853075646516
"horseshoe",2,"reveal_75","gibbs_cmi","horseshoe-002-reveal_75-gibbs_cmi","mean_row_159",447.040890069682,88.0270674785523,1.89939201797209,7.60457247218378,11.3157970653857,32.8649664168019,0.288270374229864,0.428953641599158
"horseshoe",2,"reveal_75","gibbs_cmi","horseshoe-002-reveal_75-gibbs_cmi","mean_row_316",921.913308806755,525.817287679188,1.70886719451602,6.26834259099801,14.3985318978939,260.47017046812,0.237617232410843,0.545812429791282
"horseshoe",2,"reveal_75","gibbs_cmi","horseshoe-002-reveal_75-gibbs_cmi","mean_row_474",497.695956681153,43.3734639044659,1.61457695872511,10.0173495370836,32.4082141604772,12.1366353117094,0.37973273453691,1.22851456256548
"horseshoe",2,"reveal_75","gibbs_cmi","horseshoe-002-reveal_75-gibbs_cmi","mean_row_631",8.30980019043966,29.9714548247614,1.44753096091502,138.188664826637,23.0474755052632,3.80531849125825,5.23838759767392,0.873672308766616
"horseshoe",2,"reveal_75","gibbs_cmi","horseshoe-002-reveal_75-gibbs_cmi","mean_row_789",-326.587411361612,96.2274150791531,1.64996579885228,7.03215809972421,20.6611126606396,46.7870165979554,0.266571573151033,0.783211245664885
"horseshoe",2,"reveal_75","gibbs_cmi","horseshoe-002-reveal_75-gibbs_cmi","mean_row_946",2650.55457808332,111.59800941298,1.51861224821339,153.523016194024,26.8444088659445,11.0957217884702,5.81967460932618,1.01760458172648
"horseshoe",2,"reveal_75","gibbs_cmi","horseshoe-002-reveal_75-gibbs_cmi","mean_row_1104",84.7870228134854,33.3788615424093,1.59145761409337,6.8852650078631,20.7118968609336,12.4335428581139,0.261003222436055,0.785136348026295
"horseshoe",2,"reveal_75","gibbs_cmi","horseshoe-002-reveal_75-gibbs_cmi","interaction_row_97",654.008701248506,143.160626640196,1.97610537264434,6.28317534442001,10.7630074965514,64.8881403967057,0.238179505095528,0.40799876787534
"horseshoe",2,"reveal_75","gibbs_cmi","horseshoe-002-reveal_75-gibbs_cmi","interaction_row_241",96.5534202865014,59.8431597376754,2.57368582277402,4.80807806703187,13.955759788088,29.4548215348329,0.182262246665348,0.529028043521156
"horseshoe",2,"reveal_75","gibbs_cmi","horseshoe-002-reveal_75-gibbs_cmi","interaction_row_385",782.404092033883,41.1305301649263,1.56368145779472,226.799854350604,29.4758678394873,1.84597132410279,8.59741676840807,1.11735662772887
"horseshoe",2,"reveal_75","gibbs_cmi","horseshoe-002-reveal_75-gibbs_cmi","interaction_row_529",-96.2009033507462,47.4394797350767,1.50801236078705,11.2295168498455,27.6104723516799,14.9781438253781,0.425682973837968,1.04664413766793
"horseshoe",2,"reveal_75","gibbs_cmi","horseshoe-002-reveal_75-gibbs_cmi","interaction_row_672",-90.1388469630175,85.8584912348423,1.79055579523922,7.60968583553021,12.1149808014045,40.1768257319486,0.288464209079994,0.459248703616549
"horseshoe",2,"reveal_75","gibbs_cmi","horseshoe-002-reveal_75-gibbs_cmi","interaction_row_816",-14.805750163971,28.0876554112783,1.870756993552,7.3013224784197,12.0045597409491,12.7605079170401,0.276774923366934,0.455062916639467
"horseshoe",2,"reveal_75","gibbs_cmi","horseshoe-002-reveal_75-gibbs_cmi","interaction_row_960",-62.1877752794032,28.5152451927206,1.68457812409561,11.0990653578927,22.3603891026267,10.757778212133,0.420737883165,0.847626577051813
"horseshoe",2,"reveal_75","gibbs_cmi","horseshoe-002-reveal_75-gibbs_cmi","interaction_row_1104",68.9261591724419,29.5202938265855,1.97501044708379,5.55748739287423,10.9738605814115,13.9628067775838,0.210670484945954,0.415991682388612
"horseshoe",2,"reveal_75","gibbs_cmi","horseshoe-002-reveal_75-gibbs_cmi","observed_log_likelihood",-4109.56422871536,1022.90927593753,3.42602092631743,4.45570994677805,13.1736526029186,506.571583920247,0.168904850143217,0.499380310952187
"realism",2,"reveal_75","gibbs_cmi","realism-002-reveal_75-gibbs_cmi","sigma",0.20051629016245,0.00533647087231033,1.00997647504678,560.047905895788,1283.21252618462,0.000226220278961834,21.7056005695603,49.7330643432537
"realism",2,"reveal_75","gibbs_cmi","realism-002-reveal_75-gibbs_cmi","mean_row_1",1.77434215081458,0.0600957661320599,1.01558072958174,129.438440177187,507.243501021756,0.00527939873770094,5.01660492121496,19.6590768553509
"realism",2,"reveal_75","gibbs_cmi","realism-002-reveal_75-gibbs_cmi","mean_row_159",-0.141224783043119,0.0628251315456564,1.00487424814166,670.922617727566,933.715730458596,0.00248533164280306,26.0027369090603,36.1877269381679
"realism",2,"reveal_75","gibbs_cmi","realism-002-reveal_75-gibbs_cmi","mean_row_316",1.69079306964786,0.067647425115247,1.021145924654,257.907643757057,510.877160860372,0.00425779584109347,9.99564544442523,19.7999054670327
"realism",2,"reveal_75","gibbs_cmi","realism-002-reveal_75-gibbs_cmi","mean_row_474",0.791985753404865,0.0757484814496567,1.02064761180852,349.989859505663,1126.69376826437,0.00404253290085072,13.5644469229388,43.6669160632658
"realism",2,"reveal_75","gibbs_cmi","realism-002-reveal_75-gibbs_cmi","mean_row_631",-0.279338543757202,0.0724536492899854,1.01119955914685,527.987254444858,1233.54428052167,0.00313576477073892,20.4630359834457,47.8080877653547
"realism",2,"reveal_75","gibbs_cmi","realism-002-reveal_75-gibbs_cmi","mean_row_789",-0.15563856889171,0.138811308705211,1.01094591413762,475.716147796494,589.582190808539,0.0064704166385279,18.4371811408612,22.8502515622256
"realism",2,"reveal_75","gibbs_cmi","realism-002-reveal_75-gibbs_cmi","mean_row_946",-0.396265509407269,0.0880578174245584,1.00846506865421,496.289665301736,723.666253750418,0.00426797435560692,19.2345424890219,28.0469054240147
"realism",2,"reveal_75","gibbs_cmi","realism-002-reveal_75-gibbs_cmi","mean_row_1104",-0.506112902432843,0.0795053762894763,1.03288558907114,116.385083111656,1053.45329118618,0.00747845988359467,4.51070006633818,40.8283579252072
"realism",2,"reveal_75","gibbs_cmi","realism-002-reveal_75-gibbs_cmi","interaction_row_97",0.00547656657596444,0.0368589218431946,1.0443739600143,910.647036640676,587.042522016401,0.00139479222962667,35.2936608263192,22.7518224175028
"realism",2,"reveal_75","gibbs_cmi","realism-002-reveal_75-gibbs_cmi","interaction_row_241",-0.014533480549943,0.054168920607459,1.03467202394927,424.435086733469,328.312238272572,0.00344582864607886,16.4496971836863,12.7242941738073
"realism",2,"reveal_75","gibbs_cmi","realism-002-reveal_75-gibbs_cmi","interaction_row_385",0.0438071721708564,0.0681909731448311,1.01630366724358,395.556392356594,751.158544303834,0.00346486560738638,15.3304547072552,29.1124154834448
"realism",2,"reveal_75","gibbs_cmi","realism-002-reveal_75-gibbs_cmi","interaction_row_529",-0.0109667561603622,0.0412943573790075,1.02953981714228,427.898276467619,390.716542212646,0.00235629040715352,16.5839189391374,15.1428781572223
"realism",2,"reveal_75","gibbs_cmi","realism-002-reveal_75-gibbs_cmi","interaction_row_672",0.00481166369483626,0.0315195643293674,1.01025328769878,555.88910721462,465.374852823979,0.00142421713222863,21.5444193168989,18.0363868236565
"realism",2,"reveal_75","gibbs_cmi","realism-002-reveal_75-gibbs_cmi","interaction_row_816",0.0108002441401451,0.031740251325788,1.10365902900486,30.6942948858482,116.241347568109,0.0048056076128764,1.18960913440232,4.50512935307769
"realism",2,"reveal_75","gibbs_cmi","realism-002-reveal_75-gibbs_cmi","interaction_row_960",0.0129346186367052,0.066945971614793,1.08688901516618,38.7926877848139,246.428982582105,0.00573613098762682,1.50347600127178,9.55077058298226
"realism",2,"reveal_75","gibbs_cmi","realism-002-reveal_75-gibbs_cmi","interaction_row_1104",0.00267879959732574,0.0274219985141103,1.03655372544033,161.20173176707,478.127531480184,0.00116589200692495,6.24764482470631,18.5306383799779
"realism",2,"reveal_75","gibbs_cmi","realism-002-reveal_75-gibbs_cmi","observed_log_likelihood",160.627575012993,10.676879848048,1.03735565360999,119.319709106457,381.817617253697,0.97277049868652,4.6244364431617,14.7979853210488
"gamma",1,"reveal_25","gibbs_icm","gamma-001-reveal_25-gibbs_icm","sigma",0.191310494343362,0.00967720208072961,1.03283535309971,190.338123289828,441.543679921431,0.000699104042445841,8.75238530785064,20.3036593517005
"gamma",1,"reveal_25","gibbs_icm","gamma-001-reveal_25-gibbs_icm","mean_row_1",1.17266409024136,0.109580429404538,1.02146670414719,181.571798250136,620.452627052951,0.00809886273706853,8.34928028004489,28.53049280604
"gamma",1,"reveal_25","gibbs_icm","gamma-001-reveal_25-gibbs_icm","mean_row_159",1.39566909765014,0.103378401797553,1.00183743992305,1518.40852701349,1880.04104348804,0.00265149916650153,69.8215168535197,86.4505928858251
"gamma",1,"reveal_25","gibbs_icm","gamma-001-reveal_25-gibbs_icm","mean_row_316",1.3579084018421,0.391557453740037,1.48256480435586,7.78223177465395,33.298269028736,0.154924439605054,0.357853118805075,1.53116609319612
"gamma",1,"reveal_25","gibbs_icm","gamma-001-reveal_25-gibbs_icm","mean_row_474",2.03225547016934,0.178340348685907,1.00912708688063,537.190746426689,1254.32753795584,0.0076342130730697,24.7018322723451,57.6781872421872
"gamma",1,"reveal_25","gibbs_icm","gamma-001-reveal_25-gibbs_icm","mean_row_631",0.750490227849784,0.160482457914479,1.01014595973019,805.279975972944,717.01592154247,0.00582911850680513,37.029474225086,32.9707969624532
"gamma",1,"reveal_25","gibbs_icm","gamma-001-reveal_25-gibbs_icm","mean_row_789",1.01899460694976,0.141544112533033,1.00906757593658,585.931760698898,1420.98937116204,0.00584335107055507,26.9431075872027,65.3418573211037
"gamma",1,"reveal_25","gibbs_icm","gamma-001-reveal_25-gibbs_icm","mean_row_946",1.97875481367714,0.21704249451139,1.00091583425818,895.232820258437,1548.90765954112,0.00725614482947326,41.1658077094973,71.2239692620187
"gamma",1,"reveal_25","gibbs_icm","gamma-001-reveal_25-gibbs_icm","mean_row_1104",1.51504103060266,0.162102205834052,1.00906006295244,561.337440329506,928.606968364551,0.00691398659350449,25.812178246632,42.7004629771716
"gamma",1,"reveal_25","gibbs_icm","gamma-001-reveal_25-gibbs_icm","interaction_row_97",-0.062226255005739,0.376292266449795,1.08127166601806,35.3183532317284,612.844429218418,0.0625439032917538,1.62405634026433,28.180642351516
"gamma",1,"reveal_25","gibbs_icm","gamma-001-reveal_25-gibbs_icm","interaction_row_241",0.694662838633809,0.248905683837201,1.03416851233825,131.551199422777,559.755059792164,0.0173497732735519,6.04916537558179,25.7394150821798
"gamma",1,"reveal_25","gibbs_icm","gamma-001-reveal_25-gibbs_icm","interaction_row_385",0.0309737325377266,0.166261460153915,1.05781021297888,52.87230036556,586.074933246918,0.0218416383321996,2.43124570587024,26.9496911411651
"gamma",1,"reveal_25","gibbs_icm","gamma-001-reveal_25-gibbs_icm","interaction_row_529",0.039490377078325,0.267220693627227,1.0645781561825,49.8696390649814,552.305514229765,0.0353423067580318,2.29317326826603,25.3968599912524
"gamma",1,"reveal_25","gibbs_icm","gamma-001-reveal_25-gibbs_icm","interaction_row_672",0.0181713961284603,0.0552719217662203,1.06174826918841,53.2701966122413,695.189159047239,0.0071667047989874,2.44954230984694,31.9671292153971
"gamma",1,"reveal_25","gibbs_icm","gamma-001-reveal_25-gibbs_icm","interaction_row_816",-0.0689749321277388,0.0666060928230919,1.01629620219373,351.461029941815,681.373432986117,0.00347837488170128,16.1613569661018,31.3318357928044
"gamma",1,"reveal_25","gibbs_icm","gamma-001-reveal_25-gibbs_icm","interaction_row_960",-0.0219579231144036,0.0706170745020072,1.00910345025093,703.699382822197,928.161945750179,0.00298488552263568,32.3584578480801,42.6799993447455
"gamma",1,"reveal_25","gibbs_icm","gamma-001-reveal_25-gibbs_icm","interaction_row_1104",0.0661635427075068,0.0994201093516199,1.01081840295886,437.396809034114,689.077003225208,0.00471291766523774,20.1129723195896,31.6860717903715
"gamma",1,"reveal_25","gibbs_icm","gamma-001-reveal_25-gibbs_icm","observed_log_likelihood",84.6825899795992,15.050607703132,1.074639766288,49.9561289601015,349.408614242032,2.11961954279797,2.297150363733,16.0669800083705
"multiplicative_gamma",1,"reveal_25","gibbs_icm","multiplicative_gamma-001-reveal_25-gibbs_icm","sigma",0.182160446931048,0.0087804892379569,1.02760903374349,175.167267173863,878.028518240623,0.00066486363239941,7.58004531454687,37.9950892829904
"multiplicative_gamma",1,"reveal_25","gibbs_icm","multiplicative_gamma-001-reveal_25-gibbs_icm","mean_row_1",0.738468389580936,0.0978340211320546,1.01537642192937,292.504667445019,852.162339417638,0.00573054212133438,12.6576081805798,36.875777377543
"multiplicative_gamma",1,"reveal_25","gibbs_icm","multiplicative_gamma-001-reveal_25-gibbs_icm","mean_row_159",-0.219220042867151,0.106900560648619,1.00778009841368,734.94287534572,1436.58015140819,0.00395399499507783,31.8033179863137,62.1653966596649
"multiplicative_gamma",1,"reveal_25","gibbs_icm","multiplicative_gamma-001-reveal_25-gibbs_icm","mean_row_316",0.495156285832479,0.115828582846818,1.00757061058802,759.04627858033,1368.04025103197,0.00421884346802776,32.8463489800655,59.1994569662027
"multiplicative_gamma",1,"reveal_25","gibbs_icm","multiplicative_gamma-001-reveal_25-gibbs_icm","mean_row_474",1.2198538877834,0.130912382817413,1.00627110972529,601.117059667616,1459.26922701803,0.0053122185725776,26.0122488929689,63.1472251944281
"multiplicative_gamma",1,"reveal_25","gibbs_icm","multiplicative_gamma-001-reveal_25-gibbs_icm","mean_row_631",0.700013819457203,0.139972222347742,1.01415130304916,450.157902003574,712.694688343685,0.006780680057185,19.4797655460459,30.8405681052269
"multiplicative_gamma",1,"reveal_25","gibbs_icm","multiplicative_gamma-001-reveal_25-gibbs_icm","mean_row_789",0.285506826086355,0.152987419008151,1.00540730866641,831.206697144533,1136.549344074,0.00529954972901641,35.9689600218329,49.1821084458006
"multiplicative_gamma",1,"reveal_25","gibbs_icm","multiplicative_gamma-001-reveal_25-gibbs_icm","mean_row_946",1.99939051189486,0.156089785663167,1.00944106158107,537.043897985943,1081.00890259283,0.00671054984104464,23.2395992031652,46.7786967239099
"multiplicative_gamma",1,"reveal_25","gibbs_icm","multiplicative_gamma-001-reveal_25-gibbs_icm","mean_row_1104",2.19093277098534,0.119360692095257,1.01112742409087,493.039384522429,994.176479918416,0.00540293317326833,21.3353838124727,43.0211813543823
"multiplicative_gamma",1,"reveal_25","gibbs_icm","multiplicative_gamma-001-reveal_25-gibbs_icm","interaction_row_97",-0.330931516323693,0.220620536188818,1.01239369165368,602.116160369458,1239.4498489052,0.00873630606495433,26.0554831610827,53.634940884729
"multiplicative_gamma",1,"reveal_25","gibbs_icm","multiplicative_gamma-001-reveal_25-gibbs_icm","interaction_row_241",0.449605321392292,0.161256397899909,1.01557002261145,455.846720458288,584.613342883054,0.0076096054074563,19.72593883155,25.2980805263342
"multiplicative_gamma",1,"reveal_25","gibbs_icm","multiplicative_gamma-001-reveal_25-gibbs_icm","interaction_row_385",0.782518478951576,0.439777407913435,1.00974712989626,627.260611855502,1124.98148868295,0.0176689275414597,27.1435636269637,48.6815305155116
"multiplicative_gamma",1,"reveal_25","gibbs_icm","multiplicative_gamma-001-reveal_25-gibbs_icm","interaction_row_529",0.149333083760186,0.18428960290388,1.01813331227596,683.968708969749,869.793206043282,0.00714661214617659,29.5975035254555,37.6387211062047
"multiplicative_gamma",1,"reveal_25","gibbs_icm","multiplicative_gamma-001-reveal_25-gibbs_icm","interaction_row_672",0.00742221060475948,0.0336975383004638,1.00986529727122,397.645556236862,781.397409636063,0.0016361834088509,17.20738916599,33.8135535780893
"multiplicative_gamma",1,"reveal_25","gibbs_icm","multiplicative_gamma-001-reveal_25-gibbs_icm","interaction_row_816",-0.0284058047207774,0.0387661800093194,1.01023794061453,323.121228000955,994.446007244225,0.0020500556774577,13.982484226966,43.0328446598394
"multiplicative_gamma",1,"reveal_25","gibbs_icm","multiplicative_gamma-001-reveal_25-gibbs_icm","interaction_row_960",-0.0203493640302852,0.0646020303154002,1.02968378801233,176.426629166321,398.375282449599,0.00420332635607924,7.63454191727557,17.2389667423775
"multiplicative_gamma",1,"reveal_25","gibbs_icm","multiplicative_gamma-001-reveal_25-gibbs_icm","interaction_row_1104",0.00147858550828622,0.0561092611809953,1.0106319794387,367.740633491343,828.845231561291,0.0028332029289373,15.9133079532366,35.866771888065
"multiplicative_gamma",1,"reveal_25","gibbs_icm","multiplicative_gamma-001-reveal_25-gibbs_icm","observed_log_likelihood",104.176834700451,13.8391501174832,1.06269485701295,62.3177749881512,513.675241702091,1.75444502724885,2.69668851911166,22.2283630491191
"horseshoe",1,"reveal_25","gibbs_icm","horseshoe-001-reveal_25-gibbs_icm","sigma",4.95037589563111,3.66428426763508,3.40243223339403,4.46408636917803,13.0217390865409,1.81123666987647,0.196448088768617,0.573039037429189
"horseshoe",1,"reveal_25","gibbs_icm","horseshoe-001-reveal_25-gibbs_icm","mean_row_1",10.9886144541777,4.2555468865815,1.53266621639449,7.42235846136973,36.8538606894641,1.49164800439091,0.326630807136497,1.62180341002747
"horseshoe",1,"reveal_25","gibbs_icm","horseshoe-001-reveal_25-gibbs_icm","mean_row_159",376.623058252409,5.32689860501733,1.28393586612685,314.257359424416,44.5219649718065,0.417910907666704,13.8293152360683,1.95924859055653
"horseshoe",1,"reveal_25","gibbs_icm","horseshoe-001-reveal_25-gibbs_icm","mean_row_316",-185.459795732439,246.737113695696,2.14956387152359,5.24369857283194,10.9355549040483,116.909853458295,0.230755966063719,0.48123371343286
"horseshoe",1,"reveal_25","gibbs_icm","horseshoe-001-reveal_25-gibbs_icm","mean_row_474",16.8614544801554,23.8313726064139,1.97705614327912,5.52806016050781,16.1811948142556,9.40379188871443,0.243269677895961,0.712075110643183
"horseshoe",1,"reveal_25","gibbs_icm","horseshoe-001-reveal_25-gibbs_icm","mean_row_631",-62.7709787363544,210.940993543504,2.18304176667135,5.24828374021757,16.2810139886583,101.295343601216,0.230957742484491,0.716467786862275
"horseshoe",1,"reveal_25","gibbs_icm","horseshoe-001-reveal_25-gibbs_icm","mean_row_789",54.1571581374054,8.58463591016662,1.86560219188811,5.77563744579447,27.1749168400197,3.83318128249452,0.254164647324172,1.1958685460315
"horseshoe",1,"reveal_25","gibbs_icm","horseshoe-001-reveal_25-gibbs_icm","mean_row_946",101.473300794583,171.026418739749,2.61765784690124,5.18768616468518,19.0088901899876,83.7311761435729,0.228291065159532,0.836511626033604
"horseshoe",1,"reveal_25","gibbs_icm","horseshoe-001-reveal_25-gibbs_icm","mean_row_1104",408.765757683332,209.87586301523,2.97766081426393,4.60128004532591,12.8619661605828,103.400219491034,0.202485479903447,0.566008016219981
"horseshoe",1,"reveal_25","gibbs_icm","horseshoe-001-reveal_25-gibbs_icm","interaction_row_97",-53.9575797155154,373.660110260284,1.72736908621507,69.7258774287453,31.6792798307418,67.8274938422326,3.06838045365013,1.39408906137748
"horseshoe",1,"reveal_25","gibbs_icm","horseshoe-001-reveal_25-gibbs_icm","interaction_row_241",39.7389861202949,12.2195240635184,2.41511973579812,4.94050930511832,23.1184907350488,5.771020509409,0.217413717000455,1.01736009219543
"horseshoe",1,"reveal_25","gibbs_icm","horseshoe-001-reveal_25-gibbs_icm","interaction_row_385",20.5930639565712,58.8116511039161,1.34445968505913,27.4911783547972,33.4808899918662,12.6536558120673,1.20978605680326,1.47337132511293
"horseshoe",1,"reveal_25","gibbs_icm","horseshoe-001-reveal_25-gibbs_icm","interaction_row_529",-19.4747030429808,36.3141366346401,1.27875999584777,12.7975960113705,92.6320257555409,10.3716843870341,0.563175321746636,4.07639613428715
"horseshoe",1,"reveal_25","gibbs_icm","horseshoe-001-reveal_25-gibbs_icm","interaction_row_672",862.69250348746,10.221005594354,1.44471494482525,8.06282160301425,37.0560531805978,3.9185942649064,0.354815243927754,1.63070116091348
"horseshoe",1,"reveal_25","gibbs_icm","horseshoe-001-reveal_25-gibbs_icm","interaction_row_816",714.138637447406,12.124446539885,1.60101719867274,8.49840913105804,24.0607416295403,4.78519736214102,0.373983855441738,1.05882510251454
"horseshoe",1,"reveal_25","gibbs_icm","horseshoe-001-reveal_25-gibbs_icm","interaction_row_960",-106.027191417631,7.54216070031323,1.30871766684592,10.3413578555184,32.6586453452394,2.32611834277083,0.455085277922832,1.43718735016896
"horseshoe",1,"reveal_25","gibbs_icm","horseshoe-001-reveal_25-gibbs_icm","interaction_row_1104",165.720530582516,211.185153578109,3.16606608901287,4.55736628188072,12.8702251506029,104.082782436022,0.200552996034181,0.566371464117362
"horseshoe",1,"reveal_25","gibbs_icm","horseshoe-001-reveal_25-gibbs_icm","observed_log_likelihood",-972.713171562111,275.462605262691,3.66788943151133,4.40402854775334,11.5020145423127,136.456996636877,0.19380516404477,0.506161527121664
"realism",1,"reveal_25","gibbs_icm","realism-001-reveal_25-gibbs_icm","sigma",0.205922900949914,0.00869057694286631,1.00713171562394,526.836038833089,1254.7590851307,0.000377254247671363,22.6576655269693,53.9634906730908
"realism",1,"reveal_25","gibbs_icm","realism-001-reveal_25-gibbs_icm","mean_row_1",1.31924259211993,0.0906990627860319,1.05951851516557,58.5461072998651,158.154107395895,0.0118770339327485,2.5178955487642,6.80174210372851
"realism",1,"reveal_25","gibbs_icm","realism-001-reveal_25-gibbs_icm","mean_row_159",0.378433516796766,0.0788806440647618,1.0043812980919,704.762982468442,1239.3913234775,0.00298396441169081,30.3097790499072,53.3025685307717
"realism",1,"reveal_25","gibbs_icm","realism-001-reveal_25-gibbs_icm","mean_row_316",0.751223008681639,0.0988422372765902,1.00972142410816,609.497583831148,1300.60908003135,0.0039912464611277,26.2126949867172,55.9353638410181
"realism",1,"reveal_25","gibbs_icm","realism-001-reveal_25-gibbs_icm","mean_row_474",0.625821125258775,0.21479912840124,1.01030673283535,346.59635295049,271.284092412859,0.0106370004968206,14.9060877752663,11.6671293829718
"realism",1,"reveal_25","gibbs_icm","realism-001-reveal_25-gibbs_icm","mean_row_631",0.620363473418984,0.109741140851395,1.02672688479464,163.283858036003,922.933329617564,0.00771643195651392,7.02235756218835,39.6926427669691
"realism",1,"reveal_25","gibbs_icm","realism-001-reveal_25-gibbs_icm","mean_row_789",-0.868704604100965,0.0977077378060975,1.00403605769813,1054.35708275312,1317.55653307497,0.00300006913911163,45.3447911041252,56.664223854936
"realism",1,"reveal_25","gibbs_icm","realism-001-reveal_25-gibbs_icm","mean_row_946",1.12691112405186,0.244032782620238,1.00396410700242,441.002044582075,824.94830872655,0.0115313866911327,18.9661983735625,35.4785957649472
"realism",1,"reveal_25","gibbs_icm","realism-001-reveal_25-gibbs_icm","mean_row_1104",-1.03869939678906,0.126233573565933,1.0100603313001,359.436609547749,962.704219425115,0.00603957103470159,15.4583093732904,41.4030715390124
"realism",1,"reveal_25","gibbs_icm","realism-001-reveal_25-gibbs_icm","interaction_row_97",-0.00176210601206327,0.0624433017651716,1.00378083538682,2122.64148412038,1157.32723484975,0.00129366175032064,91.2885551402196,49.7732339089003
"realism",1,"reveal_25","gibbs_icm","realism-001-reveal_25-gibbs_icm","interaction_row_241",6.7116721679244e-05,0.0613605340385355,1.0096283824188,1557.23713264084,1180.07872621098,0.00157565671807941,66.9721801410996,50.7517085072674
"realism",1,"reveal_25","gibbs_icm","realism-001-reveal_25-gibbs_icm","interaction_row_385",-0.000309425854675823,0.0537898457936242,1.00286719127515,1835.72372005493,1223.94716124137,0.00132108688954212,78.9490676094499,52.6383606245212
"realism",1,"reveal_25","gibbs_icm","realism-001-reveal_25-gibbs_icm","interaction_row_529",-0.000708767722070076,0.0818667055743834,1.01029811634198,1680.89974799333,640.476551683878,0.00308466552927149,72.2905448130626,27.5450091038998
"realism",1,"reveal_25","gibbs_icm","realism-001-reveal_25-gibbs_icm","interaction_row_672",0.00470620199048228,0.0270667356147396,1.03202398179364,566.713388022246,460.88113796406,0.00126372465637521,24.3726728032964,19.8211395993489
"realism",1,"reveal_25","gibbs_icm","realism-001-reveal_25-gibbs_icm","interaction_row_816",-0.0077821675778861,0.0386908137031186,1.04810095295604,492.748362086292,216.401751437488,0.0025294330889111,21.1916550011308,9.30680162727889
"realism",1,"reveal_25","gibbs_icm","realism-001-reveal_25-gibbs_icm","interaction_row_960",-0.00597903697808866,0.0427350037285255,1.03530557074948,1415.93041087895,541.84602331991,0.00132230151580258,60.8949944468841,23.3032007276755
"realism",1,"reveal_25","gibbs_icm","realism-001-reveal_25-gibbs_icm","interaction_row_1104",-0.000882042528095132,0.0603013979789635,1.03074372127905,1633.61758984172,848.812908602717,0.0016039209851764,70.2570785240722,36.5049418803853
"realism",1,"reveal_25","gibbs_icm","realism-001-reveal_25-gibbs_icm","observed_log_likelihood",55.3883796281154,8.84570390077966,1.0167465686035,241.178348896982,489.6571009646,0.566897717801202,10.3723700712619,21.0587089697489
"gamma",2,"reveal_25","gibbs_icm","gamma-002-reveal_25-gibbs_icm","sigma",0.195320479058433,0.0103609773240993,1.02395889033836,206.043347715684,895.944245982149,0.000714866505283944,9.0488953761829,39.3475733852503
"gamma",2,"reveal_25","gibbs_icm","gamma-002-reveal_25-gibbs_icm","mean_row_1",0.75210449810991,0.0933624856337671,1.01119133126855,459.957293037929,902.225792838215,0.00441707930358469,20.20014462178,39.6234428123942
"gamma",2,"reveal_25","gibbs_icm","gamma-002-reveal_25-gibbs_icm","mean_row_159",0.623834751033143,0.167281687327059,1.00355963890766,687.850468806842,1539.85603142968,0.00636479217844979,30.2086284060976,67.626527511185
"gamma",2,"reveal_25","gibbs_icm","gamma-002-reveal_25-gibbs_icm","mean_row_316",1.62231810654904,0.147854201851618,1.00613774571184,734.081932471933,1333.94112011388,0.00545962406409587,32.2389957168175,58.583272732274
"gamma",2,"reveal_25","gibbs_icm","gamma-002-reveal_25-gibbs_icm","mean_row_474",1.90909978971658,0.115142067748496,1.00640598960083,928.621531787092,1898.41569723388,0.00377888040108466,40.7826759678126,83.373548407285
"gamma",2,"reveal_25","gibbs_icm","gamma-002-reveal_25-gibbs_icm","mean_row_631",0.969650378123975,0.224612432557905,1.00656949744169,438.005881303264,730.397091538083,0.0108791667888987,19.2360949188961,32.0771669538025
"gamma",2,"reveal_25","gibbs_icm","gamma-002-reveal_25-gibbs_icm","mean_row_789",1.38883544044592,0.213355295373542,1.00728769413575,380.651909974637,1182.85868156454,0.0109813530877847,16.7172555983591,51.9481195241345
"gamma",2,"reveal_25","gibbs_icm","gamma-002-reveal_25-gibbs_icm","mean_row_946",1.84734178184959,0.179378283868625,1.00062628820255,1101.72022104935,1372.19787442925,0.00539615616297574,48.3847264404634,60.2634112617152
"gamma",2,"reveal_25","gibbs_icm","gamma-002-reveal_25-gibbs_icm","mean_row_1104",1.07132169520485,0.198374182573037,1.01712655053272,342.853302468734,919.912578367923,0.010649901623898,15.057237701745,40.4002010701767
"gamma",2,"reveal_25","gibbs_icm","gamma-002-reveal_25-gibbs_icm","interaction_row_97",-0.0533678167712356,0.0797305469015416,1.00423683677088,651.90882812557,1242.49031712464,0.00309039124414249,28.6301637297132,54.5669880160142
"gamma",2,"reveal_25","gibbs_icm","gamma-002-reveal_25-gibbs_icm","interaction_row_241",-0.170481239227967,0.139255847875127,1.01690399178726,257.514973061281,827.343130098541,0.00836943993278544,11.309397148058,36.3347883222899
"gamma",2,"reveal_25","gibbs_icm","gamma-002-reveal_25-gibbs_icm","interaction_row_385",0.119012092195207,0.117598409465649,1.03136558441118,147.871373339402,880.253509833186,0.00908712972139456,6.4941314597893,38.6584764968462
"gamma",2,"reveal_25","gibbs_icm","gamma-002-reveal_25-gibbs_icm","interaction_row_529",-0.115012377764104,0.115725018416567,1.00860277424123,763.39488352938,653.598732797505,0.00420270916697557,33.5263453460422,28.704380008674
"gamma",2,"reveal_25","gibbs_icm","gamma-002-reveal_25-gibbs_icm","interaction_row_672",-0.0667991493384278,0.092343054202678,1.0055088434223,617.861182041582,1417.09986425195,0.00364624248877584,27.1348784383655,62.2353914910825
"gamma",2,"reveal_25","gibbs_icm","gamma-002-reveal_25-gibbs_icm","interaction_row_816",-0.063993712396512,0.0947840434240155,1.03071600459632,117.328962521817,873.07603214257,0.0088174623333127,5.15278711119091,38.3432600853127
"gamma",2,"reveal_25","gibbs_icm","gamma-002-reveal_25-gibbs_icm","interaction_row_960",-0.193857670285911,0.138632488620741,1.02438426620449,194.523980257732,528.90285460845,0.0088782467360772,8.54299430205238,23.2280568558828
"gamma",2,"reveal_25","gibbs_icm","gamma-002-reveal_25-gibbs_icm","interaction_row_1104",-0.035020158711739,0.133838317052161,1.01793831913117,307.904254265709,830.433087590078,0.00739775639592337,13.5223651412257,36.4704913302626
"gamma",2,"reveal_25","gibbs_icm","gamma-002-reveal_25-gibbs_icm","observed_log_likelihood",76.1985894704054,16.0101165715631,1.0442110277709,110.735242838777,528.495043292074,1.5104629388578,4.86320785414041,23.2101468288131
"multiplicative_gamma",2,"reveal_25","gibbs_icm","multiplicative_gamma-002-reveal_25-gibbs_icm","sigma",0.254149890416035,0.0130233482148451,1.02826128257351,155.974933035598,654.291343263909,0.00104497715909004,7.07176881735573,29.6650046818964
"multiplicative_gamma",2,"reveal_25","gibbs_icm","multiplicative_gamma-002-reveal_25-gibbs_icm","mean_row_1",1.24453855949841,0.122446687375964,1.00569671458028,525.65707212165,1150.12000415422,0.00534659680698637,23.8328378727625,52.1454481390196
"multiplicative_gamma",2,"reveal_25","gibbs_icm","multiplicative_gamma-002-reveal_25-gibbs_icm","mean_row_159",1.33186490725734,0.194703215579701,1.0015318410903,1020.11775823809,1487.23112385575,0.00612364646256267,46.2512585345525,67.4297752926978
"multiplicative_gamma",2,"reveal_25","gibbs_icm","multiplicative_gamma-002-reveal_25-gibbs_icm","mean_row_316",5.12097470159357,0.174253505376329,1.00376915675764,985.649552662066,1741.4156959624,0.00553161462052338,44.6884998486609,78.9542843653607
"multiplicative_gamma",2,"reveal_25","gibbs_icm","multiplicative_gamma-002-reveal_25-gibbs_icm","mean_row_474",-0.217393968227824,0.138558067902417,1.00718150934289,636.037204345513,1528.28539766225,0.00546504273440505,28.8373777813525,69.2911406266887
"multiplicative_gamma",2,"reveal_25","gibbs_icm","multiplicative_gamma-002-reveal_25-gibbs_icm","mean_row_631",1.52545954596681,0.220378999497245,1.01208298880898,459.004695281771,1716.73910926341,0.00990381497715427,20.8108766449842,77.8354692266689
"multiplicative_gamma",2,"reveal_25","gibbs_icm","multiplicative_gamma-002-reveal_25-gibbs_icm","mean_row_789",2.40186492937111,0.211025497444658,1.00466885717511,723.512556288879,1396.98233211187,0.00786152923522338,32.8034347247406,63.3379729829465
"multiplicative_gamma",2,"reveal_25","gibbs_icm","multiplicative_gamma-002-reveal_25-gibbs_icm","mean_row_946",0.890098615121153,0.276265881511254,1.03623545248499,118.995626688065,326.132430060508,0.0265756501806159,5.39515899020966,14.7865628427869
"multiplicative_gamma",2,"reveal_25","gibbs_icm","multiplicative_gamma-002-reveal_25-gibbs_icm","mean_row_1104",3.27209795102852,0.262688336077657,1.01076791514472,557.240074601235,1254.69398378092,0.0110820158631789,25.2647839409337,56.8867421010573
"multiplicative_gamma",2,"reveal_25","gibbs_icm","multiplicative_gamma-002-reveal_25-gibbs_icm","interaction_row_97",-0.00776578804234621,0.086401502564932,1.00416251035253,1015.90686834885,1318.97967382288,0.00274388334730259,46.060340422055,59.8013997924773
"multiplicative_gamma",2,"reveal_25","gibbs_icm","multiplicative_gamma-002-reveal_25-gibbs_icm","interaction_row_241",-0.00944688325328804,0.114596286307491,1.00561975050842,892.056518282386,921.846767380023,0.00385799864760257,40.4450724647436,41.7957366421845
"multiplicative_gamma",2,"reveal_25","gibbs_icm","multiplicative_gamma-002-reveal_25-gibbs_icm","interaction_row_385",-0.00370321422822585,0.105495962938193,1.00940943360054,723.098171899138,1212.198314118,0.00389595002396213,32.78464689423,54.9600251232316
"multiplicative_gamma",2,"reveal_25","gibbs_icm","multiplicative_gamma-002-reveal_25-gibbs_icm","interaction_row_529",0.037536288309309,0.117089957949853,1.00228197954724,629.4747626839,1044.99736697352,0.00467599866884447,28.5398423414898,47.3792785171163
"multiplicative_gamma",2,"reveal_25","gibbs_icm","multiplicative_gamma-002-reveal_25-gibbs_icm","interaction_row_672",0.00649572722646109,0.157188103965034,1.00948443470891,431.322176758302,648.871183249972,0.00757502984365436,19.5557751522625,29.4192593058565
"multiplicative_gamma",2,"reveal_25","gibbs_icm","multiplicative_gamma-002-reveal_25-gibbs_icm","interaction_row_816",0.0273404810581302,0.142226760773288,1.00765080581229,593.812924872359,1085.06278631323,0.00586877677180752,26.9229654004515,49.1958100432186
"multiplicative_gamma",2,"reveal_25","gibbs_icm","multiplicative_gamma-002-reveal_25-gibbs_icm","interaction_row_960",0.0163403030231511,0.165186092067493,1.00588086948968,971.968296649046,1076.93109371218,0.00541248481633042,44.0682035114728,48.8271261204288
"multiplicative_gamma",2,"reveal_25","gibbs_icm","multiplicative_gamma-002-reveal_25-gibbs_icm","interaction_row_1104",-0.00748893853105145,0.17148026998481,1.02671250002774,182.089779254245,1126.94250192165,0.010910131369121,8.25579340108108,51.0946001959399
"multiplicative_gamma",2,"reveal_25","gibbs_icm","multiplicative_gamma-002-reveal_25-gibbs_icm","observed_log_likelihood",-26.3822864676219,13.5789099435131,1.02594036436176,129.770121050986,501.539902991816,1.19391954687149,5.88366526346506,22.7393862437348
"horseshoe",2,"reveal_25","gibbs_icm","horseshoe-002-reveal_25-gibbs_icm","sigma",20.5328102880252,24.4165649157236,3.00691654553582,4.58707785972246,13.8893264151703,12.0268043708097,0.191056597930878,0.578504994592456
"horseshoe",2,"reveal_25","gibbs_icm","horseshoe-002-reveal_25-gibbs_icm","mean_row_1",0.848043195353311,7.55479773665073,1.21290396249095,58.216619064861,42.3790958419296,0.682206792129706,2.42478316734812,1.7651337349298
"horseshoe",2,"reveal_25","gibbs_icm","horseshoe-002-reveal_25-gibbs_icm","mean_row_159",402.956995448852,395.82833152931,1.50920424478986,14.2190848872669,18.0845566334162,76.0796665014259,0.592239780385145,0.753240727786086
"horseshoe",2,"reveal_25","gibbs_icm","horseshoe-002-reveal_25-gibbs_icm","mean_row_316",1232.97040842614,32.0668221891388,1.36538618059426,1903.17128953335,32.702781616136,1.32138884376059,79.2690778263714,1.36210511125561
"horseshoe",2,"reveal_25","gibbs_icm","horseshoe-002-reveal_25-gibbs_icm","mean_row_474",524.828592515666,20.967149918668,1.28875449787841,39.4633586494367,23.8266905908892,2.31243821444407,1.64369022655824,0.99240662213708
"horseshoe",2,"reveal_25","gibbs_icm","horseshoe-002-reveal_25-gibbs_icm","mean_row_631",15.3431189994517,22.2104030521583,1.30716846757712,281.826081125385,32.448982435402,1.84316797310248,11.7383514984125,1.35153410951735
"horseshoe",2,"reveal_25","gibbs_icm","horseshoe-002-reveal_25-gibbs_icm","mean_row_789",-376.43062477595,32.2318035001076,1.45032968309589,111.631696104358,44.5134011515522,2.89948676654972,4.64957707961005,1.85402978681129
"horseshoe",2,"reveal_25","gibbs_icm","horseshoe-002-reveal_25-gibbs_icm","mean_row_946",2652.64222603769,114.748041423026,1.38746020373212,58.0089300508831,28.6143097167251,11.3624495321696,2.41613270235674,1.19181597387334
"horseshoe",2,"reveal_25","gibbs_icm","horseshoe-002-reveal_25-gibbs_icm","mean_row_1104",71.7664946266585,60.2017295180797,1.74818218411442,6.19024261624933,22.4627014020977,29.0037378084315,0.257830089393533,0.935595043612716
"horseshoe",2,"reveal_25","gibbs_icm","horseshoe-002-reveal_25-gibbs_icm","interaction_row_97",729.99134786041,40.1770311670774,1.42717358000537,48.0378097017976,23.5355877680674,5.1703996931585,2.000825094831,0.980281884629405
"horseshoe",2,"reveal_25","gibbs_icm","horseshoe-002-reveal_25-gibbs_icm","interaction_row_241",93.5175302970629,54.9711888662049,1.70080164134026,6.32826622468572,11.6685523797099,25.3989208016473,0.263578917267929,0.486007429701773
"horseshoe",2,"reveal_25","gibbs_icm","horseshoe-002-reveal_25-gibbs_icm","interaction_row_385",771.529170855411,1462.43621804169,1.75107621723654,20.922553018693,11.0938158430994,275.247356329683,0.871446250101752,0.462069050901721
"horseshoe",2,"reveal_25","gibbs_icm","horseshoe-002-reveal_25-gibbs_icm","interaction_row_529",-82.7712950017527,31.5466420554875,1.38108316508294,212.982006081653,29.3217876820213,3.39661172038485,8.87092365703083,1.22128317222797
"horseshoe",2,"reveal_25","gibbs_icm","horseshoe-002-reveal_25-gibbs_icm","interaction_row_672",-41.7647835312236,38.3588457600977,1.98517435703623,5.50236973175944,16.643616446156,16.5649080357114,0.22917946319128,0.693224059567495
"horseshoe",2,"reveal_25","gibbs_icm","horseshoe-002-reveal_25-gibbs_icm","interaction_row_816",-17.3810334566995,21.6963769481,1.69028314750461,6.4028375224834,21.5249875366707,9.88738449837477,0.266684889936416,0.896538278840045
"horseshoe",2,"reveal_25","gibbs_icm","horseshoe-002-reveal_25-gibbs_icm","interaction_row_960",-50.754209168791,18.3478737859395,1.29797397347681,111.086002666854,45.5365108240986,1.09406941080165,4.62684837631112,1.89664337640462
"horseshoe",2,"reveal_25","gibbs_icm","horseshoe-002-reveal_25-gibbs_icm","interaction_row_1104",55.8161154108912,54.1650429402551,1.77287539891962,6.17005202805696,24.7426545595913,26.2335075615815,0.256989130245198,1.03055748092762
"horseshoe",2,"reveal_25","gibbs_icm","horseshoe-002-reveal_25-gibbs_icm","observed_log_likelihood",-1364.62008141107,348.042742485755,3.23743814396694,4.50975107982947,12.8896486430865,172.04993688306,0.187835856546689,0.536867368198862
"realism",2,"reveal_25","gibbs_icm","realism-002-reveal_25-gibbs_icm","sigma",0.193217981819321,0.00886367406595738,1.01711173985726,193.709450212666,437.629562687227,0.000633804700397192,8.23209596756052,18.5980010491364
"realism",2,"reveal_25","gibbs_icm","realism-002-reveal_25-gibbs_icm","mean_row_1",1.78551257715238,0.0948851505939095,1.01079577576412,215.676925034301,297.032131161303,0.00667452580060799,9.16565063254012,12.6230135209427
"realism",2,"reveal_25","gibbs_icm","realism-002-reveal_25-gibbs_icm","mean_row_159",-0.0821449523092886,0.12766905118411,1.00576215137405,701.295697456897,1136.13034923394,0.00476612235164655,29.8030554356763,48.2822807884895
"realism",2,"reveal_25","gibbs_icm","realism-002-reveal_25-gibbs_icm","mean_row_316",1.65151274493396,0.0936906127815607,1.00603916340781,782.97260150503,1148.9790267969,0.00334327754063993,33.2740895629184,48.8283127277594
"realism",2,"reveal_25","gibbs_icm","realism-002-reveal_25-gibbs_icm","mean_row_474",0.817134882883257,0.0993310366018147,1.00826982671713,394.818517735339,1050.70651573647,0.00505235630991144,16.7786544445769,44.6520129079286
"realism",2,"reveal_25","gibbs_icm","realism-002-reveal_25-gibbs_icm","mean_row_631",-0.291198163470133,0.300457894549015,1.00780862157296,325.727343285739,508.361948083328,0.00971761769974291,13.8424777223977,21.6039245286358
"realism",2,"reveal_25","gibbs_icm","realism-002-reveal_25-gibbs_icm","mean_row_789",-0.343666466796234,0.25221381432161,1.01080079690306,256.802590395598,443.633213393752,0.0139489065796237,10.9133734391058,18.8531389823532
"realism",2,"reveal_25","gibbs_icm","realism-002-reveal_25-gibbs_icm","mean_row_946",-0.534341828937371,0.207321227298366,1.02530415657085,138.178979524732,156.936219224124,0.0177025976765141,5.87221025560886,6.66933913663355
"realism",2,"reveal_25","gibbs_icm","realism-002-reveal_25-gibbs_icm","mean_row_1104",-0.427573917849557,0.191107578530116,1.0192858592287,409.844694470617,776.585152260223,0.0081342661076502,17.4172238523912,33.0026412927723
"realism",2,"reveal_25","gibbs_icm","realism-002-reveal_25-gibbs_icm","interaction_row_97",0.0655001071887442,0.140741578257375,1.01901922186385,147.831490984623,213.102986473628,0.014265348412226,6.28241430388098,9.05626562719939
"realism",2,"reveal_25","gibbs_icm","realism-002-reveal_25-gibbs_icm","interaction_row_241",0.0040643135562556,0.0861901994265751,1.01659931333875,682.771930780242,356.981841236944,0.00365988110387123,29.0158484883874,15.1707042300346
"realism",2,"reveal_25","gibbs_icm","realism-002-reveal_25-gibbs_icm","interaction_row_385",0.0171144460585175,0.133162432648027,1.02061546462042,219.468402073429,351.016443844564,0.00877746442684586,9.32677753063745,14.9171919529372
"realism",2,"reveal_25","gibbs_icm","realism-002-reveal_25-gibbs_icm","interaction_row_529",-0.0249196451699324,0.0800435671318037,1.01102857167624,424.790854052855,381.293665389394,0.00475216649001982,18.052392760735,16.2038870166757
"realism",2,"reveal_25","gibbs_icm","realism-002-reveal_25-gibbs_icm","interaction_row_672",0.00307898762077122,0.0358005251304357,1.00142852267225,1316.39057590393,831.058177767847,0.00116339781171762,55.942823335342,35.3175886179019
"realism",2,"reveal_25","gibbs_icm","realism-002-reveal_25-gibbs_icm","interaction_row_816",0.00455698986231527,0.0481446029936027,1.00755815612555,1079.83340773419,1014.83498497154,0.00133308025579652,45.8898222657004,43.1275757499273
"realism",2,"reveal_25","gibbs_icm","realism-002-reveal_25-gibbs_icm","interaction_row_960",0.14997199051068,0.234048590552853,1.04960451017197,92.9786326949402,343.824003250847,0.0217724128113712,3.95132517508565,14.6115338596255
"realism",2,"reveal_25","gibbs_icm","realism-002-reveal_25-gibbs_icm","interaction_row_1104",-0.0045855665485076,0.145622628201358,1.01772423544605,477.922484818357,611.976243881374,0.00446378290694954,20.3103346571909,26.0072348766043
"realism",2,"reveal_25","gibbs_icm","realism-002-reveal_25-gibbs_icm","observed_log_likelihood",80.4630836255104,11.8096489311099,1.04887180700104,84.1055407095603,177.630802429255,1.28949122380506,3.57424421867156,7.54879955927311
"gamma",1,"reveal_75","gibbs_icm","gamma-001-reveal_75-gibbs_icm","sigma",0.194069198095917,0.00596039801080974,1.01786234024322,275.867203305621,497.758966907755,0.000461433634239494,11.3694033673599,20.5142996582491
"gamma",1,"reveal_75","gibbs_icm","gamma-001-reveal_75-gibbs_icm","mean_row_1",1.09291633584743,0.0707947726979149,1.0221415103688,106.493877170712,379.834230746445,0.00686267188590557,4.38896625332641,15.6542297538099
"gamma",1,"reveal_75","gibbs_icm","gamma-001-reveal_75-gibbs_icm","mean_row_159",1.34809018320916,0.0740575923058168,1.00191962321957,1500.35647827001,1766.40184150317,0.00191159301177316,61.8346718706731,72.7992845987127
"gamma",1,"reveal_75","gibbs_icm","gamma-001-reveal_75-gibbs_icm","mean_row_316",1.3538883012496,0.107304853516127,1.00665115201603,540.475989397421,571.341386921379,0.00482123874282729,22.2748099817598,23.5468754913196
"gamma",1,"reveal_75","gibbs_icm","gamma-001-reveal_75-gibbs_icm","mean_row_474",2.08690464357696,0.0785328819299049,1.00445574085674,1490.30512856677,1913.16729705796,0.00203579606143066,61.4204223774635,78.8479763047298
"gamma",1,"reveal_75","gibbs_icm","gamma-001-reveal_75-gibbs_icm","mean_row_631",0.657336006421921,0.0859232542927828,1.01142899733928,773.326587651987,1167.65655387747,0.00308023480963797,31.8713562335966,48.1230033744423
"gamma",1,"reveal_75","gibbs_icm","gamma-001-reveal_75-gibbs_icm","mean_row_789",0.99714581502562,0.100047801222472,1.00931388652727,482.685544553771,599.352807213432,0.00456171561582952,19.8930738770924,24.7013191235341
"gamma",1,"reveal_75","gibbs_icm","gamma-001-reveal_75-gibbs_icm","mean_row_946",1.68533323023965,0.0797103656221601,1.00646328062195,991.831117015769,1670.25297539598,0.00252349386135486,40.8766533554141,68.8366705982517
"gamma",1,"reveal_75","gibbs_icm","gamma-001-reveal_75-gibbs_icm","mean_row_1104",1.42595181587301,0.0845200099364326,1.00948575442314,771.478649770385,1087.74928030424,0.00308218710448515,31.7951965780739,44.8297593267491
"gamma",1,"reveal_75","gibbs_icm","gamma-001-reveal_75-gibbs_icm","interaction_row_97",-0.0139491436497943,0.0701745383692718,1.00342691487334,318.083905923223,844.019925526836,0.00394605663283264,13.1092938478084,34.7848633995564
"gamma",1,"reveal_75","gibbs_icm","gamma-001-reveal_75-gibbs_icm","interaction_row_241",0.475129560296395,0.126998533604549,1.00416464059796,264.060542612541,485.45652635864,0.00804080046966051,10.8828116803718,20.0072752373327
"gamma",1,"reveal_75","gibbs_icm","gamma-001-reveal_75-gibbs_icm","interaction_row_385",0.00561833299219122,0.0521635203592936,1.0026038919739,489.032521467705,926.692617407132,0.00233647786276545,20.1546538685998,38.1920795172738
"gamma",1,"reveal_75","gibbs_icm","gamma-001-reveal_75-gibbs_icm","interaction_row_529",0.0252158086013475,0.0569016460874827,1.00568783419666,402.434332979066,786.428857796324,0.00284189189719484,16.5856550024343,32.4113442876823
"gamma",1,"reveal_75","gibbs_icm","gamma-001-reveal_75-gibbs_icm","interaction_row_672",0.0221348358341344,0.0416304458840724,1.00796986054295,319.435027275784,556.256560634561,0.00233261713599015,13.1649780446663,22.9251797162282
"gamma",1,"reveal_75","gibbs_icm","gamma-001-reveal_75-gibbs_icm","interaction_row_816",-0.106209811329199,0.0487174008658382,1.01304903417638,532.703442319959,528.792210474365,0.00225327463850613,21.9544775107138,21.7932826604997
"gamma",1,"reveal_75","gibbs_icm","gamma-001-reveal_75-gibbs_icm","interaction_row_960",-0.0140542174434184,0.0402572627468579,1.02357536427274,795.714938559277,544.53372887273,0.00148123860048318,32.7940545070589,22.442042897821
"gamma",1,"reveal_75","gibbs_icm","gamma-001-reveal_75-gibbs_icm","interaction_row_1104",0.063423326399764,0.0609821151563306,1.01374190369068,241.595332415742,371.558780564787,0.00407996966450116,9.9569457804048,15.3131709761287
"gamma",1,"reveal_75","gibbs_icm","gamma-001-reveal_75-gibbs_icm","observed_log_likelihood",188.693482701362,17.6032848285617,1.05674609968698,57.8234714248421,384.918913797703,2.33250153604175,2.38309723973137,15.8637864242377
"multiplicative_gamma",1,"reveal_75","gibbs_icm","multiplicative_gamma-001-reveal_75-gibbs_icm","sigma",0.18236532521401,0.00526706858156746,1.03719212051695,128.651928234234,505.533628665958,0.000456932403523969,5.28431480465924,20.7645456611336
"multiplicative_gamma",1,"reveal_75","gibbs_icm","multiplicative_gamma-001-reveal_75-gibbs_icm","mean_row_1",0.740307510258595,0.0711481072871979,1.03024752570676,96.9928444575775,306.308965032133,0.00723409593972163,3.98393347808993,12.5814903898847
"multiplicative_gamma",1,"reveal_75","gibbs_icm","multiplicative_gamma-001-reveal_75-gibbs_icm","mean_row_159",-0.207398091099269,0.0775629264727914,1.00079459007157,1236.53786640944,1648.97511228403,0.0022059405875621,50.790185920046,67.7308433534883
"multiplicative_gamma",1,"reveal_75","gibbs_icm","multiplicative_gamma-001-reveal_75-gibbs_icm","mean_row_316",0.45359781824185,0.0881377515381475,1.00327566882133,328.541128961973,903.968583247097,0.00484501191160688,13.494665610859,37.1300658525876
"multiplicative_gamma",1,"reveal_75","gibbs_icm","multiplicative_gamma-001-reveal_75-gibbs_icm","mean_row_474",1.36251800796831,0.0710244394973454,1.00104921329475,1569.06426796013,1756.339675401,0.00178990343562881,64.4485446463536,72.1407900846546
"multiplicative_gamma",1,"reveal_75","gibbs_icm","multiplicative_gamma-001-reveal_75-gibbs_icm","mean_row_631",0.402416268978555,0.104228099435273,1.02915321977357,296.225637719391,1305.24108597128,0.00585001507222156,12.1673226698181,53.612136941234
"multiplicative_gamma",1,"reveal_75","gibbs_icm","multiplicative_gamma-001-reveal_75-gibbs_icm","mean_row_789",0.331394330637019,0.106711305728614,1.00209296335777,1825.25505573896,1843.31492996472,0.00249533098572722,74.9714555055846,75.7132559748918
"multiplicative_gamma",1,"reveal_75","gibbs_icm","multiplicative_gamma-001-reveal_75-gibbs_icm","mean_row_946",2.09946040219591,0.0829723693121237,1.01157058913252,684.166426321415,1427.68247407324,0.00317261507953489,28.1018001446404,58.6413568583439
"multiplicative_gamma",1,"reveal_75","gibbs_icm","multiplicative_gamma-001-reveal_75-gibbs_icm","mean_row_1104",2.07538964200356,0.0706761734009528,1.00409141803804,781.99525845957,1485.07570564224,0.00252903011728022,32.1200714063735,60.9987556741245
"multiplicative_gamma",1,"reveal_75","gibbs_icm","multiplicative_gamma-001-reveal_75-gibbs_icm","interaction_row_97",-0.643719722768704,0.116707998883832,1.01269915144581,153.146324020478,329.850449315707,0.00949442781551378,6.29041008874056,13.5484453017213
"multiplicative_gamma",1,"reveal_75","gibbs_icm","multiplicative_gamma-001-reveal_75-gibbs_icm","interaction_row_241",0.553558339326917,0.123163074203235,1.00722381106939,334.841608940029,1055.9242699939,0.00662811068043865,13.7534547334276,43.3715710997249
"multiplicative_gamma",1,"reveal_75","gibbs_icm","multiplicative_gamma-001-reveal_75-gibbs_icm","interaction_row_385",1.34386073695297,0.148993801307362,1.01138634293386,374.910477618735,795.574018844341,0.00771133447522942,15.3992638469866,32.677812324174
"multiplicative_gamma",1,"reveal_75","gibbs_icm","multiplicative_gamma-001-reveal_75-gibbs_icm","interaction_row_529",0.354469689074982,0.0995593585775333,1.00379050208558,477.946153446723,695.830729206678,0.00463283151923064,19.6314036575504,28.5809056603416
"multiplicative_gamma",1,"reveal_75","gibbs_icm","multiplicative_gamma-001-reveal_75-gibbs_icm","interaction_row_672",-0.0135998165335697,0.0329940752247003,1.03145153831256,161.823103016875,499.632913462088,0.00252483440884153,6.64680452710403,20.5221766804439
"multiplicative_gamma",1,"reveal_75","gibbs_icm","multiplicative_gamma-001-reveal_75-gibbs_icm","interaction_row_816",-0.0318209561187233,0.0280009526295135,1.01936050815898,188.217195496783,492.287699043573,0.00198103035543712,7.73092892042976,20.2204756035313
"multiplicative_gamma",1,"reveal_75","gibbs_icm","multiplicative_gamma-001-reveal_75-gibbs_icm","interaction_row_960",0.0380575940063179,0.0399990771064072,1.02564998303841,178.144666161903,271.258336170259,0.00300338731272345,7.31720472200372,11.1418030136474
"multiplicative_gamma",1,"reveal_75","gibbs_icm","multiplicative_gamma-001-reveal_75-gibbs_icm","interaction_row_1104",0.030617240975352,0.0368246772684014,1.01743527029535,348.071783080895,711.365108582248,0.00177649747028194,14.2968776423599,29.2189726682924
"multiplicative_gamma",1,"reveal_75","gibbs_icm","multiplicative_gamma-001-reveal_75-gibbs_icm","observed_log_likelihood",245.439648353473,15.2948810017129,1.10479807697009,31.1432077034366,199.169440860668,2.74706674438476,1.27919197007462,8.18078702294702
"horseshoe",1,"reveal_75","gibbs_icm","horseshoe-001-reveal_75-gibbs_icm","sigma",7.14832008832405,8.28571819412803,3.01135766983952,4.59027165425584,23.533470136935,4.10711595990555,0.187098379972928,0.959218640944602
"horseshoe",1,"reveal_75","gibbs_icm","horseshoe-001-reveal_75-gibbs_icm","mean_row_1",10.7776643537792,3.95972718958089,1.48860445958165,250.159339373009,36.5698658529385,0.283609710467427,10.1964351256627,1.49057902718425
"horseshoe",1,"reveal_75","gibbs_icm","horseshoe-001-reveal_75-gibbs_icm","mean_row_159",375.999352377768,3.44569774984358,1.46212766074498,449.768681823485,27.6422969147015,0.118088538979137,18.332464409533,1.12669344235352
"horseshoe",1,"reveal_75","gibbs_icm","horseshoe-001-reveal_75-gibbs_icm","mean_row_316",-436.329807643521,10.743755800586,1.66722722928724,992.048703105666,29.9315072910623,0.323963410992522,40.4356689942798,1.2200011123772
"horseshoe",1,"reveal_75","gibbs_icm","horseshoe-001-reveal_75-gibbs_icm","mean_row_474",16.257372410364,2.50884033267839,1.52629752533151,9.94481550973758,30.6002031692229,0.845816674056843,0.405348312942755,1.24725699719666
"horseshoe",1,"reveal_75","gibbs_icm","horseshoe-001-reveal_75-gibbs_icm","mean_row_631",113.212216072538,1.67828004951031,1.33637718776443,98.6284520499113,30.7034300163091,0.233359855314923,4.02007222833255,1.25146449891208
"horseshoe",1,"reveal_75","gibbs_icm","horseshoe-001-reveal_75-gibbs_icm","mean_row_789",50.3781094564769,6.81864448498562,1.45410546945344,50.460674610827,30.9921287320595,0.227040784715348,2.0567650856292,1.26323178984509
"horseshoe",1,"reveal_75","gibbs_icm","horseshoe-001-reveal_75-gibbs_icm","mean_row_946",4.05643095576409,6.58269053972484,1.57823488148431,9.5428565489339,38.4225523903752,2.19809054926544,0.388964561381506,1.56609408944221
"horseshoe",1,"reveal_75","gibbs_icm","horseshoe-001-reveal_75-gibbs_icm","mean_row_1104",252.124153291856,14.5427259569865,1.67332070457789,7.15723957925162,33.7596422826081,6.97520645136138,0.291727381562387,1.3760349833948
"horseshoe",1,"reveal_75","gibbs_icm","horseshoe-001-reveal_75-gibbs_icm","interaction_row_97",-172.584677895842,10.4645921545246,1.67131681485438,17.4248125421768,29.5334605928034,3.40068909179432,0.710231211468848,1.20377682370601
"horseshoe",1,"reveal_75","gibbs_icm","horseshoe-001-reveal_75-gibbs_icm","interaction_row_241",43.6802769340855,7.56325640406541,1.68664413211052,321.088369987936,33.3341607375668,0.284179513530164,13.0874855297927,1.35869245689927
"horseshoe",1,"reveal_75","gibbs_icm","horseshoe-001-reveal_75-gibbs_icm","interaction_row_385",34.5883282861053,6.34987030147791,1.83925478220896,5.86670630676009,33.0650799738058,2.77373013676933,0.239125552570313,1.34772478901955
"horseshoe",1,"reveal_75","gibbs_icm","horseshoe-001-reveal_75-gibbs_icm","interaction_row_529",-29.6983265333449,21.285300454909,1.77665615464167,6.060032059069,18.4142403812155,10.5556583191264,0.24700546421574,0.750560054667623
"horseshoe",1,"reveal_75","gibbs_icm","horseshoe-001-reveal_75-gibbs_icm","interaction_row_672",847.645105959471,18.4243472929443,2.04634019072849,5.40708799367888,25.9758141345603,8.44109948938018,0.220391619535292,1.05876800091955
"horseshoe",1,"reveal_75","gibbs_icm","horseshoe-001-reveal_75-gibbs_icm","interaction_row_816",712.129534494374,19.1060966071079,2.06257839165337,6.05626993669577,29.2997146616117,7.82360789664363,0.246852121003332,1.19424939519082
"horseshoe",1,"reveal_75","gibbs_icm","horseshoe-001-reveal_75-gibbs_icm","interaction_row_960",-75.4367321805047,55.1770546435697,1.75382607911567,6.56820396091863,18.963151767655,27.362667904938,0.267718429971411,0.77293355211767
"horseshoe",1,"reveal_75","gibbs_icm","horseshoe-001-reveal_75-gibbs_icm","interaction_row_1104",9.09459470500555,9.4434911983887,2.05089722597557,5.4027176821107,26.0870240877645,4.56101644185696,0.220213486676069,1.06330089214007
"horseshoe",1,"reveal_75","gibbs_icm","horseshoe-001-reveal_75-gibbs_icm","observed_log_likelihood",-2341.047519153,982.053187235712,3.2485624839611,4.52362420931177,19.3607055194088,487.033878380238,0.184381845981567,0.789137748406648
"realism",1,"reveal_75","gibbs_icm","realism-001-reveal_75-gibbs_icm","sigma",0.200523288361018,0.00605997654149291,1.10161717838841,29.1416352871579,84.7476840721002,0.00114054515808512,1.12416137357395,3.26920819627742
"realism",1,"reveal_75","gibbs_icm","realism-001-reveal_75-gibbs_icm","mean_row_1",1.26238239585243,0.0632939179526107,1.0160381682568,131.944904896585,732.62894275521,0.00551251121221113,5.08987790366023,28.2617344734484
"realism",1,"reveal_75","gibbs_icm","realism-001-reveal_75-gibbs_icm","mean_row_159",0.303211057780971,0.0539212598616097,1.01053108604754,539.82882247699,1115.56191248702,0.00232642638893592,20.8243190401183,43.0336732819123
"realism",1,"reveal_75","gibbs_icm","realism-001-reveal_75-gibbs_icm","mean_row_316",0.76704545503346,0.0701294978416106,1.00373815564172,639.620370890277,1053.38061595559,0.00275115621162453,24.673856069524,40.6349811347292
"realism",1,"reveal_75","gibbs_icm","realism-001-reveal_75-gibbs_icm","mean_row_474",0.167046564757706,0.0983531786633213,1.03776625421226,90.6314804398133,664.430033156575,0.0100491322749267,3.49618024302019,25.6309081956783
"realism",1,"reveal_75","gibbs_icm","realism-001-reveal_75-gibbs_icm","mean_row_631",0.686423152800214,0.0517730496060154,1.01475450685691,508.486971102981,820.29392069831,0.00229943199119853,19.6152826101522,31.6434795624851
"realism",1,"reveal_75","gibbs_icm","realism-001-reveal_75-gibbs_icm","mean_row_789",-0.872763345628886,0.078400978033049,1.0237870973745,414.460656285649,1293.26167358894,0.00380618297700732,15.9881439758379,49.8885805496637
"realism",1,"reveal_75","gibbs_icm","realism-001-reveal_75-gibbs_icm","mean_row_946",1.0579511719991,0.0747912186533422,1.00036122222787,1406.36926011169,1505.71896316992,0.00199695039182661,54.2517941639346,58.0842866631911
"realism",1,"reveal_75","gibbs_icm","realism-001-reveal_75-gibbs_icm","mean_row_1104",-0.992242894786067,0.0667927666033714,1.01374344190272,411.328064868778,1050.69875686346,0.0032906781944842,15.8673018118572,40.5315263227038
"realism",1,"reveal_75","gibbs_icm","realism-001-reveal_75-gibbs_icm","interaction_row_97",-0.0188626642258029,0.0442992059062756,1.02148464474012,361.038697911434,586.690433154898,0.00238552603552447,13.9273501489577,22.6320423236081
"realism",1,"reveal_75","gibbs_icm","realism-001-reveal_75-gibbs_icm","interaction_row_241",0.00586784975592076,0.042709665524471,1.00296100096877,1249.52777424846,1030.04576185013,0.00126037771877626,48.2015111772731,39.7348208868621
"realism",1,"reveal_75","gibbs_icm","realism-001-reveal_75-gibbs_icm","interaction_row_385",0.00141596408632427,0.0253672628127543,1.00445981535218,1109.37393106804,868.163992362918,0.000796217305467087,42.7949670589065,33.4901050172785
"realism",1,"reveal_75","gibbs_icm","realism-001-reveal_75-gibbs_icm","interaction_row_529",-0.00242606807711707,0.0275803539328712,1.01212220868708,987.972632658486,936.36637211175,0.000835318201125589,38.1118170218909,36.1210651588065
"realism",1,"reveal_75","gibbs_icm","realism-001-reveal_75-gibbs_icm","interaction_row_672",-0.00886156012411638,0.0427633082066135,1.08075888484861,41.5880770426457,396.161171493205,0.00580394091120796,1.60429259895249,15.2822270375034
"realism",1,"reveal_75","gibbs_icm","realism-001-reveal_75-gibbs_icm","interaction_row_816",-0.00589600865511987,0.0421222925260976,1.0451835417441,163.19001181834,415.432692981553,0.0026292064176784,6.29518234071438,16.0256410516356
"realism",1,"reveal_75","gibbs_icm","realism-001-reveal_75-gibbs_icm","interaction_row_960",-0.00171075991425218,0.0243599499455392,1.03152856189184,111.320383394695,211.832712403729,0.00250298833207242,4.29427085579191,8.17161256041845
"realism",1,"reveal_75","gibbs_icm","realism-001-reveal_75-gibbs_icm","interaction_row_1104",-0.00945021771206601,0.0318555387415161,1.07740756164231,44.3136522975477,282.984751886335,0.00341034480410996,1.7094337961481,10.9163581331764
"realism",1,"reveal_75","gibbs_icm","realism-001-reveal_75-gibbs_icm","observed_log_likelihood",160.859832493109,16.9535649155497,1.26017886253449,12.1081230982076,28.7795078040054,5.38704365308277,0.467080318566813,1.11019202268276
"gamma",2,"reveal_75","gibbs_icm","gamma-002-reveal_75-gibbs_icm","sigma",0.191914997905412,0.00652200704587404,1.12064067200744,22.174404908954,56.8984143327573,0.00140903684174352,0.901911856705197,2.31426073101592
"gamma",2,"reveal_75","gibbs_icm","gamma-002-reveal_75-gibbs_icm","mean_row_1",0.80367340101145,0.0594255895557486,1.0500858489498,86.6588531685325,456.575385571976,0.00640775838747182,3.5247235487079,18.5705436253143
"gamma",2,"reveal_75","gibbs_icm","gamma-002-reveal_75-gibbs_icm","mean_row_159",0.491849848871186,0.071890540389686,0.99956080398246,1723.48653428876,1972.09005568222,0.00172880769982743,70.1003227157227,80.2119114814209
"gamma",2,"reveal_75","gibbs_icm","gamma-002-reveal_75-gibbs_icm","mean_row_316",1.67553001753932,0.0891729157050827,1.00794242989763,702.609062026549,1414.12973627814,0.00336265657873499,28.5776076639774,57.5176822695086
"gamma",2,"reveal_75","gibbs_icm","gamma-002-reveal_75-gibbs_icm","mean_row_474",1.90811272358349,0.0752791725758303,1.00971638634521,751.080529048458,1466.45546953496,0.0027225597363317,30.5491144980256,59.6459558096053
"gamma",2,"reveal_75","gibbs_icm","gamma-002-reveal_75-gibbs_icm","mean_row_631",0.952178984133614,0.0854533232420463,1.00296442928928,1576.32026053425,1859.14542668359,0.00217159177980805,64.1145473250731,75.618052008606
"gamma",2,"reveal_75","gibbs_icm","gamma-002-reveal_75-gibbs_icm","mean_row_789",1.16873260915945,0.137621401112047,1.00961645179269,431.7848140848,513.131190428172,0.00662132796660325,17.5622229758725,20.8708692112654
"gamma",2,"reveal_75","gibbs_icm","gamma-002-reveal_75-gibbs_icm","mean_row_946",1.63565363478221,0.0695731025892058,1.00018430798628,1823.34127887126,1857.99613459844,0.00163038465455205,74.1617700671625,75.5713062148557
"gamma",2,"reveal_75","gibbs_icm","gamma-002-reveal_75-gibbs_icm","mean_row_1104",1.12019916923131,0.0893443344683343,1.01175887448055,677.254299330389,1350.72452433114,0.00343043916707707,27.5463393528996,54.9387669540038
"gamma",2,"reveal_75","gibbs_icm","gamma-002-reveal_75-gibbs_icm","interaction_row_97",-0.0342035537534156,0.0699308977149836,1.01413014083461,468.592289741818,1131.61566570828,0.00320922652426453,19.0593138266419,46.026830948844
"gamma",2,"reveal_75","gibbs_icm","gamma-002-reveal_75-gibbs_icm","interaction_row_241",-0.381617966436828,0.107903766191587,1.04418049813734,73.1432466273346,131.46130615636,0.0128733930533052,2.9749957954663,5.34699854211178
"gamma",2,"reveal_75","gibbs_icm","gamma-002-reveal_75-gibbs_icm","interaction_row_385",0.165500235628273,0.0657022819527214,1.05223534730306,66.4338709159632,660.865257069393,0.00796442996274918,2.70210163979351,26.8797387565848
"gamma",2,"reveal_75","gibbs_icm","gamma-002-reveal_75-gibbs_icm","interaction_row_529",-0.115735344127213,0.0604010801928995,1.02630952793176,158.236075280797,865.759353720869,0.00467080691324476,6.43602356140881,35.2135098723204
"gamma",2,"reveal_75","gibbs_icm","gamma-002-reveal_75-gibbs_icm","interaction_row_672",-0.0422088596930731,0.0557313948711494,1.02118276354614,280.668103281888,990.361992390259,0.00341664025804476,11.4157692703932,40.2815420316545
"gamma",2,"reveal_75","gibbs_icm","gamma-002-reveal_75-gibbs_icm","interaction_row_816",-0.000587858769329884,0.0678968638365767,1.03906144718444,73.4897808096604,447.483029157386,0.0078834858631688,2.98909057226309,18.2007251751967
"gamma",2,"reveal_75","gibbs_icm","gamma-002-reveal_75-gibbs_icm","interaction_row_960",-0.161786495783927,0.062378603322774,1.03559718811479,192.068986659617,643.578734875587,0.00446494426639534,7.81212831121843,26.1766344617094
"gamma",2,"reveal_75","gibbs_icm","gamma-002-reveal_75-gibbs_icm","interaction_row_1104",-0.0763782494201304,0.0518712030178942,1.0891996716775,29.0386833079096,107.875873944215,0.00944034471413619,1.18110645521474,4.38769519011692
"gamma",2,"reveal_75","gibbs_icm","gamma-002-reveal_75-gibbs_icm","observed_log_likelihood",200.849053818203,22.3318666886144,1.29336093980338,10.7035533774885,34.0341600784224,6.74088816653666,0.435351556881497,1.38429024967145
"multiplicative_gamma",2,"reveal_75","gibbs_icm","multiplicative_gamma-002-reveal_75-gibbs_icm","sigma",0.264709170753382,0.00735580615499354,1.0130266171623,383.111886033414,1361.96622027883,0.000371551405106492,15.9000575236943,56.5248483203499
"multiplicative_gamma",2,"reveal_75","gibbs_icm","multiplicative_gamma-002-reveal_75-gibbs_icm","mean_row_1",1.06815780745381,0.0817843038282109,1.00487879034182,193.393393175247,667.691057275014,0.00586341649399212,8.02628732829412,27.7107722463172
"multiplicative_gamma",2,"reveal_75","gibbs_icm","multiplicative_gamma-002-reveal_75-gibbs_icm","mean_row_159",1.56360722786359,0.105515584051252,1.0117513161847,381.582540508026,1190.3597790876,0.00549929754355223,15.8365860347801,49.4027714914962
"multiplicative_gamma",2,"reveal_75","gibbs_icm","multiplicative_gamma-002-reveal_75-gibbs_icm","mean_row_316",5.17625590311603,0.161330824966758,1.01558368963583,555.578543819527,1422.92069231147,0.00683850814800366,23.0578353940455,59.0546043706772
"multiplicative_gamma",2,"reveal_75","gibbs_icm","multiplicative_gamma-002-reveal_75-gibbs_icm","mean_row_474",-0.324192503397655,0.111404396213642,1.01857393419827,237.434119925952,940.494858504834,0.00734244908711774,9.85408258667575,39.0327810128588
"multiplicative_gamma",2,"reveal_75","gibbs_icm","multiplicative_gamma-002-reveal_75-gibbs_icm","mean_row_631",1.57344811315816,0.123301353317531,1.02271231353753,233.954285151521,941.117367103046,0.0080975584596834,9.70966113930361,39.0586166052312
"multiplicative_gamma",2,"reveal_75","gibbs_icm","multiplicative_gamma-002-reveal_75-gibbs_icm","mean_row_789",2.48797321996458,0.121723040831668,1.00375878010806,1214.14913440656,1736.78056395921,0.00349612672415868,50.3900865078464,72.0805380352443
"multiplicative_gamma",2,"reveal_75","gibbs_icm","multiplicative_gamma-002-reveal_75-gibbs_icm","mean_row_946",0.683685575439126,0.126227010845129,1.05282633136611,60.5397293599987,620.604422259474,0.0162269738250991,2.51254323967622,25.7565645262284
"multiplicative_gamma",2,"reveal_75","gibbs_icm","multiplicative_gamma-002-reveal_75-gibbs_icm","mean_row_1104",3.34222704249689,0.139745032451456,1.00557882630271,732.13422929638,1109.07232552942,0.00516243511076587,30.3853176715658,46.0291481854917
"multiplicative_gamma",2,"reveal_75","gibbs_icm","multiplicative_gamma-002-reveal_75-gibbs_icm","interaction_row_97",0.204558917649962,0.110479467273954,1.01172630125952,481.520451808465,897.825316391051,0.00485203699692759,19.9842478443023,37.2618931890869
"multiplicative_gamma",2,"reveal_75","gibbs_icm","multiplicative_gamma-002-reveal_75-gibbs_icm","interaction_row_241",0.14757620125025,0.0944557512829418,1.00327407096489,658.568848180164,1365.94042861412,0.00367127771536849,27.3321787997577,56.6897874502644
"multiplicative_gamma",2,"reveal_75","gibbs_icm","multiplicative_gamma-002-reveal_75-gibbs_icm","interaction_row_385",0.160648624821374,0.100359836560144,1.01544771605868,385.394756573573,1115.34268974599,0.00519085366211954,15.9948020989239,46.2893832639962
"multiplicative_gamma",2,"reveal_75","gibbs_icm","multiplicative_gamma-002-reveal_75-gibbs_icm","interaction_row_529",-0.099148198067271,0.105274338436081,1.02316061093997,199.227172047585,630.739249023369,0.00789008240587324,8.26840307315148,26.1771840225511
"multiplicative_gamma",2,"reveal_75","gibbs_icm","multiplicative_gamma-002-reveal_75-gibbs_icm","interaction_row_672",0.0188244034460774,0.0749134678677318,1.0200312777145,945.649229400133,1091.99074003783,0.00253661380226961,39.2466997053385,45.3202216243133
"multiplicative_gamma",2,"reveal_75","gibbs_icm","multiplicative_gamma-002-reveal_75-gibbs_icm","interaction_row_816",0.0316522237001783,0.0789893209202797,1.03443573697089,96.4298477402484,1317.21110777255,0.00832941943879564,4.00206880017631,54.667404348311
"multiplicative_gamma",2,"reveal_75","gibbs_icm","multiplicative_gamma-002-reveal_75-gibbs_icm","interaction_row_960",0.0141747794519945,0.0775702249906167,1.0074543862156,782.531092231018,1338.36392977007,0.00278306792764405,32.4769077497828,55.5452969400319
"multiplicative_gamma",2,"reveal_75","gibbs_icm","multiplicative_gamma-002-reveal_75-gibbs_icm","interaction_row_1104",-0.0314981240722294,0.0795122781093308,1.0079575323496,593.764590954236,1002.65295771291,0.00334337863756406,24.6426474768307,41.6124904632873
"multiplicative_gamma",2,"reveal_75","gibbs_icm","multiplicative_gamma-002-reveal_75-gibbs_icm","observed_log_likelihood",-86.844960589825,13.4197447309587,1.05183686231498,62.5855640013994,398.943399944365,1.70250204032205,2.59745025944799,16.5571031311212
"horseshoe",2,"reveal_75","gibbs_icm","horseshoe-002-reveal_75-gibbs_icm","sigma",15.8273710257051,20.9299367615684,2.77494339410693,4.7000144521136,18.1387812156163,10.3322060400843,0.190322512739972,0.73451229866841
"horseshoe",2,"reveal_75","gibbs_icm","horseshoe-002-reveal_75-gibbs_icm","mean_row_1",2.75932739545104,5.36038018321484,1.55600364528334,334.652717283716,30.2236703633797,0.318447677145201,13.5514362131491,1.22387812769305
"horseshoe",2,"reveal_75","gibbs_icm","horseshoe-002-reveal_75-gibbs_icm","mean_row_159",397.624355777519,23.3275204384687,1.75593064834563,976.974735571197,33.1309729092957,0.814593117309126,39.5616414485199,1.34160651586539
"horseshoe",2,"reveal_75","gibbs_icm","horseshoe-002-reveal_75-gibbs_icm","mean_row_316",1218.69752530205,39.646517441827,1.76733355256058,9.82837724814098,31.2074104815675,16.130721032518,0.397990574939907,1.2637137267288
"horseshoe",2,"reveal_75","gibbs_icm","horseshoe-002-reveal_75-gibbs_icm","mean_row_474",526.79106359539,12.1449188507724,1.50908963470338,15.702209497662,36.6920100681657,2.527824081471,0.635845697414946,1.48580725119116
"horseshoe",2,"reveal_75","gibbs_icm","horseshoe-002-reveal_75-gibbs_icm","mean_row_631",11.9654813038257,6.36614556229802,1.33486470731014,62.5674398713809,31.5549761092192,0.70335270980373,2.5336076076688,1.27778805868472
"horseshoe",2,"reveal_75","gibbs_icm","horseshoe-002-reveal_75-gibbs_icm","mean_row_789",-397.599679709497,35.1414941907711,1.65606782509775,6.8972260273729,31.0256168828285,17.1408226158449,0.279296457881066,1.25635217180921
"horseshoe",2,"reveal_75","gibbs_icm","horseshoe-002-reveal_75-gibbs_icm","mean_row_946",2662.15718708215,15.7910640655033,1.74326045435154,1729.66521860297,29.9796950393932,0.393487221724858,70.0411102896527,1.21399858430424
"horseshoe",2,"reveal_75","gibbs_icm","horseshoe-002-reveal_75-gibbs_icm","mean_row_1104",67.5125607260921,66.2174870300826,2.03345574736244,5.40894668888793,29.519892258541,32.3789136246929,0.219030033969951,1.1953793180215
"horseshoe",2,"reveal_75","gibbs_icm","horseshoe-002-reveal_75-gibbs_icm","interaction_row_97",768.835855179515,67.7565989223136,1.65773205142882,7.18568497511941,35.7111339034737,31.6840635488926,0.290977322337292,1.44608762516598
"horseshoe",2,"reveal_75","gibbs_icm","horseshoe-002-reveal_75-gibbs_icm","interaction_row_241",115.100308181398,16.3471809934731,1.9867130487351,7.90124265589502,33.4417054606626,6.68232111521923,0.319953134476414,1.35418932823093
"horseshoe",2,"reveal_75","gibbs_icm","horseshoe-002-reveal_75-gibbs_icm","interaction_row_385",776.387438296296,15.3641835124018,1.91463598180645,13.1593952998216,35.5110614316457,5.43811304636995,0.532876910298508,1.43798588506361
"horseshoe",2,"reveal_75","gibbs_icm","horseshoe-002-reveal_75-gibbs_icm","interaction_row_529",-70.1988294824532,28.874270484021,1.92493551155226,11.7266193437254,30.9024176223767,10.2222197379361,0.474858041859706,1.25136333761396
"horseshoe",2,"reveal_75","gibbs_icm","horseshoe-002-reveal_75-gibbs_icm","interaction_row_672",-45.8172359463126,8.55921582384086,1.51765698269992,7.85300319911418,32.2853763631418,3.52941622128862,0.317999724604746,1.30736490638356
"horseshoe",2,"reveal_75","gibbs_icm","horseshoe-002-reveal_75-gibbs_icm","interaction_row_816",-30.5284616587531,3.61196325011622,1.43590642834087,14.2801803584856,31.8831309764265,0.849173344938295,0.578262010872065,1.29107637078059
"horseshoe",2,"reveal_75","gibbs_icm","horseshoe-002-reveal_75-gibbs_icm","interaction_row_960",-44.8029144240811,10.8411345485353,1.87502506954001,13.2891010450283,41.0497930961462,3.6214686608335,0.538129218263955,1.66227143535721
"horseshoe",2,"reveal_75","gibbs_icm","horseshoe-002-reveal_75-gibbs_icm","interaction_row_1104",43.9404419035562,72.6335928555983,2.47771905432444,4.89967828017992,24.952286944617,35.8251862880042,0.198407705210769,1.01041858451578
"horseshoe",2,"reveal_75","gibbs_icm","horseshoe-002-reveal_75-gibbs_icm","observed_log_likelihood",-2568.6075852475,1581.99461717941,2.84223070475775,4.66869178288876,14.8385963700715,752.451130424897,0.189054131722566,0.600874523995609
"realism",2,"reveal_75","gibbs_icm","realism-002-reveal_75-gibbs_icm","sigma",0.201151946593497,0.00544730699758887,1.01942984085712,368.717298942817,1233.61677346209,0.000288997607834889,14.1114202205526,47.2125520862678
"realism",2,"reveal_75","gibbs_icm","realism-002-reveal_75-gibbs_icm","mean_row_1",1.77239507369741,0.0595170038536302,1.03503401904996,109.572858382454,343.033776812473,0.00573629972765347,4.19353432517336,13.1284693946372
"realism",2,"reveal_75","gibbs_icm","realism-002-reveal_75-gibbs_icm","mean_row_159",-0.137655067256666,0.0614523816109847,1.01323014260147,594.224174399617,902.47014802109,0.00261847767522241,22.7419409238631,34.5390236144167
"realism",2,"reveal_75","gibbs_icm","realism-002-reveal_75-gibbs_icm","mean_row_316",1.69408173477997,0.0711995294564413,1.00779014300409,435.683323395602,1137.28205186301,0.00339252738617784,16.6743206167708,43.5256631276746
"realism",2,"reveal_75","gibbs_icm","realism-002-reveal_75-gibbs_icm","mean_row_474",0.776786205176224,0.0825710665660486,1.03273080023057,148.841957462705,1093.62517623766,0.00681195825885208,5.69642762687841,41.8548423681606
"realism",2,"reveal_75","gibbs_icm","realism-002-reveal_75-gibbs_icm","mean_row_631",-0.280341160051037,0.0758883290182346,1.01239708720101,400.449418640086,1110.74640138539,0.00383233468337698,15.3258608687698,42.5100999420336
"realism",2,"reveal_75","gibbs_icm","realism-002-reveal_75-gibbs_icm","mean_row_789",-0.179483604542051,0.156415264337142,1.00720115576675,803.217580966462,930.005374606415,0.00514012316653438,30.7404638894127,35.5928422291866
"realism",2,"reveal_75","gibbs_icm","realism-002-reveal_75-gibbs_icm","mean_row_946",-0.399917050716506,0.0852256540170535,1.01532747830153,486.158520846137,685.59654041453,0.00391680496676206,18.6060898176792,26.2389123355097
"realism",2,"reveal_75","gibbs_icm","realism-002-reveal_75-gibbs_icm","mean_row_1104",-0.492817993997516,0.0796801335284978,1.00956764384096,379.663143523474,913.934864282369,0.004090326195933,14.5303357772389,34.9777972475936
"realism",2,"reveal_75","gibbs_icm","realism-002-reveal_75-gibbs_icm","interaction_row_97",0.00742398081879939,0.0442083562307048,1.02351778997984,809.673962147357,594.472456244469,0.0019232652679273,30.9875602643561,22.7514430802737
"realism",2,"reveal_75","gibbs_icm","realism-002-reveal_75-gibbs_icm","interaction_row_241",-0.0138688360658072,0.0535285972465851,1.02047364322138,732.101412371188,565.805584775198,0.00260620514664861,28.0187306200463,21.6543145461059
"realism",2,"reveal_75","gibbs_icm","realism-002-reveal_75-gibbs_icm","interaction_row_385",0.0461729405894962,0.0718012302839501,1.02492241196191,152.039586132385,782.404763997843,0.00520014026217984,5.8188061591483,29.9439229973533
"realism",2,"reveal_75","gibbs_icm","realism-002-reveal_75-gibbs_icm","interaction_row_529",-0.0140551917247528,0.0468446922491215,1.02138665587015,383.700558559778,284.29178313116,0.00289125461944999,14.6848543212438,10.8803162436818
"realism",2,"reveal_75","gibbs_icm","realism-002-reveal_75-gibbs_icm","interaction_row_672",0.0021569743070223,0.0204945648999736,1.0338204689362,525.297974029137,563.000120981833,0.00087721201007575,20.1040213566971,21.5469448115823
"realism",2,"reveal_75","gibbs_icm","realism-002-reveal_75-gibbs_icm","interaction_row_816",0.00493390721041606,0.0312309987880858,1.06931008865758,43.7167422498338,279.943078971032,0.00396775862916634,1.67311195414421,10.7138841506002
"realism",2,"reveal_75","gibbs_icm","realism-002-reveal_75-gibbs_icm","interaction_row_960",0.0171743017235012,0.0561714331199054,1.03416017107092,129.360952732528,285.604165866315,0.00384116592827981,4.95085738958736,10.9305432992582
"realism",2,"reveal_75","gibbs_icm","realism-002-reveal_75-gibbs_icm","interaction_row_1104",-0.000814043896042289,0.0214630697584248,1.03999914964751,93.1968914949437,387.504437972687,0.00127596124291357,3.56679901622504,14.8304350710968
"realism",2,"reveal_75","gibbs_icm","realism-002-reveal_75-gibbs_icm","observed_log_likelihood",157.785476429737,11.8995505381122,1.07422639537731,45.4904156301272,86.8611774029516,1.85654120668866,1.74099336484854,3.32432077013861
"gamma",1,"reveal_25","gibbs_imc","gamma-001-reveal_25-gibbs_imc","sigma",0.189627496987769,0.00936297818711679,1.01467462061242,356.574129533963,644.192788103512,0.000496738713860176,17.0830321244652,30.8624916448767
"gamma",1,"reveal_25","gibbs_imc","gamma-001-reveal_25-gibbs_imc","mean_row_1",1.1641280920075,0.108312238840491,1.02703909181958,181.700965087662,582.948630665566,0.00802061282175058,8.7050718673723,27.9283586770261
"gamma",1,"reveal_25","gibbs_imc","gamma-001-reveal_25-gibbs_imc","mean_row_159",1.38873841681619,0.100203387357097,1.00169289692037,1313.64225783448,1651.24899652625,0.00277221594840246,62.9350001357965,79.1093276733699
"gamma",1,"reveal_25","gibbs_imc","gamma-001-reveal_25-gibbs_imc","mean_row_316",1.13079896511387,0.251143006124141,1.00801244055694,233.876033767932,738.382484843703,0.016372143936648,11.2047158418978,35.375005262478
"gamma",1,"reveal_25","gibbs_imc","gamma-001-reveal_25-gibbs_imc","mean_row_474",2.0042918433248,0.181526948961827,1.00910721339616,548.235872911965,1265.33760293835,0.00786566652812328,26.2653127443091,60.6207829702651
"gamma",1,"reveal_25","gibbs_imc","gamma-001-reveal_25-gibbs_imc","mean_row_631",0.735960810598491,0.149489942930862,1.00380060867782,813.523721326955,1252.86411005025,0.00523811194048931,38.9749303562954,60.0231931227062
"gamma",1,"reveal_25","gibbs_imc","gamma-001-reveal_25-gibbs_imc","mean_row_789",1.01126869771516,0.132115499240831,1.01397377732009,619.425732698507,1470.04953706222,0.00531696866480371,29.6759321946297,70.4282823294314
"gamma",1,"reveal_25","gibbs_imc","gamma-001-reveal_25-gibbs_imc","mean_row_946",1.9885492684047,0.221844766145982,1.00522724297008,641.206165973553,1279.12180504738,0.00889380323461639,30.7194062172928,61.2811672997355
"gamma",1,"reveal_25","gibbs_imc","gamma-001-reveal_25-gibbs_imc","mean_row_1104",1.51490619061169,0.169254252278202,1.01555707747886,306.721340450081,514.73840678475,0.00999294278768365,14.6946457361223,24.6604899527979
"gamma",1,"reveal_25","gibbs_imc","gamma-001-reveal_25-gibbs_imc","interaction_row_97",-0.16288558527017,0.368966853366738,1.03742831231907,104.879304362617,219.975671224847,0.0360009799835344,5.02463969542554,10.5387664075527
"gamma",1,"reveal_25","gibbs_imc","gamma-001-reveal_25-gibbs_imc","interaction_row_241",0.643173520623225,0.20963737702417,1.01821849983336,223.623125370862,907.854696735137,0.0139258698382984,10.7135114919208,43.4942124627574
"gamma",1,"reveal_25","gibbs_imc","gamma-001-reveal_25-gibbs_imc","interaction_row_385",0.0669213440151096,0.174417581371806,1.032304450887,132.299557974831,1071.91516489666,0.0143822829016368,6.33831063933458,51.3541496141743
"gamma",1,"reveal_25","gibbs_imc","gamma-001-reveal_25-gibbs_imc","interaction_row_529",0.116203997902631,0.28090444322829,1.03543624521846,92.5284131523655,260.357599192688,0.0287794804456293,4.43292354488408,12.4734153783686
"gamma",1,"reveal_25","gibbs_imc","gamma-001-reveal_25-gibbs_imc","interaction_row_672",0.0219940734226155,0.0554287069381054,1.00624054216855,688.949157621037,1165.72177218426,0.00213114894696391,33.006714780867,55.8483098828273
"gamma",1,"reveal_25","gibbs_imc","gamma-001-reveal_25-gibbs_imc","interaction_row_816",-0.0790717489379422,0.0660479795584224,1.00267932669891,527.291168275351,1132.92466740581,0.00287549778014859,25.2618774625282,54.2770405502714
"gamma",1,"reveal_25","gibbs_imc","gamma-001-reveal_25-gibbs_imc","interaction_row_960",-0.0189609163138034,0.0721082444475414,1.00764317234219,756.961856680443,680.84318310085,0.00274991350697553,36.26512033155,32.6183674172783
"gamma",1,"reveal_25","gibbs_imc","gamma-001-reveal_25-gibbs_imc","interaction_row_1104",0.0677001864254047,0.100989136523293,1.00819818809597,390.092331368808,649.756226518578,0.00530817255141468,18.6888483384663,31.1290292012925
"gamma",1,"reveal_25","gibbs_imc","gamma-001-reveal_25-gibbs_imc","observed_log_likelihood",88.2200845958974,14.0387625743192,1.02431960757598,172.169840198935,489.186023669484,1.07734582093858,8.2484472859165,23.436306408733
"multiplicative_gamma",1,"reveal_25","gibbs_imc","multiplicative_gamma-001-reveal_25-gibbs_imc","sigma",0.182540642398161,0.00893907188052469,1.02200660992624,212.35137497575,667.116809737098,0.000612183278161877,9.39275367019417,29.5079975998362
"multiplicative_gamma",1,"reveal_25","gibbs_imc","multiplicative_gamma-001-reveal_25-gibbs_imc","mean_row_1",0.738038605946975,0.0993516312872235,1.00764069486137,408.325623455894,842.746608887474,0.00492015069319453,18.0611121486152,37.2764777462612
"multiplicative_gamma",1,"reveal_25","gibbs_imc","multiplicative_gamma-001-reveal_25-gibbs_imc","mean_row_159",-0.218073651321453,0.106196794572847,1.00177913125193,1041.89687709332,1622.35037531174,0.00330026288854971,46.0853183427687,71.7600130622672
"multiplicative_gamma",1,"reveal_25","gibbs_imc","multiplicative_gamma-001-reveal_25-gibbs_imc","mean_row_316",0.493954094820615,0.123380097383895,1.0281536634955,165.673633144703,504.827220832758,0.00955140530820381,7.32809771517614,22.3295833701679
"multiplicative_gamma",1,"reveal_25","gibbs_imc","multiplicative_gamma-001-reveal_25-gibbs_imc","mean_row_474",1.22147773254866,0.129750879942674,1.00938947286408,637.849960141484,1182.49030415339,0.00511627834255942,28.2134624974117,52.3040651164805
"multiplicative_gamma",1,"reveal_25","gibbs_imc","multiplicative_gamma-001-reveal_25-gibbs_imc","mean_row_631",0.710466921395607,0.15142672063538,1.0127113509539,324.311530222539,405.439368508877,0.00899540066838452,14.3449898364534,17.9334469439524
"multiplicative_gamma",1,"reveal_25","gibbs_imc","multiplicative_gamma-001-reveal_25-gibbs_imc","mean_row_789",0.279917850776858,0.15126646337169,1.0012994961497,1251.29049085272,1714.36599998527,0.00427117375446403,55.3472439336835,75.8300601550455
"multiplicative_gamma",1,"reveal_25","gibbs_imc","multiplicative_gamma-001-reveal_25-gibbs_imc","mean_row_946",2.00101849426385,0.160120989092444,1.00737782916388,418.687426721541,963.008593060844,0.00783113091203999,18.519436779969,42.59592149066
"multiplicative_gamma",1,"reveal_25","gibbs_imc","multiplicative_gamma-001-reveal_25-gibbs_imc","mean_row_1104",2.19386526721131,0.121363797350447,1.0090286869123,651.468006047965,1317.77893790588,0.00475532449302876,28.8158176772808,58.2881695818242
"multiplicative_gamma",1,"reveal_25","gibbs_imc","multiplicative_gamma-001-reveal_25-gibbs_imc","interaction_row_97",-0.319018941961649,0.208997397218702,1.0013699051966,791.327103117522,1188.70283227931,0.00742880233646577,35.0020834712279,52.5788584695375
"multiplicative_gamma",1,"reveal_25","gibbs_imc","multiplicative_gamma-001-reveal_25-gibbs_imc","interaction_row_241",0.446652304151495,0.156174446184874,1.00491233326696,669.286187398685,1110.55509437802,0.00601777654912343,29.6039537950585,49.1222175503368
"multiplicative_gamma",1,"reveal_25","gibbs_imc","multiplicative_gamma-001-reveal_25-gibbs_imc","interaction_row_385",0.782549151489994,0.431372273160032,1.00318712322811,826.366701997048,1368.0425848009,0.0150475879544041,36.5519595717023,60.5114377565862
"multiplicative_gamma",1,"reveal_25","gibbs_imc","multiplicative_gamma-001-reveal_25-gibbs_imc","interaction_row_529",0.117562670461589,0.165766410901599,1.00103802735293,877.460876862053,1161.7734540135,0.00554745914524588,38.8119637677836,51.3877147033573
"multiplicative_gamma",1,"reveal_25","gibbs_imc","multiplicative_gamma-001-reveal_25-gibbs_imc","interaction_row_672",0.00781205525685127,0.0357265932138328,1.00835993344882,613.993093261568,1091.13793364896,0.00142810577521454,27.1582224549525,48.2633551684781
"multiplicative_gamma",1,"reveal_25","gibbs_imc","multiplicative_gamma-001-reveal_25-gibbs_imc","interaction_row_816",-0.0311894391561829,0.0406631147103742,1.00691033413972,531.482253268197,762.920051858309,0.0017170129985491,23.5085922358544,33.7455790807815
"multiplicative_gamma",1,"reveal_25","gibbs_imc","multiplicative_gamma-001-reveal_25-gibbs_imc","interaction_row_960",-0.0179923188663612,0.0646708028352694,1.0180369247583,177.548829982171,557.782887575476,0.00443200685601883,7.85336296807193,24.6719253173865
"multiplicative_gamma",1,"reveal_25","gibbs_imc","multiplicative_gamma-001-reveal_25-gibbs_imc","interaction_row_1104",0.00385596818367379,0.0637037028145696,1.01925695870888,344.587978724263,578.794169077536,0.00372198975869871,15.2418603469684,25.6012990568619
"multiplicative_gamma",1,"reveal_25","gibbs_imc","multiplicative_gamma-001-reveal_25-gibbs_imc","observed_log_likelihood",103.347611042888,13.9129807347691,1.04471998481418,106.791147300707,402.41492136301,1.34672092075263,4.72359993368306,17.7996692039548
"horseshoe",1,"reveal_25","gibbs_imc","horseshoe-001-reveal_25-gibbs_imc","sigma",5.7127333962604,0.995845731295012,1.7730580140333,6.06442211465858,13.4065395997661,0.346427149645473,0.271229577112507,0.599603721086185
"horseshoe",1,"reveal_25","gibbs_imc","horseshoe-001-reveal_25-gibbs_imc","mean_row_1",10.2345375904251,3.19099631413245,1.09868038893723,30.8344154581418,155.981688859558,0.567768423071593,1.37906057776026,6.97623725835491
"horseshoe",1,"reveal_25","gibbs_imc","horseshoe-001-reveal_25-gibbs_imc","mean_row_159",377.148148622437,5.52798645153776,1.04798758593105,72.9103014613232,836.237795905464,0.630320367743109,3.26089277075552,37.4005007337295
"horseshoe",1,"reveal_25","gibbs_imc","horseshoe-001-reveal_25-gibbs_imc","mean_row_316",370.572104993038,573.368806994953,4.13711068092351,4.33119460196393,11.5037687732497,282.178118705476,0.193711463033405,0.514502829878334
"horseshoe",1,"reveal_25","gibbs_imc","horseshoe-001-reveal_25-gibbs_imc","mean_row_474",38.8917716413824,87.7945923386032,1.30632056784428,58.7339310667664,48.5083944334279,8.52372373410214,2.6268585834235,2.16952432726989
"horseshoe",1,"reveal_25","gibbs_imc","horseshoe-001-reveal_25-gibbs_imc","mean_row_631",59.9319352719261,129.066982283688,2.43146960261839,4.95035338543645,24.5523453394643,60.9292941495849,0.221403165858778,1.0980967547504
"horseshoe",1,"reveal_25","gibbs_imc","horseshoe-001-reveal_25-gibbs_imc","mean_row_789",47.7716388585618,3.95629211092324,1.02861946938151,161.484424395154,1094.53485336999,0.299056477018222,7.22234556085484,48.9527641383776
"horseshoe",1,"reveal_25","gibbs_imc","horseshoe-001-reveal_25-gibbs_imc","mean_row_946",152.195965078765,132.231799482869,2.08757736842352,5.35083125823129,31.4424909960637,62.1123311251491,0.239314426326368,1.40625658553887
"horseshoe",1,"reveal_25","gibbs_imc","horseshoe-001-reveal_25-gibbs_imc","mean_row_1104",742.143918839514,499.182802067217,3.21958481695857,4.51557187211699,14.6009325565125,244.213362253289,0.201957684695959,0.653022610873132
"horseshoe",1,"reveal_25","gibbs_imc","horseshoe-001-reveal_25-gibbs_imc","interaction_row_97",140.99186286814,353.674449288835,1.32342678143317,11.0138081555827,28.2132973140644,122.147947033803,0.492589478759455,1.26183180437695
"horseshoe",1,"reveal_25","gibbs_imc","horseshoe-001-reveal_25-gibbs_imc","interaction_row_241",45.2056219603145,6.41337794277028,1.60157306236468,6.85974637827185,11.0326038699716,2.67563285440328,0.306800231596753,0.493430111810524
"horseshoe",1,"reveal_25","gibbs_imc","horseshoe-001-reveal_25-gibbs_imc","interaction_row_385",-50.8154900335034,118.361910216515,1.43937924207277,9.2979497215138,31.7086694806829,46.4681657450224,0.415848191847298,1.4181613435611
"horseshoe",1,"reveal_25","gibbs_imc","horseshoe-001-reveal_25-gibbs_imc","interaction_row_529",56.3405791625159,121.696533606424,1.38516809240056,9.90612945459077,29.9458895903696,46.3829950367929,0.443048859724974,1.33932150768681
"horseshoe",1,"reveal_25","gibbs_imc","horseshoe-001-reveal_25-gibbs_imc","interaction_row_672",855.827637999542,7.09466175396816,1.08252657934801,44.4221752416062,390.614159673961,1.07920375255799,1.98676932070334,17.4701086664859
"horseshoe",1,"reveal_25","gibbs_imc","horseshoe-001-reveal_25-gibbs_imc","interaction_row_816",714.09832240626,7.30928248657818,1.06346531482138,78.3684649978994,84.1462202735267,0.927595576748858,3.50500760310832,3.76341608629752
"horseshoe",1,"reveal_25","gibbs_imc","horseshoe-001-reveal_25-gibbs_imc","interaction_row_960",-110.060450432507,6.51951203708297,1.15666404352683,17.9802408704994,54.3359180398265,1.54707254058574,0.804161226821381,2.43015868508547
"horseshoe",1,"reveal_25","gibbs_imc","horseshoe-001-reveal_25-gibbs_imc","interaction_row_1104",495.224701668572,500.074759593104,3.17743888223737,4.5302756198166,14.0828146259345,244.480397211427,0.202615305685253,0.629849931836596
"horseshoe",1,"reveal_25","gibbs_imc","horseshoe-001-reveal_25-gibbs_imc","observed_log_likelihood",-1121.1951186256,52.4383746500182,1.94514630381705,5.60029746688728,13.0976789626012,19.8742951926115,0.25047173249641,0.585790015769986
"realism",1,"reveal_25","gibbs_imc","realism-001-reveal_25-gibbs_imc","sigma",0.206041036704541,0.00885032220130466,1.00379415464413,646.710258096196,962.517947312674,0.000348431327619884,27.9356482978917,41.5774491279771
"realism",1,"reveal_25","gibbs_imc","realism-001-reveal_25-gibbs_imc","mean_row_1",1.31692079726643,0.0889572055097493,1.04185695471439,72.3262809149786,508.758676753137,0.0103817366977392,3.12424539589539,21.9766167063989
"realism",1,"reveal_25","gibbs_imc","realism-001-reveal_25-gibbs_imc","mean_row_159",0.369365929199373,0.0807513742572511,1.00750440161752,421.644037600149,1203.2407021348,0.00378446967833973,18.2135653390992,51.975840265002
"realism",1,"reveal_25","gibbs_imc","realism-001-reveal_25-gibbs_imc","mean_row_316",0.752716411980733,0.0997243323440514,1.0145126034952,611.19725440957,1282.28140266677,0.00396402640503403,26.4016092617524,55.3901253851734
"realism",1,"reveal_25","gibbs_imc","realism-001-reveal_25-gibbs_imc","mean_row_474",0.590464656053626,0.211108659550734,1.01727891255799,340.456944898589,588.046846501199,0.0109422557707745,14.7065634945394,25.4015916415204
"realism",1,"reveal_25","gibbs_imc","realism-001-reveal_25-gibbs_imc","mean_row_631",0.613814272514107,0.113821461486778,1.02205410372297,359.104990961892,1103.97765831821,0.00599559294924279,15.5120946419823,47.6880197977627
"realism",1,"reveal_25","gibbs_imc","realism-001-reveal_25-gibbs_imc","mean_row_789",-0.875012024658005,0.0981285455589817,1.00559037056762,881.530746946865,1311.50078836868,0.00332402505426783,38.0790819415491,56.652301873377
"realism",1,"reveal_25","gibbs_imc","realism-001-reveal_25-gibbs_imc","mean_row_946",1.12602053390216,0.246923550250551,1.02082654294945,458.884366603238,1241.55085790493,0.0116601369757821,19.822218859751,53.6307066049643
"realism",1,"reveal_25","gibbs_imc","realism-001-reveal_25-gibbs_imc","mean_row_1104",-1.03122621969331,0.126604912332632,1.00775597033065,620.969089363775,1272.97979835762,0.00513584057302583,26.8237187630139,54.9883282227912
"realism",1,"reveal_25","gibbs_imc","realism-001-reveal_25-gibbs_imc","interaction_row_97",0.00109303021773789,0.0712561997503154,1.0069523218399,1911.44681945221,1131.96005588775,0.00201772373776536,82.5678971685618,48.8967626733366
"realism",1,"reveal_25","gibbs_imc","realism-001-reveal_25-gibbs_imc","interaction_row_241",-0.000193144195934358,0.0708586952386389,1.01561228763097,1644.98956264721,615.33539575263,0.00203599029136975,71.057864477201,26.5803626675001
"realism",1,"reveal_25","gibbs_imc","realism-001-reveal_25-gibbs_imc","interaction_row_385",-0.00201978797190972,0.0520032419891451,1.00554564388608,1895.32731366006,1362.90949606253,0.00125806451243226,81.8715902228965,58.8729803914699
"realism",1,"reveal_25","gibbs_imc","realism-001-reveal_25-gibbs_imc","interaction_row_529",0.00325696478537162,0.0984123389178749,1.00919829991285,2014.8684852526,1152.95367648742,0.0022690087670867,87.0353557344532,49.8036145350935
"realism",1,"reveal_25","gibbs_imc","realism-001-reveal_25-gibbs_imc","interaction_row_672",0.00360465748547375,0.0240635963819378,1.00331996296133,1392.77540611533,809.593143857189,0.00086680354040401,60.1630844974224,34.9716260845437
"realism",1,"reveal_25","gibbs_imc","realism-001-reveal_25-gibbs_imc","interaction_row_816",-0.00602115666972268,0.0345183033517114,1.00388631187143,827.503357754084,295.923364303814,0.00190292377249174,35.7452854321417,12.782866708588
"realism",1,"reveal_25","gibbs_imc","realism-001-reveal_25-gibbs_imc","interaction_row_960",-0.00355519864345137,0.0297860003627227,1.01472389782678,1604.20014444582,556.123318038275,0.000992803458624215,69.2959025678539,24.0226055308109
"realism",1,"reveal_25","gibbs_imc","realism-001-reveal_25-gibbs_imc","interaction_row_1104",-0.0015043271424379,0.0586891023604029,1.01673740958181,1306.17103299691,771.312738949413,0.00205826425911663,56.4220748594777,33.3180448790242
"realism",1,"reveal_25","gibbs_imc","realism-001-reveal_25-gibbs_imc","observed_log_likelihood",55.1790663035054,9.12635538297938,1.01455411808662,275.489760275201,420.404303160207,0.555883431757903,11.9002056274385,18.1600130954732
"gamma",2,"reveal_25","gibbs_imc","gamma-002-reveal_25-gibbs_imc","sigma",0.194613515691383,0.0106873828653947,1.07511409481071,43.6647069953186,462.203415305242,0.0016062550004919,1.96617016369409,20.8124736718858
"gamma",2,"reveal_25","gibbs_imc","gamma-002-reveal_25-gibbs_imc","mean_row_1",0.752504501743387,0.0935008167465145,1.01195313726004,454.407014059283,1243.72803200452,0.00437986503364207,20.4614109356665,56.0036037466008
"gamma",2,"reveal_25","gibbs_imc","gamma-002-reveal_25-gibbs_imc","mean_row_159",0.625531582847044,0.169211974629926,1.00151562048026,1009.50251774205,1568.13222191416,0.0053348164485647,45.4567055899697,70.6111411164512
"gamma",2,"reveal_25","gibbs_imc","gamma-002-reveal_25-gibbs_imc","mean_row_316",1.61356970771563,0.14664412699573,1.0138509651827,466.98439996645,1147.9041795875,0.0067950430271883,21.027755762178,51.688768893529
"gamma",2,"reveal_25","gibbs_imc","gamma-002-reveal_25-gibbs_imc","mean_row_474",1.9089064286079,0.115029981706686,1.00025090348127,1122.00627362566,1374.11889088856,0.00343480102754346,50.5226167878988,61.8749500580223
"gamma",2,"reveal_25","gibbs_imc","gamma-002-reveal_25-gibbs_imc","mean_row_631",0.936116366219674,0.238101578489519,1.01431956148319,453.581469278706,1266.71081473473,0.011096779159448,20.4242376296247,57.0384912974931
"gamma",2,"reveal_25","gibbs_imc","gamma-002-reveal_25-gibbs_imc","mean_row_789",1.43981758428654,0.231538167414597,1.03469210723932,151.364616756071,516.651616189802,0.0189875735457593,6.81576984672509,23.2642118241084
"gamma",2,"reveal_25","gibbs_imc","gamma-002-reveal_25-gibbs_imc","mean_row_946",1.85406981522211,0.185867594800983,1.00443281910728,1098.06870886271,1721.44254778065,0.00565918654285813,49.4447365302012,77.5145239454541
"gamma",2,"reveal_25","gibbs_imc","gamma-002-reveal_25-gibbs_imc","mean_row_1104",1.08434952294859,0.209644503233448,1.03180921172503,212.606448197453,491.608027776361,0.0144347851163721,9.5734171558651,22.1365286282582
"gamma",2,"reveal_25","gibbs_imc","gamma-002-reveal_25-gibbs_imc","interaction_row_97",-0.0515421589459875,0.0759429598896302,1.00696913733513,676.798930284588,1272.96935836956,0.00287393177700266,30.4754561547454,57.3203061225483
"gamma",2,"reveal_25","gibbs_imc","gamma-002-reveal_25-gibbs_imc","interaction_row_241",-0.124235852066119,0.142560919230191,1.05682737796206,56.5070788970017,449.043086916757,0.0185217526688935,2.54444699644279,20.2198796342199
"gamma",2,"reveal_25","gibbs_imc","gamma-002-reveal_25-gibbs_imc","interaction_row_385",0.106830341635973,0.11398750946189,1.01899670514834,409.488268637076,1054.92055848267,0.00532663304359709,18.4387729033265,47.5018263005524
"gamma",2,"reveal_25","gibbs_imc","gamma-002-reveal_25-gibbs_imc","interaction_row_529",-0.107008383102663,0.117879348188874,1.00934417374514,410.35103940806,918.270378351507,0.00581390201986107,18.4776224517317,41.3486301491131
"gamma",2,"reveal_25","gibbs_imc","gamma-002-reveal_25-gibbs_imc","interaction_row_672",-0.069842307915401,0.0830202352033919,1.00223859440226,866.647890979338,1046.36013864421,0.00283080637233229,39.0241305376141,47.1163607098434
"gamma",2,"reveal_25","gibbs_imc","gamma-002-reveal_25-gibbs_imc","interaction_row_816",-0.0627073307131431,0.0862135895475574,1.00893444097883,566.599562507499,1038.52608452997,0.00359599707337878,25.5133088304889,46.7636025094547
"gamma",2,"reveal_25","gibbs_imc","gamma-002-reveal_25-gibbs_imc","interaction_row_960",-0.205748350778241,0.1355029579285,1.03061872274088,152.846673279693,700.851506739772,0.0110003457740062,6.88250510085069,31.5585152530516
"gamma",2,"reveal_25","gibbs_imc","gamma-002-reveal_25-gibbs_imc","interaction_row_1104",0.00114160459245331,0.133534874753441,1.06439923390703,54.5802090979685,469.354225162022,0.0176681228615661,2.45768232609728,21.1344661906529
"gamma",2,"reveal_25","gibbs_imc","gamma-002-reveal_25-gibbs_imc","observed_log_likelihood",77.7039291834201,16.8739723552631,1.13168433462444,22.3023710221195,281.281454769082,3.59024378128275,1.00424941562137,12.665771558406
"multiplicative_gamma",2,"reveal_25","gibbs_imc","multiplicative_gamma-002-reveal_25-gibbs_imc","sigma",0.255680755295628,0.0138895518534117,1.06247496910751,57.9848721220776,375.917029142751,0.00181564342512688,2.63352130629837,17.0731687320715
"multiplicative_gamma",2,"reveal_25","gibbs_imc","multiplicative_gamma-002-reveal_25-gibbs_imc","mean_row_1",1.24062141405697,0.12020230134269,1.00233241105362,394.12347081557,973.788204765295,0.00607150514999764,17.900057717121,44.2269145592376
"multiplicative_gamma",2,"reveal_25","gibbs_imc","multiplicative_gamma-002-reveal_25-gibbs_imc","mean_row_159",1.32672663316395,0.203005091365076,1.00449435879731,748.744604137109,1143.11482837488,0.00750473039829594,34.0060225332504,51.917287145739
"multiplicative_gamma",2,"reveal_25","gibbs_imc","multiplicative_gamma-002-reveal_25-gibbs_imc","mean_row_316",5.12835296844096,0.16984394132797,1.00352675903096,1415.7862645715,1876.81658385041,0.00451758977637744,64.3013109533792,85.2401028181671
"multiplicative_gamma",2,"reveal_25","gibbs_imc","multiplicative_gamma-002-reveal_25-gibbs_imc","mean_row_474",-0.218860917911577,0.137369528016123,1.00302926518637,1038.74855565729,1665.54073407121,0.00428841275190054,47.1772438757964,75.6445060437466
"multiplicative_gamma",2,"reveal_25","gibbs_imc","multiplicative_gamma-002-reveal_25-gibbs_imc","mean_row_631",1.52145592859288,0.22540321585426,1.0076616538018,631.272660228696,1116.12785146981,0.00879213206766767,28.6707539389906,50.691609204733
"multiplicative_gamma",2,"reveal_25","gibbs_imc","multiplicative_gamma-002-reveal_25-gibbs_imc","mean_row_789",2.40828487710659,0.212065138116471,1.00761147610121,672.878712096491,1387.57862840059,0.00815601120077009,30.5603920472563,63.0201938595961
"multiplicative_gamma",2,"reveal_25","gibbs_imc","multiplicative_gamma-002-reveal_25-gibbs_imc","mean_row_946",0.891834947640663,0.272872785394222,1.01571428498166,292.14506963031,299.352031213066,0.0167422677075993,13.2684653297443,13.5957866842159
"multiplicative_gamma",2,"reveal_25","gibbs_imc","multiplicative_gamma-002-reveal_25-gibbs_imc","mean_row_1104",3.28924575313436,0.255404254895636,1.0143186957014,556.911517529756,1223.26333933943,0.0109186476267133,25.2934652343426,55.5574229875298
"multiplicative_gamma",2,"reveal_25","gibbs_imc","multiplicative_gamma-002-reveal_25-gibbs_imc","interaction_row_97",-0.00253849478221667,0.0854403262589212,1.00920413086157,802.423285909188,849.465297029531,0.00318400840759398,36.4439679312011,38.5804930978985
"multiplicative_gamma",2,"reveal_25","gibbs_imc","multiplicative_gamma-002-reveal_25-gibbs_imc","interaction_row_241",-0.011407386292393,0.12215944618223,1.00896872695929,600.694230927126,821.554252807795,0.00506378751080891,27.2819616189992,37.3128464350892
"multiplicative_gamma",2,"reveal_25","gibbs_imc","multiplicative_gamma-002-reveal_25-gibbs_imc","interaction_row_385",0.00535253176308862,0.100279938318364,1.00579434844499,1014.18716502304,1487.01746517229,0.00305062074891598,46.0617297221835,67.5364458703011
"multiplicative_gamma",2,"reveal_25","gibbs_imc","multiplicative_gamma-002-reveal_25-gibbs_imc","interaction_row_529",0.0279224246451903,0.113550055973572,1.0195035703944,651.918911531518,854.746794701771,0.00452609868148056,29.6084526992242,38.8203649151499
"multiplicative_gamma",2,"reveal_25","gibbs_imc","multiplicative_gamma-002-reveal_25-gibbs_imc","interaction_row_672",0.0188062351352615,0.152846869409031,1.01759591952528,437.398604084471,882.366134790571,0.00742161181525289,19.8655011392711,40.0747631388214
"multiplicative_gamma",2,"reveal_25","gibbs_imc","multiplicative_gamma-002-reveal_25-gibbs_imc","interaction_row_816",0.0253966579916549,0.141198518840447,1.01365099055682,810.23701659943,877.973034702437,0.00511257331687888,36.798847152304,39.8752400173693
"multiplicative_gamma",2,"reveal_25","gibbs_imc","multiplicative_gamma-002-reveal_25-gibbs_imc","interaction_row_960",0.00229344055951875,0.144081247012399,1.00478042551063,1040.85880371806,928.987036743732,0.00454895217744014,47.2730858260541,42.1921626280194
"multiplicative_gamma",2,"reveal_25","gibbs_imc","multiplicative_gamma-002-reveal_25-gibbs_imc","interaction_row_1104",0.00437804479015491,0.155432858214351,1.01411824871634,736.769584580192,1019.47121634631,0.00582241847016205,33.4621484503675,46.3017175195889
"multiplicative_gamma",2,"reveal_25","gibbs_imc","multiplicative_gamma-002-reveal_25-gibbs_imc","observed_log_likelihood",-28.5815777178345,15.3127872089537,1.098741349877,34.701977244037,165.48264499471,2.67581517066276,1.57607308765723,7.51578912683759
"horseshoe",2,"reveal_25","gibbs_imc","horseshoe-002-reveal_25-gibbs_imc","sigma",21.1487149065917,26.8108719061293,2.24385386707964,5.36712953541978,11.4944069600601,10.2128736582462,0.241273523732066,0.516718676559232
"horseshoe",2,"reveal_25","gibbs_imc","horseshoe-002-reveal_25-gibbs_imc","mean_row_1",0.475205615144546,7.41920754063992,1.15869542658608,18.5386868750851,133.814722238922,1.3231935226445,0.833386688023609,6.0154966167194
"horseshoe",2,"reveal_25","gibbs_imc","horseshoe-002-reveal_25-gibbs_imc","mean_row_159",-237.449017562046,1560.75855981656,3.19604690906504,4.53105744937731,10.8132851552407,723.349454811758,0.203688804197677,0.486099579916421
"horseshoe",2,"reveal_25","gibbs_imc","horseshoe-002-reveal_25-gibbs_imc","mean_row_316",1233.25007987355,36.357663745441,1.14588334794042,1730.38322918561,15.1437423475814,2.16002600127099,77.7875131124128,0.680770615760011
"horseshoe",2,"reveal_25","gibbs_imc","horseshoe-002-reveal_25-gibbs_imc","mean_row_474",512.51379064536,24.8953911796534,1.13369983624388,40.4259803123887,11.5422529989985,5.35599228285319,1.8173063750231,0.51886954367267
"horseshoe",2,"reveal_25","gibbs_imc","horseshoe-002-reveal_25-gibbs_imc","mean_row_631",16.0299947804867,23.2461291377098,1.152471258884,190.183304767435,24.5299145800945,1.71217534951708,8.54948549190539,1.10271587233512
"horseshoe",2,"reveal_25","gibbs_imc","horseshoe-002-reveal_25-gibbs_imc","mean_row_789",493.145475012712,2190.58029058886,2.97179544020833,4.60600199881853,11.4114563652581,1026.49640619668,0.207057855644799,0.512989721971597
"horseshoe",2,"reveal_25","gibbs_imc","horseshoe-002-reveal_25-gibbs_imc","mean_row_946",2634.91977251543,226.038796052929,1.42480128528555,14.2964837946117,14.2768149891283,38.9500125344108,0.64268302066135,0.641798830709299
"horseshoe",2,"reveal_25","gibbs_imc","horseshoe-002-reveal_25-gibbs_imc","mean_row_1104",116.571072896335,79.1242720810763,1.40279863457022,8.65729269086304,11.165595029626,29.0111514347717,0.389179262344935,0.501937290610295
"horseshoe",2,"reveal_25","gibbs_imc","horseshoe-002-reveal_25-gibbs_imc","interaction_row_97",726.698349205742,35.4738368402605,1.13351175849099,21.3731749912842,11.7097069407411,7.50624461809324,0.960808046360273,0.526397255146829
"horseshoe",2,"reveal_25","gibbs_imc","horseshoe-002-reveal_25-gibbs_imc","interaction_row_241",37.9954272437671,88.2640821775314,2.38796321701326,4.98694470622805,12.7179161299093,41.68960697266,0.224182724487664,0.571720212627978
"horseshoe",2,"reveal_25","gibbs_imc","horseshoe-002-reveal_25-gibbs_imc","interaction_row_385",-977.935925857096,3254.33684876587,3.55356174820933,4.4245349726909,11.1550329707831,1521.46536630504,0.198900201065,0.501462484638488
"horseshoe",2,"reveal_25","gibbs_imc","horseshoe-002-reveal_25-gibbs_imc","interaction_row_529",-77.6927187304568,32.0506972750486,1.16461822622588,19.7132816155314,11.1290618259878,10.5266000210767,0.886189328637064,0.500294979815143
"horseshoe",2,"reveal_25","gibbs_imc","horseshoe-002-reveal_25-gibbs_imc","interaction_row_672",-28.0307535924193,62.866421967084,2.06503485442528,5.43460248751407,12.408359036078,26.0024094030445,0.244306697573122,0.557804407106229
"horseshoe",2,"reveal_25","gibbs_imc","horseshoe-002-reveal_25-gibbs_imc","interaction_row_816",-63.2352492024084,103.011778387046,1.39614179311785,16.810520178473,11.6736740590934,32.3826157529777,0.755698816744126,0.524777435787525
"horseshoe",2,"reveal_25","gibbs_imc","horseshoe-002-reveal_25-gibbs_imc","interaction_row_960",-29.0093997645976,38.9748653932604,1.25995635753256,12.9922075529383,44.640411360231,10.4959437464794,0.584050687927102,2.0067615805903
"horseshoe",2,"reveal_25","gibbs_imc","horseshoe-002-reveal_25-gibbs_imc","interaction_row_1104",104.288672876625,74.6673262127279,1.40057493963637,9.05831370779705,11.336681633636,27.216909594776,0.407206729952668,0.50962830450151
"horseshoe",2,"reveal_25","gibbs_imc","horseshoe-002-reveal_25-gibbs_imc","observed_log_likelihood",-1480.24925447851,207.810369626324,2.36478400997378,5.32191135100529,11.4944069600601,90.9949933719969,0.239240788986528,0.516718676559232
"realism",2,"reveal_25","gibbs_imc","realism-002-reveal_25-gibbs_imc","sigma",0.193173158291791,0.00929915924434706,1.04686055042186,63.288996242094,454.365098753998,0.00117682758046435,2.70408016415695,19.4131638006406
"realism",2,"reveal_25","gibbs_imc","realism-002-reveal_25-gibbs_imc","mean_row_1",1.78066266616021,0.0945074056524264,1.01752589772216,297.518200102006,679.608903859138,0.00547604466123671,12.7117368127325,29.0369110813558
"realism",2,"reveal_25","gibbs_imc","realism-002-reveal_25-gibbs_imc","mean_row_159",-0.0642629307617749,0.139665485105008,1.02660516146839,318.710378701502,991.672042852747,0.00651556870354382,13.6171919975005,42.3700936916359
"realism",2,"reveal_25","gibbs_imc","realism-002-reveal_25-gibbs_imc","mean_row_316",1.64111334148552,0.0949632176505932,1.00373210348252,744.234272779577,1178.86002834075,0.00341281805427186,31.7980889886593,50.3678713241077
"realism",2,"reveal_25","gibbs_imc","realism-002-reveal_25-gibbs_imc","mean_row_474",0.811486211499393,0.094772747607193,1.00761515743056,407.506512583529,625.425207214264,0.00482602946516277,17.4110879121352,26.7218631580542
"realism",2,"reveal_25","gibbs_imc","realism-002-reveal_25-gibbs_imc","mean_row_631",-0.296955966930991,0.194031717715689,1.01175844753874,454.913052851315,575.89174957387,0.00895484238341081,19.4365756398766,24.605500943126
"realism",2,"reveal_25","gibbs_imc","realism-002-reveal_25-gibbs_imc","mean_row_789",-0.349149469304202,0.232774924881481,1.0512159166261,61.9949555207696,427.792652686634,0.0260106633242839,2.64879109253446,18.2778317746905
"realism",2,"reveal_25","gibbs_imc","realism-002-reveal_25-gibbs_imc","mean_row_946",-0.5271377375685,0.202930736873179,1.00840667404888,232.888496324931,537.85194748821,0.0132686887902299,9.95037369472031,22.9802156585433
"realism",2,"reveal_25","gibbs_imc","realism-002-reveal_25-gibbs_imc","mean_row_1104",-0.40938269862683,0.188603005372111,1.00645601757797,550.565898206292,742.496800100909,0.00840107015336591,23.5234308141973,31.7238538816878
"realism",2,"reveal_25","gibbs_imc","realism-002-reveal_25-gibbs_imc","interaction_row_97",0.0542113648538301,0.114341750354793,1.01813199393555,230.909073954377,243.956931643109,0.0093420232341139,9.86580106619847,10.4232827021195
"realism",2,"reveal_25","gibbs_imc","realism-002-reveal_25-gibbs_imc","interaction_row_241",0.00729372082991507,0.120862589334409,1.01654211561141,729.456831306343,377.656449219074,0.00502829483918869,31.1667093059747,16.1357166938291
"realism",2,"reveal_25","gibbs_imc","realism-002-reveal_25-gibbs_imc","interaction_row_385",-0.00324654885201879,0.141830874587875,1.01611253689846,345.131158437004,365.365510111451,0.0074908024909566,14.7460439409101,15.6105750955543
"realism",2,"reveal_25","gibbs_imc","realism-002-reveal_25-gibbs_imc","interaction_row_529",-0.0254157274466809,0.0701663072061817,1.01783405658343,576.347230248888,763.038909282176,0.00321142341553227,24.6249617709414,32.6015342568754
"realism",2,"reveal_25","gibbs_imc","realism-002-reveal_25-gibbs_imc","interaction_row_672",0.00377496650296252,0.0381923564140762,1.00371531493553,1147.61050570301,705.98695289158,0.00114906308235346,49.0327069302715,30.1639373164526
"realism",2,"reveal_25","gibbs_imc","realism-002-reveal_25-gibbs_imc","interaction_row_816",0.00242855557559914,0.0506678693277916,1.04436879649711,988.29385123065,843.099204382461,0.00173399927114769,42.2257573693929,36.0221834814123
"realism",2,"reveal_25","gibbs_imc","realism-002-reveal_25-gibbs_imc","interaction_row_960",0.144756422986182,0.267329133219831,1.03913645004672,116.669038744858,146.901295835173,0.0246852395593174,4.98479123028656,6.27649202457474
"realism",2,"reveal_25","gibbs_imc","realism-002-reveal_25-gibbs_imc","interaction_row_1104",0.000243368426102329,0.145483385041534,1.02860444658289,755.777044478975,534.00282273445,0.00716681609308904,32.2912644511416,22.8157582881626
"realism",2,"reveal_25","gibbs_imc","realism-002-reveal_25-gibbs_imc","observed_log_likelihood",80.6099089395087,12.7693034790489,1.0930189828266,32.9489874076634,334.94865201418,2.25218350234349,1.40777557819539,14.310987054654
"gamma",1,"reveal_75","gibbs_imc","gamma-001-reveal_75-gibbs_imc","sigma",0.193969415089852,0.0053417972071694,1.01148193671002,857.973705351522,1519.83663900866,0.000182520047166417,36.9959771183442,65.5356232593961
"gamma",1,"reveal_75","gibbs_imc","gamma-001-reveal_75-gibbs_imc","mean_row_1",1.09579334276994,0.0659729485115079,1.00735179365189,178.815781988004,338.245989789959,0.00495813441775302,7.71056797844007,14.5852265874675
"gamma",1,"reveal_75","gibbs_imc","gamma-001-reveal_75-gibbs_imc","mean_row_159",1.34902244359379,0.0742591050198281,1.00903534664734,671.23453677612,1514.28137790347,0.00289764824731987,28.9437513162917,65.2960794232015
"gamma",1,"reveal_75","gibbs_imc","gamma-001-reveal_75-gibbs_imc","mean_row_316",1.3526014533422,0.102071209922788,1.01694120684051,443.372427773512,1273.87396067882,0.0049240263046225,19.118297088246,54.9296692975216
"gamma",1,"reveal_75","gibbs_imc","gamma-001-reveal_75-gibbs_imc","mean_row_474",2.08235967610395,0.07572044052213,1.00045630057061,1700.05104612572,1643.28592386764,0.00184202693190201,73.3065001994618,70.8587781409873
"gamma",1,"reveal_75","gibbs_imc","gamma-001-reveal_75-gibbs_imc","mean_row_631",0.652609845017877,0.0821937181750971,1.00394838304495,1015.50867884689,1256.59591152665,0.00258189117580552,43.7889128906423,54.184636778347
"gamma",1,"reveal_75","gibbs_imc","gamma-001-reveal_75-gibbs_imc","mean_row_789",0.993095650834013,0.0995559695151475,1.00503056765585,768.04060152922,1419.28443235147,0.00357288396913362,33.1180458595671,61.1997944181565
"gamma",1,"reveal_75","gibbs_imc","gamma-001-reveal_75-gibbs_imc","mean_row_946",1.68201949614856,0.0814822676122312,1.00132774351825,1586.74366787022,1596.68511200878,0.0020387412312151,68.4206661148815,68.8493429351376
"gamma",1,"reveal_75","gibbs_imc","gamma-001-reveal_75-gibbs_imc","mean_row_1104",1.42919253885546,0.0824488708947723,1.00549888595237,1141.01210135521,1661.90957194936,0.00243890464924634,49.2006425490582,71.6618331227354
"gamma",1,"reveal_75","gibbs_imc","gamma-001-reveal_75-gibbs_imc","interaction_row_97",-0.0187476810743685,0.0692086197979944,1.00396074563634,431.124387829002,1152.58921415216,0.00332107632903366,18.5901594510371,49.699849689628
"gamma",1,"reveal_75","gibbs_imc","gamma-001-reveal_75-gibbs_imc","interaction_row_241",0.45353542765001,0.118284017699683,1.02827784363752,157.959996707942,568.629896845723,0.00944694161665949,6.81126284799886,24.5194211912261
"gamma",1,"reveal_75","gibbs_imc","gamma-001-reveal_75-gibbs_imc","interaction_row_385",0.00777651111433057,0.0547042271330014,1.00546914816737,448.599523204444,800.316991239777,0.00258389559696897,19.3436903628323,34.5098094622818
"gamma",1,"reveal_75","gibbs_imc","gamma-001-reveal_75-gibbs_imc","interaction_row_529",0.029919692079143,0.0584015083244957,1.01445745477535,225.717566543063,980.816060381681,0.00386468861932739,9.73298117990008,42.2929610789393
"gamma",1,"reveal_75","gibbs_imc","gamma-001-reveal_75-gibbs_imc","interaction_row_672",0.029054595015073,0.0399994310622829,1.02144662401724,305.303212657196,891.434139198479,0.00228340919051835,13.1647282418695,38.4387969125298
"gamma",1,"reveal_75","gibbs_imc","gamma-001-reveal_75-gibbs_imc","interaction_row_816",-0.107958538536792,0.04654049191879,1.00798601266043,732.249746166639,1317.92732124774,0.00171777132581478,31.574737879636,56.8292579555748
"gamma",1,"reveal_75","gibbs_imc","gamma-001-reveal_75-gibbs_imc","interaction_row_960",-0.0102436210577841,0.0342292060822698,1.03247399108239,1006.86727280741,557.185414569723,0.00108515345555098,43.4162939419348,24.0259331020535
"gamma",1,"reveal_75","gibbs_imc","gamma-001-reveal_75-gibbs_imc","interaction_row_1104",0.0630760300803487,0.0565591203556698,1.00959191071843,357.329435325557,1078.51893013209,0.00303727418320614,15.4081081163192,46.5059260114739
"gamma",1,"reveal_75","gibbs_imc","gamma-001-reveal_75-gibbs_imc","observed_log_likelihood",189.076474482847,12.7856453028277,1.05216156124196,65.6263754257244,445.166261991075,1.57655096731269,2.82982085402632,19.1956475352971
"multiplicative_gamma",1,"reveal_75","gibbs_imc","multiplicative_gamma-001-reveal_75-gibbs_imc","sigma",0.181645797491533,0.00554540458280288,1.10202301621081,26.5802634152609,167.200519117568,0.00108093548081805,1.0848201540797,6.82395392692709
"multiplicative_gamma",1,"reveal_75","gibbs_imc","multiplicative_gamma-001-reveal_75-gibbs_imc","mean_row_1",0.746140023396706,0.0662345202119329,1.02890961509879,108.963938914472,652.144750093806,0.0063828893413809,4.44714467857611,26.6159803319649
"multiplicative_gamma",1,"reveal_75","gibbs_imc","multiplicative_gamma-001-reveal_75-gibbs_imc","mean_row_159",-0.196984486079664,0.0809812912602,1.01752569630682,651.790552226053,1569.01564810105,0.00317100528137734,26.6015244562098,64.0362275773835
"multiplicative_gamma",1,"reveal_75","gibbs_imc","multiplicative_gamma-001-reveal_75-gibbs_imc","mean_row_316",0.4664285233204,0.0940145897910993,1.02044442639371,368.744783977742,689.817280997957,0.00496423326708412,15.0495789722366,28.1535091420274
"multiplicative_gamma",1,"reveal_75","gibbs_imc","multiplicative_gamma-001-reveal_75-gibbs_imc","mean_row_474",1.36356698772078,0.0725224722968804,1.00112014675098,1619.39681427287,1818.90858202619,0.00180233647519424,66.0924338532717,74.2351066046112
"multiplicative_gamma",1,"reveal_75","gibbs_imc","multiplicative_gamma-001-reveal_75-gibbs_imc","mean_row_631",0.398845008431537,0.0979768850660119,1.0194901577099,287.439383282195,1353.15188370537,0.00562001115060209,11.7312620717572,55.2261808711682
"multiplicative_gamma",1,"reveal_75","gibbs_imc","multiplicative_gamma-001-reveal_75-gibbs_imc","mean_row_789",0.342581673440765,0.104850123210719,1.0048211369348,1849.21000715906,1878.13463355257,0.00243873512203079,75.471798512736,76.6522991409912
"multiplicative_gamma",1,"reveal_75","gibbs_imc","multiplicative_gamma-001-reveal_75-gibbs_imc","mean_row_946",2.08891100655493,0.0879025514735803,1.01427229995979,669.102670108552,1276.71534806782,0.00338089248344283,27.3080838343217,52.1065769352629
"multiplicative_gamma",1,"reveal_75","gibbs_imc","multiplicative_gamma-001-reveal_75-gibbs_imc","mean_row_1104",2.08349119727569,0.0725762327898222,1.00585129030532,962.160757620571,1544.02769301059,0.00232880211407426,39.2686620529168,63.0163942947755
"multiplicative_gamma",1,"reveal_75","gibbs_imc","multiplicative_gamma-001-reveal_75-gibbs_imc","interaction_row_97",-0.633175086867268,0.121970007095335,1.03654884071089,92.2761187369919,459.662358295691,0.012703164497797,3.76606475948868,18.7601974653371
"multiplicative_gamma",1,"reveal_75","gibbs_imc","multiplicative_gamma-001-reveal_75-gibbs_imc","interaction_row_241",0.544522950716433,0.117867233439132,1.03668353287546,124.460787471314,1311.92937354292,0.0101738724219273,5.07961747903491,53.5437667758926
"multiplicative_gamma",1,"reveal_75","gibbs_imc","multiplicative_gamma-001-reveal_75-gibbs_imc","interaction_row_385",1.33675170645185,0.15029588727983,1.0331773687354,179.780568596715,728.529149793283,0.0112556839665586,7.33738342162742,29.7334564440977
"multiplicative_gamma",1,"reveal_75","gibbs_imc","multiplicative_gamma-001-reveal_75-gibbs_imc","interaction_row_529",0.343257337513604,0.0963462376842409,1.01360692401718,420.366138019356,1546.110740292,0.00468368443054385,17.1564010292774,63.1014096927598
"multiplicative_gamma",1,"reveal_75","gibbs_imc","multiplicative_gamma-001-reveal_75-gibbs_imc","interaction_row_672",-0.0117591391927159,0.0330293497057608,1.04856264289225,71.003365787057,510.776519152545,0.00362427055184796,2.89786000273679,20.8463194495365
"multiplicative_gamma",1,"reveal_75","gibbs_imc","multiplicative_gamma-001-reveal_75-gibbs_imc","interaction_row_816",-0.0336254413487287,0.0297517004923565,1.01723337014176,356.42809299152,337.85680715887,0.00158730302134334,14.5468979263537,13.7889481331675
"multiplicative_gamma",1,"reveal_75","gibbs_imc","multiplicative_gamma-001-reveal_75-gibbs_imc","interaction_row_960",0.0492050294296335,0.0412796437476536,1.01011669754828,488.804921278669,788.929917055185,0.00186014534688891,19.9495927384976,32.1985926477505
"multiplicative_gamma",1,"reveal_75","gibbs_imc","multiplicative_gamma-001-reveal_75-gibbs_imc","interaction_row_1104",0.0403173704041304,0.0432245721714448,1.01636871525358,331.858579594505,579.386004538462,0.00234628229420738,13.5441425024286,23.646478023772
"multiplicative_gamma",1,"reveal_75","gibbs_imc","multiplicative_gamma-001-reveal_75-gibbs_imc","observed_log_likelihood",249.096299154353,18.0178497747018,1.30194038686916,10.4212025688771,36.0897418890304,5.71867086447347,0.4253204868532,1.47293045012776
"horseshoe",1,"reveal_75","gibbs_imc","horseshoe-001-reveal_75-gibbs_imc","sigma",2.96647016197725,2.2862227858756,3.13267731369046,4.54754800696237,18.729031622987,1.13089917723658,0.171715742437123,0.7072095919264
"horseshoe",1,"reveal_75","gibbs_imc","horseshoe-001-reveal_75-gibbs_imc","mean_row_1",11.3179896027746,1.01473929735878,1.42735490423272,169.55346357075,130.904347889554,0.0803096970145453,6.40235107694556,4.94295766678825
"horseshoe",1,"reveal_75","gibbs_imc","horseshoe-001-reveal_75-gibbs_imc","mean_row_159",375.768318703852,1.54493159394062,1.55252133296254,38.6571118197144,34.9358736870627,0.225275029528571,1.45969534492747,1.31918112325123
"horseshoe",1,"reveal_75","gibbs_imc","horseshoe-001-reveal_75-gibbs_imc","mean_row_316",-435.816518094461,1.52001419870065,1.52673392855927,399.096840692525,59.089727385909,0.113336804782237,15.0699256388069,2.2312323900581
"horseshoe",1,"reveal_75","gibbs_imc","horseshoe-001-reveal_75-gibbs_imc","mean_row_474",17.9721016811687,3.48233609299417,2.32684396902263,5.03288078574065,12.7293199070058,1.61805049839864,0.190041943350097,0.480660042555817
"horseshoe",1,"reveal_75","gibbs_imc","horseshoe-001-reveal_75-gibbs_imc","mean_row_631",113.878753945729,1.12803968123407,1.51171614630951,14.732179802161,44.7266583933476,0.30491085301088,0.556288177402896,1.68888186358597
"horseshoe",1,"reveal_75","gibbs_imc","horseshoe-001-reveal_75-gibbs_imc","mean_row_789",50.8955538983339,1.5335799709194,1.44850764577895,23.341007050316,197.468941698712,0.361062060899499,0.881358118427512,7.45644155491111
"horseshoe",1,"reveal_75","gibbs_imc","horseshoe-001-reveal_75-gibbs_imc","mean_row_946",10.1754997737134,8.26964154499642,2.35206367115711,6.49686431584073,29.0196614729871,3.91294317030657,0.245322067584514,1.09578452112627
"horseshoe",1,"reveal_75","gibbs_imc","horseshoe-001-reveal_75-gibbs_imc","mean_row_1104",260.727464033151,2.31411595414896,1.60190515108125,109.727830679184,120.623158262151,0.200497813553694,4.14333084164118,4.55473920107807
"horseshoe",1,"reveal_75","gibbs_imc","horseshoe-001-reveal_75-gibbs_imc","interaction_row_97",-176.491905743829,0.847077995614397,1.52942051056288,348.914562490587,90.2064006343486,0.0447895393731281,13.1750391757197,3.40620022785742
"horseshoe",1,"reveal_75","gibbs_imc","horseshoe-001-reveal_75-gibbs_imc","interaction_row_241",43.7277592581084,1.0077357463615,1.58475290556717,23.1243704132347,58.0310687076597,0.237508148475482,0.873177903305309,2.19125736161535
"horseshoe",1,"reveal_75","gibbs_imc","horseshoe-001-reveal_75-gibbs_imc","interaction_row_385",31.2722978757373,1.7533980246783,1.57898444200002,7.00460791850323,30.1774575018186,0.759773446439347,0.264494502832126,1.13950298311439
"horseshoe",1,"reveal_75","gibbs_imc","horseshoe-001-reveal_75-gibbs_imc","interaction_row_529",-41.8619506857747,0.331212687484461,1.29644641059419,10.615575008134,125.661137884296,0.103057252321403,0.400844881929312,4.74497367686046
"horseshoe",1,"reveal_75","gibbs_imc","horseshoe-001-reveal_75-gibbs_imc","interaction_row_672",857.590556735525,4.0592823561159,1.28157578406588,10.9010204031349,42.141090001236,1.33077798628158,0.411623320739149,1.59125061364784
"horseshoe",1,"reveal_75","gibbs_imc","horseshoe-001-reveal_75-gibbs_imc","interaction_row_816",720.627584966015,2.45559296346942,1.36194540277786,12.7627661737068,84.4806468449707,0.772742101220095,0.481922976011281,3.18999534965714
"horseshoe",1,"reveal_75","gibbs_imc","horseshoe-001-reveal_75-gibbs_imc","interaction_row_960",-107.832795721504,1.14017591803969,1.73352341214601,9.68859338235153,61.8573266793711,0.380912964680882,0.365841988534209,2.33573714002835
"horseshoe",1,"reveal_75","gibbs_imc","horseshoe-001-reveal_75-gibbs_imc","interaction_row_1104",15.5374491811587,3.23427220504629,1.8501432463093,10.9920389141417,40.2329695627624,1.11674101108543,0.415060186313545,1.51919984755361
"horseshoe",1,"reveal_75","gibbs_imc","horseshoe-001-reveal_75-gibbs_imc","observed_log_likelihood",-1557.13145073774,1246.49214674452,3.40548735474567,4.47064295106667,15.133570852493,613.422102524884,0.168811801950936,0.57144473256402
"realism",1,"reveal_75","gibbs_imc","realism-001-reveal_75-gibbs_imc","sigma",0.200094593834504,0.00558594509559765,1.01531925612338,317.953150742777,1039.22164660414,0.000321876217360799,12.4751108699641,40.7745771022142
"realism",1,"reveal_75","gibbs_imc","realism-001-reveal_75-gibbs_imc","mean_row_1",1.26570722215147,0.0641965151163121,1.01810412294043,138.94745753349,359.221249815076,0.00545267791675401,5.45169920090594,14.0942931618109
"realism",1,"reveal_75","gibbs_imc","realism-001-reveal_75-gibbs_imc","mean_row_159",0.301941610827041,0.0530221784320292,1.00814869107515,581.492056323614,1488.8011248657,0.00218704172735443,22.8152413514188,58.4141375942912
"realism",1,"reveal_75","gibbs_imc","realism-001-reveal_75-gibbs_imc","mean_row_316",0.774182767228354,0.0633370358171791,1.0115268296472,435.669832877739,1105.85218978564,0.0030350192033616,17.0938059747219,43.3888723578935
"realism",1,"reveal_75","gibbs_imc","realism-001-reveal_75-gibbs_imc","mean_row_474",0.145758161721809,0.0980503324614144,1.00440099844947,544.97173412828,1349.28773403838,0.00418974098501204,21.3823413555255,52.9402336107967
"realism",1,"reveal_75","gibbs_imc","realism-001-reveal_75-gibbs_imc","mean_row_631",0.693628737380119,0.0499585977111784,1.01395533367613,409.597811541018,1159.48371059706,0.00246348252990131,16.0708522596232,45.4931420173836
"realism",1,"reveal_75","gibbs_imc","realism-001-reveal_75-gibbs_imc","mean_row_789",-0.877233729735443,0.0813799508283132,1.00191954672584,908.973852692236,1463.16192193673,0.00270549503275087,35.6642151956775,57.4081658075384
"realism",1,"reveal_75","gibbs_imc","realism-001-reveal_75-gibbs_imc","mean_row_946",1.05599482081898,0.0719294415799677,1.00251527463408,1612.76278784237,1802.62905195135,0.00179019675529767,63.277858823807,70.727392472686
"realism",1,"reveal_75","gibbs_imc","realism-001-reveal_75-gibbs_imc","mean_row_1104",-0.994686075487475,0.0656777348713295,1.0120770336302,528.402733930048,1094.67622810291,0.00286446840092208,20.7322452203102,42.9503758034649
"realism",1,"reveal_75","gibbs_imc","realism-001-reveal_75-gibbs_imc","interaction_row_97",-0.0145629877433311,0.0394748915636441,1.00710953983647,689.203103290792,729.414689878746,0.00165793818881924,27.0413584686621,28.6190877654782
"realism",1,"reveal_75","gibbs_imc","realism-001-reveal_75-gibbs_imc","interaction_row_241",0.000211692561636686,0.0382696042482042,1.01101550948778,885.279675206771,743.328778132099,0.00132272456678159,34.7345578219001,29.1650166018793
"realism",1,"reveal_75","gibbs_imc","realism-001-reveal_75-gibbs_imc","interaction_row_385",0.000937279464436154,0.0304496773594508,1.00482187555585,1209.43432259607,507.938406417567,0.00116429406142249,47.452988684273,19.929313234887
"realism",1,"reveal_75","gibbs_imc","realism-001-reveal_75-gibbs_imc","interaction_row_529",-0.000174534938459157,0.0289280057234908,1.00144544014908,1170.16827775056,1133.32791044864,0.000986260117139005,45.9123583689943,44.4669011829025
"realism",1,"reveal_75","gibbs_imc","realism-001-reveal_75-gibbs_imc","interaction_row_672",0.00840074527747253,0.0425857054239565,1.03296074348743,106.282590156528,315.673606898191,0.00306826534373663,4.17007063038126,12.3856713971119
"realism",1,"reveal_75","gibbs_imc","realism-001-reveal_75-gibbs_imc","interaction_row_816",-0.00701037565524951,0.0410984373624065,1.01007503732029,350.582224108281,705.39357117574,0.00201569251720331,13.7553350377949,27.6766026278392
"realism",1,"reveal_75","gibbs_imc","realism-001-reveal_75-gibbs_imc","interaction_row_960",0.0020646004500976,0.0138233741970686,1.0390912909451,80.303159492314,770.25635337185,0.000619859918110045,3.15074977409321,30.2215385636539
"realism",1,"reveal_75","gibbs_imc","realism-001-reveal_75-gibbs_imc","interaction_row_1104",-0.014694264490641,0.035732936879088,1.09953314362138,28.4410499118211,88.8816492417583,0.00539951920576083,1.11590418298823,3.48733272812642
"realism",1,"reveal_75","gibbs_imc","realism-001-reveal_75-gibbs_imc","observed_log_likelihood",162.723732458142,12.5744649156785,1.06549857579453,42.275049702226,36.7223803890537,2.04456808403599,1.65869069338195,1.4408278882981
"gamma",2,"reveal_75","gibbs_imc","gamma-002-reveal_75-gibbs_imc","sigma",0.191496609267425,0.00629592665961378,1.16916821200422,16.0084696493973,42.4049921452663,0.00160911107569557,0.59977032143409,1.58873748249471
"gamma",2,"reveal_75","gibbs_imc","gamma-002-reveal_75-gibbs_imc","mean_row_1",0.805010220921383,0.0593305390221535,1.05695725858099,57.9356258037099,608.299144986505,0.00767532414118737,2.17060529031171,22.7904216772135
"gamma",2,"reveal_75","gibbs_imc","gamma-002-reveal_75-gibbs_imc","mean_row_159",0.490287126006381,0.0686177729291236,1.00219410224705,1631.56011814324,1939.09695642543,0.00169773838370008,61.1277253809613,72.6498428843216
"gamma",2,"reveal_75","gibbs_imc","gamma-002-reveal_75-gibbs_imc","mean_row_316",1.66761046181906,0.0906535736705909,1.00199960681142,1147.68876240285,1340.51450948502,0.00267877731897392,42.9990919187312,50.2234651936989
"gamma",2,"reveal_75","gibbs_imc","gamma-002-reveal_75-gibbs_imc","mean_row_474",1.90708302829087,0.0731236355820391,1.01499812051725,558.691282241417,1272.02838410338,0.00309827243496093,20.931822795752,47.6575768649874
"gamma",2,"reveal_75","gibbs_imc","gamma-002-reveal_75-gibbs_imc","mean_row_631",0.950891296331856,0.0870169749803048,1.00519314996867,891.389233241637,1789.37371577491,0.0029120380620482,33.3966218291423,67.0403400312806
"gamma",2,"reveal_75","gibbs_imc","gamma-002-reveal_75-gibbs_imc","mean_row_789",1.16550528352105,0.130899903039875,1.00284008723715,1214.46712369538,1651.16882571607,0.00374490131669791,45.5009974783777,61.8623815411964
"gamma",2,"reveal_75","gibbs_imc","gamma-002-reveal_75-gibbs_imc","mean_row_946",1.63131930311106,0.069150829500977,1.00631763826384,1131.0815519046,1579.64851611368,0.00203099839024697,42.3768892849498,59.1828150355428
"gamma",2,"reveal_75","gibbs_imc","gamma-002-reveal_75-gibbs_imc","mean_row_1104",1.12018512513119,0.0955801861374245,1.00650292535875,952.173715061614,1470.47300674846,0.00308284380573425,35.6739618246455,55.0924658779535
"gamma",2,"reveal_75","gibbs_imc","gamma-002-reveal_75-gibbs_imc","interaction_row_97",-0.0350892793377308,0.0667297849384265,1.01787677900129,444.057810442682,1227.59833290761,0.00322802385916797,16.6369866412904,45.9929688999143
"gamma",2,"reveal_75","gibbs_imc","gamma-002-reveal_75-gibbs_imc","interaction_row_241",-0.395506674925313,0.106133499912934,1.03523452214678,107.790398105073,259.597711958293,0.0101583959328157,4.03845483889972,9.72603918767721
"gamma",2,"reveal_75","gibbs_imc","gamma-002-reveal_75-gibbs_imc","interaction_row_385",0.175031452482595,0.0684585198492315,1.023657798903,169.826931702848,383.452589697244,0.00525228969869793,6.3627039714828,14.3663628075847
"gamma",2,"reveal_75","gibbs_imc","gamma-002-reveal_75-gibbs_imc","interaction_row_529",-0.111747383167585,0.0599608883530483,1.02399175063176,278.535217449342,482.533863619525,0.00359999719268883,10.4355482166026,18.0785232332818
"gamma",2,"reveal_75","gibbs_imc","gamma-002-reveal_75-gibbs_imc","interaction_row_672",-0.0322486748666353,0.0613623256646259,1.01357885035446,240.294378214563,358.526736102901,0.00398380910013645,9.00282410604933,13.432495451759
"gamma",2,"reveal_75","gibbs_imc","gamma-002-reveal_75-gibbs_imc","interaction_row_816",0.00678513060746772,0.0690735144220193,1.01490635951454,200.338848555876,316.41152768791,0.00482174308600072,7.50585772567067,11.8546149521528
"gamma",2,"reveal_75","gibbs_imc","gamma-002-reveal_75-gibbs_imc","interaction_row_960",-0.149480332497561,0.0612795390469982,1.01772755160291,184.569492119275,888.867256132947,0.00445352225066536,6.91504597502061,33.3021339077946
"gamma",2,"reveal_75","gibbs_imc","gamma-002-reveal_75-gibbs_imc","interaction_row_1104",-0.0788928712744649,0.0557194786569154,1.05513646619752,61.0811731655941,345.070148887787,0.00681638901940185,2.28845577781252,12.9283334789924
"gamma",2,"reveal_75","gibbs_imc","gamma-002-reveal_75-gibbs_imc","observed_log_likelihood",202.790552877078,21.4220237124546,1.43892163449606,8.06336750203639,20.8372288881464,7.75190834432729,0.302100614515619,0.780683709420644
"multiplicative_gamma",2,"reveal_75","gibbs_imc","multiplicative_gamma-002-reveal_75-gibbs_imc","sigma",0.264029563672795,0.00793767038446848,1.03210056536908,116.896896946106,113.74302865263,0.000814238681311491,4.81017599152768,4.68039785419429
"multiplicative_gamma",2,"reveal_75","gibbs_imc","multiplicative_gamma-002-reveal_75-gibbs_imc","mean_row_1",1.07514945209844,0.0808776947312748,1.01040822458324,175.77796676226,624.944375580268,0.00607530196663307,7.23306586956874,25.7157590149068
"multiplicative_gamma",2,"reveal_75","gibbs_imc","multiplicative_gamma-002-reveal_75-gibbs_imc","mean_row_159",1.55592392879212,0.0991665544478629,1.01183334233515,583.053068338867,1279.93719248179,0.00415957785849506,23.9919787811235,52.6679776348358
"multiplicative_gamma",2,"reveal_75","gibbs_imc","multiplicative_gamma-002-reveal_75-gibbs_imc","mean_row_316",5.18873018983698,0.163761130022859,1.00448167383619,615.377218994597,1389.61120427086,0.00660198004215524,25.3220812688089,57.1809400160832
"multiplicative_gamma",2,"reveal_75","gibbs_imc","multiplicative_gamma-002-reveal_75-gibbs_imc","mean_row_474",-0.317980105636651,0.111758231646797,1.00235469216328,611.026171053986,1101.65723642176,0.0045313891219407,25.1430405338648,45.3319577163097
"multiplicative_gamma",2,"reveal_75","gibbs_imc","multiplicative_gamma-002-reveal_75-gibbs_imc","mean_row_631",1.58254833056338,0.124346791628525,1.01269732558354,384.759231212972,1062.5163417337,0.00629660387355507,15.8324101396169,43.721353869381
"multiplicative_gamma",2,"reveal_75","gibbs_imc","multiplicative_gamma-002-reveal_75-gibbs_imc","mean_row_789",2.50155373502873,0.120286321572789,1.00438860419073,1119.52784824482,1462.45069588535,0.00360070524477574,46.0673133176206,60.1782032707323
"multiplicative_gamma",2,"reveal_75","gibbs_imc","multiplicative_gamma-002-reveal_75-gibbs_imc","mean_row_946",0.674345140674912,0.132784273244488,1.04188610304982,86.5757255304723,928.444123403989,0.0142254259840768,3.56249384949682,38.2044326970613
"multiplicative_gamma",2,"reveal_75","gibbs_imc","multiplicative_gamma-002-reveal_75-gibbs_imc","mean_row_1104",3.34667705956191,0.139162045990347,1.01755285061357,392.851988856439,1148.84889562991,0.00703169910431834,16.1654180255303,47.2738414792981
"multiplicative_gamma",2,"reveal_75","gibbs_imc","multiplicative_gamma-002-reveal_75-gibbs_imc","interaction_row_97",0.198014789134584,0.117574760646032,1.01688587750703,188.29961232775,188.600447239881,0.00858414574166646,7.7483175182186,7.76069653690559
"multiplicative_gamma",2,"reveal_75","gibbs_imc","multiplicative_gamma-002-reveal_75-gibbs_imc","interaction_row_241",0.141843983271792,0.100231428002884,1.02296855282093,163.70824447844,583.218053212297,0.00771390816932208,6.73641035628505,23.998767723327
"multiplicative_gamma",2,"reveal_75","gibbs_imc","multiplicative_gamma-002-reveal_75-gibbs_imc","interaction_row_385",0.154758980870579,0.104854640316065,1.01418249613038,224.943272939777,527.185213748188,0.00662207797368649,9.2561629882222,21.6930793246722
"multiplicative_gamma",2,"reveal_75","gibbs_imc","multiplicative_gamma-002-reveal_75-gibbs_imc","interaction_row_529",-0.101631904661224,0.113135822856226,1.03968401109831,107.349525943986,190.823162715259,0.0110078176213601,4.41731239996648,7.85215878179814
"multiplicative_gamma",2,"reveal_75","gibbs_imc","multiplicative_gamma-002-reveal_75-gibbs_imc","interaction_row_672",0.0127926511293165,0.0724489572844158,1.01206733996303,834.301669829231,1304.78579365978,0.00248329365138473,34.3305764887345,53.690469659278
"multiplicative_gamma",2,"reveal_75","gibbs_imc","multiplicative_gamma-002-reveal_75-gibbs_imc","interaction_row_816",0.0375797164664528,0.0792315529314711,1.03326713162927,137.976723896695,889.861099594638,0.00611363034423975,5.67758719021867,36.6167846100993
"multiplicative_gamma",2,"reveal_75","gibbs_imc","multiplicative_gamma-002-reveal_75-gibbs_imc","interaction_row_960",0.0087769033045698,0.0754290994874725,1.01388303977091,657.148355976307,1057.65011427563,0.00293565745955223,27.0409166314008,43.5211140760278
"multiplicative_gamma",2,"reveal_75","gibbs_imc","multiplicative_gamma-002-reveal_75-gibbs_imc","interaction_row_1104",-0.0267505042679526,0.0767675485274658,1.02140007174922,360.554588528795,793.755807559336,0.00465145312367531,14.8364162837953,32.6621598041039
"multiplicative_gamma",2,"reveal_75","gibbs_imc","multiplicative_gamma-002-reveal_75-gibbs_imc","observed_log_likelihood",-84.5222809544069,16.7433298823754,1.06856855181208,44.3452430127113,42.4677821819272,2.89899766438585,1.82475693410876,1.74750152999453
"horseshoe",2,"reveal_75","gibbs_imc","horseshoe-002-reveal_75-gibbs_imc","sigma",67.9849024371004,68.5550154699561,2.85078214837665,4.67825876797956,,33.9878894245847,0.190444077670651,
"horseshoe",2,"reveal_75","gibbs_imc","horseshoe-002-reveal_75-gibbs_imc","mean_row_1",12.6738345050519,23.2613475422766,1.65985275264475,7.96573384882162,35.97002435326,9.43152625187594,0.324271681205846,1.46427943632241
"horseshoe",2,"reveal_75","gibbs_imc","horseshoe-002-reveal_75-gibbs_imc","mean_row_159",107.313296309284,292.155611820489,1.74962617198795,6.1309637223758,113.782595294531,143.528632709485,0.249581262868951,4.6318988518026
"horseshoe",2,"reveal_75","gibbs_imc","horseshoe-002-reveal_75-gibbs_imc","mean_row_316",914.122353057401,543.658685720103,1.88822618617238,7.26157700864106,31.5098598941033,268.762693495021,0.295606635808714,1.28271361262378
"horseshoe",2,"reveal_75","gibbs_imc","horseshoe-002-reveal_75-gibbs_imc","mean_row_474",509.800756972623,44.2468099006885,1.66405747467304,10.1268394556114,30.8458430104547,13.3082658595494,0.412246670287457,1.25568259761672
"horseshoe",2,"reveal_75","gibbs_imc","horseshoe-002-reveal_75-gibbs_imc","mean_row_631",-1.047485339003,29.1840621876472,1.62550744140623,9.45431039905891,35.5013395116229,10.8925586632071,0.384869138980618,1.44520006153563
"horseshoe",2,"reveal_75","gibbs_imc","horseshoe-002-reveal_75-gibbs_imc","mean_row_789",-317.897054601463,140.444352390208,2.42491555587033,4.93061718477773,28.7866873767635,69.0188275221819,0.200717166080917,1.1718578211587
"horseshoe",2,"reveal_75","gibbs_imc","horseshoe-002-reveal_75-gibbs_imc","mean_row_946",2652.65461313891,82.4112818073828,1.70945011513998,1435.5341931153,36.8820464600401,2.33830959476025,58.438192270112,1.50140632851781
"horseshoe",2,"reveal_75","gibbs_imc","horseshoe-002-reveal_75-gibbs_imc","mean_row_1104",51.714724936224,57.3692470543635,1.89565767537317,5.68824284776727,31.7404615718303,26.8623398965895,0.231558837686434,1.29210102063221
"horseshoe",2,"reveal_75","gibbs_imc","horseshoe-002-reveal_75-gibbs_imc","interaction_row_97",696.584167296271,72.7090936978119,1.69460805338283,20.1702474624598,32.1324008056064,18.722058508832,0.821096986055762,1.30805621028318
"horseshoe",2,"reveal_75","gibbs_imc","horseshoe-002-reveal_75-gibbs_imc","interaction_row_241",88.1459455263891,67.8052540693131,1.95778650556544,6.67171906839908,36.6564441055525,33.1655759120462,0.271594507160556,1.49222243458386
"horseshoe",2,"reveal_75","gibbs_imc","horseshoe-002-reveal_75-gibbs_imc","interaction_row_385",780.874678884139,43.2176081643579,1.68448282775238,583.278800633035,50.7777469249842,1.48863195589826,23.7443028957066,2.06707701709685
"horseshoe",2,"reveal_75","gibbs_imc","horseshoe-002-reveal_75-gibbs_imc","interaction_row_529",-66.6467624345248,49.5709045280704,1.64172755224709,71.8379393558492,65.6853200148073,5.94719521739486,2.92440217202723,2.67393934519874
"horseshoe",2,"reveal_75","gibbs_imc","horseshoe-002-reveal_75-gibbs_imc","interaction_row_672",-31.5763063309504,34.3202954549327,1.93644721690032,7.49027863249358,29.4900927853134,15.7155783228023,0.30491669580678,1.20049227703291
"horseshoe",2,"reveal_75","gibbs_imc","horseshoe-002-reveal_75-gibbs_imc","interaction_row_816",-25.7464918042727,11.2176370833629,1.64766977887842,8.61300457442125,36.9136979898727,3.88060393045554,0.350620988171025,1.50269480927631
"horseshoe",2,"reveal_75","gibbs_imc","horseshoe-002-reveal_75-gibbs_imc","interaction_row_960",-29.3218059717151,30.8963721367992,1.77476570617854,9.89670382040388,65.2677311405067,11.6301470604131,0.402878234089308,2.65694000164895
"horseshoe",2,"reveal_75","gibbs_imc","horseshoe-002-reveal_75-gibbs_imc","interaction_row_1104",34.3598751063481,54.2426042595675,2.40685105220385,4.95718141436671,33.2667464626488,26.586191160473,0.201798551368479,1.35423352178501
"horseshoe",2,"reveal_75","gibbs_imc","horseshoe-002-reveal_75-gibbs_imc","observed_log_likelihood",-4115.64871768262,1418.11198839785,2.50526832680183,4.86354024325,10.8546478948391,702.993303674545,0.197986576155098,0.441874532661881
"realism",2,"reveal_75","gibbs_imc","realism-002-reveal_75-gibbs_imc","sigma",0.200406750546697,0.00530080181779306,1.00803722595195,623.450845237947,1465.80966020444,0.000213275659307287,24.4365948825285,57.4534417827948
"realism",2,"reveal_75","gibbs_imc","realism-002-reveal_75-gibbs_imc","mean_row_1",1.77774317822965,0.0575044708980238,1.0244997846413,176.973239645819,555.053018099179,0.00432046098042457,6.93659074377061,21.755693885438
"realism",2,"reveal_75","gibbs_imc","realism-002-reveal_75-gibbs_imc","mean_row_159",-0.132153842786457,0.0582084769011669,1.00905454950896,755.748439870264,1341.93520552644,0.00212152627271627,29.6220922616026,52.5980953053909
"realism",2,"reveal_75","gibbs_imc","realism-002-reveal_75-gibbs_imc","mean_row_316",1.69458942334962,0.0689364500728575,1.01420013489004,404.434392842266,1064.06854682528,0.00343188104684454,15.8520908102641,41.7069159575622
"realism",2,"reveal_75","gibbs_imc","realism-002-reveal_75-gibbs_imc","mean_row_474",0.776466349266993,0.0819995526427167,1.00277230413329,560.015931972814,969.700724250435,0.00349035485853196,21.9502187893551,38.008102702561
"realism",2,"reveal_75","gibbs_imc","realism-002-reveal_75-gibbs_imc","mean_row_631",-0.28137165252985,0.0780336511394952,1.03416439016246,139.613629529058,396.630442262909,0.00652551576195595,5.47225451844388,15.5462094721479
"realism",2,"reveal_75","gibbs_imc","realism-002-reveal_75-gibbs_imc","mean_row_789",-0.172052961883689,0.143762504388726,1.01452873832467,446.056071007617,971.577609843478,0.00668692628436946,17.483481793894,38.0816685549908
"realism",2,"reveal_75","gibbs_imc","realism-002-reveal_75-gibbs_imc","mean_row_946",-0.397758940277772,0.0842274750829112,1.01452154654407,388.043778476094,541.282861713035,0.00437744538146109,15.2096491387173,21.2159629096162
"realism",2,"reveal_75","gibbs_imc","realism-002-reveal_75-gibbs_imc","mean_row_1104",-0.479688626706662,0.0802197160161158,1.07272451733459,43.2323026193003,807.495348808708,0.0122566085800479,1.69452054322504,31.6503487950735
"realism",2,"reveal_75","gibbs_imc","realism-002-reveal_75-gibbs_imc","interaction_row_97",0.00838507147708537,0.0488787409034157,1.05868641982318,565.329800246498,275.23636553013,0.00303879799462711,22.1584995981068,10.7880831548674
"realism",2,"reveal_75","gibbs_imc","realism-002-reveal_75-gibbs_imc","interaction_row_241",-0.020381050088276,0.0634363689941578,1.03494478509679,420.909138115091,362.195935160885,0.00370792711559424,16.4978300519379,14.1965247191975
"realism",2,"reveal_75","gibbs_imc","realism-002-reveal_75-gibbs_imc","interaction_row_385",0.0456141384741574,0.0682640320247923,1.01633331768381,515.727877579431,1114.24224363175,0.00307998963992747,20.2143173119364,43.6735093337418
"realism",2,"reveal_75","gibbs_imc","realism-002-reveal_75-gibbs_imc","interaction_row_529",-0.0102166047034859,0.0347285035255623,1.01369871784368,748.678327251446,778.009831920927,0.00129976223190761,29.3449742190824,30.4946431984059
"realism",2,"reveal_75","gibbs_imc","realism-002-reveal_75-gibbs_imc","interaction_row_672",0.00472867702524417,0.0308140820955041,1.03283252327896,514.394760479218,487.166127485049,0.00149918745887459,20.162064848478,19.0948194052072
"realism",2,"reveal_75","gibbs_imc","realism-002-reveal_75-gibbs_imc","interaction_row_816",0.00162216405331599,0.0326692611829298,1.12159967656231,24.4858239971756,219.120527809683,0.00603918667053376,0.959739113282472,8.58858338140101
"realism",2,"reveal_75","gibbs_imc","realism-002-reveal_75-gibbs_imc","interaction_row_960",0.0329920620120449,0.0846212714873749,1.12675658631126,24.9413948865807,79.263200555139,0.0135882404784155,0.977595535083321,3.10677695900675
"realism",2,"reveal_75","gibbs_imc","realism-002-reveal_75-gibbs_imc","interaction_row_1104",-0.00204293972648615,0.0230792347172893,1.04530147038034,80.4764070150979,453.984680160941,0.00088860834276728,3.15432944048517,17.7942492125953
"realism",2,"reveal_75","gibbs_imc","realism-002-reveal_75-gibbs_imc","observed_log_likelihood",161.115581810587,10.8019785913118,1.03733398655746,126.305960812548,454.97245796278,0.954623240435791,4.95065107249435,17.8329658590829
"gamma",1,"reveal_25","gibbs_mci","gamma-001-reveal_25-gibbs_mci","sigma",0.189132411162814,0.0092474204252722,1.01793215077925,272.619358824268,645.686420370847,0.000559478046171646,13.0827986766613,30.9860073121627
"gamma",1,"reveal_25","gibbs_mci","gamma-001-reveal_25-gibbs_mci","mean_row_1",1.17199984820658,0.109394095577437,1.03489099095002,114.92749878929,495.441936772891,0.0102055949051109,5.51528451815385,23.7758871663735
"gamma",1,"reveal_25","gibbs_mci","gamma-001-reveal_25-gibbs_mci","mean_row_159",1.38566123193259,0.101090563111387,1.0067984352328,899.378330153327,1198.35908759138,0.0033832837666328,43.1604918971748,57.5083543330159
"gamma",1,"reveal_25","gibbs_mci","gamma-001-reveal_25-gibbs_mci","mean_row_316",1.24947923595318,0.351175707372295,1.28143423652244,10.8795377025266,17.6682079984329,0.124793578908648,0.522100859128831,0.847884057895811
"gamma",1,"reveal_25","gibbs_mci","gamma-001-reveal_25-gibbs_mci","mean_row_474",2.00867777354555,0.177163219083257,1.00824350646579,782.522265603537,1401.2096120356,0.00630603093509026,37.5526569538121,67.2429989459449
"gamma",1,"reveal_25","gibbs_mci","gamma-001-reveal_25-gibbs_mci","mean_row_631",0.746129615667705,0.170725213208408,1.01229617987722,738.031095067289,846.815429951113,0.00639987235980583,35.4175590300072,40.6380377172048
"gamma",1,"reveal_25","gibbs_mci","gamma-001-reveal_25-gibbs_mci","mean_row_789",1.00725931609177,0.134422792834353,1.00290379486134,1046.65041627124,1578.3537743514,0.00415674751378081,50.2279689159822,75.744014509617
"gamma",1,"reveal_25","gibbs_mci","gamma-001-reveal_25-gibbs_mci","mean_row_946",1.97492624215261,0.213332243442441,1.00128732365244,1122.51524110954,1388.86901518385,0.00636348041390128,53.8686649922994,66.6507829534434
"gamma",1,"reveal_25","gibbs_mci","gamma-001-reveal_25-gibbs_mci","mean_row_1104",1.51348088558478,0.163477233114997,1.00424981414957,650.348223787765,1090.22997527425,0.00643619333902352,31.2097237636897,52.3193192856439
"gamma",1,"reveal_25","gibbs_mci","gamma-001-reveal_25-gibbs_mci","interaction_row_97",-0.164763307558768,0.362229288801822,1.04401784649166,154.570275386156,217.79280905609,0.0288158152005974,7.41771165112563,10.4517136508346
"gamma",1,"reveal_25","gibbs_mci","gamma-001-reveal_25-gibbs_mci","interaction_row_241",0.652138480139286,0.222458227090419,1.03117064073228,164.751151749166,366.756712037774,0.0174214444060854,7.90628427628207,17.600379692762
"gamma",1,"reveal_25","gibbs_mci","gamma-001-reveal_25-gibbs_mci","interaction_row_385",0.0668929552932195,0.155109721295532,1.04564334767412,124.633281299853,1112.55525874196,0.0115690309736977,5.98105774545798,53.3906929044036
"gamma",1,"reveal_25","gibbs_mci","gamma-001-reveal_25-gibbs_mci","interaction_row_529",0.108821812823165,0.257044960157522,1.05143441349888,113.343614309574,915.841431488578,0.020153145437751,5.43927508923957,43.9505437896429
"gamma",1,"reveal_25","gibbs_mci","gamma-001-reveal_25-gibbs_mci","interaction_row_672",0.0201816217591708,0.0565155037325754,1.01899344940038,473.919400948294,1002.24831023966,0.00257162219687884,22.7430368052737,48.0971451309943
"gamma",1,"reveal_25","gibbs_mci","gamma-001-reveal_25-gibbs_mci","interaction_row_816",-0.0771833312475041,0.067796921027982,1.01580255331388,583.859224353815,1147.72894996597,0.00277970142375577,28.0189665204826,55.078651980323
"gamma",1,"reveal_25","gibbs_mci","gamma-001-reveal_25-gibbs_mci","interaction_row_960",-0.0215796109777546,0.0730493525561283,1.00564889259718,783.319408501783,701.989718613682,0.00264050120376841,37.5909112439669,33.6879603903293
"gamma",1,"reveal_25","gibbs_mci","gamma-001-reveal_25-gibbs_mci","interaction_row_1104",0.0666804117721807,0.0998116952595078,1.0102652780035,443.164589193259,1280.30775061249,0.00475474739711801,21.2671364427133,61.441009243329
"gamma",1,"reveal_25","gibbs_mci","gamma-001-reveal_25-gibbs_mci","observed_log_likelihood",89.2617849274494,13.9609840060108,1.02845981855096,135.16749845164,405.036004154556,1.20343295095327,6.48658693020636,19.4373742275917
"multiplicative_gamma",1,"reveal_25","gibbs_mci","multiplicative_gamma-001-reveal_25-gibbs_mci","sigma",0.18272396425369,0.00902563195800694,1.04642794456515,79.7860188177504,912.580688164894,0.000990221986340881,3.6590698838684,41.8519003973811
"multiplicative_gamma",1,"reveal_25","gibbs_mci","multiplicative_gamma-001-reveal_25-gibbs_mci","mean_row_1",0.736959525075539,0.0988317753836075,1.01261778815119,237.849032812528,597.144842614745,0.00640804247229815,10.9080042564792,27.3856841373422
"multiplicative_gamma",1,"reveal_25","gibbs_mci","multiplicative_gamma-001-reveal_25-gibbs_mci","mean_row_159",-0.211300443854948,0.111410904614128,1.00259240228406,980.229848757117,1787.21103273023,0.00353966247823903,44.9543613280036,81.9633585292469
"multiplicative_gamma",1,"reveal_25","gibbs_mci","multiplicative_gamma-001-reveal_25-gibbs_mci","mean_row_316",0.487742096404194,0.118083976524255,1.01443759372555,519.490228589835,1224.78276467617,0.00517721210943953,23.8243626961631,56.1698126427965
"multiplicative_gamma",1,"reveal_25","gibbs_mci","multiplicative_gamma-001-reveal_25-gibbs_mci","mean_row_474",1.21801093709294,0.131879096649356,1.00395411801658,556.689127043064,1123.90260417292,0.00561615286513166,25.5303429049789,51.5433434612667
"multiplicative_gamma",1,"reveal_25","gibbs_mci","multiplicative_gamma-001-reveal_25-gibbs_mci","mean_row_631",0.708200433095319,0.145040461193882,1.02636255337016,254.328659434857,375.899032880275,0.00942955683721992,11.6637770894225,17.2391209759356
"multiplicative_gamma",1,"reveal_25","gibbs_mci","multiplicative_gamma-001-reveal_25-gibbs_mci","mean_row_789",0.279671933659805,0.148533575471979,1.00196438265226,1277.98031753072,1801.71599580724,0.00414713139022133,58.6095077977859,82.6285712362873
"multiplicative_gamma",1,"reveal_25","gibbs_mci","multiplicative_gamma-001-reveal_25-gibbs_mci","mean_row_946",2.00677091544655,0.164358018685598,1.01839981031181,441.438769748059,881.3533358459,0.00770284289198915,20.2448415385489,40.4197815109333
"multiplicative_gamma",1,"reveal_25","gibbs_mci","multiplicative_gamma-001-reveal_25-gibbs_mci","mean_row_1104",2.18948764497508,0.121348562089807,1.00647737051856,673.599456938794,1540.39482244955,0.00465378772301188,30.8919723429853,70.6441101788375
"multiplicative_gamma",1,"reveal_25","gibbs_mci","multiplicative_gamma-001-reveal_25-gibbs_mci","interaction_row_97",-0.332623558233629,0.208639455577378,1.01085998956368,421.969228005472,1306.98675622427,0.0101976936934673,19.3519480855525,59.9397732732983
"multiplicative_gamma",1,"reveal_25","gibbs_mci","multiplicative_gamma-001-reveal_25-gibbs_mci","interaction_row_241",0.464665412956412,0.152790556675798,1.01293344962326,461.640209269769,836.670329345264,0.00700252645135225,21.171300585635,38.3705723157654
"multiplicative_gamma",1,"reveal_25","gibbs_mci","multiplicative_gamma-001-reveal_25-gibbs_mci","interaction_row_385",0.779297243267837,0.435515109885853,1.00948329417014,565.188395050727,956.434127182826,0.0185910085412446,25.9201281839362,43.8630647641746
"multiplicative_gamma",1,"reveal_25","gibbs_mci","multiplicative_gamma-001-reveal_25-gibbs_mci","interaction_row_529",0.113376473702179,0.16224286755067,1.00371744228077,777.000643255755,1216.11554864469,0.00570456457656665,35.6340583928345,55.7723250926254
"multiplicative_gamma",1,"reveal_25","gibbs_mci","multiplicative_gamma-001-reveal_25-gibbs_mci","interaction_row_672",0.00934929330475213,0.0380498415620751,1.01163995662335,424.955132079389,994.88555465876,0.00178554627856033,19.4888847548447,45.6264872579116
"multiplicative_gamma",1,"reveal_25","gibbs_mci","multiplicative_gamma-001-reveal_25-gibbs_mci","interaction_row_816",-0.0360035834766474,0.0429791922141561,1.00830981936637,659.574063927874,940.604029363946,0.00169917904361763,30.2487532184304,43.1370799983466
"multiplicative_gamma",1,"reveal_25","gibbs_mci","multiplicative_gamma-001-reveal_25-gibbs_mci","interaction_row_960",-0.023482581591299,0.0672117655496715,1.03171708229886,166.612957538167,397.592039669096,0.00454247479429815,7.64104368439198,18.2339848506809
"multiplicative_gamma",1,"reveal_25","gibbs_mci","multiplicative_gamma-001-reveal_25-gibbs_mci","interaction_row_1104",-0.00105209071132813,0.05695501011835,1.00797315212566,605.906547667936,756.031999147385,0.00229247419937404,27.7875050524163,34.6724145447093
"multiplicative_gamma",1,"reveal_25","gibbs_mci","multiplicative_gamma-001-reveal_25-gibbs_mci","observed_log_likelihood",102.946310915188,14.003037714324,1.09471014337057,34.2391153390824,402.167468362885,2.40969605341608,1.57024147393178,18.4438187738081
"horseshoe",1,"reveal_25","gibbs_mci","horseshoe-001-reveal_25-gibbs_mci","sigma",6.99294890928525,3.82710246881932,2.37224322408649,4.97727774466389,11.9672829771351,1.8389101480802,0.192447811339129,0.462718283924334
"horseshoe",1,"reveal_25","gibbs_mci","horseshoe-001-reveal_25-gibbs_mci","mean_row_1",9.17319652134239,4.52471869171883,1.18171471572893,20.3917821972657,46.9916778143421,1.0260108207764,0.788453860621955,1.8169461320938
"horseshoe",1,"reveal_25","gibbs_mci","horseshoe-001-reveal_25-gibbs_mci","mean_row_159",378.314875473635,7.69650960974582,1.21194053391708,19.9981969139566,37.0071690893712,1.94127077124921,0.773235777518328,1.43089235933075
"horseshoe",1,"reveal_25","gibbs_mci","horseshoe-001-reveal_25-gibbs_mci","mean_row_316",2009.3888775154,3472.28042489469,2.19672930161174,5.17282512703247,31.7555394223728,1719.78060854293,0.200008704598556,1.22783665554548
"horseshoe",1,"reveal_25","gibbs_mci","horseshoe-001-reveal_25-gibbs_mci","mean_row_474",12.878483478297,28.3761053432339,1.39148667555365,11.0137352134942,35.8998041552143,5.89792820265862,0.425849097687593,1.38807578993985
"horseshoe",1,"reveal_25","gibbs_mci","horseshoe-001-reveal_25-gibbs_mci","mean_row_631",221.339585051851,770.179607923592,2.80413616282066,4.6897135291776,11.2258097325336,352.211754313317,0.181329061948636,0.434049017226678
"horseshoe",1,"reveal_25","gibbs_mci","horseshoe-001-reveal_25-gibbs_mci","mean_row_789",48.9855973168852,6.33274524373017,1.2189377295323,15.6974200267412,43.623761214239,1.53060083773258,0.606945057678581,1.68672471152762
"horseshoe",1,"reveal_25","gibbs_mci","horseshoe-001-reveal_25-gibbs_mci","mean_row_946",140.091394561216,666.452481401787,2.01889596833834,5.47190176543436,12.5121473867257,300.282558693562,0.211572584983735,0.483785616004551
"horseshoe",1,"reveal_25","gibbs_mci","horseshoe-001-reveal_25-gibbs_mci","mean_row_1104",796.883467704095,930.39227729355,2.23092081408693,5.13577672652233,11.4078837849859,460.646010541654,0.198576218015015,0.441088960483543
"horseshoe",1,"reveal_25","gibbs_mci","horseshoe-001-reveal_25-gibbs_mci","interaction_row_97",790.586712988354,1543.39530672655,2.0911773267717,5.87659822196616,34.3524299032474,691.978460165668,0.227220284652444,1.32824613939788
"horseshoe",1,"reveal_25","gibbs_mci","horseshoe-001-reveal_25-gibbs_mci","interaction_row_241",27.5322269680323,24.7717074400999,1.719517157146,6.74305766990757,13.5708717686037,12.131953647351,0.260722177238045,0.524721485079214
"horseshoe",1,"reveal_25","gibbs_mci","horseshoe-001-reveal_25-gibbs_mci","interaction_row_385",-119.197983729888,264.20446787317,1.97286555125494,5.53624227630741,32.0467419665842,118.250115701438,0.21406032851206,1.23909608191564
"horseshoe",1,"reveal_25","gibbs_mci","horseshoe-001-reveal_25-gibbs_mci","interaction_row_529",169.607464036186,350.879348097882,2.07493378708917,5.82106211478995,33.0289927580118,156.986734129439,0.225072965811775,1.27707507860696
"horseshoe",1,"reveal_25","gibbs_mci","horseshoe-001-reveal_25-gibbs_mci","interaction_row_672",863.254355953701,15.2936927871078,1.43354771700857,8.07570938529554,45.4728036137786,5.56585641466564,0.312249521915304,1.75821844386879
"horseshoe",1,"reveal_25","gibbs_mci","horseshoe-001-reveal_25-gibbs_mci","interaction_row_816",725.756395271361,9.08953943148984,1.17711998322591,31.1580507489401,69.9892137090159,1.47052556441022,1.20473459184704,2.7061521752703
"horseshoe",1,"reveal_25","gibbs_mci","horseshoe-001-reveal_25-gibbs_mci","interaction_row_960",-106.690826166623,8.9020536209846,1.41277298016519,80.0998204194894,88.9788182625605,0.617126922004736,3.09708156128404,3.44039045209606
"horseshoe",1,"reveal_25","gibbs_mci","horseshoe-001-reveal_25-gibbs_mci","interaction_row_1104",554.143979205785,936.247355634577,2.21020590209747,5.15848460985643,11.1574724254495,463.570552918306,0.199454224562364,0.431406736474868
"horseshoe",1,"reveal_25","gibbs_mci","horseshoe-001-reveal_25-gibbs_mci","observed_log_likelihood",-1141.62968608406,195.61579934164,2.4687325839359,4.88938884575304,11.1216354238935,95.4816404712988,0.189049562918186,0.430021088964678
"realism",1,"reveal_25","gibbs_mci","realism-001-reveal_25-gibbs_mci","sigma",0.205917655156275,0.00885344248142626,1.00082400806919,514.217364991777,1134.30159211883,0.000389559403514928,22.5781499447541,49.8046802247562
"realism",1,"reveal_25","gibbs_mci","realism-001-reveal_25-gibbs_mci","mean_row_1",1.31633850864425,0.0927387811958169,1.05313124501333,70.5803581969023,401.524818338164,0.0111038713140262,3.0990278022789,17.6300688622684
"realism",1,"reveal_25","gibbs_mci","realism-001-reveal_25-gibbs_mci","mean_row_159",0.376392970257857,0.080331444421165,1.00445330513069,547.609368647705,1307.7657554571,0.00339346132324152,24.0443191502833,57.4211089113984
"realism",1,"reveal_25","gibbs_mci","realism-001-reveal_25-gibbs_mci","mean_row_316",0.749527510425863,0.101436924134217,1.01470874248471,463.298502261825,1309.00553965126,0.0046236956937911,20.3424150279615,57.4755450999455
"realism",1,"reveal_25","gibbs_mci","realism-001-reveal_25-gibbs_mci","mean_row_474",0.612107115911101,0.178044460168506,1.00353453629528,660.355929577395,1121.84187977872,0.0067323487978137,28.9947718804563,49.2576017465954
"realism",1,"reveal_25","gibbs_mci","realism-001-reveal_25-gibbs_mci","mean_row_631",0.616970493353118,0.112420543338628,1.04165727185114,74.8115532443863,638.232509253523,0.013077864421461,3.28481024124637,28.0233813064114
"realism",1,"reveal_25","gibbs_mci","realism-001-reveal_25-gibbs_mci","mean_row_789",-0.872375129255381,0.0983422501650246,1.00456128130086,1173.04286222723,1637.96263795068,0.00292163452772969,51.5057239177705,71.9193254863086
"realism",1,"reveal_25","gibbs_mci","realism-001-reveal_25-gibbs_mci","mean_row_946",1.13050366683151,0.239504851810292,1.01672854156216,490.126212916448,1154.31248550184,0.0108181026339276,21.5203606110405,50.683314401837
"realism",1,"reveal_25","gibbs_mci","realism-001-reveal_25-gibbs_mci","mean_row_1104",-1.0380280656755,0.128092306002151,1.01230827694445,343.477231686173,1118.92651331091,0.00648370231600046,15.0813274066376,49.1295944373612
"realism",1,"reveal_25","gibbs_mci","realism-001-reveal_25-gibbs_mci","interaction_row_97",-0.000314992905036505,0.0926839266271807,1.00659993237372,1541.78747104262,948.194996554993,0.00278744701531727,67.6964861050545,41.6331502329304
"realism",1,"reveal_25","gibbs_mci","realism-001-reveal_25-gibbs_mci","interaction_row_241",9.74566808626458e-05,0.0581210775850281,1.00901056938426,1912.55910401823,1048.51353250282,0.0013304503953197,83.9762504508551,46.0379158069292
"realism",1,"reveal_25","gibbs_mci","realism-001-reveal_25-gibbs_mci","interaction_row_385",0.00259618778289099,0.0706499311715063,1.00895992173101,1387.269794093,929.063799449442,0.00206923831075008,60.911955832843,40.7931415784605
"realism",1,"reveal_25","gibbs_mci","realism-001-reveal_25-gibbs_mci","interaction_row_529",-0.00401344116889327,0.100325006091083,1.01752670971751,1615.85539442031,874.170193450817,0.00270019436995304,70.9486451995744,38.3828844544814
"realism",1,"reveal_25","gibbs_mci","realism-001-reveal_25-gibbs_mci","interaction_row_672",0.00573012809209229,0.0308514957973143,1.01776550288268,793.286039587952,552.049644952747,0.00126785466664133,34.831439718461,24.2392818859603
"realism",1,"reveal_25","gibbs_mci","realism-001-reveal_25-gibbs_mci","interaction_row_816",-0.00578163546178323,0.0348401203022022,1.01208004416683,634.535633278132,336.062184975155,0.00187264682742503,27.8610596389958,14.7557490658684
"realism",1,"reveal_25","gibbs_mci","realism-001-reveal_25-gibbs_mci","interaction_row_960",-0.00432287839449049,0.0332491724101924,1.02568328364764,1560.67175382111,945.51023686478,0.00103274186949165,68.5256532962066,41.5152683584973
"realism",1,"reveal_25","gibbs_mci","realism-001-reveal_25-gibbs_mci","interaction_row_1104",0.000795018114119193,0.063230148903653,1.01893005349396,1549.69085490948,697.836830145473,0.00172077053658804,68.0435062528856,30.6404755277923
"realism",1,"reveal_25","gibbs_mci","realism-001-reveal_25-gibbs_mci","observed_log_likelihood",55.4148666236239,9.53218933742272,1.00704683865365,249.303309870106,487.730752545254,0.604983022647461,10.9463582818927,21.4151812314052
"gamma",2,"reveal_25","gibbs_mci","gamma-002-reveal_25-gibbs_mci","sigma",0.195590627200926,0.0104205761593163,1.05128158377422,63.700551343481,629.094600581234,0.00130116215473183,2.55804960820339,25.2628142551294
"gamma",2,"reveal_25","gibbs_mci","gamma-002-reveal_25-gibbs_mci","mean_row_1",0.749292773456172,0.095542585428211,1.00891504155742,436.670771941127,1171.80194042778,0.00458066866064696,17.5355703132731,47.0565392509749
"gamma",2,"reveal_25","gibbs_mci","gamma-002-reveal_25-gibbs_mci","mean_row_159",0.615992791377325,0.171165190311523,1.00024792572757,914.316005771636,1274.49723374374,0.0056697556257226,36.716569182059,51.1805169762967
"gamma",2,"reveal_25","gibbs_mci","gamma-002-reveal_25-gibbs_mci","mean_row_316",1.61409099387673,0.139277868162126,1.00172425721127,751.089723675939,1443.39706624676,0.00506536895337399,30.1618232943514,57.9630979940068
"gamma",2,"reveal_25","gibbs_mci","gamma-002-reveal_25-gibbs_mci","mean_row_474",1.90336033874191,0.111715615859955,1.00494676093131,977.703793498646,1783.72688741472,0.00358406330493774,39.2620590112699,71.6298645656862
"gamma",2,"reveal_25","gibbs_mci","gamma-002-reveal_25-gibbs_mci","mean_row_631",0.962968144270027,0.229417643524016,1.00166781523357,765.729399268563,1363.80215094594,0.00831513804928016,30.7497148529661,54.7667717832278
"gamma",2,"reveal_25","gibbs_mci","gamma-002-reveal_25-gibbs_mci","mean_row_789",1.43305224826516,0.228868551570908,1.02166113983731,261.890407164717,497.122674779952,0.0145946988913807,10.5168423084377,19.9631625885451
"gamma",2,"reveal_25","gibbs_mci","gamma-002-reveal_25-gibbs_mci","mean_row_946",1.85195240881628,0.180996726406073,1.00369069330055,1029.17620538881,1648.09478397163,0.00566870475054257,41.329058123396,66.1832296189713
"gamma",2,"reveal_25","gibbs_mci","gamma-002-reveal_25-gibbs_mci","mean_row_1104",1.08001798548517,0.19854971526284,1.0153570512777,355.74683927465,808.084304568094,0.0104928770199608,14.2858741978415,32.4505784502487
"gamma",2,"reveal_25","gibbs_mci","gamma-002-reveal_25-gibbs_mci","interaction_row_97",-0.0479994805040192,0.082055069201477,1.01389322414412,509.780440202114,941.796836321601,0.00356793751371679,20.4714657538396,37.8201283560196
"gamma",2,"reveal_25","gibbs_mci","gamma-002-reveal_25-gibbs_mci","interaction_row_241",-0.158440748748688,0.134978454752815,1.0481947609853,67.8587704060488,276.518206634497,0.0161160379060696,2.72503294538787,11.1042569526342
"gamma",2,"reveal_25","gibbs_mci","gamma-002-reveal_25-gibbs_mci","interaction_row_385",0.119845729060539,0.109887262857019,1.00380942012059,628.562566817849,1288.9131835552,0.00437314397889722,25.2414491533952,51.7594242854069
"gamma",2,"reveal_25","gibbs_mci","gamma-002-reveal_25-gibbs_mci","interaction_row_529",-0.110329889470126,0.115694930446547,1.00444755982242,537.691608767743,600.846970516174,0.00512312676843376,21.5923061909783,24.1284623932284
"gamma",2,"reveal_25","gibbs_mci","gamma-002-reveal_25-gibbs_mci","interaction_row_672",-0.0669353746611798,0.0823741088907556,1.00949565538111,641.240416342339,1308.07218115078,0.00323219068012341,25.7505588443634,52.5288001425902
"gamma",2,"reveal_25","gibbs_mci","gamma-002-reveal_25-gibbs_mci","interaction_row_816",-0.0679117035055251,0.0844375165501302,1.00418379004334,596.236542904377,1004.02334296957,0.00348080808999978,23.9433195287276,40.3189841365981
"gamma",2,"reveal_25","gibbs_mci","gamma-002-reveal_25-gibbs_mci","interaction_row_960",-0.205034585883477,0.141571709137809,1.01725483347258,339.221580906342,695.01309337974,0.00753553672166278,13.6222625052743,27.9099306633901
"gamma",2,"reveal_25","gibbs_mci","gamma-002-reveal_25-gibbs_mci","interaction_row_1104",-0.0163581630850899,0.134284919336464,1.05789726673315,55.774542777229,459.68898075142,0.0176349070047492,2.23976157646891,18.4599221247859
"gamma",2,"reveal_25","gibbs_mci","gamma-002-reveal_25-gibbs_mci","observed_log_likelihood",75.6556081580084,16.4263111795235,1.07604506524415,41.2671258174404,333.987618681671,2.63162135391948,1.65718118293472,13.4120801012638
"multiplicative_gamma",2,"reveal_25","gibbs_mci","multiplicative_gamma-002-reveal_25-gibbs_mci","sigma",0.253203499293702,0.0134832445705885,1.03645845031247,126.039330910436,564.180049446658,0.00121196638129362,5.7402801343734,25.6947692966553
"multiplicative_gamma",2,"reveal_25","gibbs_mci","multiplicative_gamma-002-reveal_25-gibbs_mci","mean_row_1",1.2410890668785,0.122600426550903,1.01861264094904,298.564788149323,870.564883268487,0.00711143789790229,13.5977040647322,39.6486260995806
"multiplicative_gamma",2,"reveal_25","gibbs_mci","multiplicative_gamma-002-reveal_25-gibbs_mci","mean_row_159",1.33454993577309,0.18737722063244,1.00416426036935,885.314392442439,1438.36706824813,0.006291188000183,40.3203712912713,65.5083603519671
"multiplicative_gamma",2,"reveal_25","gibbs_mci","multiplicative_gamma-002-reveal_25-gibbs_mci","mean_row_316",5.1405474623832,0.172644107505216,1.00862100993616,1164.57120934857,1627.68039366042,0.0050400637032372,53.0387215625349,74.1303636043371
"multiplicative_gamma",2,"reveal_25","gibbs_mci","multiplicative_gamma-002-reveal_25-gibbs_mci","mean_row_474",-0.223914808774613,0.13962871985433,1.01103795627262,722.080942573244,1424.00335031567,0.00523501927305503,32.8861384785375,64.8541854677631
"multiplicative_gamma",2,"reveal_25","gibbs_mci","multiplicative_gamma-002-reveal_25-gibbs_mci","mean_row_631",1.53792554358391,0.218701851474444,1.0059634602009,751.707072102375,1438.24800397203,0.00796177222057331,34.235417957935,65.5029377406768
"multiplicative_gamma",2,"reveal_25","gibbs_mci","multiplicative_gamma-002-reveal_25-gibbs_mci","mean_row_789",2.39816512378173,0.221830047409103,1.00939282435353,820.891260157282,1420.45338396375,0.00771751188142584,37.3863123449145,64.6925073536346
"multiplicative_gamma",2,"reveal_25","gibbs_mci","multiplicative_gamma-002-reveal_25-gibbs_mci","mean_row_946",0.866175306954971,0.28031529735535,1.0286096175613,162.042704081223,543.425485450585,0.0216743270435071,7.38000200761597,24.7495325158531
"multiplicative_gamma",2,"reveal_25","gibbs_mci","multiplicative_gamma-002-reveal_25-gibbs_mci","mean_row_1104",3.29085338415434,0.270892340375261,1.00983226385819,537.549981689149,1355.86265648906,0.0117116140217693,24.4819411435602,61.7508155253025
"multiplicative_gamma",2,"reveal_25","gibbs_mci","multiplicative_gamma-002-reveal_25-gibbs_mci","interaction_row_97",0.00500342980012931,0.0915649299749689,1.01000467243521,773.959346683677,1133.45356617228,0.00325560380731154,35.2488658142588,51.6215132382512
"multiplicative_gamma",2,"reveal_25","gibbs_mci","multiplicative_gamma-002-reveal_25-gibbs_mci","interaction_row_241",0.00250981560514679,0.117027523366035,1.01364890849366,763.921207856792,1200.38207913389,0.00419821762724352,34.7916932120416,54.669676145826
"multiplicative_gamma",2,"reveal_25","gibbs_mci","multiplicative_gamma-002-reveal_25-gibbs_mci","interaction_row_385",0.00274150365920481,0.107955059831134,1.01830861593715,312.13921196997,812.486998166866,0.0055883781446272,14.2159316832888,37.0035523143813
"multiplicative_gamma",2,"reveal_25","gibbs_mci","multiplicative_gamma-002-reveal_25-gibbs_mci","interaction_row_529",0.0432057350926479,0.124182134810191,1.02961653260576,184.815840481466,1079.9050590963,0.00797229779265917,8.41717176670162,49.182723463875
"multiplicative_gamma",2,"reveal_25","gibbs_mci","multiplicative_gamma-002-reveal_25-gibbs_mci","interaction_row_672",0.0310773961506833,0.159410901039981,1.03873659672062,115.515664828366,777.925455272967,0.0157046322660938,5.26099489130423,35.4294965283496
"multiplicative_gamma",2,"reveal_25","gibbs_mci","multiplicative_gamma-002-reveal_25-gibbs_mci","interaction_row_816",0.0229923365536972,0.146987978793774,1.01000474009043,749.669166212317,865.590349944182,0.00548625378078712,34.1426044638303,39.4220681306274
"multiplicative_gamma",2,"reveal_25","gibbs_mci","multiplicative_gamma-002-reveal_25-gibbs_mci","interaction_row_960",0.0130907294186798,0.16183756070821,1.01130910617285,746.516250533994,1247.80653340307,0.00586931852907326,33.9990094518376,56.8295547389479
"multiplicative_gamma",2,"reveal_25","gibbs_mci","multiplicative_gamma-002-reveal_25-gibbs_mci","interaction_row_1104",0.00087797121801999,0.176954046885623,1.01924681086118,706.206429825476,920.553064188284,0.00665758066189623,32.1631566163629,41.9252659374363
"multiplicative_gamma",2,"reveal_25","gibbs_mci","multiplicative_gamma-002-reveal_25-gibbs_mci","observed_log_likelihood",-24.9189259915876,14.4231846621687,1.05093849190607,92.4380841495639,371.907233735084,1.50371612536405,4.2099596552154,16.9379803131159
"horseshoe",2,"reveal_25","gibbs_mci","horseshoe-002-reveal_25-gibbs_mci","sigma",40.4863085377247,25.3652690912489,2.58683588759076,4.81412862250999,21.9343497850017,12.4587401096523,0.218446711249205,0.995296750385773
"horseshoe",2,"reveal_25","gibbs_mci","horseshoe-002-reveal_25-gibbs_mci","mean_row_1",-4.85377278209579,17.3054659956086,1.33056550909348,9.85350665445662,37.443129399325,5.45620928902512,0.447114377641193,1.69902574640734
"horseshoe",2,"reveal_25","gibbs_mci","horseshoe-002-reveal_25-gibbs_mci","mean_row_159",429.287790709524,3332.76255490752,2.917934262885,4.63026840269874,15.8752751482605,1620.42287576676,0.210103838946308,0.720359159100665
"horseshoe",2,"reveal_25","gibbs_mci","horseshoe-002-reveal_25-gibbs_mci","mean_row_316",1208.73451815364,56.2944960682798,1.24351787350696,16.3513582595077,43.1483322396628,15.5064787995285,0.741961986546316,1.95790599145398
"horseshoe",2,"reveal_25","gibbs_mci","horseshoe-002-reveal_25-gibbs_mci","mean_row_474",509.58649503815,30.7507668641669,1.18058512197306,17.8063784771473,168.405103788597,7.28215539116698,0.807985229020206,7.64157835505023
"horseshoe",2,"reveal_25","gibbs_mci","horseshoe-002-reveal_25-gibbs_mci","mean_row_631",35.870403632716,57.8313495309706,1.25145917189332,11.7883981727084,64.3749413855425,16.2779128945289,0.534912341079427,2.92108818338971
"horseshoe",2,"reveal_25","gibbs_mci","horseshoe-002-reveal_25-gibbs_mci","mean_row_789",-590.113829254081,323.461150011897,2.54011766750319,4.84768978149831,15.7568926017077,151.233459929149,0.219969588052378,0.714987412728366
"horseshoe",2,"reveal_25","gibbs_mci","horseshoe-002-reveal_25-gibbs_mci","mean_row_946",2364.50065628442,548.79042793987,1.70802665658182,7.05193205997219,33.3622603141767,261.143469945586,0.319989656954905,1.51385154343301
"horseshoe",2,"reveal_25","gibbs_mci","horseshoe-002-reveal_25-gibbs_mci","mean_row_1104",15.5609293381295,35.7526085279324,1.30600628989943,10.2094474586999,17.8421342725664,11.3986902754362,0.463265607527902,0.809607690015719
"horseshoe",2,"reveal_25","gibbs_mci","horseshoe-002-reveal_25-gibbs_mci","interaction_row_97",694.031497446267,72.0269764962905,1.42576842982315,8.24621379046253,17.4137576463858,26.2410976112294,0.374181585918074,0.790169600071956
"horseshoe",2,"reveal_25","gibbs_mci","horseshoe-002-reveal_25-gibbs_mci","interaction_row_241",81.4639372011939,110.602666661433,2.12705818654037,5.28268414167606,19.7092912765526,51.9829060804934,0.23970796540866,0.894332120725683
"horseshoe",2,"reveal_25","gibbs_mci","horseshoe-002-reveal_25-gibbs_mci","interaction_row_385",-201.329563917118,1946.93287764889,3.01806309278879,4.58786195500369,19.5097334885648,957.156534012055,0.208179596832911,0.885276952925164
"horseshoe",2,"reveal_25","gibbs_mci","horseshoe-002-reveal_25-gibbs_mci","interaction_row_529",-103.79791211758,67.4195138437706,1.54644237663409,7.21403930986586,36.5332174623603,27.9289400117341,0.327345462830831,1.6577374290934
"horseshoe",2,"reveal_25","gibbs_mci","horseshoe-002-reveal_25-gibbs_mci","interaction_row_672",-38.3580663599738,37.3694468457512,1.51984054899642,7.42623328566777,39.8261611254533,14.5633711390871,0.336974012417995,1.80715859540127
"horseshoe",2,"reveal_25","gibbs_mci","horseshoe-002-reveal_25-gibbs_mci","interaction_row_816",-36.2999393969663,40.2117548961384,1.3475763495646,19.9185622634129,69.9696733427696,7.66704955769972,0.903828036274296,3.174955683037
"horseshoe",2,"reveal_25","gibbs_mci","horseshoe-002-reveal_25-gibbs_mci","interaction_row_960",-64.9480688303056,170.781507392295,1.31550678993922,9.98195414025638,11.3505273126781,61.0362476254423,0.452942832392067,0.515043439181329
"horseshoe",2,"reveal_25","gibbs_mci","horseshoe-002-reveal_25-gibbs_mci","interaction_row_1104",8.11301561139898,28.7997634895642,1.5830766565696,6.8609761038513,11.7935783591937,10.7542943848665,0.311324807326041,0.535147398093914
"horseshoe",2,"reveal_25","gibbs_mci","horseshoe-002-reveal_25-gibbs_mci","observed_log_likelihood",-1732.79912257038,231.916337400293,2.58661828170682,4.80336842218779,18.2970230142418,114.192738631111,0.217958454586977,0.830248798177775
"realism",2,"reveal_25","gibbs_mci","realism-002-reveal_25-gibbs_mci","sigma",0.193209857805438,0.00913707066594437,1.00668601923962,256.100441317949,767.095814785225,0.000570431645546264,10.9211275615329,32.7119750441457
"realism",2,"reveal_25","gibbs_mci","realism-002-reveal_25-gibbs_mci","mean_row_1",1.78178926671001,0.100663189481745,1.01459308164536,172.156323753178,449.503420007526,0.00767523210825841,7.34142105557252,19.1685893393399
"realism",2,"reveal_25","gibbs_mci","realism-002-reveal_25-gibbs_mci","mean_row_159",-0.0748439258889654,0.147052107215815,1.00777836937156,523.947805091434,1131.03175719116,0.00611803689840151,22.3431899825769,48.2316314367229
"realism",2,"reveal_25","gibbs_mci","realism-002-reveal_25-gibbs_mci","mean_row_316",1.64903331663969,0.0967771245853806,1.00962248463338,610.542980894303,1264.84308112637,0.00391990671750515,26.0359480125499,53.9378712633841
"realism",2,"reveal_25","gibbs_mci","realism-002-reveal_25-gibbs_mci","mean_row_474",0.80754121172089,0.0991899057518295,1.00938087134155,361.784007049089,912.335443221578,0.00501260178885434,15.4278894264002,38.9055626107278
"realism",2,"reveal_25","gibbs_mci","realism-002-reveal_25-gibbs_mci","mean_row_631",-0.278084072440659,0.201051477015739,1.00972290314389,411.891436272816,712.057460050569,0.00899895265080833,17.5646667920175,30.3649236695335
"realism",2,"reveal_25","gibbs_mci","realism-002-reveal_25-gibbs_mci","mean_row_789",-0.374622839750568,0.213119286023442,1.01842849140076,224.761986513357,524.330499180137,0.0133997303554158,9.58473290035627,22.3595095599203
"realism",2,"reveal_25","gibbs_mci","realism-002-reveal_25-gibbs_mci","mean_row_946",-0.527314352625691,0.203363113789761,1.05042315192849,69.2092223310358,235.742853690983,0.0246271531010494,2.95135276464968,10.0530001573979
"realism",2,"reveal_25","gibbs_mci","realism-002-reveal_25-gibbs_mci","mean_row_1104",-0.420681219393059,0.156775347889465,1.01022923364813,499.763121950462,888.943517736643,0.00662451722822058,21.3118602111069,37.9080391358905
"realism",2,"reveal_25","gibbs_mci","realism-002-reveal_25-gibbs_mci","interaction_row_97",0.0745908987556158,0.149486474792416,1.02341226656153,188.74619173726,282.205437135981,0.0129649661449109,8.04887811246302,12.034346999402
"realism",2,"reveal_25","gibbs_mci","realism-002-reveal_25-gibbs_mci","interaction_row_241",-0.00254434302124194,0.118168800916116,1.02533021010785,296.121384684849,319.203988656067,0.00615539411401022,12.6277775985009,13.6121103904505
"realism",2,"reveal_25","gibbs_mci","realism-002-reveal_25-gibbs_mci","interaction_row_385",0.0180442928044571,0.152491539358471,1.03008646332871,481.362851074083,306.264454509715,0.00796449892556884,20.5272004722421,13.0603178895399
"realism",2,"reveal_25","gibbs_mci","realism-002-reveal_25-gibbs_mci","interaction_row_529",-0.0234459228693141,0.076277078285362,1.0304036892474,414.059960028961,525.117701953882,0.00418498449265138,17.6571411526208,22.3930789745789
"realism",2,"reveal_25","gibbs_mci","realism-002-reveal_25-gibbs_mci","interaction_row_672",0.00136740469813634,0.0294680387148578,1.03254665756092,1476.1279132254,1096.41273290851,0.000878200686192068,62.9478854253895,46.7553404225371
"realism",2,"reveal_25","gibbs_mci","realism-002-reveal_25-gibbs_mci","interaction_row_816",0.00183121120350534,0.0522467103025313,1.0312566410328,1385.6034387428,1055.74340164662,0.00157130255752057,59.0875666841273,45.0210405819449
"realism",2,"reveal_25","gibbs_mci","realism-002-reveal_25-gibbs_mci","interaction_row_960",0.141511224016381,0.264694979727532,1.0374567149198,148.770661041512,318.905470096073,0.0213344734307636,6.3441646499578,13.5993803878921
"realism",2,"reveal_25","gibbs_mci","realism-002-reveal_25-gibbs_mci","interaction_row_1104",-0.0060386488977502,0.10411749260356,1.02485832098054,837.770419565282,571.05916436447,0.00377762206342863,35.72581746547,24.3522031711925
"realism",2,"reveal_25","gibbs_mci","realism-002-reveal_25-gibbs_mci","observed_log_likelihood",80.514857858682,12.6061160539008,1.01823557300941,121.660094667639,397.687341350248,1.14356561408288,5.18806373849199,16.9589484584325
"gamma",1,"reveal_75","gibbs_mci","gamma-001-reveal_75-gibbs_mci","sigma",0.193563132072155,0.00520415094774306,1.00744523951928,931.078839712354,1558.17959602754,0.000170366460710507,37.5980794585832,62.9211595876085
"gamma",1,"reveal_75","gibbs_mci","gamma-001-reveal_75-gibbs_mci","mean_row_1",1.08772429476566,0.0686440726193476,1.03660885448666,91.4500805159239,407.770618939546,0.00721440841303552,3.69286385543223,16.466266311563
"gamma",1,"reveal_75","gibbs_mci","gamma-001-reveal_75-gibbs_mci","mean_row_159",1.3519176386589,0.0728288156417235,0.9994786825226,1535.59278218635,1588.20410656903,0.00186661791756929,62.0090769740892,64.1335853080692
"gamma",1,"reveal_75","gibbs_mci","gamma-001-reveal_75-gibbs_mci","mean_row_316",1.35221292729633,0.10158498091222,1.00381320647926,777.310160841284,1660.68728352635,0.00364812044302212,31.3887159118593,67.0605428657061
"gamma",1,"reveal_75","gibbs_mci","gamma-001-reveal_75-gibbs_mci","mean_row_474",2.082106557826,0.0805874043255718,1.00178531521015,1491.14517521658,1745.50654005084,0.00209206714033366,60.2142293335719,70.4856461012293
"gamma",1,"reveal_75","gibbs_mci","gamma-001-reveal_75-gibbs_mci","mean_row_631",0.660430424628803,0.0858061542869011,1.00090930870396,941.83988837916,1481.257977839,0.00279637125970141,38.032623501016,59.8149724535212
"gamma",1,"reveal_75","gibbs_mci","gamma-001-reveal_75-gibbs_mci","mean_row_789",0.996559368615316,0.101300999705494,1.01656560175234,709.231226661404,1339.67710276948,0.00379320261501348,28.6396069561219,54.0977670315572
"gamma",1,"reveal_75","gibbs_mci","gamma-001-reveal_75-gibbs_mci","mean_row_946",1.6843284616028,0.0841443158832382,1.00700939754086,1042.14273000831,1471.98157443504,0.00260673597826398,42.082972460358,59.4403801661704
"gamma",1,"reveal_75","gibbs_mci","gamma-001-reveal_75-gibbs_mci","mean_row_1104",1.42520872483286,0.0839429132262629,1.00023918776551,1064.19774894301,1690.16635270491,0.00257361626900039,42.9735805581897,68.2509430102129
"gamma",1,"reveal_75","gibbs_mci","gamma-001-reveal_75-gibbs_mci","interaction_row_97",-0.0125644055057991,0.0712931445631999,1.02613065570837,152.062049137156,982.435562069716,0.00585442859328369,6.14044779264884,39.6719254591227
"gamma",1,"reveal_75","gibbs_mci","gamma-001-reveal_75-gibbs_mci","interaction_row_241",0.478153408519506,0.122190183636734,1.03779927437921,119.969355829034,764.938741946757,0.011104559590386,4.84450637332554,30.8891431895799
"gamma",1,"reveal_75","gibbs_mci","gamma-001-reveal_75-gibbs_mci","interaction_row_385",0.00557090209055408,0.0530067013579396,1.00975183704084,534.864336478714,971.740914171066,0.00224013933025001,21.5984629493908,39.2400627592903
"gamma",1,"reveal_75","gibbs_mci","gamma-001-reveal_75-gibbs_mci","interaction_row_529",0.0217991068999188,0.0588161823486998,1.01727520292674,410.273214309329,1043.19956474541,0.00297254719482002,16.5673241119903,42.1256487136734
"gamma",1,"reveal_75","gibbs_mci","gamma-001-reveal_75-gibbs_mci","interaction_row_672",0.0257504052713148,0.0419613206097856,1.0355498472176,151.442983400618,826.943581723299,0.00336718495759531,6.11544917624849,33.3929729334235
"gamma",1,"reveal_75","gibbs_mci","gamma-001-reveal_75-gibbs_mci","interaction_row_816",-0.107515344752158,0.0476127258169893,1.01872843785606,351.604516124287,1204.1235154497,0.00256267427048368,14.1982117640238,48.6239507127159
"gamma",1,"reveal_75","gibbs_mci","gamma-001-reveal_75-gibbs_mci","interaction_row_960",-0.011314140471241,0.0341820420858207,1.02896587171916,843.651166679124,658.066102290757,0.00118088223141732,34.0676452382137,26.5734979119188
"gamma",1,"reveal_75","gibbs_mci","gamma-001-reveal_75-gibbs_mci","interaction_row_1104",0.0606386786933652,0.0573396505050907,1.01926723639748,378.784504757134,1025.97460656698,0.00295178090544947,15.2957722806144,41.4300842580754
"gamma",1,"reveal_75","gibbs_mci","gamma-001-reveal_75-gibbs_mci","observed_log_likelihood",190.956341038413,12.4181460414759,1.02168431436978,240.067317471282,620.89778424084,0.802186748746361,9.69420600352455,25.0725966823146
"multiplicative_gamma",1,"reveal_75","gibbs_mci","multiplicative_gamma-001-reveal_75-gibbs_mci","sigma",0.183983407895777,0.00646716429170148,1.23612694927827,12.6673775622993,16.078747040378,0.0019568899955028,0.525094410640826,0.666504188375806
"multiplicative_gamma",1,"reveal_75","gibbs_mci","multiplicative_gamma-001-reveal_75-gibbs_mci","mean_row_1",0.742673254841153,0.0678069744091612,1.04456188657483,88.4713574278065,528.188464333531,0.00722162313866077,3.66735854036671,21.8947299093654
"multiplicative_gamma",1,"reveal_75","gibbs_mci","multiplicative_gamma-001-reveal_75-gibbs_mci","mean_row_159",-0.204037764043203,0.0802075481191445,1.01485757471348,971.426837958803,1457.31131989371,0.00258411841999675,40.2680665709999,60.409190842883
"multiplicative_gamma",1,"reveal_75","gibbs_mci","multiplicative_gamma-001-reveal_75-gibbs_mci","mean_row_316",0.448590440212219,0.09196625533876,1.02658206583154,216.026552622501,831.547334582084,0.00623581641084297,8.95483968755187,34.4697120950955
"multiplicative_gamma",1,"reveal_75","gibbs_mci","multiplicative_gamma-001-reveal_75-gibbs_mci","mean_row_474",1.36518169108549,0.0728970726451636,1.00512993022191,1678.61902137731,1916.70512483727,0.00176235202204701,69.5829473295189,79.4522104475736
"multiplicative_gamma",1,"reveal_75","gibbs_mci","multiplicative_gamma-001-reveal_75-gibbs_mci","mean_row_631",0.421505423777286,0.109616589735823,1.13827766396605,20.0527647390898,25.5441202786154,0.0245508988915759,0.831237138911036,1.05886752937387
"multiplicative_gamma",1,"reveal_75","gibbs_mci","multiplicative_gamma-001-reveal_75-gibbs_mci","mean_row_789",0.348194948336122,0.109379653814365,1.01926278886781,271.26767536466,1819.09044251295,0.00649753095160154,11.2447220761341,75.4058382736259
"multiplicative_gamma",1,"reveal_75","gibbs_mci","multiplicative_gamma-001-reveal_75-gibbs_mci","mean_row_946",2.08232828067816,0.0957264132301699,1.11166469884955,23.7277695459049,45.0865820259617,0.0200439157099979,0.983575258908344,1.86895133584653
"multiplicative_gamma",1,"reveal_75","gibbs_mci","multiplicative_gamma-001-reveal_75-gibbs_mci","mean_row_1104",2.06633632163169,0.0703359937409039,1.01042221571148,597.523289228289,1193.26945123781,0.0028572969386194,24.7688314221642,49.4639964863956
"multiplicative_gamma",1,"reveal_75","gibbs_mci","multiplicative_gamma-001-reveal_75-gibbs_mci","interaction_row_97",-0.632740611270999,0.116143023903899,1.08184855261109,36.0345892851578,556.660304124401,0.0195282394045669,1.4937236480334,23.0749587184712
"multiplicative_gamma",1,"reveal_75","gibbs_mci","multiplicative_gamma-001-reveal_75-gibbs_mci","interaction_row_241",0.52434713636705,0.116438225235119,1.06726780473218,46.2501217954726,671.185751837786,0.0169135505038411,1.9171829628367,27.8223243176001
"multiplicative_gamma",1,"reveal_75","gibbs_mci","multiplicative_gamma-001-reveal_75-gibbs_mci","interaction_row_385",1.34712656340211,0.147624396488905,1.03948917934849,163.532843632869,1109.93499187742,0.0120883406475694,6.77884445501861,46.0095751897455
"multiplicative_gamma",1,"reveal_75","gibbs_mci","multiplicative_gamma-001-reveal_75-gibbs_mci","interaction_row_529",0.345556491778493,0.0954742594030798,1.01015618951352,498.302218745107,691.281667557078,0.00436663515004191,20.6558704503858,28.6553501723212
"multiplicative_gamma",1,"reveal_75","gibbs_mci","multiplicative_gamma-001-reveal_75-gibbs_mci","interaction_row_672",-0.00972322838369316,0.035789822299678,1.07327726873598,38.2864127495025,454.817133686583,0.00486999513645263,1.58706734992134,18.8533051602795
"multiplicative_gamma",1,"reveal_75","gibbs_mci","multiplicative_gamma-001-reveal_75-gibbs_mci","interaction_row_816",-0.0326365125182889,0.029490852042856,1.01165836429833,453.307425069055,259.098204998607,0.00154346658018978,18.7907239706954,10.7402671612754
"multiplicative_gamma",1,"reveal_75","gibbs_mci","multiplicative_gamma-001-reveal_75-gibbs_mci","interaction_row_960",0.0373660402559432,0.0436853173991726,1.03571565025399,149.634468342222,127.56178418241,0.00351084330633989,6.20272211665653,5.28775427716839
"multiplicative_gamma",1,"reveal_75","gibbs_mci","multiplicative_gamma-001-reveal_75-gibbs_mci","interaction_row_1104",0.0250751837278163,0.0448523709588271,1.08042392067803,43.5833184260291,276.632393150333,0.00625760530763787,1.80663730832487,11.4671030156828
"multiplicative_gamma",1,"reveal_75","gibbs_mci","multiplicative_gamma-001-reveal_75-gibbs_mci","observed_log_likelihood",237.583253058111,23.9583854339119,1.4630148019018,7.95356882973242,12.1065325857972,9.70302092583003,0.329695275648003,0.501845986809701
"horseshoe",1,"reveal_75","gibbs_mci","horseshoe-001-reveal_75-gibbs_mci","sigma",9.48601795468252,7.85985436040898,3.0044945145151,4.57993568016799,10.9162161732765,3.81763603788566,0.167892359696763,0.400169220766029
"horseshoe",1,"reveal_75","gibbs_mci","horseshoe-001-reveal_75-gibbs_mci","mean_row_1",11.4906331722024,5.23611448719549,1.37476596538385,136.7724005645,28.4362647824943,0.535860578552218,5.01383483868544,1.04242328466932
"horseshoe",1,"reveal_75","gibbs_mci","horseshoe-001-reveal_75-gibbs_mci","mean_row_159",374.487488051493,5.38427713043354,1.28180345146857,21.0817222345506,35.7371147515852,1.12340131584278,0.772818733624787,1.31005956052587
"horseshoe",1,"reveal_75","gibbs_mci","horseshoe-001-reveal_75-gibbs_mci","mean_row_316",-432.267683059552,11.5407425657186,1.43204246629811,41.5143290964386,49.8056731328429,2.06594893123962,1.52184204319948,1.82578808361168
"horseshoe",1,"reveal_75","gibbs_mci","horseshoe-001-reveal_75-gibbs_mci","mean_row_474",17.9241716658079,3.09834796201837,1.32088290854442,9.87266461950204,38.0344224809573,0.99408114600886,0.361914462388726,1.39427480776265
"horseshoe",1,"reveal_75","gibbs_mci","horseshoe-001-reveal_75-gibbs_mci","mean_row_631",113.489128347065,2.05304799791,1.21017043952935,32.9925031945617,32.8941174223949,0.371607561374457,1.20944694433673,1.20584029555317
"horseshoe",1,"reveal_75","gibbs_mci","horseshoe-001-reveal_75-gibbs_mci","mean_row_789",50.2340495084813,7.7884970924343,1.35416089065667,152.174485418061,45.7461579261834,0.226424134762138,5.57844808893513,1.67697342007344
"horseshoe",1,"reveal_75","gibbs_mci","horseshoe-001-reveal_75-gibbs_mci","mean_row_946",4.13432837142488,7.21379548442592,1.30655505591809,10.4835587564626,43.4673072136244,2.16439987334824,0.384308763388049,1.59343477450142
"horseshoe",1,"reveal_75","gibbs_mci","horseshoe-001-reveal_75-gibbs_mci","mean_row_1104",250.743321668999,15.0785289036007,1.95230577068093,5.57309120982602,30.3024602632096,7.0813588009683,0.204299688765205,1.11083471766596
"horseshoe",1,"reveal_75","gibbs_mci","horseshoe-001-reveal_75-gibbs_mci","interaction_row_97",-170.947392149501,11.9082016202336,1.57157882415783,16.4798132031008,40.5618349860995,3.65866705221492,0.60412086964701,1.48692529000695
"horseshoe",1,"reveal_75","gibbs_mci","horseshoe-001-reveal_75-gibbs_mci","interaction_row_241",42.8113093586212,8.9409214515741,1.46126205448348,88.0496250605769,36.5425275225464,0.816607603809758,3.22774387113079,1.33958457137528
"horseshoe",1,"reveal_75","gibbs_mci","horseshoe-001-reveal_75-gibbs_mci","interaction_row_385",36.1234224126163,4.93704207329525,1.92781135591124,5.61920532558545,32.2376129044686,2.09826270703881,0.2059901508701,1.18177399847753
"horseshoe",1,"reveal_75","gibbs_mci","horseshoe-001-reveal_75-gibbs_mci","interaction_row_529",-26.0318877043428,21.7409053146862,1.90111744795343,5.6720148045353,14.4128196033302,10.6039707249443,0.207926053174065,0.528348531959755
"horseshoe",1,"reveal_75","gibbs_mci","horseshoe-001-reveal_75-gibbs_mci","interaction_row_672",851.156064635257,16.9843612319593,1.63629750964181,6.92232584664696,29.8071191627644,7.30871905110209,0.253760249519666,1.09267638706567
"horseshoe",1,"reveal_75","gibbs_mci","horseshoe-001-reveal_75-gibbs_mci","interaction_row_816",712.185624678877,18.1551062194117,1.58762543536,9.02447867298562,34.1914544075692,6.89533302413256,0.330821462406453,1.25339837998348
"horseshoe",1,"reveal_75","gibbs_mci","horseshoe-001-reveal_75-gibbs_mci","interaction_row_960",-66.4635130945649,56.8682144270639,2.32165904039457,5.04204903813886,18.6658267576669,27.7578695828444,0.184832619895849,0.684256268839288
"horseshoe",1,"reveal_75","gibbs_mci","horseshoe-001-reveal_75-gibbs_mci","interaction_row_1104",9.038479511243,10.2766324819256,2.22833763888047,5.16043113785179,33.5679043086252,4.90809322381447,0.189172298759185,1.23054013375216
"horseshoe",1,"reveal_75","gibbs_mci","horseshoe-001-reveal_75-gibbs_mci","observed_log_likelihood",-2866.05416396714,683.351935902654,3.1250986590222,4.54229569498895,11.4441572282703,330.025354108532,0.166512544264414,0.419522608170034
"realism",1,"reveal_75","gibbs_mci","realism-001-reveal_75-gibbs_mci","sigma",0.199185483725271,0.00539073342903296,1.0072587376144,495.27393441111,1441.05747268052,0.000243310725301843,19.4080463345392,56.469982079255
"realism",1,"reveal_75","gibbs_mci","realism-001-reveal_75-gibbs_mci","mean_row_1",1.26847879025898,0.0655770875448155,1.01126511384589,175.054714320578,760.12173529418,0.0049632700639329,6.85977954937798,29.7865016377669
"realism",1,"reveal_75","gibbs_mci","realism-001-reveal_75-gibbs_mci","mean_row_159",0.304173379011041,0.0547537656178163,1.0193187956608,558.683530435799,815.99118495173,0.00235341079569251,21.892845739872,31.9758291842048
"realism",1,"reveal_75","gibbs_mci","realism-001-reveal_75-gibbs_mci","mean_row_316",0.777571716760973,0.0671379333885878,1.00801262034467,608.356540622268,1278.01737787202,0.00271506596945419,23.8393565822431,50.0810132792039
"realism",1,"reveal_75","gibbs_mci","realism-001-reveal_75-gibbs_mci","mean_row_474",0.145474622873774,0.0974477244282681,1.00358626180558,424.187636324371,1076.62703492719,0.00474879887960175,16.6224239321434,42.1892329216342
"realism",1,"reveal_75","gibbs_mci","realism-001-reveal_75-gibbs_mci","mean_row_631",0.687641070964415,0.0519898599432552,1.03918437362527,84.6524467745703,749.815339453383,0.00569412030369631,3.31723213192404,29.3826301756878
"realism",1,"reveal_75","gibbs_mci","realism-001-reveal_75-gibbs_mci","mean_row_789",-0.884154733965597,0.0838408898359111,1.00906973519532,410.401832539852,898.584054712993,0.0041251989738954,16.0822066906951,35.2123537251846
"realism",1,"reveal_75","gibbs_mci","realism-001-reveal_75-gibbs_mci","mean_row_946",1.04836445425228,0.0727576052545068,1.00094573053249,1023.21159790946,1523.91475144538,0.00227890987492892,40.0960695132823,59.716867880613
"realism",1,"reveal_75","gibbs_mci","realism-001-reveal_75-gibbs_mci","mean_row_1104",-0.994486406822797,0.0645558867276472,1.01715863635189,389.725781740531,1060.1642834828,0.00331640207602199,15.2719848638476,41.5441155015003
"realism",1,"reveal_75","gibbs_mci","realism-001-reveal_75-gibbs_mci","interaction_row_97",-0.01684554390329,0.0441648660621965,1.00828325784266,463.009549677436,632.414566726424,0.00221068387499492,18.1437183932533,24.7821061454766
"realism",1,"reveal_75","gibbs_mci","realism-001-reveal_75-gibbs_mci","interaction_row_241",0.00145881904509787,0.0453939520653651,1.03029326177187,307.760060082879,232.535661858673,0.00323509983529701,12.060036054817,9.11225603897767
"realism",1,"reveal_75","gibbs_mci","realism-001-reveal_75-gibbs_mci","interaction_row_385",0.00232921780278379,0.0287740819408702,1.00551052784489,1068.13641583834,867.03777884873,0.000924175495406852,41.8565153743615,33.9761659488507
"realism",1,"reveal_75","gibbs_mci","realism-001-reveal_75-gibbs_mci","interaction_row_529",0.00189398210822452,0.0312884277781001,1.00765219333864,756.660193920153,947.651397969667,0.00113416541949527,29.6508559865256,37.1351306073772
"realism",1,"reveal_75","gibbs_mci","realism-001-reveal_75-gibbs_mci","interaction_row_672",0.00283612893124254,0.0337511369432154,1.03825497247416,169.264721981416,399.72729608026,0.00245695616857127,6.63289008117145,15.6639090904917
"realism",1,"reveal_75","gibbs_mci","realism-001-reveal_75-gibbs_mci","interaction_row_816",-0.00463739689679754,0.038084396695212,1.0688118788149,43.0898332873609,146.665066650505,0.00526806795345651,1.68853925652888,5.74728894747065
"realism",1,"reveal_75","gibbs_mci","realism-001-reveal_75-gibbs_mci","interaction_row_960",0.000756778896104379,0.0153877729922053,1.01500949807521,337.506163749486,730.782943038951,0.00060193916893798,13.2256814040316,28.6368173924897
"realism",1,"reveal_75","gibbs_mci","realism-001-reveal_75-gibbs_mci","interaction_row_1104",-0.012992169474664,0.0340511618372319,1.09525689991505,31.6989856747482,184.700258356879,0.00517531592954943,1.24217193756604,7.2377545498208
"realism",1,"reveal_75","gibbs_mci","realism-001-reveal_75-gibbs_mci","observed_log_likelihood",166.808950234097,11.7797178940872,1.02048401839223,111.766123872438,195.388329034018,1.15434762778357,4.37972192767888,7.6565825084845
"gamma",2,"reveal_75","gibbs_mci","gamma-002-reveal_75-gibbs_mci","sigma",0.193025922454165,0.00773688405307605,1.3014756677759,10.2739109579508,11.9816791513397,0.00278426934779384,0.388559848642288,0.453147730847536
"gamma",2,"reveal_75","gibbs_mci","gamma-002-reveal_75-gibbs_mci","mean_row_1",0.806676368242897,0.0603619194444148,1.04430824420549,70.0116323440254,601.756435748254,0.00718563171239904,2.64784358927519,22.7584598066735
"gamma",2,"reveal_75","gibbs_mci","gamma-002-reveal_75-gibbs_mci","mean_row_159",0.49154661858495,0.0746670472733901,1.00629486061009,1825.596832401,1878.44302933998,0.00176159034652302,69.0441674823567,71.0428134087206
"gamma",2,"reveal_75","gibbs_mci","gamma-002-reveal_75-gibbs_mci","mean_row_316",1.66668793137294,0.0936676683262317,1.00889817571503,597.324352346925,1384.50583675425,0.00381035640308986,22.5908381811174,52.3620830057202
"gamma",2,"reveal_75","gibbs_mci","gamma-002-reveal_75-gibbs_mci","mean_row_474",1.91301808655402,0.0731118310733945,1.03128324375614,108.033041643397,949.430513553995,0.00709721158213346,4.08581527337833,35.907511574978
"gamma",2,"reveal_75","gibbs_mci","gamma-002-reveal_75-gibbs_mci","mean_row_631",0.941554865458993,0.0872814537667339,1.00325544251036,975.80507142184,1594.13403201736,0.0027974575872823,36.9049987300722,60.290232291417
"gamma",2,"reveal_75","gibbs_mci","gamma-002-reveal_75-gibbs_mci","mean_row_789",1.19210155406809,0.137641240984458,1.05376746478131,72.6395267011614,102.477540076089,0.0161093651868006,2.74723069101627,3.87570591415185
"gamma",2,"reveal_75","gibbs_mci","gamma-002-reveal_75-gibbs_mci","mean_row_946",1.63818867273161,0.0696382727385286,1.00213625089518,1921.8631844203,1885.61698279741,0.00158777031022967,72.6849659400285,71.314132702901
"gamma",2,"reveal_75","gibbs_mci","gamma-002-reveal_75-gibbs_mci","mean_row_1104",1.12329640106071,0.0937652518181056,1.01697428784387,428.440878052182,1274.79601925207,0.00451668856450055,16.2036563689793,48.2128519818489
"gamma",2,"reveal_75","gibbs_mci","gamma-002-reveal_75-gibbs_mci","interaction_row_97",-0.0402376688068575,0.0659152709374326,1.04527797291552,84.1878689629257,1038.27707502883,0.00720563695499163,3.18398959808349,39.2676931670067
"gamma",2,"reveal_75","gibbs_mci","gamma-002-reveal_75-gibbs_mci","interaction_row_241",-0.36430690579909,0.119796544743918,1.12031538089217,22.1671952322526,29.1815993749225,0.0260498300060055,0.838364480626775,1.10364961139603
"gamma",2,"reveal_75","gibbs_mci","gamma-002-reveal_75-gibbs_mci","interaction_row_385",0.168714388885876,0.0666947233264119,1.00607070119041,233.686403323756,469.118341086414,0.00442442793979597,8.83803197018855,17.7420801439588
"gamma",2,"reveal_75","gibbs_mci","gamma-002-reveal_75-gibbs_mci","interaction_row_529",-0.117105910524453,0.0640730506030854,1.0737018357995,39.5415118100618,104.38744625801,0.0101173825820349,1.49546204039415,3.94793866563331
"gamma",2,"reveal_75","gibbs_mci","gamma-002-reveal_75-gibbs_mci","interaction_row_672",-0.0445723722636239,0.0582970869875034,1.02299151563264,264.885714985732,1211.735433976,0.00343901382419373,10.0179915655887,45.8278973554706
"gamma",2,"reveal_75","gibbs_mci","gamma-002-reveal_75-gibbs_mci","interaction_row_816",0.000529096001834415,0.0703357845134711,1.09524772041866,30.754661521023,471.745520393725,0.0124809632220854,1.1631429038623,17.8414402024782
"gamma",2,"reveal_75","gibbs_mci","gamma-002-reveal_75-gibbs_mci","interaction_row_960",-0.153896801994842,0.0602733065866857,1.01353781239752,219.565243123181,699.480212235699,0.00404070055429474,8.30396895439585,26.4543781337959
"gamma",2,"reveal_75","gibbs_mci","gamma-002-reveal_75-gibbs_mci","interaction_row_1104",-0.0716272971790856,0.0509855197698346,1.08896668271567,37.694527520602,447.721220438025,0.00796664720909189,1.42560899816958,16.9328399242852
"gamma",2,"reveal_75","gibbs_mci","gamma-002-reveal_75-gibbs_mci","observed_log_likelihood",195.83322939641,29.2238345108427,1.46509518829287,7.88296566270679,12.7873912255202,12.6394674879325,0.298134172788729,0.483619803544501
"multiplicative_gamma",2,"reveal_75","gibbs_mci","multiplicative_gamma-002-reveal_75-gibbs_mci","sigma",0.263702220019733,0.00748476102166807,1.01485597425757,270.30685261051,1152.38211692712,0.000455944138885145,11.513687975913,49.0855780946083
"multiplicative_gamma",2,"reveal_75","gibbs_mci","multiplicative_gamma-002-reveal_75-gibbs_mci","mean_row_1",1.07752858265857,0.0809282001307654,1.0182520811901,137.204355036885,344.991789472645,0.00690537193371897,5.84420305136451,14.6948839064891
"multiplicative_gamma",2,"reveal_75","gibbs_mci","multiplicative_gamma-002-reveal_75-gibbs_mci","mean_row_159",1.56244366143339,0.10352849105451,1.00659635485527,594.551481650385,1212.25214896081,0.00424683348328865,25.3248490714479,51.6357349303918
"multiplicative_gamma",2,"reveal_75","gibbs_mci","multiplicative_gamma-002-reveal_75-gibbs_mci","mean_row_316",5.1804861261901,0.174360273807199,1.01678343716369,240.562702808611,825.909653467394,0.0112688323691452,10.2467394815611,35.1795226590872
"multiplicative_gamma",2,"reveal_75","gibbs_mci","multiplicative_gamma-002-reveal_75-gibbs_mci","mean_row_474",-0.339043361497445,0.115093886436915,1.01600793662763,237.316258423223,1155.87990752733,0.00755304893747637,10.1084575722291,49.2345660658231
"multiplicative_gamma",2,"reveal_75","gibbs_mci","multiplicative_gamma-002-reveal_75-gibbs_mci","mean_row_631",1.58398688164764,0.121615733906859,1.01130665532613,515.529016625377,1436.99200740887,0.00538653173643418,21.9588966488638,61.2085022536469
"multiplicative_gamma",2,"reveal_75","gibbs_mci","multiplicative_gamma-002-reveal_75-gibbs_mci","mean_row_789",2.50058714421546,0.121882596885675,1.00164751165683,1057.14957185227,1337.72716522119,0.00373106041271719,45.0291592559641,56.9803282029725
"multiplicative_gamma",2,"reveal_75","gibbs_mci","multiplicative_gamma-002-reveal_75-gibbs_mci","mean_row_946",0.656375960514195,0.125533050502635,1.02438757444341,151.283780426655,1181.85868529753,0.0103905409111077,6.44391448765407,50.3411289899701
"multiplicative_gamma",2,"reveal_75","gibbs_mci","multiplicative_gamma-002-reveal_75-gibbs_mci","mean_row_1104",3.34230826784915,0.137164297626733,1.00784425661839,812.751690010958,1598.22742077613,0.0047794509759493,34.6190607833605,68.0763053531595
"multiplicative_gamma",2,"reveal_75","gibbs_mci","multiplicative_gamma-002-reveal_75-gibbs_mci","interaction_row_97",0.21818761981683,0.109593364108566,1.00564538328275,433.615371033491,1109.14223950097,0.00524346295601987,18.4697947366993,47.2437807003008
"multiplicative_gamma",2,"reveal_75","gibbs_mci","multiplicative_gamma-002-reveal_75-gibbs_mci","interaction_row_241",0.158032222831025,0.0987918761351736,1.02407463284,310.618450774127,767.65662966563,0.00598190032020786,13.2307556661467,32.6982420950559
"multiplicative_gamma",2,"reveal_75","gibbs_mci","multiplicative_gamma-002-reveal_75-gibbs_mci","interaction_row_385",0.17236053963137,0.102158573981908,1.02236668683012,406.613486198926,902.471756371978,0.00499738093824895,17.3196526898209,38.4406762521606
"multiplicative_gamma",2,"reveal_75","gibbs_mci","multiplicative_gamma-002-reveal_75-gibbs_mci","interaction_row_529",-0.105241611507807,0.111452495699412,1.01705524820585,267.620599092394,527.582924805595,0.00702708126236742,11.3992673294029,22.4723314224813
"multiplicative_gamma",2,"reveal_75","gibbs_mci","multiplicative_gamma-002-reveal_75-gibbs_mci","interaction_row_672",0.0232394468118543,0.0784860552554925,1.01222369404743,851.954043165127,1226.41093518381,0.00272764671780111,36.2888803154203,52.2388267318569
"multiplicative_gamma",2,"reveal_75","gibbs_mci","multiplicative_gamma-002-reveal_75-gibbs_mci","interaction_row_816",0.0413486840355783,0.0829993950851994,1.00681265440129,600.864323519671,1235.0338452633,0.00327341365854688,25.5937438139314,52.6061185527663
"multiplicative_gamma",2,"reveal_75","gibbs_mci","multiplicative_gamma-002-reveal_75-gibbs_mci","interaction_row_960",0.0149144427960756,0.0806857940417613,1.01042721451401,831.655966821838,1127.64878856228,0.00281475924681844,35.4242861874104,48.0320649385473
"multiplicative_gamma",2,"reveal_75","gibbs_mci","multiplicative_gamma-002-reveal_75-gibbs_mci","interaction_row_1104",-0.0276276479456906,0.0822049464711772,1.01626750053521,499.117156314694,1162.75943967333,0.00397741671209923,21.2598354267876,49.5275989126943
"multiplicative_gamma",2,"reveal_75","gibbs_mci","multiplicative_gamma-002-reveal_75-gibbs_mci","observed_log_likelihood",-83.472655048294,13.8593918882549,1.0361959931355,94.1812190491092,371.791040705118,1.42466478427478,4.01163773263657,15.8363947993831
"horseshoe",2,"reveal_75","gibbs_mci","horseshoe-002-reveal_75-gibbs_mci","sigma",66.5513063633224,62.1720747416096,3.49500526933082,4.45252004622324,,30.6648795591085,0.183662089932071,
"horseshoe",2,"reveal_75","gibbs_mci","horseshoe-002-reveal_75-gibbs_mci","mean_row_1",15.3986498483348,22.6453922973741,1.53167862994183,7.33559964086529,28.1149751471069,9.50046184428051,0.302586298761095,1.15971518158259
"horseshoe",2,"reveal_75","gibbs_mci","horseshoe-002-reveal_75-gibbs_mci","mean_row_159",358.428865217303,72.0135225567305,1.5309351360857,9.65525508941444,38.0658090715285,27.0500333325751,0.398269813530272,1.57017733248889
"horseshoe",2,"reveal_75","gibbs_mci","horseshoe-002-reveal_75-gibbs_mci","mean_row_316",915.589735183321,484.509523807568,2.0457398034194,5.38794132746923,29.4097282170927,239.850580907765,0.222247301384697,1.21312247729623
"horseshoe",2,"reveal_75","gibbs_mci","horseshoe-002-reveal_75-gibbs_mci","mean_row_474",493.300666646036,45.7789262625606,1.36413532048168,14.2957495390277,30.9217107522057,12.2504582219917,0.589685663450382,1.27549027563443
"horseshoe",2,"reveal_75","gibbs_mci","horseshoe-002-reveal_75-gibbs_mci","mean_row_631",-14.5092542718469,49.6540800069508,1.44246368776093,8.52342972130692,33.551122294781,20.2252733638178,0.351583125904668,1.38395092582522
"horseshoe",2,"reveal_75","gibbs_mci","horseshoe-002-reveal_75-gibbs_mci","mean_row_789",-379.185201127853,95.679965580125,2.03728736123241,5.45519428032152,27.7993042163804,44.254336720249,0.225021419804541,1.14669406494164
"horseshoe",2,"reveal_75","gibbs_mci","horseshoe-002-reveal_75-gibbs_mci","mean_row_946",2610.31558368717,129.616811621445,1.81726144260938,9.26339344544549,36.6900080494043,51.0501785786833,0.382105904609389,1.51342688814932
"horseshoe",2,"reveal_75","gibbs_mci","horseshoe-002-reveal_75-gibbs_mci","mean_row_1104",42.4334844721304,75.3276985311534,2.31072214844096,5.09450896676475,29.9900592696537,35.8570055439828,0.210143503970825,1.23706056468479
"horseshoe",2,"reveal_75","gibbs_mci","horseshoe-002-reveal_75-gibbs_mci","interaction_row_97",771.644909683362,91.5205257195423,1.7074549996233,6.82119999818403,28.5713542958375,38.4171351082108,0.281367817439425,1.1785403743694
"horseshoe",2,"reveal_75","gibbs_mci","horseshoe-002-reveal_75-gibbs_mci","interaction_row_241",87.5895860685847,28.9034681276414,1.55103947826593,7.03063204576211,39.2701954107272,11.577095944243,0.290006684228935,1.61985708908662
"horseshoe",2,"reveal_75","gibbs_mci","horseshoe-002-reveal_75-gibbs_mci","interaction_row_385",784.540372008719,42.8432321618678,1.56662613507307,69.7619853753865,30.8602607977317,4.97403043428417,2.87761355341278,1.2729555252127
"horseshoe",2,"reveal_75","gibbs_mci","horseshoe-002-reveal_75-gibbs_mci","interaction_row_529",-80.9872841698628,56.8143313468836,1.63100987115675,7.00525073709778,29.777257950265,21.0880878315892,0.288959730111691,1.22828271873385
"horseshoe",2,"reveal_75","gibbs_mci","horseshoe-002-reveal_75-gibbs_mci","interaction_row_672",-28.8965176857866,18.0671821102492,1.99304247143384,5.533482854941,37.7092545683441,7.43434238800733,0.228250746811078,1.55546980853623
"horseshoe",2,"reveal_75","gibbs_mci","horseshoe-002-reveal_75-gibbs_mci","interaction_row_816",-18.7800912896366,17.4008068371217,1.63867093035833,6.6723465268395,29.8637505296455,8.06464644973632,0.275227757572885,1.23185045289961
"horseshoe",2,"reveal_75","gibbs_mci","horseshoe-002-reveal_75-gibbs_mci","interaction_row_960",-35.6445846170164,17.071740289264,1.18099300607283,15.9575911229171,47.9911106948516,4.28250965210897,0.658235000739059,1.97958630098797
"horseshoe",2,"reveal_75","gibbs_mci","horseshoe-002-reveal_75-gibbs_mci","interaction_row_1104",13.5022822146443,79.8426952537862,2.36321197510202,5.10922021397225,30.5379000916548,38.8606486746867,0.210750328506052,1.25965846189228
"horseshoe",2,"reveal_75","gibbs_mci","horseshoe-002-reveal_75-gibbs_mci","observed_log_likelihood",-4556.94439088485,1366.64173745126,2.89766939289036,4.65141907175905,27.9360495359171,673.004734995357,0.191866479881162,1.15233467540803
"realism",2,"reveal_75","gibbs_mci","realism-002-reveal_75-gibbs_mci","sigma",0.200269581302884,0.00531008925363866,1.00472548697134,697.992174817975,837.675801829288,0.000200255552562316,26.7409460891107,32.0923991199631
"realism",2,"reveal_75","gibbs_mci","realism-002-reveal_75-gibbs_mci","mean_row_1",1.7737803559433,0.0606010887500547,1.02297483689898,119.662788892985,392.047392559982,0.00553469462149428,4.58442988632992,15.0198219508075
"realism",2,"reveal_75","gibbs_mci","realism-002-reveal_75-gibbs_mci","mean_row_159",-0.138822257544092,0.0612634428079918,1.01377753394025,565.971995634529,1233.2596196471,0.00262181128875287,21.6830892511885,47.247705909397
"realism",2,"reveal_75","gibbs_mci","realism-002-reveal_75-gibbs_mci","mean_row_316",1.68887280553241,0.0673966141694159,1.00916670412481,350.281454985655,636.283925620867,0.00363865925913962,13.419717070939,24.3768265121776
"realism",2,"reveal_75","gibbs_mci","realism-002-reveal_75-gibbs_mci","mean_row_474",0.795966035798608,0.0875471727992686,1.03366480845434,173.745202931587,391.351787941459,0.00676087989586498,6.6563942583551,14.9931724749618
"realism",2,"reveal_75","gibbs_mci","realism-002-reveal_75-gibbs_mci","mean_row_631",-0.285410831198784,0.0759135874989961,1.00962242962773,355.373328578889,858.770443955354,0.00406250398897449,13.6147930648565,32.9005610280953
"realism",2,"reveal_75","gibbs_mci","realism-002-reveal_75-gibbs_mci","mean_row_789",-0.173762257746517,0.134321945906789,1.00530153850386,486.23862244428,837.193299826969,0.00590429669309281,18.628404813588,32.0739138697019
"realism",2,"reveal_75","gibbs_mci","realism-002-reveal_75-gibbs_mci","mean_row_946",-0.392544429824799,0.0921146184583095,1.01418346725975,334.404662995939,644.019774189755,0.00518895913528959,12.8114574743673,24.6731964673108
"realism",2,"reveal_75","gibbs_mci","realism-002-reveal_75-gibbs_mci","mean_row_1104",-0.494999706048942,0.0831928937183474,1.06021190581884,43.8776144597746,447.421780231184,0.0125391124107989,1.68100584092307,17.1412834354141
"realism",2,"reveal_75","gibbs_mci","realism-002-reveal_75-gibbs_mci","interaction_row_97",0.00579739832609725,0.0446651233122162,1.01508282044368,631.614255093897,499.293591009275,0.00212259465464397,24.1979256414792,19.128556854236
"realism",2,"reveal_75","gibbs_mci","realism-002-reveal_75-gibbs_mci","interaction_row_241",-0.0141803986737377,0.0534229805592784,1.01885043847312,518.452092353637,427.746558002928,0.00272960329773099,19.8625428072037,16.3875012643829
"realism",2,"reveal_75","gibbs_mci","realism-002-reveal_75-gibbs_mci","interaction_row_385",0.0431344793127695,0.0628667805665554,1.01158066069177,477.258488323519,1144.8760872625,0.00302603389627499,18.2843647354039,43.8616231423833
"realism",2,"reveal_75","gibbs_mci","realism-002-reveal_75-gibbs_mci","interaction_row_529",-0.0098367846959783,0.0391670240765292,1.0144192663111,546.979300561899,476.856889899837,0.00227674249338049,20.9554555421766,18.2689790016026
"realism",2,"reveal_75","gibbs_mci","realism-002-reveal_75-gibbs_mci","interaction_row_672",0.00429903190107098,0.026079539341495,1.02367393751986,763.662038510979,793.376826641793,0.000957668225780359,29.2568400318355,30.3952504268555
"realism",2,"reveal_75","gibbs_mci","realism-002-reveal_75-gibbs_mci","interaction_row_816",0.00415197927565593,0.0317804234926308,1.05942341379242,57.7605323262614,144.548159171855,0.00314997080111678,2.21287764639724,5.53781929246239
"realism",2,"reveal_75","gibbs_mci","realism-002-reveal_75-gibbs_mci","interaction_row_960",0.0427496695739035,0.0941793159861975,1.0331912321426,81.6152280709729,230.959069249902,0.0102096039775527,3.12678063255582,8.84832845183892
"realism",2,"reveal_75","gibbs_mci","realism-002-reveal_75-gibbs_mci","interaction_row_1104",0.0010972811003875,0.0267167802433009,1.02878580579888,269.43835041159,408.021962037184,0.0013152000280833,10.3225174473828,15.6318275242196
"realism",2,"reveal_75","gibbs_mci","realism-002-reveal_75-gibbs_mci","observed_log_likelihood",161.735523550717,10.9201702375407,1.01535200868758,224.044890065017,430.650181680021,0.736893165623888,8.58343767010246,16.4987426894497
"gamma",1,"reveal_25","gibbs_mic","gamma-001-reveal_25-gibbs_mic","sigma",0.189895311944554,0.00935229169994988,1.01279565729493,366.30309759738,737.841485165495,0.000487315515634508,16.2526886856589,32.7376646182223
"gamma",1,"reveal_25","gibbs_mic","gamma-001-reveal_25-gibbs_mic","mean_row_1",1.16863251407885,0.110669313300973,1.04331107355493,153.536505564197,266.318208310052,0.00895217752047747,6.81233940740956,11.8164082132422
"gamma",1,"reveal_25","gibbs_mic","gamma-001-reveal_25-gibbs_mic","mean_row_159",1.39461659599009,0.100186257994802,1.00257276851148,1115.17242340737,1724.53781435109,0.00300146550167022,49.4796531816208,76.516896545882
"gamma",1,"reveal_25","gibbs_mic","gamma-001-reveal_25-gibbs_mic","mean_row_316",1.1765949177896,0.236198558342673,1.01315118669248,358.595805410955,794.641579386697,0.0119828927027623,15.9107199135218,35.2578569254901
"gamma",1,"reveal_25","gibbs_mic","gamma-001-reveal_25-gibbs_mic","mean_row_474",2.01048242180746,0.183307537690314,1.02227668112476,328.200506527698,947.53114128365,0.01014549946683,14.5620954178586,42.0414917598567
"gamma",1,"reveal_25","gibbs_mic","gamma-001-reveal_25-gibbs_mic","mean_row_631",0.746024180320183,0.15244530384494,1.00790391717864,879.739023869158,1219.49593396576,0.005085149663454,39.0335887775826,54.1084361507571
"gamma",1,"reveal_25","gibbs_mic","gamma-001-reveal_25-gibbs_mic","mean_row_789",1.02282728751346,0.13873403863593,1.00867582311007,473.623901415766,883.526732188718,0.00646250724809604,21.014460085889,39.2016475369916
"gamma",1,"reveal_25","gibbs_mic","gamma-001-reveal_25-gibbs_mic","mean_row_946",1.96242237241,0.213015439803655,1.00089125806402,1176.67751563001,1431.573914136,0.00624314000715232,52.2086039413439,63.5182320585678
"gamma",1,"reveal_25","gibbs_mic","gamma-001-reveal_25-gibbs_mic","mean_row_1104",1.50712448500544,0.160789886265509,1.01104474072881,438.385417204511,1083.73207347723,0.00770241567711063,19.4509458339032,48.0846602838421
"gamma",1,"reveal_25","gibbs_mic","gamma-001-reveal_25-gibbs_mic","interaction_row_97",-0.156394532896864,0.374763736310235,1.01769547486369,223.089755008581,651.417551121632,0.0239327539758511,9.89838295361526,28.9030770752343
"gamma",1,"reveal_25","gibbs_mic","gamma-001-reveal_25-gibbs_mic","interaction_row_241",0.668549457476849,0.224986326949789,1.01775732457596,381.472512765122,684.055857306961,0.0118893042430281,16.9257481926135,30.3512227041867
"gamma",1,"reveal_25","gibbs_mic","gamma-001-reveal_25-gibbs_mic","interaction_row_385",0.0676287789409143,0.164514106231297,1.01759486791958,257.898775832813,776.775618203691,0.00990704235839779,11.442842125868,34.4651529951056
"gamma",1,"reveal_25","gibbs_mic","gamma-001-reveal_25-gibbs_mic","interaction_row_529",0.0979943965513796,0.266271104779595,1.02226850514437,200.256894498877,423.687473998484,0.017995481509134,8.88530013749564,18.7988053065261
"gamma",1,"reveal_25","gibbs_mic","gamma-001-reveal_25-gibbs_mic","interaction_row_672",0.0199285700078964,0.0530991186113288,1.00962791616434,713.432449693799,991.777245670748,0.00198743512429145,31.6546476925103,44.0046696987642
"gamma",1,"reveal_25","gibbs_mic","gamma-001-reveal_25-gibbs_mic","interaction_row_816",-0.0749769467195317,0.0604821367001569,1.00827624475865,824.089539560428,1454.54576910936,0.0020632495994477,36.5644484674961,64.5374819908315
"gamma",1,"reveal_25","gibbs_mic","gamma-001-reveal_25-gibbs_mic","interaction_row_960",-0.0159018530173056,0.0655587761789953,1.008131904645,947.217740882726,848.115935164851,0.00222630698093087,42.0275863378617,37.6304878500688
"gamma",1,"reveal_25","gibbs_mic","gamma-001-reveal_25-gibbs_mic","interaction_row_1104",0.0623297203225425,0.0880582018025211,1.00672115647028,725.661980919796,772.003885857629,0.00316325232414544,32.1972659916495,34.2534335725276
"gamma",1,"reveal_25","gibbs_mic","gamma-001-reveal_25-gibbs_mic","observed_log_likelihood",87.6429202157511,14.0097993391699,1.01999727778152,205.910052665931,440.807439319905,0.976411935379623,9.13612799121178,19.5584097666122
"multiplicative_gamma",1,"reveal_25","gibbs_mic","multiplicative_gamma-001-reveal_25-gibbs_mic","sigma",0.18169932407605,0.00888631950461885,1.02524101894008,169.68228296357,697.917343999585,0.000673360044300001,7.77788242407267,31.991077374385
"multiplicative_gamma",1,"reveal_25","gibbs_mic","multiplicative_gamma-001-reveal_25-gibbs_mic","mean_row_1",0.735410908999949,0.101662702485058,1.03228999090515,149.872063701406,611.215655462103,0.00799305864199633,6.86982323530463,28.0168525606024
"multiplicative_gamma",1,"reveal_25","gibbs_mic","multiplicative_gamma-001-reveal_25-gibbs_mic","mean_row_159",-0.224508808996977,0.111043956735583,1.0027596751792,1195.63254479283,1441.68275761785,0.00321427367324319,54.8053055002212,66.0837347642945
"multiplicative_gamma",1,"reveal_25","gibbs_mic","multiplicative_gamma-001-reveal_25-gibbs_mic","mean_row_316",0.488413804745807,0.121204882060534,1.01272583981805,686.790152260958,1274.21874074054,0.00458748451003269,31.4810300816354,58.4075330372448
"multiplicative_gamma",1,"reveal_25","gibbs_mic","multiplicative_gamma-001-reveal_25-gibbs_mic","mean_row_474",1.20983871306741,0.128298154827827,1.00781699328602,549.150190313895,1055.42188081377,0.00546716073652395,25.1719009128115,48.3783407047015
"multiplicative_gamma",1,"reveal_25","gibbs_mic","multiplicative_gamma-001-reveal_25-gibbs_mic","mean_row_631",0.717239621749384,0.152340367660223,1.02926212077222,240.432946997842,459.297262443999,0.0108827018533234,11.0209454986176,21.0532298516684
"multiplicative_gamma",1,"reveal_25","gibbs_mic","multiplicative_gamma-001-reveal_25-gibbs_mic","mean_row_789",0.287704519157562,0.151806183122678,1.00223043186268,1126.19858207247,1558.3395134819,0.00452373991276402,51.6225972713819,71.4310374716674
"multiplicative_gamma",1,"reveal_25","gibbs_mic","multiplicative_gamma-001-reveal_25-gibbs_mic","mean_row_946",1.99059074988285,0.162715996342355,1.00501444788509,464.022617849682,1106.49385438301,0.00747758138765724,21.2698303011405,50.719373596581
"multiplicative_gamma",1,"reveal_25","gibbs_mic","multiplicative_gamma-001-reveal_25-gibbs_mic","mean_row_1104",2.19201124157148,0.120668683246323,1.00226818958177,841.161956875825,919.55466197646,0.00414837089847978,38.5571120680154,42.1504703876264
"multiplicative_gamma",1,"reveal_25","gibbs_mic","multiplicative_gamma-001-reveal_25-gibbs_mic","interaction_row_97",-0.30819190552726,0.219337622388329,1.00571777285795,771.777202325475,1212.06073156021,0.00788668575104245,35.3766594391948,55.5583393637795
"multiplicative_gamma",1,"reveal_25","gibbs_mic","multiplicative_gamma-001-reveal_25-gibbs_mic","interaction_row_241",0.455304042215746,0.158078795437785,1.00588572852615,516.219566841725,726.627112960005,0.00694415485787702,23.662429723218,33.307073384672
"multiplicative_gamma",1,"reveal_25","gibbs_mic","multiplicative_gamma-001-reveal_25-gibbs_mic","interaction_row_385",0.755511726037987,0.452788281693407,1.00827572367436,531.949766270637,1078.296978191,0.0198803871929298,24.383469301001,49.4268875225062
"multiplicative_gamma",1,"reveal_25","gibbs_mic","multiplicative_gamma-001-reveal_25-gibbs_mic","interaction_row_529",0.125638592030699,0.172707860798736,1.00449789417416,776.3540218212,923.950331720147,0.00627307874425979,35.5864513119362,42.3519587330466
"multiplicative_gamma",1,"reveal_25","gibbs_mic","multiplicative_gamma-001-reveal_25-gibbs_mic","interaction_row_672",0.00695843764955633,0.0372753544504928,1.00902865169599,553.137772855716,867.296127655784,0.001697603481212,25.3546833908927,39.755048022359
"multiplicative_gamma",1,"reveal_25","gibbs_mic","multiplicative_gamma-001-reveal_25-gibbs_mic","interaction_row_816",-0.0293744093065338,0.0406491014567397,1.01550022982675,442.632376631992,755.199528289904,0.00186167333027618,20.2893461969193,34.6167733906263
"multiplicative_gamma",1,"reveal_25","gibbs_mic","multiplicative_gamma-001-reveal_25-gibbs_mic","interaction_row_960",-0.0226795306769217,0.0630217808466929,1.01710699288218,273.916844938815,720.307027357683,0.00376107201563413,12.5557776374594,33.0173738246096
"multiplicative_gamma",1,"reveal_25","gibbs_mic","multiplicative_gamma-001-reveal_25-gibbs_mic","interaction_row_1104",0.00084557837087508,0.0608712640581724,1.0179620609879,342.528057794086,527.742919380681,0.00329696493574754,15.7007727261682,24.1906362019014
"multiplicative_gamma",1,"reveal_25","gibbs_mic","multiplicative_gamma-001-reveal_25-gibbs_mic","observed_log_likelihood",105.232092425262,14.1409897902273,1.0581655659753,54.6371644883404,321.102799975931,1.91733983875168,2.50445381776404,14.7186835339169
"horseshoe",1,"reveal_25","gibbs_mic","horseshoe-001-reveal_25-gibbs_mic","sigma",9.0672124920851,6.92404952873817,2.61995971476288,4.78358811089531,11.4696216981585,2.62879165499228,0.201227835726707,0.482484506905536
"horseshoe",1,"reveal_25","gibbs_mic","horseshoe-001-reveal_25-gibbs_mic","mean_row_1",10.1769587454953,4.84765391828798,1.14646585735868,78.6953837260596,95.7633603304473,0.539787672294239,3.31042334368413,4.0284099078936
"horseshoe",1,"reveal_25","gibbs_mic","horseshoe-001-reveal_25-gibbs_mic","mean_row_159",375.111338735342,11.1550610874429,1.30475179658941,10.224833081554,19.3587835179443,3.31756324474817,0.430120859900469,0.814352327021042
"horseshoe",1,"reveal_25","gibbs_mic","horseshoe-001-reveal_25-gibbs_mic","mean_row_316",763.225897047603,1570.04078781257,2.57981445661559,4.81094721542378,11.290296428229,763.741823881268,0.202378731929318,0.474940956933743
"horseshoe",1,"reveal_25","gibbs_mic","horseshoe-001-reveal_25-gibbs_mic","mean_row_474",34.4321764726251,60.4523709881525,1.37545975693741,15.864118937915,25.6045142233466,17.2224408671459,0.667344730687991,1.07708708662908
"horseshoe",1,"reveal_25","gibbs_mic","horseshoe-001-reveal_25-gibbs_mic","mean_row_631",102.247890002673,87.7795232450521,1.41534103018869,12.5283013163911,11.4698321855762,20.4893574896372,0.527019237606891,0.482493361331658
"horseshoe",1,"reveal_25","gibbs_mic","horseshoe-001-reveal_25-gibbs_mic","mean_row_789",46.0417920009908,10.8712881190089,1.23724612344894,12.3895683843574,21.3042933959284,3.05158511013987,0.52118325695597,0.896192722359426
"horseshoe",1,"reveal_25","gibbs_mic","horseshoe-001-reveal_25-gibbs_mic","mean_row_946",70.5470798156311,156.542482562668,2.06918269575086,5.37664187588836,13.815572560004,71.1045889171161,0.226175411235417,0.581169971395083
"horseshoe",1,"reveal_25","gibbs_mic","horseshoe-001-reveal_25-gibbs_mic","mean_row_1104",478.14908837094,312.417164313485,1.84001395600338,6.40607927677851,13.6187160201503,124.803080689882,0.269480030152216,0.572888945824928
"horseshoe",1,"reveal_25","gibbs_mic","horseshoe-001-reveal_25-gibbs_mic","interaction_row_97",-46.8836106892697,693.398545640858,1.54346833725675,10.1667253634547,11.602617079179,190.110771672729,0.427676483402939,0.48807913003445
"horseshoe",1,"reveal_25","gibbs_mic","horseshoe-001-reveal_25-gibbs_mic","interaction_row_241",42.1688528127455,6.99941272812874,1.21059998007304,15.0519616563523,19.2130744062302,1.84409940935197,0.633180281690737,0.808222884327363
"horseshoe",1,"reveal_25","gibbs_mic","horseshoe-001-reveal_25-gibbs_mic","interaction_row_385",9.51010776878288,107.772809161201,1.45814716943456,11.141534982257,12.0319062841267,29.96469262249,0.468683113842205,0.50613773700684
"horseshoe",1,"reveal_25","gibbs_mic","horseshoe-001-reveal_25-gibbs_mic","interaction_row_529",-30.5750478265455,232.423177285156,1.64464172034162,10.7990071807301,12.5817600079344,63.0564038662045,0.454274237789417,0.529268046774959
"horseshoe",1,"reveal_25","gibbs_mic","horseshoe-001-reveal_25-gibbs_mic","interaction_row_672",865.159600067306,18.2579788227917,1.29032679977502,11.1294548005772,68.2626019557451,5.51581721835368,0.468174945338094,2.87155485258895
"horseshoe",1,"reveal_25","gibbs_mic","horseshoe-001-reveal_25-gibbs_mic","interaction_row_816",725.049168170846,15.4988709463537,1.13118873103903,23.3608259952453,40.2428891978703,3.17665202645022,0.982703432409772,1.69286930834048
"horseshoe",1,"reveal_25","gibbs_mic","horseshoe-001-reveal_25-gibbs_mic","interaction_row_960",-110.010921020658,10.7432257612671,1.17058098018193,16.5093982549188,37.7496339580412,2.43170618599725,0.694489241751586,1.5879872942134
"horseshoe",1,"reveal_25","gibbs_mic","horseshoe-001-reveal_25-gibbs_mic","interaction_row_1104",235.742059468898,319.124736545112,1.78645161688142,6.27420930424945,13.9019222179704,128.448062070586,0.263932748790569,0.584802381708326
"horseshoe",1,"reveal_25","gibbs_mic","horseshoe-001-reveal_25-gibbs_mic","observed_log_likelihood",-1225.21101420317,191.461502635624,2.86643865941407,4.64643989475502,11.4944069600601,86.3078839884385,0.1954585182044,0.483527131081103
"realism",1,"reveal_25","gibbs_mic","realism-001-reveal_25-gibbs_mic","sigma",0.205713898316354,0.00910734360309471,1.00661709077391,405.167273865953,1119.86431019561,0.000452878361102123,17.3869147262565,48.0566583785614
"realism",1,"reveal_25","gibbs_mic","realism-001-reveal_25-gibbs_mic","mean_row_1",1.31348518673872,0.0884304785782627,1.03189920111767,153.933440845926,470.102225255236,0.0071006143396465,6.60573492022172,20.173463728071
"realism",1,"reveal_25","gibbs_mic","realism-001-reveal_25-gibbs_mic","mean_row_159",0.374102572059422,0.0811894399830952,1.00012006255643,645.377415775036,1126.70667128208,0.00318819898375907,27.6950356509908,48.3502841386125
"realism",1,"reveal_25","gibbs_mic","realism-001-reveal_25-gibbs_mic","mean_row_316",0.750024279920667,0.103628080051372,1.01096642292813,605.33130754309,1426.15416030342,0.00385497824769068,25.976539825048,61.2004531735582
"realism",1,"reveal_25","gibbs_mic","realism-001-reveal_25-gibbs_mic","mean_row_474",0.613965986836314,0.199112120672142,1.00905755218665,438.185535291198,526.219881691011,0.0093391787640937,18.803825056482,22.5816367717038
"realism",1,"reveal_25","gibbs_mic","realism-001-reveal_25-gibbs_mic","mean_row_631",0.615123743802662,0.114368477060331,1.02329923562571,317.154795072691,654.053234023404,0.00643868894386214,13.6100414140966,28.0673404292755
"realism",1,"reveal_25","gibbs_mic","realism-001-reveal_25-gibbs_mic","mean_row_789",-0.871236481726641,0.0975123664055499,1.00280529910577,1244.29625062888,1768.62508682279,0.0027612715156907,53.3963974865418,75.8968839558338
"realism",1,"reveal_25","gibbs_mic","realism-001-reveal_25-gibbs_mic","mean_row_946",1.14276352843722,0.246929493498642,1.00707983423583,506.498273874733,864.784227769678,0.0109531257139959,21.7353248025892,37.1104247422942
"realism",1,"reveal_25","gibbs_mic","realism-001-reveal_25-gibbs_mic","mean_row_1104",-1.02708287085531,0.119166516929419,1.00302540798189,690.076013158509,1197.67735772699,0.00452674603792182,29.6131834166636,51.3958442143497
"realism",1,"reveal_25","gibbs_mic","realism-001-reveal_25-gibbs_mic","interaction_row_97",0.00265171040976849,0.0631236133491799,1.00737879478363,1831.40829187091,947.472398712004,0.00175976718712019,78.5910952182517,40.6588164061284
"realism",1,"reveal_25","gibbs_mic","realism-001-reveal_25-gibbs_mic","interaction_row_241",0.00139580712455713,0.0608453577814712,1.00089886549541,1974.90503471849,911.37991725107,0.00123382286419916,84.7489608513279,39.1099822877344
"realism",1,"reveal_25","gibbs_mic","realism-001-reveal_25-gibbs_mic","interaction_row_385",0.000843674373530663,0.0701915606777077,1.01073489998389,1730.06027510283,936.399500359331,0.00170489630123509,74.241954902924,40.1836458979245
"realism",1,"reveal_25","gibbs_mic","realism-001-reveal_25-gibbs_mic","interaction_row_529",-0.00424199833293698,0.10723076106203,1.01512246811355,1431.50587437216,641.445328577835,0.00365692433884108,61.4301109029812,27.5262982696579
"realism",1,"reveal_25","gibbs_mic","realism-001-reveal_25-gibbs_mic","interaction_row_672",0.0054453573582705,0.0310253897610128,1.00286701889261,1232.74987138168,463.359080500067,0.00111418686969117,52.9009085260133,19.8840956314667
"realism",1,"reveal_25","gibbs_mic","realism-001-reveal_25-gibbs_mic","interaction_row_816",-0.0100984870825202,0.045550797975723,1.01499385912421,357.270125687968,152.118996608735,0.00381736109195089,15.3315077753066,6.5278718022888
"realism",1,"reveal_25","gibbs_mic","realism-001-reveal_25-gibbs_mic","interaction_row_960",-0.00783330928036403,0.0468065911187405,1.00430434373435,1333.4897037147,783.163657619542,0.0017616029561106,57.2239498654552,33.6078469561664
"realism",1,"reveal_25","gibbs_mic","realism-001-reveal_25-gibbs_mic","interaction_row_1104",0.00324288633597887,0.0479527864426986,1.00239333476351,1252.90413802019,390.652911146527,0.00231620758713957,53.7657871527357,16.7640608997352
"realism",1,"reveal_25","gibbs_mic","realism-001-reveal_25-gibbs_mic","observed_log_likelihood",55.8332645373975,9.68217193523437,1.01016356709264,193.804566984639,415.515893194709,0.696202133113387,8.31672175190489,17.8310042996486
"gamma",2,"reveal_25","gibbs_mic","gamma-002-reveal_25-gibbs_mic","sigma",0.196187330885627,0.0103968595560278,1.03154125757838,150.332791540648,631.655437655624,0.000837863479223763,6.13778596091327,25.7892229476024
"gamma",2,"reveal_25","gibbs_mic","gamma-002-reveal_25-gibbs_mic","mean_row_1",0.76047451812365,0.0918556409069885,1.00761323351607,387.300409392104,1037.2011018559,0.00467085959802665,15.8126978888705,42.3468379478178
"gamma",2,"reveal_25","gibbs_mic","gamma-002-reveal_25-gibbs_mic","mean_row_159",0.609980924297635,0.173223584227763,1.0053504787245,792.040517294643,1126.32213802291,0.00617263458841825,32.3374236432714,45.9854708701636
"gamma",2,"reveal_25","gibbs_mic","gamma-002-reveal_25-gibbs_mic","mean_row_316",1.62353054255238,0.141947438243909,1.00956462280529,692.705709093421,1183.46560221501,0.00539924177753427,28.2817829213825,48.3185237502559
"gamma",2,"reveal_25","gibbs_mic","gamma-002-reveal_25-gibbs_mic","mean_row_474",1.90775673717804,0.114399703648219,1.00082439678599,1059.69702039485,1558.84216783215,0.00350462464333528,43.2653011225598,63.6443950447944
"gamma",2,"reveal_25","gibbs_mic","gamma-002-reveal_25-gibbs_mic","mean_row_631",0.965798367139381,0.224523377196591,1.00709815699435,572.423170386113,1467.25737936634,0.00942471035239772,23.3708884328631,59.905172064114
"gamma",2,"reveal_25","gibbs_mic","gamma-002-reveal_25-gibbs_mic","mean_row_789",1.3971048274314,0.219653883367336,1.01646994559099,335.803368949762,850.388092895452,0.0119920656019317,13.7101771506048,34.7196379739295
"gamma",2,"reveal_25","gibbs_mic","gamma-002-reveal_25-gibbs_mic","mean_row_946",1.85724751459154,0.179414007715723,1.0031363850948,1329.23829970272,1788.7130089355,0.00491636103562626,54.270130229156,73.0295598307884
"gamma",2,"reveal_25","gibbs_mic","gamma-002-reveal_25-gibbs_mic","mean_row_1104",1.05442338562124,0.214977080124007,1.01249486417417,252.449630267388,766.278979823421,0.0133673899516028,10.3070114019266,31.2856318059618
"gamma",2,"reveal_25","gibbs_mic","gamma-002-reveal_25-gibbs_mic","interaction_row_97",-0.0568803126046953,0.0796885883527981,1.00682308071285,435.549184728142,1034.61160204639,0.00384973556105442,17.7825984864305,42.241113871163
"gamma",2,"reveal_25","gibbs_mic","gamma-002-reveal_25-gibbs_mic","interaction_row_241",-0.168675295367499,0.129592364183573,1.01928102502776,199.862471150395,500.660161794527,0.00903589691734297,8.15998330749177,20.4409489157934
"gamma",2,"reveal_25","gibbs_mic","gamma-002-reveal_25-gibbs_mic","interaction_row_385",0.122023878771892,0.120948624281916,1.01672070488806,494.61897993285,994.012032304778,0.0054012175079493,20.1942995930613,40.5835149759025
"gamma",2,"reveal_25","gibbs_mic","gamma-002-reveal_25-gibbs_mic","interaction_row_529",-0.108527730608493,0.12089961961759,1.01573167784107,386.351727031751,508.539950157995,0.00638557762430252,15.7739650933635,20.7626648494671
"gamma",2,"reveal_25","gibbs_mic","gamma-002-reveal_25-gibbs_mic","interaction_row_672",-0.0567737927316796,0.0866574158384727,1.00260902384602,737.469762704302,1227.66036844004,0.00319383260048639,30.1094093293718,50.1229072975971
"gamma",2,"reveal_25","gibbs_mic","gamma-002-reveal_25-gibbs_mic","interaction_row_816",-0.0608940194312416,0.086331793449733,1.01230587680399,373.349891792266,951.554444838912,0.00441697823341163,15.2431262724969,38.8500569484716
"gamma",2,"reveal_25","gibbs_mic","gamma-002-reveal_25-gibbs_mic","interaction_row_960",-0.175205715170223,0.137904979026271,1.01489166247847,429.063567532988,750.556078702422,0.00660975162622465,17.5178037616049,30.6436973299483
"gamma",2,"reveal_25","gibbs_mic","gamma-002-reveal_25-gibbs_mic","interaction_row_1104",-0.034664724141498,0.143845934712759,1.02860743126637,144.281605869831,338.422837313247,0.0118126813682574,5.89072820274491,13.8171247831318
"gamma",2,"reveal_25","gibbs_mic","gamma-002-reveal_25-gibbs_mic","observed_log_likelihood",74.4252819707046,15.8661324857829,1.05070470254055,67.1787210132864,190.788361890385,1.94955697897453,2.74277226200492,7.78950565020152
"multiplicative_gamma",2,"reveal_25","gibbs_mic","multiplicative_gamma-002-reveal_25-gibbs_mic","sigma",0.252447443296506,0.0131931849648888,1.03217815985776,107.599146532043,578.031636590717,0.00127454120701181,5.024710307838,26.9931650598075
"multiplicative_gamma",2,"reveal_25","gibbs_mic","multiplicative_gamma-002-reveal_25-gibbs_mic","mean_row_1",1.23799002537127,0.121172576602908,1.00473911619766,614.00647906948,1083.25815510868,0.00486631844607728,28.6731334206351,50.5864460217
"multiplicative_gamma",2,"reveal_25","gibbs_mic","multiplicative_gamma-002-reveal_25-gibbs_mic","mean_row_159",1.32076748887564,0.202377014473528,1.02002224972705,375.518092773206,833.869549645328,0.0105163651678373,17.536102212254,38.9403917831946
"multiplicative_gamma",2,"reveal_25","gibbs_mic","multiplicative_gamma-002-reveal_25-gibbs_mic","mean_row_316",5.13128421863644,0.169442456280529,1.00215925218733,1403.82337671365,1806.32410364985,0.00452589295541276,65.5563358883745,84.3524845264712
"multiplicative_gamma",2,"reveal_25","gibbs_mic","multiplicative_gamma-002-reveal_25-gibbs_mic","mean_row_474",-0.21706726016761,0.140840207550765,1.0010370456744,858.280220066363,1283.08850638022,0.00479077654544934,40.0803315618924,59.9182080125255
"multiplicative_gamma",2,"reveal_25","gibbs_mic","multiplicative_gamma-002-reveal_25-gibbs_mic","mean_row_631",1.52048069265123,0.219590474633416,1.004723830572,786.988954627919,1056.65007450347,0.00791102025891285,36.7511419925245,49.3438906558081
"multiplicative_gamma",2,"reveal_25","gibbs_mic","multiplicative_gamma-002-reveal_25-gibbs_mic","mean_row_789",2.39352806917373,0.218243835382133,1.00856967180498,728.086395361175,1202.55348970901,0.00805532616333305,34.0004854469588,56.157349850986
"multiplicative_gamma",2,"reveal_25","gibbs_mic","multiplicative_gamma-002-reveal_25-gibbs_mic","mean_row_946",0.915592618305651,0.276092614026483,1.01981351283583,301.600202724563,681.57955371621,0.0161284076609064,14.0842534194715,31.828689348847
"multiplicative_gamma",2,"reveal_25","gibbs_mic","multiplicative_gamma-002-reveal_25-gibbs_mic","mean_row_1104",3.27570242858108,0.271410068662699,1.02042812052117,283.008025323641,1080.71941759824,0.0160298716641102,13.2160280808649,50.4678909871225
"multiplicative_gamma",2,"reveal_25","gibbs_mic","multiplicative_gamma-002-reveal_25-gibbs_mic","interaction_row_97",0.00333607256555761,0.0849681171858362,1.00562213807267,818.295584091428,1108.40542616688,0.00293887082462231,38.2131121738783,51.760783887498
"multiplicative_gamma",2,"reveal_25","gibbs_mic","multiplicative_gamma-002-reveal_25-gibbs_mic","interaction_row_241",-0.000354094371147252,0.106225624263259,1.00943813643644,915.24907333619,1056.22512646657,0.00368003189011453,42.7406870895765,49.3240462532255
"multiplicative_gamma",2,"reveal_25","gibbs_mic","multiplicative_gamma-002-reveal_25-gibbs_mic","interaction_row_385",-0.00923708924438442,0.103376485170198,1.01274296937106,519.719830624875,872.119510729423,0.00445410039023296,24.270095760945,40.7266045918289
"multiplicative_gamma",2,"reveal_25","gibbs_mic","multiplicative_gamma-002-reveal_25-gibbs_mic","interaction_row_529",0.0521887530407652,0.115815067273501,1.00388715530346,650.623850730819,1222.56932589627,0.00451947564948561,30.3831068801167,57.0920578078021
"multiplicative_gamma",2,"reveal_25","gibbs_mic","multiplicative_gamma-002-reveal_25-gibbs_mic","interaction_row_672",0.00403160089584124,0.156720354274681,1.01020484925446,376.183806527721,815.008935277095,0.00789389712190801,17.5671899938228,38.0596308619172
"multiplicative_gamma",2,"reveal_25","gibbs_mic","multiplicative_gamma-002-reveal_25-gibbs_mic","interaction_row_816",0.0173254269062343,0.148683129191242,1.00635291296122,877.330000552045,1101.6081543726,0.00484872151224517,40.9699262422736,51.4433620235639
"multiplicative_gamma",2,"reveal_25","gibbs_mic","multiplicative_gamma-002-reveal_25-gibbs_mic","interaction_row_960",0.00974242549147109,0.156115322380629,1.00971250502811,702.839150551787,1355.88530042599,0.00589258890826181,32.8214789647795,63.317703391519
"multiplicative_gamma",2,"reveal_25","gibbs_mic","multiplicative_gamma-002-reveal_25-gibbs_mic","interaction_row_1104",-0.014232599003889,0.170343662887705,1.031192955247,152.851197970908,826.683297930682,0.0128230042112068,7.13790968389409,38.6048051709481
"multiplicative_gamma",2,"reveal_25","gibbs_mic","multiplicative_gamma-002-reveal_25-gibbs_mic","observed_log_likelihood",-23.8091437403656,14.3097519871673,1.03916792629906,79.0033922691357,278.778289899272,1.59912283346095,3.68933371948892,13.0185061127894
"horseshoe",2,"reveal_25","gibbs_mic","horseshoe-002-reveal_25-gibbs_mic","sigma",15.8140950400272,12.6119173058369,2.58285933747039,4.80805019676915,11.2030716824897,5.88677856631265,0.215433739437636,0.501974714691717
"horseshoe",2,"reveal_25","gibbs_mic","horseshoe-002-reveal_25-gibbs_mic","mean_row_1",-7.72405324732713,21.4149884296648,1.48968624193674,7.55926293684051,27.6640766061119,9.20998852715769,0.338707004966418,1.23954102545532
"horseshoe",2,"reveal_25","gibbs_mic","horseshoe-002-reveal_25-gibbs_mic","mean_row_159",-1420.74817074507,3532.32727474208,2.19020048401299,5.16793064948011,10.9978535369998,1680.94808081013,0.231558860537688,0.492779529393306
"horseshoe",2,"reveal_25","gibbs_mic","horseshoe-002-reveal_25-gibbs_mic","mean_row_316",1234.40507167783,21.9903112864595,1.18847143579571,974.376851786591,16.5778991769676,0.907636345388991,43.658788950022,0.742803977819143
"horseshoe",2,"reveal_25","gibbs_mic","horseshoe-002-reveal_25-gibbs_mic","mean_row_474",517.734470919654,16.9648833000569,1.16637658151449,21.8753367603708,16.4440241822694,2.84052287142214,0.980165640306962,0.736805456683816
"horseshoe",2,"reveal_25","gibbs_mic","horseshoe-002-reveal_25-gibbs_mic","mean_row_631",12.217311031583,13.53130915594,1.09134448370952,165.973199417553,60.8952351604823,0.993380488949288,7.4367416174188,2.72852563672741
"horseshoe",2,"reveal_25","gibbs_mic","horseshoe-002-reveal_25-gibbs_mic","mean_row_789",-433.277569475882,50.2876143952006,2.03901048577363,5.42720546076518,41.718410529469,21.5485491967097,0.243176156499919,1.86927191188588
"horseshoe",2,"reveal_25","gibbs_mic","horseshoe-002-reveal_25-gibbs_mic","mean_row_946",2658.73633593994,69.9400043897393,1.16269334113982,312.056072457951,30.126450708993,4.1853906819178,13.9822597212094,1.34987233215311
"horseshoe",2,"reveal_25","gibbs_mic","horseshoe-002-reveal_25-gibbs_mic","mean_row_1104",3.89553701323245,120.835485348185,2.1698069879839,5.23650617206695,13.655566382822,56.6673295517644,0.234631515909443,0.611863356161932
"horseshoe",2,"reveal_25","gibbs_mic","horseshoe-002-reveal_25-gibbs_mic","interaction_row_97",736.664221444705,29.1826623543111,1.23446765997619,12.6465489093015,25.2332288750005,8.94221390062643,0.566652428949795,1.13062231718794
"horseshoe",2,"reveal_25","gibbs_mic","horseshoe-002-reveal_25-gibbs_mic","interaction_row_241",68.8779947627026,73.8704558640458,1.82252105471113,5.91075667694111,16.2280961113725,27.3087111138687,0.264842578947088,0.727130393017856
"horseshoe",2,"reveal_25","gibbs_mic","horseshoe-002-reveal_25-gibbs_mic","interaction_row_385",-1234.76783647201,3525.22100734056,1.73103707299323,6.17447679304784,33.2046553614646,1735.63539132956,0.276659055159416,1.487797085826
"horseshoe",2,"reveal_25","gibbs_mic","horseshoe-002-reveal_25-gibbs_mic","interaction_row_529",-84.6682386114104,24.6073311750863,1.20023435397073,93.3555894635672,17.7377098736376,3.40227955548933,4.18297291260719,0.794771479238174
"horseshoe",2,"reveal_25","gibbs_mic","horseshoe-002-reveal_25-gibbs_mic","interaction_row_672",-9.05843589708186,87.0367497904664,1.69906159618242,6.28062714640048,13.8618163913372,29.1916675827867,0.281415321552132,0.621104776025504
"horseshoe",2,"reveal_25","gibbs_mic","horseshoe-002-reveal_25-gibbs_mic","interaction_row_816",-32.2176622646308,28.9119588586121,1.74057957390713,6.82373285050004,14.8109325822673,9.47409602020176,0.305750194932344,0.663631713516771
"horseshoe",2,"reveal_25","gibbs_mic","horseshoe-002-reveal_25-gibbs_mic","interaction_row_960",-63.0841611800516,65.9516717510502,1.50325266345838,11.5770684905165,12.4936854204411,16.0266062752712,0.518732345663434,0.559803092590784
"horseshoe",2,"reveal_25","gibbs_mic","horseshoe-002-reveal_25-gibbs_mic","interaction_row_1104",-4.74968791557619,124.357851645266,2.32958598107427,5.05161717987451,13.8278553940735,58.1724370495455,0.226347216590847,0.61958308961706
"horseshoe",2,"reveal_25","gibbs_mic","horseshoe-002-reveal_25-gibbs_mic","observed_log_likelihood",-1412.69659721985,196.243704506614,2.67204670511997,4.74958633431829,11.2015155893517,94.7490037143582,0.212814156031826,0.501904991009575
"realism",2,"reveal_25","gibbs_mic","realism-002-reveal_25-gibbs_mic","sigma",0.193907901101705,0.00888282646979428,1.01965110689371,216.133015860829,688.58099740489,0.000608883023016274,9.29364533285304,29.6087460184423
"realism",2,"reveal_25","gibbs_mic","realism-002-reveal_25-gibbs_mic","mean_row_1",1.7970792856982,0.0965857294620678,1.00805495592194,352.712765174932,625.690506596563,0.00515750522431551,15.1665275703016,26.90447654784
"realism",2,"reveal_25","gibbs_mic","realism-002-reveal_25-gibbs_mic","mean_row_159",-0.0815508406812546,0.150182034211113,1.01525125090385,380.152284885812,664.13850255857,0.00715228453058463,16.3464174787502,28.5577271482015
"realism",2,"reveal_25","gibbs_mic","realism-002-reveal_25-gibbs_mic","mean_row_316",1.645715005048,0.0927741701623094,1.00206344917066,893.156956875269,1331.11009436622,0.00310696628274058,38.4054419021016,57.2372761595385
"realism",2,"reveal_25","gibbs_mic","realism-002-reveal_25-gibbs_mic","mean_row_474",0.813528305445319,0.0974926979198108,1.01319085779884,425.350424614,717.568645808046,0.00468936778648456,18.2899219390266,30.8552049281067
"realism",2,"reveal_25","gibbs_mic","realism-002-reveal_25-gibbs_mic","mean_row_631",-0.279833979967829,0.233447401654805,1.01609038996158,236.027516057422,235.564281103575,0.0117811377464524,10.1491019976532,10.1291830539894
"realism",2,"reveal_25","gibbs_mic","realism-002-reveal_25-gibbs_mic","mean_row_789",-0.359585017281301,0.245670207646917,1.02203737196762,255.38478499943,357.605040340239,0.0152616098655732,10.9814579033124,15.3768937194806
"realism",2,"reveal_25","gibbs_mic","realism-002-reveal_25-gibbs_mic","mean_row_946",-0.553451069949411,0.198321282515132,1.01729047814862,173.204554936597,362.939749666124,0.0151496367147321,7.44773628038349,15.6062843853683
"realism",2,"reveal_25","gibbs_mic","realism-002-reveal_25-gibbs_mic","mean_row_1104",-0.4246046422016,0.150516373813902,1.00582991860856,595.65535470619,777.780331204668,0.00606142945805872,25.6129753485635,33.4442866875074
"realism",2,"reveal_25","gibbs_mic","realism-002-reveal_25-gibbs_mic","interaction_row_97",0.048483722492566,0.113237481506561,1.01199325650212,370.788801419323,309.32055452949,0.00746656716973863,15.9437909107037,13.3006774393486
"realism",2,"reveal_25","gibbs_mic","realism-002-reveal_25-gibbs_mic","interaction_row_241",-0.0107278643027652,0.0893863630648652,1.01016641904243,926.096412120967,359.799865348574,0.0036118840170827,39.8218271465846,15.4712704398253
"realism",2,"reveal_25","gibbs_mic","realism-002-reveal_25-gibbs_mic","interaction_row_385",0.0049080831500939,0.16838759033656,1.01491723775558,568.049512036178,644.323591640173,0.00582042131158018,24.4259336100869,27.7056927949853
"realism",2,"reveal_25","gibbs_mic","realism-002-reveal_25-gibbs_mic","interaction_row_529",-0.013182564220952,0.0599005811605308,1.00538734443941,690.813211941256,766.677679718977,0.00261940393150052,29.7047304756304,32.9668764929043
"realism",2,"reveal_25","gibbs_mic","realism-002-reveal_25-gibbs_mic","interaction_row_672",-0.000204484590372973,0.0287756649595501,1.01105389276385,1522.60242577637,1013.97003578503,0.000792334428210792,65.4713805373402,43.6003627358549
"realism",2,"reveal_25","gibbs_mic","realism-002-reveal_25-gibbs_mic","interaction_row_816",0.00541025086258786,0.0490032347433775,1.0290856908696,1153.92044889265,416.14417610168,0.00169034139477381,49.6181823569253,17.894056419921
"realism",2,"reveal_25","gibbs_mic","realism-002-reveal_25-gibbs_mic","interaction_row_960",0.0897803804088633,0.286905017141625,1.04660051125766,76.4592104476154,162.206241345114,0.0300498689006508,3.2877197474895,6.9748125793393
"realism",2,"reveal_25","gibbs_mic","realism-002-reveal_25-gibbs_mic","interaction_row_1104",0.00351791008661494,0.0922256173604138,1.00840986909034,814.410272555746,503.314562258214,0.00354484810062923,35.0193615650048,21.642353038279
"realism",2,"reveal_25","gibbs_mic","realism-002-reveal_25-gibbs_mic","observed_log_likelihood",79.0290857182254,11.6385691536705,1.04891653293163,62.3071206978818,329.536109766865,1.48304619538918,2.67918475653088,14.1699393604604
"gamma",1,"reveal_75","gibbs_mic","gamma-001-reveal_75-gibbs_mic","sigma",0.19325987423394,0.00529806637911881,1.01012106018971,957.375197382098,1436.91923814926,0.00017114458889661,38.6802633179306,58.0549972990692
"gamma",1,"reveal_75","gibbs_mic","gamma-001-reveal_75-gibbs_mic","mean_row_1",1.09460832199564,0.0667476239550791,1.02290684797656,159.457202674393,426.335955558668,0.00528007184147273,6.44245495836099,17.2249992145234
"gamma",1,"reveal_75","gibbs_mic","gamma-001-reveal_75-gibbs_mic","mean_row_159",1.34581505988873,0.0729209775947369,1.00270888167612,1514.07864259329,1744.09019193144,0.00187213600067121,61.1724230371821,70.4654434944626
"gamma",1,"reveal_75","gibbs_mic","gamma-001-reveal_75-gibbs_mic","mean_row_316",1.34851226115396,0.103358054357547,1.01193132329633,732.511678129992,1410.72730571058,0.00382502547391069,29.5952356724978,56.9967801588048
"gamma",1,"reveal_75","gibbs_mic","gamma-001-reveal_75-gibbs_mic","mean_row_474",2.08114713233493,0.078463666504745,1.00052680179901,1380.13146534444,1776.88952189456,0.00210945925702794,55.7606345337338,71.7906154052185
"gamma",1,"reveal_75","gibbs_mic","gamma-001-reveal_75-gibbs_mic","mean_row_631",0.655906861792557,0.0853348518348394,1.00628658588756,1024.19945530749,1208.00472727773,0.00267981632948942,41.3801242498279,48.8062998374906
"gamma",1,"reveal_75","gibbs_mic","gamma-001-reveal_75-gibbs_mic","mean_row_789",0.986692069925205,0.101354703558545,1.01745962503794,394.218430597365,1232.99403659756,0.00522279010124284,15.9273738676161,49.8159281078569
"gamma",1,"reveal_75","gibbs_mic","gamma-001-reveal_75-gibbs_mic","mean_row_946",1.68424768940561,0.0853137411256153,1.0276060904739,166.065253542049,1419.78072190176,0.00667816413891415,6.70943612549188,57.3625599734054
"gamma",1,"reveal_75","gibbs_mic","gamma-001-reveal_75-gibbs_mic","mean_row_1104",1.42438336707931,0.084166934417056,1.0057765236281,754.078205349665,1366.69480572932,0.00308324614262239,30.4665753040146,55.2177611300281
"gamma",1,"reveal_75","gibbs_mic","gamma-001-reveal_75-gibbs_mic","interaction_row_97",-0.0240789503906214,0.0672971118348567,1.00838668776054,477.363738783871,1211.89845159445,0.00306796908847246,19.2866445308825,48.9636156759103
"gamma",1,"reveal_75","gibbs_mic","gamma-001-reveal_75-gibbs_mic","interaction_row_241",0.457368846868966,0.114144689236262,1.01071439687015,349.120683986447,849.720586711751,0.00611773076948191,14.1053163099046,34.3307578163206
"gamma",1,"reveal_75","gibbs_mic","gamma-001-reveal_75-gibbs_mic","interaction_row_385",0.00959202731253621,0.055399435915025,1.02168559223491,280.973456109218,808.666049339382,0.00338103551843114,11.3520042062631,32.6720556478277
"gamma",1,"reveal_75","gibbs_mic","gamma-001-reveal_75-gibbs_mic","interaction_row_529",0.0288676716458001,0.0581879397218647,1.01347182570125,491.247628877418,943.653012723462,0.0026534915884672,19.8475871228402,38.1258540149272
"gamma",1,"reveal_75","gibbs_mic","gamma-001-reveal_75-gibbs_mic","interaction_row_672",0.0242230245733761,0.0435876753485072,1.03117698525347,109.789449848018,1017.17800211915,0.00391267612028123,4.43575814504536,41.0964406334754
"gamma",1,"reveal_75","gibbs_mic","gamma-001-reveal_75-gibbs_mic","interaction_row_816",-0.108943965767725,0.0500837623888524,1.00497494920954,719.132364783501,1345.7725746872,0.0018586308210285,29.0546791961335,54.3724526155387
"gamma",1,"reveal_75","gibbs_mic","gamma-001-reveal_75-gibbs_mic","interaction_row_960",-0.00942650710282311,0.0388483918489165,1.01212635783898,952.032176531435,1243.43640169944,0.00119723665414759,38.4643924096576,50.2378248030157
"gamma",1,"reveal_75","gibbs_mic","gamma-001-reveal_75-gibbs_mic","interaction_row_1104",0.0695325509080215,0.0591977879845426,1.00793224165202,496.634082507319,835.831965567391,0.00273821216587471,20.0652128199798,33.7696240785177
"gamma",1,"reveal_75","gibbs_mic","gamma-001-reveal_75-gibbs_mic","observed_log_likelihood",192.390499272903,12.3812225922308,1.03515315460204,127.615140021905,864.144855442594,1.09285894591468,5.15595895203851,34.913533006448
"multiplicative_gamma",1,"reveal_75","gibbs_mic","multiplicative_gamma-001-reveal_75-gibbs_mic","sigma",0.184118124447739,0.00586339037271952,1.13611574298105,20.2030582255796,37.535684229087,0.00134555351455388,0.836357767245391,1.55388658010793
"multiplicative_gamma",1,"reveal_75","gibbs_mic","multiplicative_gamma-001-reveal_75-gibbs_mic","mean_row_1",0.745571040799645,0.0649430549583333,1.00934849084883,224.129650483986,419.198241128298,0.00433721395440024,9.27842566997792,17.3537937211582
"multiplicative_gamma",1,"reveal_75","gibbs_mic","multiplicative_gamma-001-reveal_75-gibbs_mic","mean_row_159",-0.207651584098992,0.0806661610869158,1.01874448756986,546.622326817003,1774.82815039366,0.00350845523891959,22.6288428058041,73.4735945683748
"multiplicative_gamma",1,"reveal_75","gibbs_mic","multiplicative_gamma-001-reveal_75-gibbs_mic","mean_row_316",0.456973340200974,0.089390363426824,1.01058976460723,356.63318715362,651.291884446753,0.00474141240671993,14.763751745058,26.9619094405843
"multiplicative_gamma",1,"reveal_75","gibbs_mic","multiplicative_gamma-001-reveal_75-gibbs_mic","mean_row_474",1.3607365121253,0.0729461321988795,1.00927405289212,1472.33733140754,1571.66122014953,0.00190692309114069,60.9512059698436,65.0629748364604
"multiplicative_gamma",1,"reveal_75","gibbs_mic","multiplicative_gamma-001-reveal_75-gibbs_mic","mean_row_631",0.434046489067992,0.102288302480103,1.07908088801964,34.4788829341379,109.010903919183,0.0172637468068383,1.42734239667734,4.51278787544226
"multiplicative_gamma",1,"reveal_75","gibbs_mic","multiplicative_gamma-001-reveal_75-gibbs_mic","mean_row_789",0.354143317447987,0.106624286260563,1.0123012806032,1079.69016757413,1648.22232256553,0.00319165595043597,44.6965626583098,68.2324193809213
"multiplicative_gamma",1,"reveal_75","gibbs_mic","multiplicative_gamma-001-reveal_75-gibbs_mic","mean_row_946",2.07166692618038,0.0998265262055137,1.13387413867088,20.5527758819345,71.4149870604245,0.0222828585160222,0.8508352327345,2.95640781008547
"multiplicative_gamma",1,"reveal_75","gibbs_mic","multiplicative_gamma-001-reveal_75-gibbs_mic","mean_row_1104",2.07549681274291,0.071895373527712,1.0200698803768,327.972126796574,1383.98933590636,0.00394476437959946,13.577253137795,57.2938125478708
"multiplicative_gamma",1,"reveal_75","gibbs_mic","multiplicative_gamma-001-reveal_75-gibbs_mic","interaction_row_97",-0.632925411092095,0.119321411760142,1.06618938646194,50.9469429329984,616.464044759817,0.0166259740998693,2.10908026713854,25.5201210779855
"multiplicative_gamma",1,"reveal_75","gibbs_mic","multiplicative_gamma-001-reveal_75-gibbs_mic","interaction_row_241",0.54067432730413,0.117929585625073,1.06791079560948,48.0794107044478,753.721831801893,0.0162033826756073,1.9903713654764,31.2022616245196
"multiplicative_gamma",1,"reveal_75","gibbs_mic","multiplicative_gamma-001-reveal_75-gibbs_mic","interaction_row_385",1.35366350821773,0.14688568476574,1.04400945407334,84.3495684313222,470.278233455127,0.0165086690039346,3.4918682079534,19.4683819115387
"multiplicative_gamma",1,"reveal_75","gibbs_mic","multiplicative_gamma-001-reveal_75-gibbs_mic","interaction_row_529",0.350333230793267,0.0949067216267545,1.01321685556945,425.800184621167,798.080425207094,0.00461029158249312,17.6270982207802,33.038600149325
"multiplicative_gamma",1,"reveal_75","gibbs_mic","multiplicative_gamma-001-reveal_75-gibbs_mic","interaction_row_672",-0.0133407713211472,0.0317987887415625,1.06813397331116,42.307145118566,336.640258287103,0.00446502131981505,1.75141352535876,13.9360928252651
"multiplicative_gamma",1,"reveal_75","gibbs_mic","multiplicative_gamma-001-reveal_75-gibbs_mic","interaction_row_816",-0.0320621496783285,0.0274726293181874,1.02881028857403,170.629800459774,918.438999125341,0.00196812055553239,7.06366122121934,38.0211541283881
"multiplicative_gamma",1,"reveal_75","gibbs_mic","multiplicative_gamma-001-reveal_75-gibbs_mic","interaction_row_960",0.0418759077680924,0.0382771205986933,1.00813350585691,351.316220051132,782.440783571643,0.00201551497017831,14.5436421614147,32.3911567963092
"multiplicative_gamma",1,"reveal_75","gibbs_mic","multiplicative_gamma-001-reveal_75-gibbs_mic","interaction_row_1104",0.0326782444491625,0.0419485096034288,1.11348312315562,25.2315608972555,38.6019722455031,0.00798075873968381,1.04452562085012,1.59802832610959
"multiplicative_gamma",1,"reveal_75","gibbs_mic","multiplicative_gamma-001-reveal_75-gibbs_mic","observed_log_likelihood",236.809006055084,19.327696548074,1.3520367914418,9.2085935737729,14.1084687733197,6.80817727614493,0.381213511085152,0.584056498315934
"horseshoe",1,"reveal_75","gibbs_mic","horseshoe-001-reveal_75-gibbs_mic","sigma",8.69099415073309,9.16340815934348,2.91545266952662,4.61844882607024,12.323955038251,4.5416852095611,0.177858390498333,0.474600648448068
"horseshoe",1,"reveal_75","gibbs_mic","horseshoe-001-reveal_75-gibbs_mic","mean_row_1",11.7154143592569,4.86535174260666,1.3924463185015,149.768778054102,34.4464948685876,0.416389489014693,5.76765810660075,1.32654888391372
"horseshoe",1,"reveal_75","gibbs_mic","horseshoe-001-reveal_75-gibbs_mic","mean_row_159",375.959117444141,5.20574190934566,1.33795499929185,64.9735902210092,30.676293071767,0.162341298493687,2.50216005780448,1.18135684028832
"horseshoe",1,"reveal_75","gibbs_mic","horseshoe-001-reveal_75-gibbs_mic","mean_row_316",-433.692132642979,11.6740346649022,1.50013025743616,304.571019742582,31.973788875561,1.14205053590306,11.7291569970571,1.23132394483617
"horseshoe",1,"reveal_75","gibbs_mic","horseshoe-001-reveal_75-gibbs_mic","mean_row_474",17.9299654603017,4.16694569879548,1.61372385068321,6.75267754170131,32.2977488098665,1.69193506165054,0.260048428455397,1.24379977701954
"horseshoe",1,"reveal_75","gibbs_mic","horseshoe-001-reveal_75-gibbs_mic","mean_row_631",113.064408066439,2.41873151843751,1.31866815756297,10.0683497226732,34.5795343694694,0.755620437319734,0.387736347004781,1.33167229057917
"horseshoe",1,"reveal_75","gibbs_mic","horseshoe-001-reveal_75-gibbs_mic","mean_row_789",49.8850998027194,7.46248966756594,1.3860127187016,135.365479262398,35.3610642271004,0.199932289093647,5.21298106297982,1.36176933134749
"horseshoe",1,"reveal_75","gibbs_mic","horseshoe-001-reveal_75-gibbs_mic","mean_row_946",7.62314224231264,3.8128231086446,1.14000657322278,97.0442188404052,91.6125721235774,0.321588055699944,3.73721334156448,3.5280383611344
"horseshoe",1,"reveal_75","gibbs_mic","horseshoe-001-reveal_75-gibbs_mic","mean_row_1104",253.709360258741,11.7967058388877,1.65961133535547,7.25138573514124,32.0070118038862,5.43025820150447,0.279253888979906,1.23260337366219
"horseshoe",1,"reveal_75","gibbs_mic","horseshoe-001-reveal_75-gibbs_mic","interaction_row_97",-172.746670672466,11.7321330975484,1.50481473247935,30.334858320302,29.9524639649989,3.03490249838535,1.16820804560796,1.15348187950086
"horseshoe",1,"reveal_75","gibbs_mic","horseshoe-001-reveal_75-gibbs_mic","interaction_row_241",42.8372576412789,8.81125574555295,1.48516559898877,241.99562249753,30.8119855534805,0.46510902672965,9.3193523509658,1.18658241435208
"horseshoe",1,"reveal_75","gibbs_mic","horseshoe-001-reveal_75-gibbs_mic","interaction_row_385",36.4085588167503,6.43555717996215,1.8289881443558,5.87736396537968,31.6039639795255,2.79027116409414,0.226339737566129,1.21708183384778
"horseshoe",1,"reveal_75","gibbs_mic","horseshoe-001-reveal_75-gibbs_mic","interaction_row_529",-29.4864440770213,21.453276399416,1.58959737034715,6.88525852652216,33.1292681478199,10.6390161425854,0.265154177476109,1.27582193352408
"horseshoe",1,"reveal_75","gibbs_mic","horseshoe-001-reveal_75-gibbs_mic","interaction_row_672",848.639162578286,21.0790126104,1.65408604279967,6.65007568509748,38.4024244261342,9.53715272634051,0.256097188165651,1.47889338106574
"horseshoe",1,"reveal_75","gibbs_mic","horseshoe-001-reveal_75-gibbs_mic","interaction_row_816",713.737525753432,19.3225759381504,1.55336970440234,7.91820567508548,34.9525480251082,7.26485332179183,0.304933402976295,1.34603720202981
"horseshoe",1,"reveal_75","gibbs_mic","horseshoe-001-reveal_75-gibbs_mic","interaction_row_960",-75.4669975437291,54.9677103985879,1.66237495042458,6.828841913665,31.1878573417067,27.258358149732,0.262981550185427,1.2010573936807
"horseshoe",1,"reveal_75","gibbs_mic","horseshoe-001-reveal_75-gibbs_mic","interaction_row_1104",10.3517539147953,7.34635986825347,1.83052214612146,6.80746798938404,30.6254806772451,3.43566607486147,0.262158431446991,1.17940003378307
"horseshoe",1,"reveal_75","gibbs_mic","horseshoe-001-reveal_75-gibbs_mic","observed_log_likelihood",-2678.54550924072,764.796750596704,3.02922673620649,4.57839929024869,11.0140366067298,378.700150966076,0.176316066170473,0.424155143325365
"realism",1,"reveal_75","gibbs_mic","realism-001-reveal_75-gibbs_mic","sigma",0.199050968857659,0.00542614250527971,1.00275821806088,387.879659004396,982.252407350926,0.000276844523870042,14.9656477739175,37.8984646713065
"realism",1,"reveal_75","gibbs_mic","realism-001-reveal_75-gibbs_mic","mean_row_1",1.26783647025868,0.0597538192431357,1.02267319558994,142.955924072941,591.870189202505,0.00498395402541105,5.51570044266304,22.8362600973263
"realism",1,"reveal_75","gibbs_mic","realism-001-reveal_75-gibbs_mic","mean_row_159",0.305807053338633,0.0529684054487419,1.00639455820132,805.755283134064,1644.77751519887,0.00186641029154516,31.0886365897855,63.4608193224348
"realism",1,"reveal_75","gibbs_mic","realism-001-reveal_75-gibbs_mic","mean_row_316",0.781499945304397,0.0684796699799779,1.02584240893979,185.471667110835,1065.95061255136,0.00511217109496854,7.15609488042417,41.1278112721413
"realism",1,"reveal_75","gibbs_mic","realism-001-reveal_75-gibbs_mic","mean_row_474",0.146072399184922,0.0997400668524576,1.02210586451088,198.768580716379,723.161274035809,0.00710587253283412,7.66913267676433,27.9018934345168
"realism",1,"reveal_75","gibbs_mic","realism-001-reveal_75-gibbs_mic","mean_row_631",0.685277760499138,0.0511442511083104,1.00477060288704,505.363489367334,985.655495012156,0.00229424682010258,19.4985527188568,38.0297667648797
"realism",1,"reveal_75","gibbs_mic","realism-001-reveal_75-gibbs_mic","mean_row_789",-0.884970025698334,0.0870747766306484,1.01516009709158,304.972123526338,830.863297614727,0.00502845619494694,11.7668077601025,32.0573847370447
"realism",1,"reveal_75","gibbs_mic","realism-001-reveal_75-gibbs_mic","mean_row_946",1.05160034594115,0.0720447805248375,1.00404387726807,1515.15313023466,1856.27965104978,0.00184906172963757,58.459492639658,71.6212536094518
"realism",1,"reveal_75","gibbs_mic","realism-001-reveal_75-gibbs_mic","mean_row_1104",-0.997840075174617,0.0669717655925532,1.01109054798719,416.477392911649,1073.58366005697,0.00326661716628858,16.0690405475595,41.4223188539611
"realism",1,"reveal_75","gibbs_mic","realism-001-reveal_75-gibbs_mic","interaction_row_97",-0.016203990635605,0.0420429058944855,1.01491138590849,500.200192965563,569.11269068413,0.00215826468832144,19.2993360971356,21.958202433989
"realism",1,"reveal_75","gibbs_mic","realism-001-reveal_75-gibbs_mic","interaction_row_241",-0.00196569818530581,0.046268555540722,1.02023916827106,899.082051664019,940.607123172099,0.00145949607197011,34.689484206498,36.2916553426998
"realism",1,"reveal_75","gibbs_mic","realism-001-reveal_75-gibbs_mic","interaction_row_385",0.00363321902965332,0.035609305973049,1.01414741827408,1112.90764315585,712.708172053539,0.00138228524953006,42.9395649029959,27.4985790590916
"realism",1,"reveal_75","gibbs_mic","realism-001-reveal_75-gibbs_mic","interaction_row_529",0.000549789829827226,0.0345629990887316,1.00932005770956,583.958271324705,455.353324604035,0.00143337073713023,22.5309927974652,17.5689993288075
"realism",1,"reveal_75","gibbs_mic","realism-001-reveal_75-gibbs_mic","interaction_row_672",0.00652255861031544,0.0327818780957312,1.02166081504249,428.187937403945,566.723734054832,0.00157337078735506,16.520871109034,21.8660287852006
"realism",1,"reveal_75","gibbs_mic","realism-001-reveal_75-gibbs_mic","interaction_row_816",-0.00676867949623863,0.0388421312549162,1.03952075617748,107.808133261669,420.3825539046,0.00328698615187379,4.15958535618753,16.219714248962
"realism",1,"reveal_75","gibbs_mic","realism-001-reveal_75-gibbs_mic","interaction_row_960",0.0022409008792125,0.0184101408372959,1.01680441625639,629.925833869957,789.201795935489,0.000632967105887773,24.3045695605353,30.4499496849867
"realism",1,"reveal_75","gibbs_mic","realism-001-reveal_75-gibbs_mic","interaction_row_1104",-0.0158895053706174,0.0340157414489735,1.0369223084108,123.536981646965,244.867388946028,0.00303629483681237,4.76645503692279,9.44777332147648
"realism",1,"reveal_75","gibbs_mic","realism-001-reveal_75-gibbs_mic","observed_log_likelihood",167.424977302735,11.8603541189967,1.0159028500062,98.4053020726164,312.29834174845,1.19886639345366,3.79679381405262,12.0494768789432
"gamma",2,"reveal_75","gibbs_mic","gamma-002-reveal_75-gibbs_mic","sigma",0.192210303094546,0.00587630433524626,1.13475302270781,20.6332004360327,408.143814711076,0.00129513884821086,0.780112686151941,15.4313514579408
"gamma",2,"reveal_75","gibbs_mic","gamma-002-reveal_75-gibbs_mic","mean_row_1",0.807292689680071,0.0598183339690712,1.04818763926129,65.4379993940007,269.411638548145,0.00731215974804192,2.47411998162504,10.1860803262182
"gamma",2,"reveal_75","gibbs_mic","gamma-002-reveal_75-gibbs_mic","mean_row_159",0.493506001224537,0.0687741116084883,1.00099823933234,1644.83393037595,1464.82302874964,0.00170162933454867,62.18888919717,55.3829267174427
"gamma",2,"reveal_75","gibbs_mic","gamma-002-reveal_75-gibbs_mic","mean_row_316",1.67267047582169,0.0912641349626688,1.00540635011622,667.816223737298,949.035361041205,0.00353302062145629,25.2492050261749,35.8817105010097
"gamma",2,"reveal_75","gibbs_mic","gamma-002-reveal_75-gibbs_mic","mean_row_474",1.90625278321467,0.0761928970441112,1.01376068967693,1034.45899124599,1637.19525587435,0.00233814059073421,39.1114594595635,61.9000815106186
"gamma",2,"reveal_75","gibbs_mic","gamma-002-reveal_75-gibbs_mic","mean_row_631",0.947526869490806,0.0840227586997416,1.00125406441063,1259.78150522136,1796.68095191681,0.00236384459601919,47.6305911460306,67.9300144397447
"gamma",2,"reveal_75","gibbs_mic","gamma-002-reveal_75-gibbs_mic","mean_row_789",1.17533078046215,0.135561102629406,1.01094189349968,600.186712424284,1493.35230064085,0.0055067779882976,22.6922270189529,56.4615789119002
"gamma",2,"reveal_75","gibbs_mic","gamma-002-reveal_75-gibbs_mic","mean_row_946",1.6285541164456,0.0698649556447313,1.00210208952038,1694.03131205661,1960.22866656671,0.0016964830751515,64.0489739520063,74.1135266575944
"gamma",2,"reveal_75","gibbs_mic","gamma-002-reveal_75-gibbs_mic","mean_row_1104",1.12463163165503,0.0946563614025815,1.01107884312456,684.284538913096,1255.87808130727,0.00363183828401136,25.8718491781579,47.4830081026608
"gamma",2,"reveal_75","gibbs_mic","gamma-002-reveal_75-gibbs_mic","interaction_row_97",-0.0469885042016607,0.0677564096898974,1.02319596840048,308.84604738885,613.16387714186,0.00401483221571373,11.6770406211521,23.1828756150275
"gamma",2,"reveal_75","gibbs_mic","gamma-002-reveal_75-gibbs_mic","interaction_row_241",-0.381531861009987,0.106523115219352,1.02354381785094,232.486130400651,1035.34469350678,0.00703723051156599,8.78997808615264,39.1449466333995
"gamma",2,"reveal_75","gibbs_mic","gamma-002-reveal_75-gibbs_mic","interaction_row_385",0.168128038977641,0.0643195004547322,1.00641081075616,316.30567753245,870.817313269835,0.00360023861320677,11.9590788888975,32.924394618694
"gamma",2,"reveal_75","gibbs_mic","gamma-002-reveal_75-gibbs_mic","interaction_row_529",-0.113664234775459,0.0618705948894537,1.0059518226198,557.016522031694,976.845689168671,0.0026506009828879,21.060022005811,36.9331804290776
"gamma",2,"reveal_75","gibbs_mic","gamma-002-reveal_75-gibbs_mic","interaction_row_672",-0.0352104461951435,0.0608766647739098,1.01531373498907,492.74411033725,748.944460392735,0.00275341856614751,18.6299712782053,28.316551113189
"gamma",2,"reveal_75","gibbs_mic","gamma-002-reveal_75-gibbs_mic","interaction_row_816",0.00509819116444813,0.0656852245414057,1.03617823207292,105.819651718355,1143.36470398741,0.00647689417938347,4.00089423866139,43.2290333845293
"gamma",2,"reveal_75","gibbs_mic","gamma-002-reveal_75-gibbs_mic","interaction_row_960",-0.149646961694759,0.0608931215229128,1.00835904146203,225.855524499428,865.377044876178,0.00403192323773216,8.53928407499066,32.7187056174592
"gamma",2,"reveal_75","gibbs_mic","gamma-002-reveal_75-gibbs_mic","interaction_row_1104",-0.0703349523002556,0.0557120783933441,1.05190666552666,66.8081694007635,468.046257691131,0.00590385351901149,2.52592420888365,17.6961797304674
"gamma",2,"reveal_75","gibbs_mic","gamma-002-reveal_75-gibbs_mic","observed_log_likelihood",199.347751754428,18.3059594741296,1.4067226050681,8.63689310335785,46.1841713058029,6.37116434265409,0.32654894715709,1.74615945048217
"multiplicative_gamma",2,"reveal_75","gibbs_mic","multiplicative_gamma-002-reveal_75-gibbs_mic","sigma",0.263952464423693,0.00738677409152393,1.00347509231157,585.418723953175,1434.59663505215,0.000304397759506977,23.8780733349584,58.5143628931822
"multiplicative_gamma",2,"reveal_75","gibbs_mic","multiplicative_gamma-002-reveal_75-gibbs_mic","mean_row_1",1.06864875207914,0.0813292828616988,1.02152677604536,148.889321067723,539.459458820775,0.00669616185274377,6.07290129574264,22.0034856964871
"multiplicative_gamma",2,"reveal_75","gibbs_mic","multiplicative_gamma-002-reveal_75-gibbs_mic","mean_row_159",1.5655551627833,0.101201254582944,1.00691440221009,625.308549440272,923.687024259038,0.00409746459788313,25.5051005196505,37.6753691014005
"multiplicative_gamma",2,"reveal_75","gibbs_mic","multiplicative_gamma-002-reveal_75-gibbs_mic","mean_row_316",5.17895303775428,0.163872530411634,1.01028691302187,834.814987428237,1073.13026134225,0.00567922310289617,34.0504542736972,43.7708635372293
"multiplicative_gamma",2,"reveal_75","gibbs_mic","multiplicative_gamma-002-reveal_75-gibbs_mic","mean_row_474",-0.326058245991447,0.113070874918118,1.01951951928947,233.58009903253,1665.19331225119,0.00748220055940952,9.52727083381039,67.9199458437489
"multiplicative_gamma",2,"reveal_75","gibbs_mic","multiplicative_gamma-002-reveal_75-gibbs_mic","mean_row_631",1.57574752679467,0.123612708969469,1.00952953624184,767.05547701207,1439.82892682691,0.00446345488293761,31.2866776935216,58.7277777389935
"multiplicative_gamma",2,"reveal_75","gibbs_mic","multiplicative_gamma-002-reveal_75-gibbs_mic","mean_row_789",2.50753298566503,0.122161726182292,1.0053996031777,1178.09383394015,1574.30886890566,0.00357664676962042,48.0521203222313,64.2129489295452
"multiplicative_gamma",2,"reveal_75","gibbs_mic","multiplicative_gamma-002-reveal_75-gibbs_mic","mean_row_946",0.673561128208665,0.128170918098662,1.02320080314587,190.158031096885,1034.9005912842,0.00941784585572873,7.7561704571067,42.2115508130767
"multiplicative_gamma",2,"reveal_75","gibbs_mic","multiplicative_gamma-002-reveal_75-gibbs_mic","mean_row_1104",3.34825336798954,0.138249733288846,1.00573352693302,1041.00119892163,1581.17981660104,0.00422788987758513,42.4603825476865,64.4932013134167
"multiplicative_gamma",2,"reveal_75","gibbs_mic","multiplicative_gamma-002-reveal_75-gibbs_mic","interaction_row_97",0.216393860749583,0.113828173130367,1.01171086958713,459.737934596445,777.267016487914,0.00531287981370637,18.7518022024083,31.7031862172334
"multiplicative_gamma",2,"reveal_75","gibbs_mic","multiplicative_gamma-002-reveal_75-gibbs_mic","interaction_row_241",0.140288210764997,0.0925758556546981,1.00699755202069,482.163424408753,845.783156184034,0.00420217093521125,19.6664936333463,34.4978242111201
"multiplicative_gamma",2,"reveal_75","gibbs_mic","multiplicative_gamma-002-reveal_75-gibbs_mic","interaction_row_385",0.143795226864204,0.0995100300280863,1.00847486432053,483.757564586476,879.502475892838,0.00456166242178937,19.7315154621885,35.8731686541109
"multiplicative_gamma",2,"reveal_75","gibbs_mic","multiplicative_gamma-002-reveal_75-gibbs_mic","interaction_row_529",-0.0699207404224629,0.128606916551754,1.02547642875026,90.4074525305279,790.386142492018,0.0135342820243843,3.68754140109017,32.2382894518912
"multiplicative_gamma",2,"reveal_75","gibbs_mic","multiplicative_gamma-002-reveal_75-gibbs_mic","interaction_row_672",0.0196467310514665,0.0746568940214744,1.00325056351243,1056.46964716431,1421.39494322415,0.00231373048974764,43.0913099956892,57.9758919616654
"multiplicative_gamma",2,"reveal_75","gibbs_mic","multiplicative_gamma-002-reveal_75-gibbs_mic","interaction_row_816",0.0418248532896239,0.0840146544565519,1.01722840996596,461.299358115266,1169.41798802267,0.0037556773030634,18.8154895833611,47.6982497052113
"multiplicative_gamma",2,"reveal_75","gibbs_mic","multiplicative_gamma-002-reveal_75-gibbs_mic","interaction_row_960",0.00696684535329578,0.0783422760788412,1.0147678690102,743.997881185309,1338.63722160233,0.00287158784064754,30.3462039068935,54.6003679733379
"multiplicative_gamma",2,"reveal_75","gibbs_mic","multiplicative_gamma-002-reveal_75-gibbs_mic","interaction_row_1104",-0.0258589738097414,0.0787492486896937,1.00804077894882,900.916596883703,1171.22195597173,0.00275963576995532,36.7466083486438,47.7718299943602
"multiplicative_gamma",2,"reveal_75","gibbs_mic","multiplicative_gamma-002-reveal_75-gibbs_mic","observed_log_likelihood",-84.31851298799,13.5565586005585,1.02130167404585,139.512439562193,694.413194917293,1.14555278316284,5.69043682188656,28.323742501827
"horseshoe",2,"reveal_75","gibbs_mic","horseshoe-002-reveal_75-gibbs_mic","sigma",12.9382159697978,13.3022174034253,2.06007373775627,5.84276362380215,11.497790263239,6.5779125331075,0.233878937787295,0.460242985479109
"horseshoe",2,"reveal_75","gibbs_mic","horseshoe-002-reveal_75-gibbs_mic","mean_row_1",2.71672188030588,3.55700738737168,1.25170719583946,30.5236070583068,36.4979955189041,0.755222806951,1.22182399560912,1.46097172039486
"horseshoe",2,"reveal_75","gibbs_mic","horseshoe-002-reveal_75-gibbs_mic","mean_row_159",397.407869353832,19.5920883628711,1.3635410127486,1187.52012268754,29.9089405028,0.634972335907848,47.535030129195,1.19721961823714
"horseshoe",2,"reveal_75","gibbs_mic","horseshoe-002-reveal_75-gibbs_mic","mean_row_316",1225.87835259875,24.7531078379874,1.46925637697315,10.639038835602,28.7904277543338,9.52391487116279,0.425868178512612,1.15244687192115
"horseshoe",2,"reveal_75","gibbs_mic","horseshoe-002-reveal_75-gibbs_mic","mean_row_474",518.623987928713,11.1631683915457,1.72254597825721,6.26866727100488,36.044342550233,4.57961050801281,0.250927358538346,1.4428125270288
"horseshoe",2,"reveal_75","gibbs_mic","horseshoe-002-reveal_75-gibbs_mic","mean_row_631",11.1037944380981,5.67772936189677,1.32100547473693,35.7355029614835,36.4310346746251,1.32178793770013,1.43045004248995,1.45829135676189
"horseshoe",2,"reveal_75","gibbs_mic","horseshoe-002-reveal_75-gibbs_mic","mean_row_789",-393.326902754432,27.3341149254348,1.60753132952389,6.81031915978303,28.8485340668035,13.400181402945,0.272609044903655,1.1547727990875
"horseshoe",2,"reveal_75","gibbs_mic","horseshoe-002-reveal_75-gibbs_mic","mean_row_946",2663.14521628873,12.7220335812627,1.32769957634138,142.441541020179,35.0976815517044,1.61833022295337,5.70176691298455,1.40491880360679
"horseshoe",2,"reveal_75","gibbs_mic","horseshoe-002-reveal_75-gibbs_mic","mean_row_1104",80.9048271736297,43.2066745462161,1.62789828040088,6.67385594794425,31.3591003553861,21.2113097916944,0.267146583457862,1.25526780703652
"horseshoe",2,"reveal_75","gibbs_mic","horseshoe-002-reveal_75-gibbs_mic","interaction_row_97",739.330228145322,15.3537195489119,1.48038176687551,12.6735988854316,33.3032014435612,5.59665340416042,0.507309218054268,1.33308788101679
"horseshoe",2,"reveal_75","gibbs_mic","horseshoe-002-reveal_75-gibbs_mic","interaction_row_241",112.560911650107,18.3908581195297,1.54822581719381,7.25976409920193,31.5471818096006,8.6633882500576,0.290599795821071,1.26279648585385
"horseshoe",2,"reveal_75","gibbs_mic","horseshoe-002-reveal_75-gibbs_mic","interaction_row_385",782.716034612172,7.52107769157342,1.37958237971943,42.2055463998706,33.4207319565179,0.357299515960262,1.68943825153595,1.3377924888527
"horseshoe",2,"reveal_75","gibbs_mic","horseshoe-002-reveal_75-gibbs_mic","interaction_row_529",-77.571231750544,10.1708678327752,1.43181531433601,18.9499551983601,31.0081983170478,2.99691055499223,0.758544359873522,1.24122161224274
"horseshoe",2,"reveal_75","gibbs_mic","horseshoe-002-reveal_75-gibbs_mic","interaction_row_672",-45.388218890384,7.66148113250168,1.55698915929322,7.0316902081126,32.9865139570737,3.51137170937639,0.281470266916687,1.32041125438612
"horseshoe",2,"reveal_75","gibbs_mic","horseshoe-002-reveal_75-gibbs_mic","interaction_row_816",-28.1150907010244,2.47489861556411,1.36047726100909,25.4042118892369,33.922255851905,0.653453683582728,1.01690064403319,1.35786789896347
"horseshoe",2,"reveal_75","gibbs_mic","horseshoe-002-reveal_75-gibbs_mic","interaction_row_960",-47.1117007659296,6.55101696529364,1.49693810837396,18.3146265252382,31.2168885715457,2.0734021902802,0.733112902299189,1.24957523703251
"horseshoe",2,"reveal_75","gibbs_mic","horseshoe-002-reveal_75-gibbs_mic","interaction_row_1104",56.6545807168922,49.4181282567083,2.13021936553615,5.24498577938151,13.8220050171739,24.5001148290599,0.209950595604098,0.553278561251062
"horseshoe",2,"reveal_75","gibbs_mic","horseshoe-002-reveal_75-gibbs_mic","observed_log_likelihood",-3040.04496895306,741.79349543251,2.11517903441867,5.86752191961358,11.4206834907553,364.924360459659,0.23486998317243,0.457156492304676
"realism",2,"reveal_75","gibbs_mic","realism-002-reveal_75-gibbs_mic","sigma",0.200524133517465,0.00525722019613636,1.00681125050753,576.714773998249,1497.36810830028,0.000217330549971833,22.3420282027756,58.0082945918829
"realism",2,"reveal_75","gibbs_mic","realism-002-reveal_75-gibbs_mic","mean_row_1",1.7740683691009,0.0612215627850664,1.01394882515822,133.816307978782,305.805164787777,0.00531315664088369,5.18406647730917,11.846943973493
"realism",2,"reveal_75","gibbs_mic","realism-002-reveal_75-gibbs_mic","mean_row_159",-0.137210866611454,0.0613454428123305,1.00913798010504,450.260528286187,896.777471535824,0.00289685099005932,17.4431692668882,34.7413114142417
"realism",2,"reveal_75","gibbs_mic","realism-002-reveal_75-gibbs_mic","mean_row_316",1.69436108678518,0.067405366055541,1.00670092299679,430.001477532366,1075.60885315331,0.00322149422346987,16.6583302030901,41.6692694825596
"realism",2,"reveal_75","gibbs_mic","realism-002-reveal_75-gibbs_mic","mean_row_474",0.787860355410009,0.0805984114021331,1.01109307730231,436.621319104426,1099.24097595185,0.00387219434778739,16.9147839888593,42.5847819297193
"realism",2,"reveal_75","gibbs_mic","realism-002-reveal_75-gibbs_mic","mean_row_631",-0.277386837310827,0.0752837129696014,1.01012916354997,250.392776084344,276.781444873763,0.00484266418231181,9.70025863264027,10.7225601392229
"realism",2,"reveal_75","gibbs_mic","realism-002-reveal_75-gibbs_mic","mean_row_789",-0.184021773496213,0.143838753067168,1.00911031947209,466.438697891393,451.687994809705,0.00702572413304933,18.0699143025371,17.4984695622246
"realism",2,"reveal_75","gibbs_mic","realism-002-reveal_75-gibbs_mic","mean_row_946",-0.393858379736297,0.089436154987922,1.01920897926306,311.882725997896,346.534939485149,0.00538011716186203,12.0823897260255,13.4248223563765
"realism",2,"reveal_75","gibbs_mic","realism-002-reveal_75-gibbs_mic","mean_row_1104",-0.495369204505976,0.0833174238782683,1.07989015034983,34.7995571890925,647.670243030573,0.0141940762358091,1.34814075036193,25.0908551129497
"realism",2,"reveal_75","gibbs_mic","realism-002-reveal_75-gibbs_mic","interaction_row_97",0.00155740222159952,0.0301277908364339,1.01679727491928,932.145754368817,656.028021416611,0.00115709403127814,36.1114846925508,25.4146368657889
"realism",2,"reveal_75","gibbs_mic","realism-002-reveal_75-gibbs_mic","interaction_row_241",-0.0182882900752599,0.0623949643634298,1.02103244756524,613.39980349694,413.636906767221,0.00333316316967093,23.763212470342,16.0243639548762
"realism",2,"reveal_75","gibbs_mic","realism-002-reveal_75-gibbs_mic","interaction_row_385",0.0439192574678972,0.0663395512581874,1.0058361433128,450.551689763709,1069.60264979308,0.00302635646309112,17.4544489119323,41.4365881452398
"realism",2,"reveal_75","gibbs_mic","realism-002-reveal_75-gibbs_mic","interaction_row_529",-0.00956971142276652,0.0413321251755495,1.06069256981333,339.080495879415,559.3967335292,0.00266417440415696,13.1360359462059,21.6711243764459
"realism",2,"reveal_75","gibbs_mic","realism-002-reveal_75-gibbs_mic","interaction_row_672",0.00582702614933294,0.0306015968950982,1.02148304470211,425.69500739547,216.567238719275,0.00176255439923305,16.4914968192565,8.38985157553457
"realism",2,"reveal_75","gibbs_mic","realism-002-reveal_75-gibbs_mic","interaction_row_816",0.00876862689466453,0.0362096805303486,1.12151005395065,24.3682325815068,80.9709311914292,0.00528091277715825,0.944029465056626,3.1368276136609
"realism",2,"reveal_75","gibbs_mic","realism-002-reveal_75-gibbs_mic","interaction_row_960",0.0279310277483598,0.0810831164258451,1.13971339493252,21.2870689270687,122.378580129722,0.0130437736761692,0.824664662265858,4.74096695966069
"realism",2,"reveal_75","gibbs_mic","realism-002-reveal_75-gibbs_mic","interaction_row_1104",6.46621996160141e-05,0.0219927542051493,1.06347166821922,46.8174887201532,294.514747945171,0.0021352482457371,1.81371745710119,11.4095513092306
"realism",2,"reveal_75","gibbs_mic","realism-002-reveal_75-gibbs_mic","observed_log_likelihood",160.581640383124,10.7192932535105,1.03471697054882,110.376919158239,448.799517041026,1.0269358491304,4.2760205771603,17.3865694433434
