"scenario","dataset","mask","variable","adapter","id","mean","sd","rhat","ess_bulk","ess_tail","mcse_mean","ess_bulk_per_second","ess_tail_per_second","reference_ess_per_second","ratio"
"gamma",1,"reveal_25","interaction_row_1104","gibbs_mic","gamma-001-reveal_25-gibbs_mic",0.0623297203225425,0.0880582018025211,1.00672115647028,725.661980919796,772.003885857629,0.00316325232414544,32.1972659916495,34.2534335725276,20.7944409137803,1.54835930069717
"gamma",1,"reveal_25","interaction_row_1104","gibbs_imc","gamma-001-reveal_25-gibbs_imc",0.0677001864254047,0.100989136523293,1.00819818809597,390.092331368808,649.756226518578,0.00530817255141468,18.6888483384663,31.1290292012925,20.7944409137803,0.898742525271809
"gamma",1,"reveal_25","interaction_row_1104","gibbs_icm","gamma-001-reveal_25-gibbs_icm",0.0661635427075068,0.0994201093516199,1.01081840295886,437.396809034114,689.077003225208,0.00471291766523774,20.1129723195896,31.6860717903715,20.7944409137803,0.967228328137492
"gamma",1,"reveal_25","interaction_row_1104","gibbs_mci","gamma-001-reveal_25-gibbs_mci",0.0666804117721807,0.0998116952595078,1.0102652780035,443.164589193259,1280.30775061249,0.00475474739711801,21.2671364427133,61.441009243329,20.7944409137803,1.02273182197554
"gamma",1,"reveal_25","interaction_row_1104","gibbs_cmi","gamma-001-reveal_25-gibbs_cmi",0.0668988117585548,0.101463445947833,1.01583075330701,354.154300076365,626.503300859201,0.0052738126146813,15.9903512767006,28.2871275446632,20.7944409137803,0.768972406760114
"gamma",1,"reveal_25","interaction_row_241","gibbs_icm","gamma-001-reveal_25-gibbs_icm",0.694662838633809,0.248905683837201,1.03416851233825,131.551199422777,559.755059792164,0.0173497732735519,6.04916537558179,25.7394150821798,6.96871874457723,0.868045561501388
"gamma",1,"reveal_25","interaction_row_241","gibbs_cmi","gamma-001-reveal_25-gibbs_cmi",0.664508782594069,0.227690535947865,1.00591194440807,254.552040097846,680.873336854007,0.0142669180421449,11.4932291898973,30.7419783661733,6.96871874457723,1.6492600162463
"gamma",1,"reveal_25","interaction_row_241","gibbs_mci","gamma-001-reveal_25-gibbs_mci",0.652138480139286,0.222458227090419,1.03117064073228,164.751151749166,366.756712037774,0.0174214444060854,7.90628427628207,17.600379692762,6.96871874457723,1.13453915505406
"gamma",1,"reveal_25","interaction_row_241","gibbs_imc","gamma-001-reveal_25-gibbs_imc",0.643173520623225,0.20963737702417,1.01821849983336,223.623125370862,907.854696735137,0.0139258698382984,10.7135114919208,43.4942124627574,6.96871874457723,1.53737177300455
"gamma",1,"reveal_25","interaction_row_241","gibbs_mic","gamma-001-reveal_25-gibbs_mic",0.668549457476849,0.224986326949789,1.01775732457596,381.472512765122,684.055857306961,0.0118893042430281,16.9257481926135,30.3512227041867,6.96871874457723,2.42881780898165
"gamma",1,"reveal_25","interaction_row_385","gibbs_icm","gamma-001-reveal_25-gibbs_icm",0.0309737325377266,0.166261460153915,1.05781021297888,52.87230036556,586.074933246918,0.0218416383321996,2.43124570587024,26.9496911411651,18.6815911709527,0.13014125422306
"gamma",1,"reveal_25","interaction_row_385","gibbs_imc","gamma-001-reveal_25-gibbs_imc",0.0669213440151096,0.174417581371806,1.032304450887,132.299557974831,1071.91516489666,0.0143822829016368,6.33831063933458,51.3541496141743,18.6815911709527,0.339281091280371
"gamma",1,"reveal_25","interaction_row_385","gibbs_mci","gamma-001-reveal_25-gibbs_mci",0.0668929552932195,0.155109721295532,1.04564334767412,124.633281299853,1112.55525874196,0.0115690309736977,5.98105774545798,53.3906929044036,18.6815911709527,0.320157832955776
"gamma",1,"reveal_25","interaction_row_385","gibbs_mic","gamma-001-reveal_25-gibbs_mic",0.0676287789409143,0.164514106231297,1.01759486791958,257.898775832813,776.775618203691,0.00990704235839779,11.442842125868,34.4651529951056,18.6815911709527,0.612519673573631
"gamma",1,"reveal_25","interaction_row_385","gibbs_cmi","gamma-001-reveal_25-gibbs_cmi",0.0292738691754739,0.168878560716493,1.04296595882714,76.7966520279224,992.325843487403,0.017975764430611,3.46743055932465,44.8043093501627,18.6815911709527,0.185606810875726
"gamma",1,"reveal_25","interaction_row_529","gibbs_mci","gamma-001-reveal_25-gibbs_mci",0.108821812823165,0.257044960157522,1.05143441349888,113.343614309574,915.841431488578,0.020153145437751,5.43927508923957,43.9505437896429,18.5156620752515,0.293766167644086
"gamma",1,"reveal_25","interaction_row_529","gibbs_icm","gamma-001-reveal_25-gibbs_icm",0.039490377078325,0.267220693627227,1.0645781561825,49.8696390649814,552.305514229765,0.0353423067580318,2.29317326826603,25.3968599912524,18.5156620752515,0.123850460164271
"gamma",1,"reveal_25","interaction_row_529","gibbs_imc","gamma-001-reveal_25-gibbs_imc",0.116203997902631,0.28090444322829,1.03543624521846,92.5284131523655,260.357599192688,0.0287794804456293,4.43292354488408,12.4734153783686,18.5156620752515,0.239414800662691
"gamma",1,"reveal_25","interaction_row_529","gibbs_mic","gamma-001-reveal_25-gibbs_mic",0.0979943965513796,0.266271104779595,1.02226850514437,200.256894498877,423.687473998484,0.017995481509134,8.88530013749564,18.7988053065261,18.5156620752515,0.479880227959656
"gamma",1,"reveal_25","interaction_row_529","gibbs_cmi","gamma-001-reveal_25-gibbs_cmi",0.042794057433283,0.282118577271818,1.04874839402802,66.9593674258004,690.626701179488,0.0320352731296213,3.0232692534676,31.1823506040947,18.5156620752515,0.163281725556473
"gamma",1,"reveal_25","interaction_row_672","gibbs_mci","gamma-001-reveal_25-gibbs_mci",0.0201816217591708,0.0565155037325754,1.01899344940038,473.919400948294,1002.24831023966,0.00257162219687884,22.7430368052737,48.0971451309943,35.2665013269346,0.644890645500575
"gamma",1,"reveal_25","interaction_row_672","gibbs_icm","gamma-001-reveal_25-gibbs_icm",0.0181713961284603,0.0552719217662203,1.06174826918841,53.2701966122413,695.189159047239,0.0071667047989874,2.44954230984694,31.9671292153971,35.2665013269346,0.0694580470894659
"gamma",1,"reveal_25","interaction_row_672","gibbs_cmi","gamma-001-reveal_25-gibbs_cmi",0.0129120466313675,0.0584005174771229,1.02660056814851,164.078976981851,1051.04266960414,0.00411436733445071,7.40829767842924,47.455421239125,35.2665013269346,0.210066136409488
"gamma",1,"reveal_25","interaction_row_672","gibbs_mic","gamma-001-reveal_25-gibbs_mic",0.0199285700078964,0.0530991186113288,1.00962791616434,713.432449693799,991.777245670748,0.00198743512429145,31.6546476925103,44.0046696987642,35.2665013269346,0.897584010363235
"gamma",1,"reveal_25","interaction_row_672","gibbs_imc","gamma-001-reveal_25-gibbs_imc",0.0219940734226155,0.0554287069381054,1.00624054216855,688.949157621037,1165.72177218426,0.00213114894696391,33.006714780867,55.8483098828273,35.2665013269346,0.935922576353166
"gamma",1,"reveal_25","interaction_row_816","gibbs_mci","gamma-001-reveal_25-gibbs_mci",-0.0771833312475041,0.067796921027982,1.01580255331388,583.859224353815,1147.72894996597,0.00277970142375577,28.0189665204826,55.078651980323,19.7735473239177,1.4169924122108
"gamma",1,"reveal_25","interaction_row_816","gibbs_imc","gamma-001-reveal_25-gibbs_imc",-0.0790717489379422,0.0660479795584224,1.00267932669891,527.291168275351,1132.92466740581,0.00287549778014859,25.2618774625282,54.2770405502714,19.7735473239177,1.27755920820398
"gamma",1,"reveal_25","interaction_row_816","gibbs_cmi","gamma-001-reveal_25-gibbs_cmi",-0.0707841355223014,0.0662890215713186,1.00404165603163,501.816704397442,1280.26711314168,0.00294047260637708,22.6574275057541,57.8050890889327,19.7735473239177,1.145845362726
"gamma",1,"reveal_25","interaction_row_816","gibbs_mic","gamma-001-reveal_25-gibbs_mic",-0.0749769467195317,0.0604821367001569,1.00827624475865,824.089539560428,1454.54576910936,0.0020632495994477,36.5644484674961,64.5374819908315,19.7735473239177,1.84915978243663
"gamma",1,"reveal_25","interaction_row_816","gibbs_icm","gamma-001-reveal_25-gibbs_icm",-0.0689749321277388,0.0666060928230919,1.01629620219373,351.461029941815,681.373432986117,0.00347837488170128,16.1613569661018,31.3318357928044,19.7735473239177,0.817322086996162
"gamma",1,"reveal_25","interaction_row_960","gibbs_mci","gamma-001-reveal_25-gibbs_mci",-0.0215796109777546,0.0730493525561283,1.00564889259718,783.319408501783,701.989718613682,0.00264050120376841,37.5909112439669,33.6879603903293,39.0026407255117,0.963804259012099
"gamma",1,"reveal_25","interaction_row_960","gibbs_cmi","gamma-001-reveal_25-gibbs_cmi",-0.0199774089928917,0.0730664778166137,1.00865994571421,865.493554143724,875.583473495301,0.0025514882485952,39.0777295531752,39.5332975210087,39.0026407255117,1.00192522419679
"gamma",1,"reveal_25","interaction_row_960","gibbs_icm","gamma-001-reveal_25-gibbs_icm",-0.0219579231144036,0.0706170745020072,1.00910345025093,703.699382822197,928.161945750179,0.00298488552263568,32.3584578480801,42.6799993447455,39.0026407255117,0.82964787117387
"gamma",1,"reveal_25","interaction_row_960","gibbs_mic","gamma-001-reveal_25-gibbs_mic",-0.0159018530173056,0.0655587761789953,1.008131904645,947.217740882726,848.115935164851,0.00222630698093087,42.0275863378617,37.6304878500688,39.0026407255117,1.07755745652297
"gamma",1,"reveal_25","interaction_row_960","gibbs_imc","gamma-001-reveal_25-gibbs_imc",-0.0189609163138034,0.0721082444475414,1.00764317234219,756.961856680443,680.84318310085,0.00274991350697553,36.26512033155,32.6183674172783,39.0026407255117,0.929811921884276
"gamma",1,"reveal_25","interaction_row_97","gibbs_cmi","gamma-001-reveal_25-gibbs_cmi",-0.0588474406910159,0.382661566637365,1.05640600912709,50.638046217572,1020.26001236901,0.0522234928122736,2.28634848372639,46.0655595254205,20.7716257169051,0.110070753001564
"gamma",1,"reveal_25","interaction_row_97","gibbs_mic","gamma-001-reveal_25-gibbs_mic",-0.156394532896864,0.374763736310235,1.01769547486369,223.089755008581,651.417551121632,0.0239327539758511,9.89838295361526,28.9030770752343,20.7716257169051,0.476533858664679
"gamma",1,"reveal_25","interaction_row_97","gibbs_icm","gamma-001-reveal_25-gibbs_icm",-0.062226255005739,0.376292266449795,1.08127166601806,35.3183532317284,612.844429218418,0.0625439032917538,1.62405634026433,28.180642351516,20.7716257169051,0.0781862894314809
"gamma",1,"reveal_25","interaction_row_97","gibbs_imc","gamma-001-reveal_25-gibbs_imc",-0.16288558527017,0.368966853366738,1.03742831231907,104.879304362617,219.975671224847,0.0360009799835344,5.02463969542554,10.5387664075527,20.7716257169051,0.241899202494112
"gamma",1,"reveal_25","interaction_row_97","gibbs_mci","gamma-001-reveal_25-gibbs_mci",-0.164763307558768,0.362229288801822,1.04401784649166,154.570275386156,217.79280905609,0.0288158152005974,7.41771165112563,10.4517136508346,20.7716257169051,0.357107900566911
"gamma",1,"reveal_25","mean_row_1","gibbs_cmi","gamma-001-reveal_25-gibbs_cmi",1.16142936368194,0.108036226655986,1.01004924394749,218.258820217832,523.205768763184,0.00736131078748771,9.85456114402347,23.6231609519227,14.3631713334607,0.686099254491665
"gamma",1,"reveal_25","mean_row_1","gibbs_mic","gamma-001-reveal_25-gibbs_mic",1.16863251407885,0.110669313300973,1.04331107355493,153.536505564197,266.318208310052,0.00895217752047747,6.81233940740956,11.8164082132422,14.3631713334607,0.474292149641033
"gamma",1,"reveal_25","mean_row_1","gibbs_imc","gamma-001-reveal_25-gibbs_imc",1.1641280920075,0.108312238840491,1.02703909181958,181.700965087662,582.948630665566,0.00802061282175058,8.7050718673723,27.9283586770261,14.3631713334607,0.60606892901798
"gamma",1,"reveal_25","mean_row_1","gibbs_mci","gamma-001-reveal_25-gibbs_mci",1.17199984820658,0.109394095577437,1.03489099095002,114.92749878929,495.441936772891,0.0102055949051109,5.51528451815385,23.7758871663735,14.3631713334607,0.383987936236988
"gamma",1,"reveal_25","mean_row_1","gibbs_icm","gamma-001-reveal_25-gibbs_icm",1.17266409024136,0.109580429404538,1.02146670414719,181.571798250136,620.452627052951,0.00809886273706853,8.34928028004489,28.53049280604,14.3631713334607,0.581297826657142
"gamma",1,"reveal_25","mean_row_1104","gibbs_mci","gamma-001-reveal_25-gibbs_mci",1.51348088558478,0.163477233114997,1.00424981414957,650.348223787765,1090.22997527425,0.00643619333902352,31.2097237636897,52.3193192856439,20.4759037379734,1.52421715608137
"gamma",1,"reveal_25","mean_row_1104","gibbs_mic","gamma-001-reveal_25-gibbs_mic",1.50712448500544,0.160789886265509,1.01104474072881,438.385417204511,1083.73207347723,0.00770241567711063,19.4509458339032,48.0846602838421,20.4759037379734,0.949943215342951
"gamma",1,"reveal_25","mean_row_1104","gibbs_icm","gamma-001-reveal_25-gibbs_icm",1.51504103060266,0.162102205834052,1.00906006295244,561.337440329506,928.606968364551,0.00691398659350449,25.812178246632,42.7004629771716,20.4759037379734,1.26061240455835
"gamma",1,"reveal_25","mean_row_1104","gibbs_imc","gamma-001-reveal_25-gibbs_imc",1.51490619061169,0.169254252278202,1.01555707747886,306.721340450081,514.73840678475,0.00999294278768365,14.6946457361223,24.6604899527979,20.4759037379734,0.717655539123798
"gamma",1,"reveal_25","mean_row_1104","gibbs_cmi","gamma-001-reveal_25-gibbs_cmi",1.51203839566253,0.159915901399146,1.00794145211871,524.751901529545,805.443756846391,0.00692976167772482,23.6929700889265,36.366432944121,20.4759037379734,1.15711474287638
"gamma",1,"reveal_25","mean_row_159","gibbs_mic","gamma-001-reveal_25-gibbs_mic",1.39461659599009,0.100186257994802,1.00257276851148,1115.17242340737,1724.53781435109,0.00300146550167022,49.4796531816208,76.516896545882,70.7321360738698,0.699535683892626
"gamma",1,"reveal_25","mean_row_159","gibbs_imc","gamma-001-reveal_25-gibbs_imc",1.38873841681619,0.100203387357097,1.00169289692037,1313.64225783448,1651.24899652625,0.00277221594840246,62.9350001357965,79.1093276733699,70.7321360738698,0.889765298054475
"gamma",1,"reveal_25","mean_row_159","gibbs_icm","gamma-001-reveal_25-gibbs_icm",1.39566909765014,0.103378401797553,1.00183743992305,1518.40852701349,1880.04104348804,0.00265149916650153,69.8215168535197,86.4505928858251,70.7321360738698,0.987125806303954
"gamma",1,"reveal_25","mean_row_159","gibbs_cmi","gamma-001-reveal_25-gibbs_cmi",1.38804087419474,0.102859581284021,0.999470835441437,1267.41273908041,1743.30717364194,0.00288039762993866,57.2247037692078,78.7117199585491,70.7321360738698,0.809034011208775
"gamma",1,"reveal_25","mean_row_159","gibbs_mci","gamma-001-reveal_25-gibbs_mci",1.38566123193259,0.101090563111387,1.0067984352328,899.378330153327,1198.35908759138,0.0033832837666328,43.1604918971748,57.5083543330159,70.7321360738698,0.610196359008579
"gamma",1,"reveal_25","mean_row_316","gibbs_mic","gamma-001-reveal_25-gibbs_mic",1.1765949177896,0.236198558342673,1.01315118669248,358.595805410955,794.641579386697,0.0119828927027623,15.9107199135218,35.2578569254901,7.35704523990271,2.16265081900356
"gamma",1,"reveal_25","mean_row_316","gibbs_imc","gamma-001-reveal_25-gibbs_imc",1.13079896511387,0.251143006124141,1.00801244055694,233.876033767932,738.382484843703,0.016372143936648,11.2047158418978,35.375005262478,7.35704523990271,1.52299129290741
"gamma",1,"reveal_25","mean_row_316","gibbs_mci","gamma-001-reveal_25-gibbs_mci",1.24947923595318,0.351175707372295,1.28143423652244,10.8795377025266,17.6682079984329,0.124793578908648,0.522100859128831,0.847884057895811,7.35704523990271,0.0709661069225307
"gamma",1,"reveal_25","mean_row_316","gibbs_icm","gamma-001-reveal_25-gibbs_icm",1.3579084018421,0.391557453740037,1.48256480435586,7.78223177465395,33.298269028736,0.154924439605054,0.357853118805075,1.53116609319612,7.35704523990271,0.0486408751252707
"gamma",1,"reveal_25","mean_row_316","gibbs_cmi","gamma-001-reveal_25-gibbs_cmi",1.36534833155365,0.427834449685731,1.32328239841236,9.80559132298781,51.2421424228192,0.15408819708311,0.442730328832753,2.31362391289594,7.35704523990271,0.0601777363596323
"gamma",1,"reveal_25","mean_row_474","gibbs_mci","gamma-001-reveal_25-gibbs_mci",2.00867777354555,0.177163219083257,1.00824350646579,782.522265603537,1401.2096120356,0.00630603093509026,37.5526569538121,67.2429989459449,25.824322320836,1.45415846686181
"gamma",1,"reveal_25","mean_row_474","gibbs_cmi","gamma-001-reveal_25-gibbs_cmi",2.01518264950912,0.178782168928377,1.02242892507474,499.042588671913,1369.47303388121,0.00800578760085782,22.5321739512332,61.832808103721,25.824322320836,0.872517531004226
"gamma",1,"reveal_25","mean_row_474","gibbs_icm","gamma-001-reveal_25-gibbs_icm",2.03225547016934,0.178340348685907,1.00912708688063,537.190746426689,1254.32753795584,0.0076342130730697,24.7018322723451,57.6781872421872,25.824322320836,0.956533610657994
"gamma",1,"reveal_25","mean_row_474","gibbs_mic","gamma-001-reveal_25-gibbs_mic",2.01048242180746,0.183307537690314,1.02227668112476,328.200506527698,947.53114128365,0.01014549946683,14.5620954178586,42.0414917598567,25.824322320836,0.563890708803204
"gamma",1,"reveal_25","mean_row_474","gibbs_imc","gamma-001-reveal_25-gibbs_imc",2.0042918433248,0.181526948961827,1.00910721339616,548.235872911965,1265.33760293835,0.00786566652812328,26.2653127443091,60.6207829702651,25.824322320836,1.01707655356816
"gamma",1,"reveal_25","mean_row_631","gibbs_cmi","gamma-001-reveal_25-gibbs_cmi",0.747772199121505,0.164413025221096,1.00591603476567,750.314933291815,1041.96250873975,0.00607155437133251,33.8773222544616,47.0454446785148,32.6134696120593,1.03875247428244
"gamma",1,"reveal_25","mean_row_631","gibbs_imc","gamma-001-reveal_25-gibbs_imc",0.735960810598491,0.149489942930862,1.00380060867782,813.523721326955,1252.86411005025,0.00523811194048931,38.9749303562954,60.0231931227062,32.6134696120593,1.1950562396429
"gamma",1,"reveal_25","mean_row_631","gibbs_mic","gamma-001-reveal_25-gibbs_mic",0.746024180320183,0.15244530384494,1.00790391717864,879.739023869158,1219.49593396576,0.005085149663454,39.0335887775826,54.1084361507571,32.6134696120593,1.19685483457882
"gamma",1,"reveal_25","mean_row_631","gibbs_mci","gamma-001-reveal_25-gibbs_mci",0.746129615667705,0.170725213208408,1.01229617987722,738.031095067289,846.815429951113,0.00639987235980583,35.4175590300072,40.6380377172048,32.6134696120593,1.08597948796319
"gamma",1,"reveal_25","mean_row_631","gibbs_icm","gamma-001-reveal_25-gibbs_icm",0.750490227849784,0.160482457914479,1.01014595973019,805.279975972944,717.01592154247,0.00582911850680513,37.029474225086,32.9707969624532,32.6134696120593,1.13540431807948
"gamma",1,"reveal_25","mean_row_789","gibbs_imc","gamma-001-reveal_25-gibbs_imc",1.01126869771516,0.132115499240831,1.01397377732009,619.425732698507,1470.04953706222,0.00531696866480371,29.6759321946297,70.4282823294314,16.879589503497,1.7580956094034
"gamma",1,"reveal_25","mean_row_789","gibbs_mci","gamma-001-reveal_25-gibbs_mci",1.00725931609177,0.134422792834353,1.00290379486134,1046.65041627124,1578.3537743514,0.00415674751378081,50.2279689159822,75.744014509617,16.879589503497,2.97566293928986
"gamma",1,"reveal_25","mean_row_789","gibbs_cmi","gamma-001-reveal_25-gibbs_cmi",1.01110423146122,0.140045887155002,1.0060735157757,904.957505424577,1843.18540543766,0.00469098707492119,40.859558670064,83.2213023946928,16.879589503497,2.42064883518637
"gamma",1,"reveal_25","mean_row_789","gibbs_icm","gamma-001-reveal_25-gibbs_icm",1.01899460694976,0.141544112533033,1.00906757593658,585.931760698898,1420.98937116204,0.00584335107055507,26.9431075872027,65.3418573211037,16.879589503497,1.59619447982552
"gamma",1,"reveal_25","mean_row_789","gibbs_mic","gamma-001-reveal_25-gibbs_mic",1.02282728751346,0.13873403863593,1.00867582311007,473.623901415766,883.526732188718,0.00646250724809604,21.014460085889,39.2016475369916,16.879589503497,1.24496274518615
"gamma",1,"reveal_25","mean_row_946","gibbs_imc","gamma-001-reveal_25-gibbs_imc",1.9885492684047,0.221844766145982,1.00522724297008,641.206165973553,1279.12180504738,0.00889380323461639,30.7194062172928,61.2811672997355,39.9340542998354,0.769253379249785
"gamma",1,"reveal_25","mean_row_946","gibbs_mci","gamma-001-reveal_25-gibbs_mci",1.97492624215261,0.213332243442441,1.00128732365244,1122.51524110954,1388.86901518385,0.00636348041390128,53.8686649922994,66.6507829534434,39.9340542998354,1.34894054552636
"gamma",1,"reveal_25","mean_row_946","gibbs_icm","gamma-001-reveal_25-gibbs_icm",1.97875481367714,0.21704249451139,1.00091583425818,895.232820258437,1548.90765954112,0.00725614482947326,41.1658077094973,71.2239692620187,39.9340542998354,1.03084468710373
"gamma",1,"reveal_25","mean_row_946","gibbs_mic","gamma-001-reveal_25-gibbs_mic",1.96242237241,0.213015439803655,1.00089125806402,1176.67751563001,1431.573914136,0.00624314000715232,52.2086039413439,63.5182320585678,39.9340542998354,1.30737048508393
"gamma",1,"reveal_25","mean_row_946","gibbs_cmi","gamma-001-reveal_25-gibbs_cmi",1.97405481939865,0.224789347493001,1.00480552530286,617.149246712155,903.046554184899,0.00911141206490726,27.8647844822176,40.773277685791,39.9340542998354,0.697769985311319
"gamma",1,"reveal_25","observed_log_likelihood","gibbs_imc","gamma-001-reveal_25-gibbs_imc",88.2200845958974,14.0387625743192,1.02431960757598,172.169840198935,489.186023669484,1.07734582093858,8.2484472859165,23.436306408733,6.27037104487677,1.31546398560511
"gamma",1,"reveal_25","observed_log_likelihood","gibbs_cmi","gamma-001-reveal_25-gibbs_cmi",85.9349460473236,16.2823308260804,1.14249485932684,20.5737785956067,277.422780743095,3.57428110281942,0.928922638414606,12.5258615108856,6.27037104487677,0.14814476396474
"gamma",1,"reveal_25","observed_log_likelihood","gibbs_icm","gamma-001-reveal_25-gibbs_icm",84.6825899795992,15.050607703132,1.074639766288,49.9561289601015,349.408614242032,2.11961954279797,2.297150363733,16.0669800083705,6.27037104487677,0.36634998906642
"gamma",1,"reveal_25","observed_log_likelihood","gibbs_mic","gamma-001-reveal_25-gibbs_mic",87.6429202157511,14.0097993391699,1.01999727778152,205.910052665931,440.807439319905,0.976411935379623,9.13612799121178,19.5584097666122,6.27037104487677,1.45703147801381
"gamma",1,"reveal_25","observed_log_likelihood","gibbs_mci","gamma-001-reveal_25-gibbs_mci",89.2617849274494,13.9609840060108,1.02845981855096,135.16749845164,405.036004154556,1.20343295095327,6.48658693020636,19.4373742275917,6.27037104487677,1.03448215165931
"gamma",1,"reveal_25","sigma","gibbs_cmi","gamma-001-reveal_25-gibbs_cmi",0.190757621327784,0.0102746364974009,1.08225669436335,44.7677621315682,463.139403373151,0.00155897935834484,2.02130043938813,20.9111162801676,12.369132712259,0.16341488820674
"gamma",1,"reveal_25","sigma","gibbs_mci","gamma-001-reveal_25-gibbs_mci",0.189132411162814,0.0092474204252722,1.01793215077925,272.619358824268,645.686420370847,0.000559478046171646,13.0827986766613,30.9860073121627,12.369132712259,1.05769733262665
"gamma",1,"reveal_25","sigma","gibbs_mic","gamma-001-reveal_25-gibbs_mic",0.189895311944554,0.00935229169994988,1.01279565729493,366.30309759738,737.841485165495,0.000487315515634508,16.2526886856589,32.7376646182223,12.369132712259,1.31397156645841
"gamma",1,"reveal_25","sigma","gibbs_icm","gamma-001-reveal_25-gibbs_icm",0.191310494343362,0.00967720208072961,1.03283535309971,190.338123289828,441.543679921431,0.000699104042445841,8.75238530785064,20.3036593517005,12.369132712259,0.707598949049694
"gamma",1,"reveal_25","sigma","gibbs_imc","gamma-001-reveal_25-gibbs_imc",0.189627496987769,0.00936297818711679,1.01467462061242,356.574129533963,644.192788103512,0.000496738713860176,17.0830321244652,30.8624916448767,12.369132712259,1.38110185425809
"gamma",1,"reveal_75","interaction_row_1104","gibbs_mci","gamma-001-reveal_75-gibbs_mci",0.0606386786933652,0.0573396505050907,1.01926723639748,378.784504757134,1025.97460656698,0.00295178090544947,15.2957722806144,41.4300842580754,10.6253250385669,1.43955805823305
"gamma",1,"reveal_75","interaction_row_1104","gibbs_cmi","gamma-001-reveal_75-gibbs_cmi",0.0691032656146039,0.0580806690934659,1.00620767942704,360.093342539406,1054.08698396856,0.00305152506762645,14.7319618107191,43.1242885066711,10.6253250385669,1.38649516671219
"gamma",1,"reveal_75","interaction_row_1104","gibbs_mic","gamma-001-reveal_75-gibbs_mic",0.0695325509080215,0.0591977879845426,1.00793224165202,496.634082507319,835.831965567391,0.00273821216587471,20.0652128199798,33.7696240785177,10.6253250385669,1.88843284766807
"gamma",1,"reveal_75","interaction_row_1104","gibbs_icm","gamma-001-reveal_75-gibbs_icm",0.063423326399764,0.0609821151563306,1.01374190369068,241.595332415742,371.558780564787,0.00407996966450116,9.9569457804048,15.3131709761287,10.6253250385669,0.937095641240518
"gamma",1,"reveal_75","interaction_row_1104","gibbs_imc","gamma-001-reveal_75-gibbs_imc",0.0630760300803487,0.0565591203556698,1.00959191071843,357.329435325557,1078.51893013209,0.00303727418320614,15.4081081163192,46.5059260114739,10.6253250385669,1.45013051933866
"gamma",1,"reveal_75","interaction_row_241","gibbs_mic","gamma-001-reveal_75-gibbs_mic",0.457368846868966,0.114144689236262,1.01071439687015,349.120683986447,849.720586711751,0.00611773076948191,14.1053163099046,34.3307578163206,9.68841500333793,1.45589513919923
"gamma",1,"reveal_75","interaction_row_241","gibbs_cmi","gamma-001-reveal_75-gibbs_cmi",0.465731573331501,0.117919629213472,1.00884390374871,291.286114099313,603.392034900897,0.00681102732746551,11.9169543059082,24.6856783087549,9.68841500333793,1.23002104077937
"gamma",1,"reveal_75","interaction_row_241","gibbs_mci","gamma-001-reveal_75-gibbs_mci",0.478153408519506,0.122190183636734,1.03779927437921,119.969355829034,764.938741946757,0.011104559590386,4.84450637332554,30.8891431895799,9.68841500333793,0.500030848354088
"gamma",1,"reveal_75","interaction_row_241","gibbs_imc","gamma-001-reveal_75-gibbs_imc",0.45353542765001,0.118284017699683,1.02827784363752,157.959996707942,568.629896845723,0.00944694161665949,6.81126284799886,24.5194211912261,9.68841500333793,0.703031697718584
"gamma",1,"reveal_75","interaction_row_241","gibbs_icm","gamma-001-reveal_75-gibbs_icm",0.475129560296395,0.126998533604549,1.00416464059796,264.060542612541,485.45652635864,0.00804080046966051,10.8828116803718,20.0072752373327,9.68841500333793,1.1232809160861
"gamma",1,"reveal_75","interaction_row_385","gibbs_mic","gamma-001-reveal_75-gibbs_mic",0.00959202731253621,0.055399435915025,1.02168559223491,280.973456109218,808.666049339382,0.00338103551843114,11.3520042062631,32.6720556478277,16.1130381802867,0.704522888808864
"gamma",1,"reveal_75","interaction_row_385","gibbs_mci","gamma-001-reveal_75-gibbs_mci",0.00557090209055408,0.0530067013579396,1.00975183704084,534.864336478714,971.740914171066,0.00224013933025001,21.5984629493908,39.2400627592903,16.1130381802867,1.34043392113445
"gamma",1,"reveal_75","interaction_row_385","gibbs_cmi","gamma-001-reveal_75-gibbs_cmi",0.00695108599735587,0.0535500201892319,1.00334291203098,466.212067247093,825.166067419389,0.00252539125115594,19.0734389087712,33.7587885046594,16.1130381802867,1.1837270349242
"gamma",1,"reveal_75","interaction_row_385","gibbs_imc","gamma-001-reveal_75-gibbs_imc",0.00777651111433057,0.0547042271330014,1.00546914816737,448.599523204444,800.316991239777,0.00258389559696897,19.3436903628323,34.5098094622818,16.1130381802867,1.20049925696186
"gamma",1,"reveal_75","interaction_row_385","gibbs_icm","gamma-001-reveal_75-gibbs_icm",0.00561833299219122,0.0521635203592936,1.0026038919739,489.032521467705,926.692617407132,0.00233647786276545,20.1546538685998,38.1920795172738,16.1130381802867,1.25082890284824
"gamma",1,"reveal_75","interaction_row_529","gibbs_imc","gamma-001-reveal_75-gibbs_imc",0.029919692079143,0.0584015083244957,1.01445745477535,225.717566543063,980.816060381681,0.00386468861932739,9.73298117990008,42.2929610789393,13.7831945430936,0.706148429485605
"gamma",1,"reveal_75","interaction_row_529","gibbs_mci","gamma-001-reveal_75-gibbs_mci",0.0217991068999188,0.0588161823486998,1.01727520292674,410.273214309329,1043.19956474541,0.00297254719482002,16.5673241119903,42.1256487136734,13.7831945430936,1.20199450571434
"gamma",1,"reveal_75","interaction_row_529","gibbs_cmi","gamma-001-reveal_75-gibbs_cmi",0.0291439636532961,0.0613745913785039,1.0142596216873,348.513784078651,819.498381397405,0.00328614641105927,14.2582246073989,33.526914920321,13.7831945430936,1.03446443876419
"gamma",1,"reveal_75","interaction_row_529","gibbs_mic","gamma-001-reveal_75-gibbs_mic",0.0288676716458001,0.0581879397218647,1.01347182570125,491.247628877418,943.653012723462,0.0026534915884672,19.8475871228402,38.1258540149272,13.7831945430936,1.43998454500415
"gamma",1,"reveal_75","interaction_row_529","gibbs_icm","gamma-001-reveal_75-gibbs_icm",0.0252158086013475,0.0569016460874827,1.00568783419666,402.434332979066,786.428857796324,0.00284189189719484,16.5856550024343,32.4113442876823,13.7831945430936,1.20332445069819
"gamma",1,"reveal_75","interaction_row_672","gibbs_imc","gamma-001-reveal_75-gibbs_imc",0.029054595015073,0.0399994310622829,1.02144662401724,305.303212657196,891.434139198479,0.00228340919051835,13.1647282418695,38.4387969125298,16.2515785375556,0.810058432874522
"gamma",1,"reveal_75","interaction_row_672","gibbs_icm","gamma-001-reveal_75-gibbs_icm",0.0221348358341344,0.0416304458840724,1.00796986054295,319.435027275784,556.256560634561,0.00233261713599015,13.1649780446663,22.9251797162282,16.2515785375556,0.810073803861176
"gamma",1,"reveal_75","interaction_row_672","gibbs_cmi","gamma-001-reveal_75-gibbs_cmi",0.024522926496227,0.0430726203106423,1.01763141995966,252.825903261288,447.730439018324,0.00267877147298099,10.3434890668612,18.317327620109,16.2515785375556,0.636460577842241
"gamma",1,"reveal_75","interaction_row_672","gibbs_mic","gamma-001-reveal_75-gibbs_mic",0.0242230245733761,0.0435876753485072,1.03117698525347,109.789449848018,1017.17800211915,0.00391267612028123,4.43575814504536,41.0964406334754,16.2515785375556,0.272943218087696
"gamma",1,"reveal_75","interaction_row_672","gibbs_mci","gamma-001-reveal_75-gibbs_mci",0.0257504052713148,0.0419613206097856,1.0355498472176,151.442983400618,826.943581723299,0.00336718495759531,6.11544917624849,33.3929729334235,16.2515785375556,0.376298779968749
"gamma",1,"reveal_75","interaction_row_816","gibbs_mic","gamma-001-reveal_75-gibbs_mic",-0.108943965767725,0.0500837623888524,1.00497494920954,719.132364783501,1345.7725746872,0.0018586308210285,29.0546791961335,54.3724526155387,20.2103798616127,1.4376117319457
"gamma",1,"reveal_75","interaction_row_816","gibbs_imc","gamma-001-reveal_75-gibbs_imc",-0.107958538536792,0.04654049191879,1.00798601266043,732.249746166639,1317.92732124774,0.00171777132581478,31.574737879636,56.8292579555748,20.2103798616127,1.5623030391234
"gamma",1,"reveal_75","interaction_row_816","gibbs_mci","gamma-001-reveal_75-gibbs_mci",-0.107515344752158,0.0476127258169893,1.01872843785606,351.604516124287,1204.1235154497,0.00256267427048368,14.1982117640238,48.6239507127159,20.2103798616127,0.702520777008833
"gamma",1,"reveal_75","interaction_row_816","gibbs_icm","gamma-001-reveal_75-gibbs_icm",-0.106209811329199,0.0487174008658382,1.01304903417638,532.703442319959,528.792210474365,0.00225327463850613,21.9544775107138,21.7932826604997,20.2103798616127,1.08629712360893
"gamma",1,"reveal_75","interaction_row_816","gibbs_cmi","gamma-001-reveal_75-gibbs_cmi",-0.109462423561098,0.0483283733452448,1.0039850539573,721.510469451745,1307.74260185805,0.00182070178189547,29.5180816369409,53.5017224505198,20.2103798616127,1.46054066470106
"gamma",1,"reveal_75","interaction_row_960","gibbs_mic","gamma-001-reveal_75-gibbs_mic",-0.00942650710282311,0.0388483918489165,1.01212635783898,952.032176531435,1243.43640169944,0.00119723665414759,38.4643924096576,50.2378248030157,13.1752288351119,2.91944776755226
"gamma",1,"reveal_75","interaction_row_960","gibbs_mci","gamma-001-reveal_75-gibbs_mci",-0.011314140471241,0.0341820420858207,1.02896587171916,843.651166679124,658.066102290757,0.00118088223141732,34.0676452382137,26.5734979119188,13.1752288351119,2.58573461338475
"gamma",1,"reveal_75","interaction_row_960","gibbs_cmi","gamma-001-reveal_75-gibbs_cmi",-0.00975624189509609,0.0368819044985517,1.02088524909167,736.469483532187,604.22087096154,0.00139725620733152,30.130077467258,24.7195872422182,13.1752288351119,2.28687318029434
"gamma",1,"reveal_75","interaction_row_960","gibbs_icm","gamma-001-reveal_75-gibbs_icm",-0.0140542174434184,0.0402572627468579,1.02357536427274,795.714938559277,544.53372887273,0.00148123860048318,32.7940545070589,22.442042897821,13.1752288351119,2.4890690641868
"gamma",1,"reveal_75","interaction_row_960","gibbs_imc","gamma-001-reveal_75-gibbs_imc",-0.0102436210577841,0.0342292060822698,1.03247399108239,1006.86727280741,557.185414569723,0.00108515345555098,43.4162939419348,24.0259331020535,13.1752288351119,3.29529714324435
"gamma",1,"reveal_75","interaction_row_97","gibbs_imc","gamma-001-reveal_75-gibbs_imc",-0.0187476810743685,0.0692086197979944,1.00396074563634,431.124387829002,1152.58921415216,0.00332107632903366,18.5901594510371,49.699849689628,13.1675318970021,1.41181806859869
"gamma",1,"reveal_75","interaction_row_97","gibbs_mic","gamma-001-reveal_75-gibbs_mic",-0.0240789503906214,0.0672971118348567,1.00838668776054,477.363738783871,1211.89845159445,0.00306796908847246,19.2866445308825,48.9636156759103,13.1675318970021,1.46471219373112
"gamma",1,"reveal_75","interaction_row_97","gibbs_mci","gamma-001-reveal_75-gibbs_mci",-0.0125644055057991,0.0712931445631999,1.02613065570837,152.062049137156,982.435562069716,0.00585442859328369,6.14044779264884,39.6719254591227,13.1675318970021,0.466332479061385
"gamma",1,"reveal_75","interaction_row_97","gibbs_cmi","gamma-001-reveal_75-gibbs_cmi",-0.0207414136631215,0.0705722691708258,1.01162424208915,269.467669293231,1054.43827686776,0.0043013468784688,11.0243288177896,43.1386604290702,13.1675318970021,0.837235778430091
"gamma",1,"reveal_75","interaction_row_97","gibbs_icm","gamma-001-reveal_75-gibbs_icm",-0.0139491436497943,0.0701745383692718,1.00342691487334,318.083905923223,844.019925526836,0.00394605663283264,13.1092938478084,34.7848633995564,13.1675318970021,0.99557714766524
"gamma",1,"reveal_75","mean_row_1","gibbs_mic","gamma-001-reveal_75-gibbs_mic",1.09460832199564,0.0667476239550791,1.02290684797656,159.457202674393,426.335955558668,0.00528007184147273,6.44245495836099,17.2249992145234,6.23715722241858,1.03291527351667
"gamma",1,"reveal_75","mean_row_1","gibbs_imc","gamma-001-reveal_75-gibbs_imc",1.09579334276994,0.0659729485115079,1.00735179365189,178.815781988004,338.245989789959,0.00495813441775302,7.71056797844007,14.5852265874675,6.23715722241858,1.23623113920001
"gamma",1,"reveal_75","mean_row_1","gibbs_cmi","gamma-001-reveal_75-gibbs_cmi",1.08902335099675,0.0719453341042726,1.04014357670007,91.591397870543,175.673119473933,0.00745324590735156,3.74714224401845,7.18705230429705,6.23715722241858,0.600777262844983
"gamma",1,"reveal_75","mean_row_1","gibbs_mci","gamma-001-reveal_75-gibbs_mci",1.08772429476566,0.0686440726193476,1.03660885448666,91.4500805159239,407.770618939546,0.00721440841303552,3.69286385543223,16.466266311563,6.23715722241858,0.592074838543232
"gamma",1,"reveal_75","mean_row_1","gibbs_icm","gamma-001-reveal_75-gibbs_icm",1.09291633584743,0.0707947726979149,1.0221415103688,106.493877170712,379.834230746445,0.00686267188590557,4.38896625332641,15.6542297538099,6.23715722241858,0.703680554588377
"gamma",1,"reveal_75","mean_row_1104","gibbs_mci","gamma-001-reveal_75-gibbs_mci",1.42520872483286,0.0839429132262629,1.00023918776551,1064.19774894301,1690.16635270491,0.00257361626900039,42.9735805581897,68.2509430102129,35.556156719891,1.20861151830139
"gamma",1,"reveal_75","mean_row_1104","gibbs_mic","gamma-001-reveal_75-gibbs_mic",1.42438336707931,0.084166934417056,1.0057765236281,754.078205349665,1366.69480572932,0.00308324614262239,30.4665753040146,55.2177611300281,35.556156719891,0.856857942888153
"gamma",1,"reveal_75","mean_row_1104","gibbs_imc","gamma-001-reveal_75-gibbs_imc",1.42919253885546,0.0824488708947723,1.00549888595237,1141.01210135521,1661.90957194936,0.00243890464924634,49.2006425490582,71.6618331227354,35.556156719891,1.38374467568746
"gamma",1,"reveal_75","mean_row_1104","gibbs_icm","gamma-001-reveal_75-gibbs_icm",1.42595181587301,0.0845200099364326,1.00948575442314,771.478649770385,1087.74928030424,0.00308218710448515,31.7951965780739,44.8297593267491,35.556156719891,0.89422478443197
"gamma",1,"reveal_75","mean_row_1104","gibbs_cmi","gamma-001-reveal_75-gibbs_cmi",1.42791635771767,0.0840990332025241,1.00003190531541,1064.47726515874,1708.62800448998,0.00259043819998144,43.5493705829373,69.9025489706658,35.556156719891,1.2248053389464
"gamma",1,"reveal_75","mean_row_159","gibbs_mic","gamma-001-reveal_75-gibbs_mic",1.34581505988873,0.0729209775947369,1.00270888167612,1514.07864259329,1744.09019193144,0.00187213600067121,61.1724230371821,70.4654434944626,66.172390009829,0.924440284355693
"gamma",1,"reveal_75","mean_row_159","gibbs_imc","gamma-001-reveal_75-gibbs_imc",1.34902244359379,0.0742591050198281,1.00903534664734,671.23453677612,1514.28137790347,0.00289764824731987,28.9437513162917,65.2960794232015,66.172390009829,0.437399213055362
"gamma",1,"reveal_75","mean_row_159","gibbs_cmi","gamma-001-reveal_75-gibbs_cmi",1.35636983433257,0.0751071109834171,1.00101216051366,1285.48577888618,1713.11136737368,0.00210479476124832,52.5911622503856,70.0859701089751,66.172390009829,0.794759902771744
"gamma",1,"reveal_75","mean_row_159","gibbs_mci","gamma-001-reveal_75-gibbs_mci",1.3519176386589,0.0728288156417235,0.9994786825226,1535.59278218635,1588.20410656903,0.00186661791756929,62.0090769740892,64.1335853080692,66.172390009829,0.937083834585371
"gamma",1,"reveal_75","mean_row_159","gibbs_icm","gamma-001-reveal_75-gibbs_icm",1.34809018320916,0.0740575923058168,1.00191962321957,1500.35647827001,1766.40184150317,0.00191159301177316,61.8346718706731,72.7992845987127,66.172390009829,0.93444821717167
"gamma",1,"reveal_75","mean_row_316","gibbs_cmi","gamma-001-reveal_75-gibbs_cmi",1.33984125640219,0.102596492207787,1.00815926144833,574.730939997023,1206.49004878548,0.00427436192955792,23.5131096836323,49.3593277742292,31.451395607747,0.747601472980123
"gamma",1,"reveal_75","mean_row_316","gibbs_mci","gamma-001-reveal_75-gibbs_mci",1.35221292729633,0.10158498091222,1.00381320647926,777.310160841284,1660.68728352635,0.00364812044302212,31.3887159118593,67.0605428657061,31.451395607747,0.998007093336351
"gamma",1,"reveal_75","mean_row_316","gibbs_icm","gamma-001-reveal_75-gibbs_icm",1.3538883012496,0.107304853516127,1.00665115201603,540.475989397421,571.341386921379,0.00482123874282729,22.2748099817598,23.5468754913196,31.451395607747,0.708229620699984
"gamma",1,"reveal_75","mean_row_316","gibbs_mic","gamma-001-reveal_75-gibbs_mic",1.34851226115396,0.103358054357547,1.01193132329633,732.511678129992,1410.72730571058,0.00382502547391069,29.5952356724978,56.9967801588048,31.451395607747,0.940983225088045
"gamma",1,"reveal_75","mean_row_316","gibbs_imc","gamma-001-reveal_75-gibbs_imc",1.3526014533422,0.102071209922788,1.01694120684051,443.372427773512,1273.87396067882,0.0049240263046225,19.118297088246,54.9296692975216,31.451395607747,0.607868004545299
"gamma",1,"reveal_75","mean_row_474","gibbs_icm","gamma-001-reveal_75-gibbs_icm",2.08690464357696,0.0785328819299049,1.00445574085674,1490.30512856677,1913.16729705796,0.00203579606143066,61.4204223774635,78.8479763047298,55.5777972690334,1.10512516500335
"gamma",1,"reveal_75","mean_row_474","gibbs_cmi","gamma-001-reveal_75-gibbs_cmi",2.08585392740575,0.0775562208987935,1.00221769741463,1516.28263421277,1676.14029282404,0.00200231413375804,62.0334097374613,68.5734276817099,55.5777972690334,1.116154521871
"gamma",1,"reveal_75","mean_row_474","gibbs_imc","gamma-001-reveal_75-gibbs_imc",2.08235967610395,0.07572044052213,1.00045630057061,1700.05104612572,1643.28592386764,0.00184202693190201,73.3065001994618,70.8587781409873,55.5777972690334,1.3189889452547
"gamma",1,"reveal_75","mean_row_474","gibbs_mci","gamma-001-reveal_75-gibbs_mci",2.082106557826,0.0805874043255718,1.00178531521015,1491.14517521658,1745.50654005084,0.00209206714033366,60.2142293335719,70.4856461012293,55.5777972690334,1.08342237894199
"gamma",1,"reveal_75","mean_row_474","gibbs_mic","gamma-001-reveal_75-gibbs_mic",2.08114713233493,0.078463666504745,1.00052680179901,1380.13146534444,1776.88952189456,0.00210945925702794,55.7606345337338,71.7906154052185,55.5777972690334,1.00328975370894
"gamma",1,"reveal_75","mean_row_631","gibbs_icm","gamma-001-reveal_75-gibbs_icm",0.657336006421921,0.0859232542927828,1.01142899733928,773.326587651987,1167.65655387747,0.00308023480963797,31.8713562335966,48.1230033744423,25.5285364660457,1.24845998422147
"gamma",1,"reveal_75","mean_row_631","gibbs_mic","gamma-001-reveal_75-gibbs_mic",0.655906861792557,0.0853348518348394,1.00628658588756,1024.19945530749,1208.00472727773,0.00267981632948942,41.3801242498279,48.8062998374906,25.5285364660457,1.62093601820322
"gamma",1,"reveal_75","mean_row_631","gibbs_imc","gamma-001-reveal_75-gibbs_imc",0.652609845017877,0.0821937181750971,1.00394838304495,1015.50867884689,1256.59591152665,0.00258189117580552,43.7889128906423,54.184636778347,25.5285364660457,1.71529272541275
"gamma",1,"reveal_75","mean_row_631","gibbs_mci","gamma-001-reveal_75-gibbs_mci",0.660430424628803,0.0858061542869011,1.00090930870396,941.83988837916,1481.257977839,0.00279637125970141,38.032623501016,59.8149724535212,25.5285364660457,1.48980822114896
"gamma",1,"reveal_75","mean_row_631","gibbs_cmi","gamma-001-reveal_75-gibbs_cmi",0.657519529315574,0.082229363650127,1.00694587906084,937.273024986524,1395.23296689963,0.00270919200338445,38.3452532416857,57.0810852554774,25.5285364660457,1.50205450644172
"gamma",1,"reveal_75","mean_row_789","gibbs_imc","gamma-001-reveal_75-gibbs_imc",0.993095650834013,0.0995559695151475,1.00503056765585,768.04060152922,1419.28443235147,0.00357288396913362,33.1180458595671,61.1997944181565,43.3452824772164,0.764051909846819
"gamma",1,"reveal_75","mean_row_789","gibbs_mci","gamma-001-reveal_75-gibbs_mci",0.996559368615316,0.101300999705494,1.01656560175234,709.231226661404,1339.67710276948,0.00379320261501348,28.6396069561219,54.0977670315572,43.3452824772164,0.660731810230463
"gamma",1,"reveal_75","mean_row_789","gibbs_mic","gamma-001-reveal_75-gibbs_mic",0.986692069925205,0.101354703558545,1.01745962503794,394.218430597365,1232.99403659756,0.00522279010124284,15.9273738676161,49.8159281078569,43.3452824772164,0.367453456462949
"gamma",1,"reveal_75","mean_row_789","gibbs_cmi","gamma-001-reveal_75-gibbs_cmi",0.978765021618572,0.0980552324772134,1.00287603644899,821.912729507489,1691.64359140371,0.00342451238951156,33.6256895433248,69.2076910118935,43.3452824772164,0.775763534613012
"gamma",1,"reveal_75","mean_row_789","gibbs_icm","gamma-001-reveal_75-gibbs_icm",0.99714581502562,0.100047801222472,1.00931388652727,482.685544553771,599.352807213432,0.00456171561582952,19.8930738770924,24.7013191235341,43.3452824772164,0.458944381953188
"gamma",1,"reveal_75","mean_row_946","gibbs_mic","gamma-001-reveal_75-gibbs_mic",1.68424768940561,0.0853137411256153,1.0276060904739,166.065253542049,1419.78072190176,0.00667816413891415,6.70943612549188,57.3625599734054,32.1073113956248,0.20896910497483
"gamma",1,"reveal_75","mean_row_946","gibbs_cmi","gamma-001-reveal_75-gibbs_cmi",1.68068065404794,0.085059079285403,1.01080655623389,651.537663488959,1389.62159317078,0.00336716372438711,26.6553885975109,56.8515154919928,32.1073113956248,0.830196844234773
"gamma",1,"reveal_75","mean_row_946","gibbs_mci","gamma-001-reveal_75-gibbs_mci",1.6843284616028,0.0841443158832382,1.00700939754086,1042.14273000831,1471.98157443504,0.00260673597826398,42.082972460358,59.4403801661704,32.1073113956248,1.31069749010789
"gamma",1,"reveal_75","mean_row_946","gibbs_imc","gamma-001-reveal_75-gibbs_imc",1.68201949614856,0.0814822676122312,1.00132774351825,1586.74366787022,1596.68511200878,0.0020387412312151,68.4206661148815,68.8493429351376,32.1073113956248,2.1309995493489
"gamma",1,"reveal_75","mean_row_946","gibbs_icm","gamma-001-reveal_75-gibbs_icm",1.68533323023965,0.0797103656221601,1.00646328062195,991.831117015769,1670.25297539598,0.00252349386135486,40.8766533554141,68.8366705982517,32.1073113956248,1.27312601331622
"gamma",1,"reveal_75","observed_log_likelihood","gibbs_icm","gamma-001-reveal_75-gibbs_icm",188.693482701362,17.6032848285617,1.05674609968698,57.8234714248421,384.918913797703,2.33250153604175,2.38309723973137,15.8637864242377,2.13604007868355,1.11566129470758
"gamma",1,"reveal_75","observed_log_likelihood","gibbs_cmi","gamma-001-reveal_75-gibbs_cmi",191.547319704718,12.3539653670299,1.02436932496172,231.106955919773,773.416304491719,0.814111077588144,9.45493417010077,31.6416276435674,2.13604007868355,4.42638425395458
"gamma",1,"reveal_75","observed_log_likelihood","gibbs_imc","gamma-001-reveal_75-gibbs_imc",189.076474482847,12.7856453028277,1.05216156124196,65.6263754257244,445.166261991075,1.57655096731269,2.82982085402632,19.1956475352971,2.13604007868355,1.32479763945738
"gamma",1,"reveal_75","observed_log_likelihood","gibbs_mci","gamma-001-reveal_75-gibbs_mci",190.956341038413,12.4181460414759,1.02168431436978,240.067317471282,620.89778424084,0.802186748746361,9.69420600352455,25.0725966823146,2.13604007868355,4.53840080074674
"gamma",1,"reveal_75","observed_log_likelihood","gibbs_mic","gamma-001-reveal_75-gibbs_mic",192.390499272903,12.3812225922308,1.03515315460204,127.615140021905,864.144855442594,1.09285894591468,5.15595895203851,34.913533006448,2.13604007868355,2.41379316965633
"gamma",1,"reveal_75","sigma","gibbs_mic","gamma-001-reveal_75-gibbs_mic",0.19325987423394,0.00529806637911881,1.01012106018971,957.375197382098,1436.91923814926,0.00017114458889661,38.6802633179306,58.0549972990692,16.3195743183443,2.37017599622383
"gamma",1,"reveal_75","sigma","gibbs_imc","gamma-001-reveal_75-gibbs_imc",0.193969415089852,0.0053417972071694,1.01148193671002,857.973705351522,1519.83663900866,0.000182520047166417,36.9959771183442,65.5356232593961,16.3195743183443,2.26696949299457
"gamma",1,"reveal_75","sigma","gibbs_cmi","gamma-001-reveal_75-gibbs_cmi",0.193438190645807,0.0052485695218594,1.00743138394454,992.557131582265,1733.13973159473,0.000167222005140537,40.6070094334683,70.9053607001893,16.3195743183443,2.4882394994717
"gamma",1,"reveal_75","sigma","gibbs_mci","gamma-001-reveal_75-gibbs_mci",0.193563132072155,0.00520415094774306,1.00744523951928,931.078839712354,1558.17959602754,0.000170366460710507,37.5980794585832,62.9211595876085,16.3195743183443,2.30386398107948
"gamma",1,"reveal_75","sigma","gibbs_icm","gamma-001-reveal_75-gibbs_icm",0.194069198095917,0.00596039801080974,1.01786234024322,275.867203305621,497.758966907755,0.000461433634239494,11.3694033673599,20.5142996582491,16.3195743183443,0.696672789717312
"gamma",2,"reveal_25","interaction_row_1104","gibbs_imc","gamma-002-reveal_25-gibbs_imc",0.00114160459245331,0.133534874753441,1.06439923390703,54.5802090979685,469.354225162022,0.0176681228615661,2.45768232609728,21.1344661906529,8.19352161666007,0.299954334788111
"gamma",2,"reveal_25","interaction_row_1104","gibbs_cmi","gamma-002-reveal_25-gibbs_cmi",-0.0114369919025599,0.138388794367,1.02008571456117,237.767469504393,406.915350275018,0.0096428510588061,10.5463503883075,18.0490286216464,8.19352161666007,1.28715720562248
"gamma",2,"reveal_25","interaction_row_1104","gibbs_mci","gamma-002-reveal_25-gibbs_mci",-0.0163581630850899,0.134284919336464,1.05789726673315,55.774542777229,459.68898075142,0.0176349070047492,2.23976157646891,18.4599221247859,8.19352161666007,0.273357620966637
"gamma",2,"reveal_25","interaction_row_1104","gibbs_mic","gamma-002-reveal_25-gibbs_mic",-0.034664724141498,0.143845934712759,1.02860743126637,144.281605869831,338.422837313247,0.0118126813682574,5.89072820274491,13.8171247831318,8.19352161666007,0.718949491848189
"gamma",2,"reveal_25","interaction_row_1104","gibbs_icm","gamma-002-reveal_25-gibbs_icm",-0.035020158711739,0.133838317052161,1.01793831913117,307.904254265709,830.433087590078,0.00739775639592337,13.5223651412257,36.4704913302626,8.19352161666007,1.65037279131972
"gamma",2,"reveal_25","interaction_row_241","gibbs_mci","gamma-002-reveal_25-gibbs_mci",-0.158440748748688,0.134978454752815,1.0481947609853,67.8587704060488,276.518206634497,0.0161160379060696,2.72503294538787,11.1042569526342,8.60048417078181,0.316846457859378
"gamma",2,"reveal_25","interaction_row_241","gibbs_icm","gamma-002-reveal_25-gibbs_icm",-0.170481239227967,0.139255847875127,1.01690399178726,257.514973061281,827.343130098541,0.00836943993278544,11.309397148058,36.3347883222899,8.60048417078181,1.31497214848428
"gamma",2,"reveal_25","interaction_row_241","gibbs_mic","gamma-002-reveal_25-gibbs_mic",-0.168675295367499,0.129592364183573,1.01928102502776,199.862471150395,500.660161794527,0.00903589691734297,8.15998330749177,20.4409489157934,8.60048417078181,0.94878185291166
"gamma",2,"reveal_25","interaction_row_241","gibbs_imc","gamma-002-reveal_25-gibbs_imc",-0.124235852066119,0.142560919230191,1.05682737796206,56.5070788970017,449.043086916757,0.0185217526688935,2.54444699644279,20.2198796342199,8.60048417078181,0.295849273821929
"gamma",2,"reveal_25","interaction_row_241","gibbs_cmi","gamma-002-reveal_25-gibbs_cmi",-0.178167517171675,0.128832691941082,1.02697696410634,208.259458009425,424.085519755754,0.00868031171276535,9.23750090971055,18.8106240743293,8.60048417078181,1.07406754390559
"gamma",2,"reveal_25","interaction_row_385","gibbs_mci","gamma-002-reveal_25-gibbs_mci",0.119845729060539,0.109887262857019,1.00380942012059,628.562566817849,1288.9131835552,0.00437314397889722,25.2414491533952,51.7594242854069,29.3594407328642,0.859738759435583
"gamma",2,"reveal_25","interaction_row_385","gibbs_mic","gamma-002-reveal_25-gibbs_mic",0.122023878771892,0.120948624281916,1.01672070488806,494.61897993285,994.012032304778,0.0054012175079493,20.1942995930613,40.5835149759025,29.3594407328642,0.687829845834097
"gamma",2,"reveal_25","interaction_row_385","gibbs_imc","gamma-002-reveal_25-gibbs_imc",0.106830341635973,0.11398750946189,1.01899670514834,409.488268637076,1054.92055848267,0.00532663304359709,18.4387729033265,47.5018263005524,29.3594407328642,0.628035563452901
"gamma",2,"reveal_25","interaction_row_385","gibbs_cmi","gamma-002-reveal_25-gibbs_cmi",0.120017953909937,0.117454177953938,1.00895982226289,352.796185959656,1057.14548758699,0.00623072507256336,15.6485334202553,46.8904629668213,29.3594407328642,0.532998348389474
"gamma",2,"reveal_25","interaction_row_385","gibbs_icm","gamma-002-reveal_25-gibbs_icm",0.119012092195207,0.117598409465649,1.03136558441118,147.871373339402,880.253509833186,0.00908712972139456,6.4941314597893,38.6584764968462,29.3594407328642,0.221193977054199
"gamma",2,"reveal_25","interaction_row_529","gibbs_mic","gamma-002-reveal_25-gibbs_mic",-0.108527730608493,0.12089961961759,1.01573167784107,386.351727031751,508.539950157995,0.00638557762430252,15.7739650933635,20.7626648494671,33.0740069367372,0.476929364002836
"gamma",2,"reveal_25","interaction_row_529","gibbs_imc","gamma-002-reveal_25-gibbs_imc",-0.107008383102663,0.117879348188874,1.00934417374514,410.35103940806,918.270378351507,0.00581390201986107,18.4776224517317,41.3486301491131,33.0740069367372,0.558675049173058
"gamma",2,"reveal_25","interaction_row_529","gibbs_cmi","gamma-002-reveal_25-gibbs_cmi",-0.10320235572503,0.122019164133004,1.00766092955823,369.20349268964,688.160133864432,0.00643696139176169,16.3762915364666,30.5238471441309,33.0740069367372,0.495140838779848
"gamma",2,"reveal_25","interaction_row_529","gibbs_mci","gamma-002-reveal_25-gibbs_mci",-0.110329889470126,0.115694930446547,1.00444755982242,537.691608767743,600.846970516174,0.00512312676843376,21.5923061909783,24.1284623932284,33.0740069367372,0.652848208935775
"gamma",2,"reveal_25","interaction_row_529","gibbs_icm","gamma-002-reveal_25-gibbs_icm",-0.115012377764104,0.115725018416567,1.00860277424123,763.39488352938,653.598732797505,0.00420270916697557,33.5263453460422,28.704380008674,33.0740069367372,1.01367655301549
"gamma",2,"reveal_25","interaction_row_672","gibbs_cmi","gamma-002-reveal_25-gibbs_cmi",-0.0717115307501524,0.0874821352927701,1.00507414612142,611.775304213847,1201.98512934844,0.00353212987039278,27.1357420365423,53.3149314414922,27.1470119835383,0.99958485497399
"gamma",2,"reveal_25","interaction_row_672","gibbs_icm","gamma-002-reveal_25-gibbs_icm",-0.0667991493384278,0.092343054202678,1.0055088434223,617.861182041582,1417.09986425195,0.00364624248877584,27.1348784383655,62.2353914910825,27.1470119835383,0.9995530430686
"gamma",2,"reveal_25","interaction_row_672","gibbs_mic","gamma-002-reveal_25-gibbs_mic",-0.0567737927316796,0.0866574158384727,1.00260902384602,737.469762704302,1227.66036844004,0.00319383260048639,30.1094093293718,50.1229072975971,27.1470119835383,1.10912425086156
"gamma",2,"reveal_25","interaction_row_672","gibbs_imc","gamma-002-reveal_25-gibbs_imc",-0.069842307915401,0.0830202352033919,1.00223859440226,866.647890979338,1046.36013864421,0.00283080637233229,39.0241305376141,47.1163607098434,27.1470119835383,1.43751108082458
"gamma",2,"reveal_25","interaction_row_672","gibbs_mci","gamma-002-reveal_25-gibbs_mci",-0.0669353746611798,0.0823741088907556,1.00949565538111,641.240416342339,1308.07218115078,0.00323219068012341,25.7505588443634,52.5288001425902,27.1470119835383,0.948559600591707
"gamma",2,"reveal_25","interaction_row_816","gibbs_icm","gamma-002-reveal_25-gibbs_icm",-0.063993712396512,0.0947840434240155,1.03071600459632,117.328962521817,873.07603214257,0.0088174623333127,5.15278711119091,38.3432600853127,11.0959581303767,0.464384152377472
"gamma",2,"reveal_25","interaction_row_816","gibbs_mci","gamma-002-reveal_25-gibbs_mci",-0.0679117035055251,0.0844375165501302,1.00418379004334,596.236542904377,1004.02334296957,0.00348080808999978,23.9433195287276,40.3189841365981,11.0959581303767,2.15784155341931
"gamma",2,"reveal_25","interaction_row_816","gibbs_mic","gamma-002-reveal_25-gibbs_mic",-0.0608940194312416,0.086331793449733,1.01230587680399,373.349891792266,951.554444838912,0.00441697823341163,15.2431262724969,38.8500569484716,11.0959581303767,1.37375484779154
"gamma",2,"reveal_25","interaction_row_816","gibbs_imc","gamma-002-reveal_25-gibbs_imc",-0.0627073307131431,0.0862135895475574,1.00893444097883,566.599562507499,1038.52608452997,0.00359599707337878,25.5133088304889,46.7636025094547,11.0959581303767,2.29933355287658
"gamma",2,"reveal_25","interaction_row_816","gibbs_cmi","gamma-002-reveal_25-gibbs_cmi",-0.0539919295118077,0.0911040687850011,1.02802182467361,293.349259754633,694.268054554954,0.00503116242082934,13.0117214351134,30.7947684433335,11.0959581303767,1.17265415768757
"gamma",2,"reveal_25","interaction_row_960","gibbs_mci","gamma-002-reveal_25-gibbs_mci",-0.205034585883477,0.141571709137809,1.01725483347258,339.221580906342,695.01309337974,0.00753553672166278,13.6222625052743,27.9099306633901,6.1535892119711,2.21371008626539
"gamma",2,"reveal_25","interaction_row_960","gibbs_imc","gamma-002-reveal_25-gibbs_imc",-0.205748350778241,0.1355029579285,1.03061872274088,152.846673279693,700.851506739772,0.0110003457740062,6.88250510085069,31.5585152530516,6.1535892119711,1.11845377774999
"gamma",2,"reveal_25","interaction_row_960","gibbs_mic","gamma-002-reveal_25-gibbs_mic",-0.175205715170223,0.137904979026271,1.01489166247847,429.063567532988,750.556078702422,0.00660975162622465,17.5178037616049,30.6436973299483,6.1535892119711,2.84676197226913
"gamma",2,"reveal_25","interaction_row_960","gibbs_cmi","gamma-002-reveal_25-gibbs_cmi",-0.177898813763524,0.145152352512873,1.04374943762416,84.1287927212954,758.941761778684,0.0145842212567513,3.7315942657483,33.6634181316781,6.1535892119711,0.606409387628428
"gamma",2,"reveal_25","interaction_row_960","gibbs_icm","gamma-002-reveal_25-gibbs_icm",-0.193857670285911,0.138632488620741,1.02438426620449,194.523980257732,528.90285460845,0.0088782467360772,8.54299430205238,23.2280568558828,6.1535892119711,1.38829453962136
"gamma",2,"reveal_25","interaction_row_97","gibbs_icm","gamma-002-reveal_25-gibbs_icm",-0.0533678167712356,0.0797305469015416,1.00423683677088,651.90882812557,1242.49031712464,0.00309039124414249,28.6301637297132,54.5669880160142,18.1190000173655,1.58011831239437
"gamma",2,"reveal_25","interaction_row_97","gibbs_cmi","gamma-002-reveal_25-gibbs_cmi",-0.0508267596510497,0.077397888633036,1.00703509349887,609.65110187827,1023.64598229978,0.00315982041191601,27.0415214849532,45.4045678553906,18.1190000173655,1.49244006065656
"gamma",2,"reveal_25","interaction_row_97","gibbs_mci","gamma-002-reveal_25-gibbs_mci",-0.0479994805040192,0.082055069201477,1.01389322414412,509.780440202114,941.796836321601,0.00356793751371679,20.4714657538396,37.8201283560196,18.1190000173655,1.12983419251721
"gamma",2,"reveal_25","interaction_row_97","gibbs_mic","gamma-002-reveal_25-gibbs_mic",-0.0568803126046953,0.0796885883527981,1.00682308071285,435.549184728142,1034.61160204639,0.00384973556105442,17.7825984864305,42.241113871163,18.1190000173655,0.981433769489894
"gamma",2,"reveal_25","interaction_row_97","gibbs_imc","gamma-002-reveal_25-gibbs_imc",-0.0515421589459875,0.0759429598896302,1.00696913733513,676.798930284588,1272.96935836956,0.00287393177700266,30.4754561547454,57.3203061225483,18.1190000173655,1.68196126306845
"gamma",2,"reveal_25","mean_row_1","gibbs_icm","gamma-002-reveal_25-gibbs_icm",0.75210449810991,0.0933624856337671,1.01119133126855,459.957293037929,902.225792838215,0.00441707930358469,20.20014462178,39.6234428123942,17.2297055544393,1.17240219561241
"gamma",2,"reveal_25","mean_row_1","gibbs_mci","gamma-002-reveal_25-gibbs_mci",0.749292773456172,0.095542585428211,1.00891504155742,436.670771941127,1171.80194042778,0.00458066866064696,17.5355703132731,47.0565392509749,17.2297055544393,1.01775217561713
"gamma",2,"reveal_25","mean_row_1","gibbs_mic","gamma-002-reveal_25-gibbs_mic",0.76047451812365,0.0918556409069885,1.00761323351607,387.300409392104,1037.2011018559,0.00467085959802665,15.8126978888705,42.3468379478178,17.2297055544393,0.917757871073792
"gamma",2,"reveal_25","mean_row_1","gibbs_cmi","gamma-002-reveal_25-gibbs_cmi",0.763597665279163,0.0901526932858854,1.00513014541905,565.026729259448,1336.7807138838,0.00379231793737492,25.0621747287402,59.2938883958215,17.2297055544393,1.45459100560676
"gamma",2,"reveal_25","mean_row_1","gibbs_imc","gamma-002-reveal_25-gibbs_imc",0.752504501743387,0.0935008167465145,1.01195313726004,454.407014059283,1243.72803200452,0.00437986503364207,20.4614109356665,56.0036037466008,17.2297055544393,1.18756590883206
"gamma",2,"reveal_25","mean_row_1104","gibbs_mic","gamma-002-reveal_25-gibbs_mic",1.05442338562124,0.214977080124007,1.01249486417417,252.449630267388,766.278979823421,0.0133673899516028,10.3070114019266,31.2856318059618,15.3092468704591,0.673253981018174
"gamma",2,"reveal_25","mean_row_1104","gibbs_imc","gamma-002-reveal_25-gibbs_imc",1.08434952294859,0.209644503233448,1.03180921172503,212.606448197453,491.608027776361,0.0144347851163721,9.5734171558651,22.1365286282582,15.3092468704591,0.625335605132742
"gamma",2,"reveal_25","mean_row_1104","gibbs_icm","gamma-002-reveal_25-gibbs_icm",1.07132169520485,0.198374182573037,1.01712655053272,342.853302468734,919.912578367923,0.010649901623898,15.057237701745,40.4002010701767,15.3092468704591,0.983538761191423
"gamma",2,"reveal_25","mean_row_1104","gibbs_cmi","gamma-002-reveal_25-gibbs_cmi",1.09479975277631,0.2085107976902,1.00880286700715,415.315184621962,498.546236145681,0.0104172518360372,18.4216094310029,22.1133837279078,15.3092468704591,1.20329952132064
"gamma",2,"reveal_25","mean_row_1104","gibbs_mci","gamma-002-reveal_25-gibbs_mci",1.08001798548517,0.19854971526284,1.0153570512777,355.74683927465,808.084304568094,0.0104928770199608,14.2858741978415,32.4505784502487,15.3092468704591,0.933153297397514
"gamma",2,"reveal_25","mean_row_159","gibbs_icm","gamma-002-reveal_25-gibbs_icm",0.623834751033143,0.167281687327059,1.00355963890766,687.850468806842,1539.85603142968,0.00636479217844979,30.2086284060976,67.626527511185,38.5626267032943,0.783365423691871
"gamma",2,"reveal_25","mean_row_159","gibbs_mci","gamma-002-reveal_25-gibbs_mci",0.615992791377325,0.171165190311523,1.00024792572757,914.316005771636,1274.49723374374,0.0056697556257226,36.716569182059,51.1805169762967,38.5626267032943,0.95212832529695
"gamma",2,"reveal_25","mean_row_159","gibbs_mic","gamma-002-reveal_25-gibbs_mic",0.609980924297635,0.173223584227763,1.0053504787245,792.040517294643,1126.32213802291,0.00617263458841825,32.3374236432714,45.9854708701636,38.5626267032943,0.838569008591649
"gamma",2,"reveal_25","mean_row_159","gibbs_imc","gamma-002-reveal_25-gibbs_imc",0.625531582847044,0.169211974629926,1.00151562048026,1009.50251774205,1568.13222191416,0.0053348164485647,45.4567055899697,70.6111411164512,38.5626267032943,1.1787761746553
"gamma",2,"reveal_25","mean_row_159","gibbs_cmi","gamma-002-reveal_25-gibbs_cmi",0.614789269264883,0.179507827612005,1.01355849185959,694.594336000773,1118.85934851133,0.00686039313598918,30.8092408960201,49.6278265030529,38.5626267032943,0.798940412775049
"gamma",2,"reveal_25","mean_row_316","gibbs_imc","gamma-002-reveal_25-gibbs_imc",1.61356970771563,0.14664412699573,1.0138509651827,466.98439996645,1147.9041795875,0.0067950430271883,21.027755762178,51.688768893529,20.6068655591529,1.0204247560997
"gamma",2,"reveal_25","mean_row_316","gibbs_mic","gamma-002-reveal_25-gibbs_mic",1.62353054255238,0.141947438243909,1.00956462280529,692.705709093421,1183.46560221501,0.00539924177753427,28.2817829213825,48.3185237502559,20.6068655591529,1.37244467579014
"gamma",2,"reveal_25","mean_row_316","gibbs_icm","gamma-002-reveal_25-gibbs_icm",1.62231810654904,0.147854201851618,1.00613774571184,734.081932471933,1333.94112011388,0.00545962406409587,32.2389957168175,58.583272732274,20.6068655591529,1.5644783833948
"gamma",2,"reveal_25","mean_row_316","gibbs_cmi","gamma-002-reveal_25-gibbs_cmi",1.63127110165084,0.146680795126721,1.0076479101775,504.448185282161,1261.53000331017,0.00649359230380972,22.3751690078581,55.9560879711761,20.6068655591529,1.08581137406022
"gamma",2,"reveal_25","mean_row_316","gibbs_mci","gamma-002-reveal_25-gibbs_mci",1.61409099387673,0.139277868162126,1.00172425721127,751.089723675939,1443.39706624676,0.00506536895337399,30.1618232943514,57.9630979940068,20.6068655591529,1.46367836524048
"gamma",2,"reveal_25","mean_row_474","gibbs_mic","gamma-002-reveal_25-gibbs_mic",1.90775673717804,0.114399703648219,1.00082439678599,1059.69702039485,1558.84216783215,0.00350462464333528,43.2653011225598,63.6443950447944,48.6555607319952,0.889215959525652
"gamma",2,"reveal_25","mean_row_474","gibbs_icm","gamma-002-reveal_25-gibbs_icm",1.90909978971658,0.115142067748496,1.00640598960083,928.621531787092,1898.41569723388,0.00377888040108466,40.7826759678126,83.373548407285,48.6555607319952,0.838191469880532
"gamma",2,"reveal_25","mean_row_474","gibbs_imc","gamma-002-reveal_25-gibbs_imc",1.9089064286079,0.115029981706686,1.00025090348127,1122.00627362566,1374.11889088856,0.00343480102754346,50.5226167878988,61.8749500580223,48.6555607319952,1.03837292239191
"gamma",2,"reveal_25","mean_row_474","gibbs_mci","gamma-002-reveal_25-gibbs_mci",1.90336033874191,0.111715615859955,1.00494676093131,977.703793498646,1783.72688741472,0.00358406330493774,39.2620590112699,71.6298645656862,48.6555607319952,0.806938783986755
"gamma",2,"reveal_25","mean_row_474","gibbs_cmi","gamma-002-reveal_25-gibbs_cmi",1.91651154944407,0.115397872161102,1.00818446670446,519.408596763804,1182.14237796517,0.00508604433124209,23.0387490247861,52.4347916595775,48.6555607319952,0.47350700882245
"gamma",2,"reveal_25","mean_row_631","gibbs_icm","gamma-002-reveal_25-gibbs_icm",0.969650378123975,0.224612432557905,1.00656949744169,438.005881303264,730.397091538083,0.0108791667888987,19.2360949188961,32.0771669538025,34.0454655073456,0.565011951877873
"gamma",2,"reveal_25","mean_row_631","gibbs_mci","gamma-002-reveal_25-gibbs_mci",0.962968144270027,0.229417643524016,1.00166781523357,765.729399268563,1363.80215094594,0.00831513804928016,30.7497148529661,54.7667717832278,34.0454655073456,0.903195606073637
"gamma",2,"reveal_25","mean_row_631","gibbs_mic","gamma-002-reveal_25-gibbs_mic",0.965798367139381,0.224523377196591,1.00709815699435,572.423170386113,1467.25737936634,0.00942471035239772,23.3708884328631,59.905172064114,34.0454655073456,0.686461121461847
"gamma",2,"reveal_25","mean_row_631","gibbs_imc","gamma-002-reveal_25-gibbs_imc",0.936116366219674,0.238101578489519,1.01431956148319,453.581469278706,1266.71081473473,0.011096779159448,20.4242376296247,57.0384912974931,34.0454655073456,0.599910658446365
"gamma",2,"reveal_25","mean_row_631","gibbs_cmi","gamma-002-reveal_25-gibbs_cmi",0.95299832203644,0.231808009883127,1.00609898128955,805.55148198503,1360.19796502744,0.00815675707416514,35.7308264353528,60.3325777346389,34.0454655073456,1.04950324229356
"gamma",2,"reveal_25","mean_row_789","gibbs_mci","gamma-002-reveal_25-gibbs_mci",1.43305224826516,0.228868551570908,1.02166113983731,261.890407164717,497.122674779952,0.0145946988913807,10.5168423084377,19.9631625885451,11.4147897965142,0.921334732913727
"gamma",2,"reveal_25","mean_row_789","gibbs_imc","gamma-002-reveal_25-gibbs_imc",1.43981758428654,0.231538167414597,1.03469210723932,151.364616756071,516.651616189802,0.0189875735457593,6.81576984672509,23.2642118241084,11.4147897965142,0.597099900061802
"gamma",2,"reveal_25","mean_row_789","gibbs_icm","gamma-002-reveal_25-gibbs_icm",1.38883544044592,0.213355295373542,1.00728769413575,380.651909974637,1182.85868156454,0.0109813530877847,16.7172555983591,51.9481195241345,11.4147897965142,1.4645259261335
"gamma",2,"reveal_25","mean_row_789","gibbs_cmi","gamma-002-reveal_25-gibbs_cmi",1.38848031522553,0.218106237320646,1.00801986432787,289.512389504781,699.621106405873,0.0128296115542161,12.8415342428379,31.0322069818529,11.4147897965142,1.12499086463768
"gamma",2,"reveal_25","mean_row_789","gibbs_mic","gamma-002-reveal_25-gibbs_mic",1.3971048274314,0.219653883367336,1.01646994559099,335.803368949762,850.388092895452,0.0119920656019317,13.7101771506048,34.7196379739295,11.4147897965142,1.20108888512266
"gamma",2,"reveal_25","mean_row_946","gibbs_mci","gamma-002-reveal_25-gibbs_mci",1.85195240881628,0.180996726406073,1.00369069330055,1029.17620538881,1648.09478397163,0.00566870475054257,41.329058123396,66.1832296189713,50.9100630859893,0.811805282063575
"gamma",2,"reveal_25","mean_row_946","gibbs_imc","gamma-002-reveal_25-gibbs_imc",1.85406981522211,0.185867594800983,1.00443281910728,1098.06870886271,1721.44254778065,0.00565918654285813,49.4447365302012,77.5145239454541,50.9100630859893,0.971217349440067
"gamma",2,"reveal_25","mean_row_946","gibbs_mic","gamma-002-reveal_25-gibbs_mic",1.85724751459154,0.179414007715723,1.0031363850948,1329.23829970272,1788.7130089355,0.00491636103562626,54.270130229156,73.0295598307884,50.9100630859893,1.06600005852461
"gamma",2,"reveal_25","mean_row_946","gibbs_cmi","gamma-002-reveal_25-gibbs_cmi",1.85268797184019,0.182924607567061,1.00150335145772,858.389211296665,1151.84800368028,0.00625038660142287,38.0744826478893,51.0910624830464,50.9100630859893,0.74787734172672
"gamma",2,"reveal_25","mean_row_946","gibbs_icm","gamma-002-reveal_25-gibbs_icm",1.84734178184959,0.179378283868625,1.00062628820255,1101.72022104935,1372.19787442925,0.00539615616297574,48.3847264404634,60.2634112617152,50.9100630859893,0.950396120286465
"gamma",2,"reveal_25","observed_log_likelihood","gibbs_mic","gamma-002-reveal_25-gibbs_mic",74.4252819707046,15.8661324857829,1.05070470254055,67.1787210132864,190.788361890385,1.94955697897453,2.74277226200492,7.78950565020152,1.44545417950795,1.89751588178229
"gamma",2,"reveal_25","observed_log_likelihood","gibbs_cmi","gamma-002-reveal_25-gibbs_cmi",78.1175724190543,16.6739648754689,1.02289219208334,124.974127923179,362.836415959006,1.51117639560126,5.54331904737986,16.0938751811491,1.44545417950795,3.8350015697259
"gamma",2,"reveal_25","observed_log_likelihood","gibbs_imc","gamma-002-reveal_25-gibbs_imc",77.7039291834201,16.8739723552631,1.13168433462444,22.3023710221195,281.281454769082,3.59024378128275,1.00424941562137,12.665771558406,1.44545417950795,0.694763922550092
"gamma",2,"reveal_25","observed_log_likelihood","gibbs_icm","gamma-002-reveal_25-gibbs_icm",76.1985894704054,16.0101165715631,1.0442110277709,110.735242838777,528.495043292074,1.5104629388578,4.86320785414041,23.2101468288131,1.44545417950795,3.36448427289193
"gamma",2,"reveal_25","observed_log_likelihood","gibbs_mci","gamma-002-reveal_25-gibbs_mci",75.6556081580084,16.4263111795235,1.07604506524415,41.2671258174404,333.987618681671,2.63162135391948,1.65718118293472,13.4120801012638,1.44545417950795,1.14647783819674
"gamma",2,"reveal_25","sigma","gibbs_cmi","gamma-002-reveal_25-gibbs_cmi",0.194406243133789,0.0105118206762909,1.01059434419798,205.408742625982,587.118349927755,0.000736842745546015,9.11105533936492,26.0420647561656,3.81707809130786,2.38691876912666
"gamma",2,"reveal_25","sigma","gibbs_icm","gamma-002-reveal_25-gibbs_icm",0.195320479058433,0.0103609773240993,1.02395889033836,206.043347715684,895.944245982149,0.000714866505283944,9.0488953761829,39.3475733852503,3.81707809130786,2.37063407133031
"gamma",2,"reveal_25","sigma","gibbs_mci","gamma-002-reveal_25-gibbs_mci",0.195590627200926,0.0104205761593163,1.05128158377422,63.700551343481,629.094600581234,0.00130116215473183,2.55804960820339,25.2628142551294,3.81707809130786,0.67015909735473
"gamma",2,"reveal_25","sigma","gibbs_imc","gamma-002-reveal_25-gibbs_imc",0.194613515691383,0.0106873828653947,1.07511409481071,43.6647069953186,462.203415305242,0.0016062550004919,1.96617016369409,20.8124736718858,3.81707809130786,0.51509822871358
"gamma",2,"reveal_25","sigma","gibbs_mic","gamma-002-reveal_25-gibbs_mic",0.196187330885627,0.0103968595560278,1.03154125757838,150.332791540648,631.655437655624,0.000837863479223763,6.13778596091327,25.7892229476024,3.81707809130786,1.60798019167857
"gamma",2,"reveal_75","interaction_row_1104","gibbs_mic","gamma-002-reveal_75-gibbs_mic",-0.0703349523002556,0.0557120783933441,1.05190666552666,66.8081694007635,468.046257691131,0.00590385351901149,2.52592420888365,17.6961797304674,0.973061442314549,2.59585273759838
"gamma",2,"reveal_75","interaction_row_1104","gibbs_mci","gamma-002-reveal_75-gibbs_mci",-0.0716272971790856,0.0509855197698346,1.08896668271567,37.694527520602,447.721220438025,0.00796664720909189,1.42560899816958,16.9328399242852,0.973061442314549,1.46507603340915
"gamma",2,"reveal_75","interaction_row_1104","gibbs_imc","gamma-002-reveal_75-gibbs_imc",-0.0788928712744649,0.0557194786569154,1.05513646619752,61.0811731655941,345.070148887787,0.00681638901940185,2.28845577781252,12.9283334789924,0.973061442314549,2.35181015123685
"gamma",2,"reveal_75","interaction_row_1104","gibbs_icm","gamma-002-reveal_75-gibbs_icm",-0.0763782494201304,0.0518712030178942,1.0891996716775,29.0386833079096,107.875873944215,0.00944034471413619,1.18110645521474,4.38769519011692,0.973061442314549,1.21380460046318
"gamma",2,"reveal_75","interaction_row_1104","gibbs_cmi","gamma-002-reveal_75-gibbs_cmi",-0.0671718640004746,0.0576019064436927,1.21697161162896,13.7882587621501,144.436783975624,0.0148791256650654,0.55600059527199,5.8242987207397,0.973061442314549,0.571393101292219
"gamma",2,"reveal_75","interaction_row_241","gibbs_cmi","gamma-002-reveal_75-gibbs_cmi",-0.31165999786615,0.188435358933277,1.42926998920165,8.22925777915036,35.1639777985128,0.0743028343082204,0.331838291025862,1.41795950637174,0.556758562823502,0.596018298026712
"gamma",2,"reveal_75","interaction_row_241","gibbs_mic","gamma-002-reveal_75-gibbs_mic",-0.381531861009987,0.106523115219352,1.02354381785094,232.486130400651,1035.34469350678,0.00703723051156599,8.78997808615264,39.1449466333995,0.556758562823502,15.7877735037892
"gamma",2,"reveal_75","interaction_row_241","gibbs_imc","gamma-002-reveal_75-gibbs_imc",-0.395506674925313,0.106133499912934,1.03523452214678,107.790398105073,259.597711958293,0.0101583959328157,4.03845483889972,9.72603918767721,0.556758562823502,7.25351186054403
"gamma",2,"reveal_75","interaction_row_241","gibbs_icm","gamma-002-reveal_75-gibbs_icm",-0.381617966436828,0.107903766191587,1.04418049813734,73.1432466273346,131.46130615636,0.0128733930533052,2.9749957954663,5.34699854211178,0.556758562823502,5.34342171655006
"gamma",2,"reveal_75","interaction_row_241","gibbs_mci","gamma-002-reveal_75-gibbs_mci",-0.36430690579909,0.119796544743918,1.12031538089217,22.1671952322526,29.1815993749225,0.0260498300060055,0.838364480626775,1.10364961139603,0.556758562823502,1.50579539607826
"gamma",2,"reveal_75","interaction_row_385","gibbs_mic","gamma-002-reveal_75-gibbs_mic",0.168128038977641,0.0643195004547322,1.00641081075616,316.30567753245,870.817313269835,0.00360023861320677,11.9590788888975,32.924394618694,7.27314588720747,1.64427870337813
"gamma",2,"reveal_75","interaction_row_385","gibbs_cmi","gamma-002-reveal_75-gibbs_cmi",0.167127990695726,0.0743638949458436,1.02879533875112,293.500296066037,126.946864445384,0.00437796479016873,11.8351665819604,5.11903159181352,7.27314588720747,1.62724174181312
"gamma",2,"reveal_75","interaction_row_385","gibbs_icm","gamma-002-reveal_75-gibbs_icm",0.165500235628273,0.0657022819527214,1.05223534730306,66.4338709159632,660.865257069393,0.00796442996274918,2.70210163979351,26.8797387565848,7.27314588720747,0.371517591108155
"gamma",2,"reveal_75","interaction_row_385","gibbs_mci","gamma-002-reveal_75-gibbs_mci",0.168714388885876,0.0666947233264119,1.00607070119041,233.686403323756,469.118341086414,0.00442442793979597,8.83803197018855,17.7420801439588,7.27314588720747,1.21515945194136
"gamma",2,"reveal_75","interaction_row_385","gibbs_imc","gamma-002-reveal_75-gibbs_imc",0.175031452482595,0.0684585198492315,1.023657798903,169.826931702848,383.452589697244,0.00525228969869793,6.3627039714828,14.3663628075847,7.27314588720747,0.874821441801955
"gamma",2,"reveal_75","interaction_row_529","gibbs_mic","gamma-002-reveal_75-gibbs_mic",-0.113664234775459,0.0618705948894537,1.0059518226198,557.016522031694,976.845689168671,0.0026506009828879,21.060022005811,36.9331804290776,1.34356911646406,15.6746845009624
"gamma",2,"reveal_75","interaction_row_529","gibbs_imc","gamma-002-reveal_75-gibbs_imc",-0.111747383167585,0.0599608883530483,1.02399175063176,278.535217449342,482.533863619525,0.00359999719268883,10.4355482166026,18.0785232332818,1.34356911646406,7.76703489885687
"gamma",2,"reveal_75","interaction_row_529","gibbs_icm","gamma-002-reveal_75-gibbs_icm",-0.115735344127213,0.0604010801928995,1.02630952793176,158.236075280797,865.759353720869,0.00467080691324476,6.43602356140881,35.2135098723204,1.34356911646406,4.79024374893851
"gamma",2,"reveal_75","interaction_row_529","gibbs_cmi","gamma-002-reveal_75-gibbs_cmi",-0.0755679459218507,0.0865991453272162,1.36017031710436,9.19990782687888,38.9109065370743,0.0306918102484536,0.370978984107378,1.56905143502054,1.34356911646406,0.276114551578636
"gamma",2,"reveal_75","interaction_row_529","gibbs_mci","gamma-002-reveal_75-gibbs_mci",-0.117105910524453,0.0640730506030854,1.0737018357995,39.5415118100618,104.38744625801,0.0101173825820349,1.49546204039415,3.94793866563331,1.34356911646406,1.11305181257056
"gamma",2,"reveal_75","interaction_row_672","gibbs_mci","gamma-002-reveal_75-gibbs_mci",-0.0445723722636239,0.0582970869875034,1.02299151563264,264.885714985732,1211.735433976,0.00343901382419373,10.0179915655887,45.8278973554706,3.32734883658115,3.01080291175067
"gamma",2,"reveal_75","interaction_row_672","gibbs_mic","gamma-002-reveal_75-gibbs_mic",-0.0352104461951435,0.0608766647739098,1.01531373498907,492.74411033725,748.944460392735,0.00275341856614751,18.6299712782053,28.316551113189,3.32734883658115,5.59904362097109
"gamma",2,"reveal_75","interaction_row_672","gibbs_icm","gamma-002-reveal_75-gibbs_icm",-0.0422088596930731,0.0557313948711494,1.02118276354614,280.668103281888,990.361992390259,0.00341664025804476,11.4157692703932,40.2815420316545,3.32734883658115,3.43089042690304
"gamma",2,"reveal_75","interaction_row_672","gibbs_cmi","gamma-002-reveal_75-gibbs_cmi",-0.0254719398420447,0.0582639375748322,1.10246604011973,28.3732985657195,533.419659360078,0.0105430609881956,1.14413075389006,21.5097245598644,3.32734883658115,0.343856568722638
"gamma",2,"reveal_75","interaction_row_672","gibbs_imc","gamma-002-reveal_75-gibbs_imc",-0.0322486748666353,0.0613623256646259,1.01357885035446,240.294378214563,358.526736102901,0.00398380910013645,9.00282410604933,13.432495451759,3.32734883658115,2.70570491650035
"gamma",2,"reveal_75","interaction_row_816","gibbs_cmi","gamma-002-reveal_75-gibbs_cmi",-0.00914260824646313,0.0760973336721446,1.18422693683353,15.3136690130167,113.800332677056,0.0195595867515395,0.617511553410086,4.58890812843485,1.44781634580659,0.426512350961245
"gamma",2,"reveal_75","interaction_row_816","gibbs_mci","gamma-002-reveal_75-gibbs_mci",0.000529096001834415,0.0703357845134711,1.09524772041866,30.754661521023,471.745520393725,0.0124809632220854,1.1631429038623,17.8414402024782,1.44781634580659,0.803377380861315
"gamma",2,"reveal_75","interaction_row_816","gibbs_icm","gamma-002-reveal_75-gibbs_icm",-0.000587858769329884,0.0678968638365767,1.03906144718444,73.4897808096604,447.483029157386,0.0078834858631688,2.98909057226309,18.2007251751967,1.44781634580659,2.06455092244303
"gamma",2,"reveal_75","interaction_row_816","gibbs_mic","gamma-002-reveal_75-gibbs_mic",0.00509819116444813,0.0656852245414057,1.03617823207292,105.819651718355,1143.36470398741,0.00647689417938347,4.00089423866139,43.2290333845293,1.44781634580659,2.76339899756586
"gamma",2,"reveal_75","interaction_row_816","gibbs_imc","gamma-002-reveal_75-gibbs_imc",0.00678513060746772,0.0690735144220193,1.01490635951454,200.338848555876,316.41152768791,0.00482174308600072,7.50585772567067,11.8546149521528,1.44781634580659,5.1842609371074
"gamma",2,"reveal_75","interaction_row_960","gibbs_mic","gamma-002-reveal_75-gibbs_mic",-0.149646961694759,0.0608931215229128,1.00835904146203,225.855524499428,865.377044876178,0.00403192323773216,8.53928407499066,32.7187056174592,0.770447405670741,11.0835392684027
"gamma",2,"reveal_75","interaction_row_960","gibbs_icm","gamma-002-reveal_75-gibbs_icm",-0.161786495783927,0.062378603322774,1.03559718811479,192.068986659617,643.578734875587,0.00446494426639534,7.81212831121843,26.1766344617094,0.770447405670741,10.1397295308137
"gamma",2,"reveal_75","interaction_row_960","gibbs_imc","gamma-002-reveal_75-gibbs_imc",-0.149480332497561,0.0612795390469982,1.01772755160291,184.569492119275,888.867256132947,0.00445352225066536,6.91504597502061,33.3021339077946,0.770447405670741,8.97536408601501
"gamma",2,"reveal_75","interaction_row_960","gibbs_cmi","gamma-002-reveal_75-gibbs_cmi",-0.116686832425727,0.080056290128906,1.35801141934251,9.45905103711381,31.5899827114513,0.0275848824171283,0.381428728461381,1.27384099001779,0.770447405670741,0.495074323897962
"gamma",2,"reveal_75","interaction_row_960","gibbs_mci","gamma-002-reveal_75-gibbs_mci",-0.153896801994842,0.0602733065866857,1.01353781239752,219.565243123181,699.480212235699,0.00404070055429474,8.30396895439585,26.4543781337959,0.770447405670741,10.7781126826776
"gamma",2,"reveal_75","interaction_row_97","gibbs_mci","gamma-002-reveal_75-gibbs_mci",-0.0402376688068575,0.0659152709374326,1.04527797291552,84.1878689629257,1038.27707502883,0.00720563695499163,3.18398959808349,39.2676931670067,7.44570659913207,0.427627593928378
"gamma",2,"reveal_75","interaction_row_97","gibbs_mic","gamma-002-reveal_75-gibbs_mic",-0.0469885042016607,0.0677564096898974,1.02319596840048,308.84604738885,613.16387714186,0.00401483221571373,11.6770406211521,23.1828756150275,7.44570659913207,1.56829180221971
"gamma",2,"reveal_75","interaction_row_97","gibbs_cmi","gamma-002-reveal_75-gibbs_cmi",-0.0272916256811722,0.0669277655107331,1.01919866644042,367.074128991004,941.67882083253,0.0033759573488223,14.801973022743,37.9724513420915,7.44570659913207,1.98798768467031
"gamma",2,"reveal_75","interaction_row_97","gibbs_imc","gamma-002-reveal_75-gibbs_imc",-0.0350892793377308,0.0667297849384265,1.01787677900129,444.057810442682,1227.59833290761,0.00322802385916797,16.6369866412904,45.9929688999143,7.44570659913207,2.23444026698953
"gamma",2,"reveal_75","interaction_row_97","gibbs_icm","gamma-002-reveal_75-gibbs_icm",-0.0342035537534156,0.0699308977149836,1.01413014083461,468.592289741818,1131.61566570828,0.00320922652426453,19.0593138266419,46.026830948844,7.44570659913207,2.55977234301223
"gamma",2,"reveal_75","mean_row_1","gibbs_mci","gamma-002-reveal_75-gibbs_mci",0.806676368242897,0.0603619194444148,1.04430824420549,70.0116323440254,601.756435748254,0.00718563171239904,2.64784358927519,22.7584598066735,1.51551190753957,1.74716119094963
"gamma",2,"reveal_75","mean_row_1","gibbs_mic","gamma-002-reveal_75-gibbs_mic",0.807292689680071,0.0598183339690712,1.04818763926129,65.4379993940007,269.411638548145,0.00731215974804192,2.47411998162504,10.1860803262182,1.51551190753957,1.63253087574994
"gamma",2,"reveal_75","mean_row_1","gibbs_cmi","gamma-002-reveal_75-gibbs_cmi",0.814966372221192,0.0681469671287434,1.13870880664215,20.5546356798196,59.9770615271885,0.0152708808099661,0.828849376177247,2.41852742155685,1.51551190753957,0.546910500705257
"gamma",2,"reveal_75","mean_row_1","gibbs_icm","gamma-002-reveal_75-gibbs_icm",0.80367340101145,0.0594255895557486,1.0500858489498,86.6588531685325,456.575385571976,0.00640775838747182,3.5247235487079,18.5705436253143,1.51551190753957,2.32576433822303
"gamma",2,"reveal_75","mean_row_1","gibbs_imc","gamma-002-reveal_75-gibbs_imc",0.805010220921383,0.0593305390221535,1.05695725858099,57.9356258037099,608.299144986505,0.00767532414118737,2.17060529031171,22.7904216772135,1.51551190753957,1.43225881599022
"gamma",2,"reveal_75","mean_row_1104","gibbs_icm","gamma-002-reveal_75-gibbs_icm",1.12019916923131,0.0893443344683343,1.01175887448055,677.254299330389,1350.72452433114,0.00343043916707707,27.5463393528996,54.9387669540038,16.6645747140032,1.65298783951278
"gamma",2,"reveal_75","mean_row_1104","gibbs_imc","gamma-002-reveal_75-gibbs_imc",1.12018512513119,0.0955801861374245,1.00650292535875,952.173715061614,1470.47300674846,0.00308284380573425,35.6739618246455,55.0924658779535,16.6645747140032,2.14070640486665
"gamma",2,"reveal_75","mean_row_1104","gibbs_cmi","gamma-002-reveal_75-gibbs_cmi",1.13025274317823,0.0972285719886312,1.03105881534141,140.14548666797,503.596997845837,0.00830812776042758,5.65125556143271,20.307149394969,16.6645747140032,0.339117898801459
"gamma",2,"reveal_75","mean_row_1104","gibbs_mci","gamma-002-reveal_75-gibbs_mci",1.12329640106071,0.0937652518181056,1.01697428784387,428.440878052182,1274.79601925207,0.00451668856450055,16.2036563689793,48.2128519818489,16.6645747140032,0.97234142767312
"gamma",2,"reveal_75","mean_row_1104","gibbs_mic","gamma-002-reveal_75-gibbs_mic",1.12463163165503,0.0946563614025815,1.01107884312456,684.284538913096,1255.87808130727,0.00363183828401136,25.8718491781579,47.4830081026608,16.6645747140032,1.55250581681018
"gamma",2,"reveal_75","mean_row_159","gibbs_mic","gamma-002-reveal_75-gibbs_mic",0.493506001224537,0.0687741116084883,1.00099823933234,1644.83393037595,1464.82302874964,0.00170162933454867,62.18888919717,55.3829267174427,44.4771924765246,1.39821975566452
"gamma",2,"reveal_75","mean_row_159","gibbs_cmi","gamma-002-reveal_75-gibbs_cmi",0.479244907593585,0.0774306925118845,1.03867816981643,73.6220773007682,183.960770872434,0.0095199593480423,2.96875185696069,7.41807213486166,44.4771924765246,0.0667477349998568
"gamma",2,"reveal_75","mean_row_159","gibbs_icm","gamma-002-reveal_75-gibbs_icm",0.491849848871186,0.071890540389686,0.99956080398246,1723.48653428876,1972.09005568222,0.00172880769982743,70.1003227157227,80.2119114814209,44.4771924765246,1.57609594519083
"gamma",2,"reveal_75","mean_row_159","gibbs_imc","gamma-002-reveal_75-gibbs_imc",0.490287126006381,0.0686177729291236,1.00219410224705,1631.56011814324,1939.09695642543,0.00169773838370008,61.1277253809613,72.6498428843216,44.4771924765246,1.37436114955378
"gamma",2,"reveal_75","mean_row_159","gibbs_mci","gamma-002-reveal_75-gibbs_mci",0.49154661858495,0.0746670472733901,1.00629486061009,1825.596832401,1878.44302933998,0.00176159034652302,69.0441674823567,71.0428134087206,44.4771924765246,1.55234994921945
"gamma",2,"reveal_75","mean_row_316","gibbs_mic","gamma-002-reveal_75-gibbs_mic",1.67267047582169,0.0912641349626688,1.00540635011622,667.816223737298,949.035361041205,0.00353302062145629,25.2492050261749,35.8817105010097,4.07465862241856,6.1966430481452
"gamma",2,"reveal_75","mean_row_316","gibbs_icm","gamma-002-reveal_75-gibbs_icm",1.67553001753932,0.0891729157050827,1.00794242989763,702.609062026549,1414.12973627814,0.00336265657873499,28.5776076639774,57.5176822695086,4.07465862241856,7.01349740239462
"gamma",2,"reveal_75","mean_row_316","gibbs_cmi","gamma-002-reveal_75-gibbs_cmi",1.68747812165583,0.10797708742095,1.12417389633155,23.4424336200484,49.8004330561062,0.0228514087830306,0.945297536999412,2.00816295238139,4.07465862241856,0.23199429071148
"gamma",2,"reveal_75","mean_row_316","gibbs_imc","gamma-002-reveal_75-gibbs_imc",1.66761046181906,0.0906535736705909,1.00199960681142,1147.68876240285,1340.51450948502,0.00267877731897392,42.9990919187312,50.2234651936989,4.07465862241856,10.5528084444062
"gamma",2,"reveal_75","mean_row_316","gibbs_mci","gamma-002-reveal_75-gibbs_mci",1.66668793137294,0.0936676683262317,1.00889817571503,597.324352346925,1384.50583675425,0.00381035640308986,22.5908381811174,52.3620830057202,4.07465862241856,5.54422843102088
"gamma",2,"reveal_75","mean_row_474","gibbs_imc","gamma-002-reveal_75-gibbs_imc",1.90708302829087,0.0731236355820391,1.01499812051725,558.691282241417,1272.02838410338,0.00309827243496093,20.931822795752,47.6575768649874,24.2521402197015,0.863091776895954
"gamma",2,"reveal_75","mean_row_474","gibbs_cmi","gamma-002-reveal_75-gibbs_cmi",1.90248064731199,0.0739923484971641,1.0031387366631,1204.69429202793,1745.24230516864,0.00212950668863565,48.5783415471564,70.3755113177401,24.2521402197015,2.00305379678175
"gamma",2,"reveal_75","mean_row_474","gibbs_mci","gamma-002-reveal_75-gibbs_mci",1.91301808655402,0.0731118310733945,1.03128324375614,108.033041643397,949.430513553995,0.00709721158213346,4.08581527337833,35.907511574978,24.2521402197015,0.16847235899037
"gamma",2,"reveal_75","mean_row_474","gibbs_icm","gamma-002-reveal_75-gibbs_icm",1.90811272358349,0.0752791725758303,1.00971638634521,751.080529048458,1466.45546953496,0.0027225597363317,30.5491144980256,59.6459558096053,24.2521402197015,1.25964612695125
"gamma",2,"reveal_75","mean_row_474","gibbs_mic","gamma-002-reveal_75-gibbs_mic",1.90625278321467,0.0761928970441112,1.01376068967693,1034.45899124599,1637.19525587435,0.00233814059073421,39.1114594595635,61.9000815106186,24.2521402197015,1.61270135770495
"gamma",2,"reveal_75","mean_row_631","gibbs_mic","gamma-002-reveal_75-gibbs_mic",0.947526869490806,0.0840227586997416,1.00125406441063,1259.78150522136,1796.68095191681,0.00236384459601919,47.6305911460306,67.9300144397447,2.78966761208272,17.0739305785862
"gamma",2,"reveal_75","mean_row_631","gibbs_cmi","gamma-002-reveal_75-gibbs_cmi",0.979072667492675,0.10564665121727,1.16042364021466,17.358357349487,48.1709804653681,0.0266432542066746,0.69996198836594,1.94245656943296,2.78966761208272,0.250912325659959
"gamma",2,"reveal_75","mean_row_631","gibbs_mci","gamma-002-reveal_75-gibbs_mci",0.941554865458993,0.0872814537667339,1.00325544251036,975.80507142184,1594.13403201736,0.0027974575872823,36.9049987300722,60.290232291417,2.78966761208272,13.2291741748113
"gamma",2,"reveal_75","mean_row_631","gibbs_icm","gamma-002-reveal_75-gibbs_icm",0.952178984133614,0.0854533232420463,1.00296442928928,1576.32026053425,1859.14542668359,0.00217159177980805,64.1145473250731,75.618052008606,2.78966761208272,22.9828625630443
"gamma",2,"reveal_75","mean_row_631","gibbs_imc","gamma-002-reveal_75-gibbs_imc",0.950891296331856,0.0870169749803048,1.00519314996867,891.389233241637,1789.37371577491,0.0029120380620482,33.3966218291423,67.0403400312806,2.78966761208272,11.9715415859916
"gamma",2,"reveal_75","mean_row_789","gibbs_mic","gamma-002-reveal_75-gibbs_mic",1.17533078046215,0.135561102629406,1.01094189349968,600.186712424284,1493.35230064085,0.0055067779882976,22.6922270189529,56.4615789119002,10.4237574496472,2.17697189603361
"gamma",2,"reveal_75","mean_row_789","gibbs_cmi","gamma-002-reveal_75-gibbs_cmi",1.16551733294048,0.169186545617833,1.0465093394758,465.519246270573,173.030196885565,0.00852524991584335,18.771694272776,6.97730541092645,10.4237574496472,1.80085677966456
"gamma",2,"reveal_75","mean_row_789","gibbs_mci","gamma-002-reveal_75-gibbs_mci",1.19210155406809,0.137641240984458,1.05376746478131,72.6395267011614,102.477540076089,0.0161093651868006,2.74723069101627,3.87570591415185,10.4237574496472,0.263554740628512
"gamma",2,"reveal_75","mean_row_789","gibbs_icm","gamma-002-reveal_75-gibbs_icm",1.16873260915945,0.137621401112047,1.00961645179269,431.7848140848,513.131190428172,0.00662132796660325,17.5622229758725,20.8708692112654,10.4237574496472,1.68482651872017
"gamma",2,"reveal_75","mean_row_789","gibbs_imc","gamma-002-reveal_75-gibbs_imc",1.16550528352105,0.130899903039875,1.00284008723715,1214.46712369538,1651.16882571607,0.00374490131669791,45.5009974783777,61.8623815411964,10.4237574496472,4.36512435157611
"gamma",2,"reveal_75","mean_row_946","gibbs_imc","gamma-002-reveal_75-gibbs_imc",1.63131930311106,0.069150829500977,1.00631763826384,1131.0815519046,1579.64851611368,0.00203099839024697,42.3768892849498,59.1828150355428,74.8361731507593,0.56626210962953
"gamma",2,"reveal_75","mean_row_946","gibbs_mic","gamma-002-reveal_75-gibbs_mic",1.6285541164456,0.0698649556447313,1.00210208952038,1694.03131205661,1960.22866656671,0.0016964830751515,64.0489739520063,74.1135266575944,74.8361731507593,0.855855814847429
"gamma",2,"reveal_75","mean_row_946","gibbs_mci","gamma-002-reveal_75-gibbs_mci",1.63818867273161,0.0696382727385286,1.00213625089518,1921.8631844203,1885.61698279741,0.00158777031022967,72.6849659400285,71.314132702901,74.8361731507593,0.971254446611038
"gamma",2,"reveal_75","mean_row_946","gibbs_icm","gamma-002-reveal_75-gibbs_icm",1.63565363478221,0.0695731025892058,1.00018430798628,1823.34127887126,1857.99613459844,0.00163038465455205,74.1617700671625,75.5713062148557,74.8361731507593,0.990988274049794
"gamma",2,"reveal_75","mean_row_946","gibbs_cmi","gamma-002-reveal_75-gibbs_cmi",1.63669104952288,0.0706375655451687,1.00218341686202,1993.84677132635,2016.411759079,0.00158187404653873,80.4002891780455,81.310204406589,74.8361731507593,1.07435062207253
"gamma",2,"reveal_75","observed_log_likelihood","gibbs_cmi","gamma-002-reveal_75-gibbs_cmi",165.500525174023,74.4325278362761,1.54377729958539,7.18339529508462,42.0162114459083,36.3377142022833,0.289664716120997,1.69427039178629,0.257160347472135,1.12639728079534
"gamma",2,"reveal_75","observed_log_likelihood","gibbs_mci","gamma-002-reveal_75-gibbs_mci",195.83322939641,29.2238345108427,1.46509518829287,7.88296566270679,12.7873912255202,12.6394674879325,0.298134172788729,0.483619803544501,0.257160347472135,1.15933181658589
"gamma",2,"reveal_75","observed_log_likelihood","gibbs_imc","gamma-002-reveal_75-gibbs_imc",202.790552877078,21.4220237124546,1.43892163449606,8.06336750203639,20.8372288881464,7.75190834432729,0.302100614515619,0.780683709420644,0.257160347472135,1.17475581863706
"gamma",2,"reveal_75","observed_log_likelihood","gibbs_icm","gamma-002-reveal_75-gibbs_icm",200.849053818203,22.3318666886144,1.29336093980338,10.7035533774885,34.0341600784224,6.74088816653666,0.435351556881497,1.38429024967145,0.257160347472135,1.69291868346332
"gamma",2,"reveal_75","observed_log_likelihood","gibbs_mic","gamma-002-reveal_75-gibbs_mic",199.347751754428,18.3059594741296,1.4067226050681,8.63689310335785,46.1841713058029,6.37116434265409,0.32654894715709,1.74615945048217,0.257160347472135,1.26982620130607
"gamma",2,"reveal_75","sigma","gibbs_icm","gamma-002-reveal_75-gibbs_icm",0.191914997905412,0.00652200704587404,1.12064067200744,22.174404908954,56.8984143327573,0.00140903684174352,0.901911856705197,2.31426073101592,0.30996064035125,2.9097625288267
"gamma",2,"reveal_75","sigma","gibbs_mci","gamma-002-reveal_75-gibbs_mci",0.193025922454165,0.00773688405307605,1.3014756677759,10.2739109579508,11.9816791513397,0.00278426934779384,0.388559848642288,0.453147730847536,0.30996064035125,1.25357802913934
"gamma",2,"reveal_75","sigma","gibbs_mic","gamma-002-reveal_75-gibbs_mic",0.192210303094546,0.00587630433524626,1.13475302270781,20.6332004360327,408.143814711076,0.00129513884821086,0.780112686151941,15.4313514579408,0.30996064035125,2.51681208706987
"gamma",2,"reveal_75","sigma","gibbs_imc","gamma-002-reveal_75-gibbs_imc",0.191496609267425,0.00629592665961378,1.16916821200422,16.0084696493973,42.4049921452663,0.00160911107569557,0.59977032143409,1.58873748249471,0.30996064035125,1.9349886513153
"gamma",2,"reveal_75","sigma","gibbs_cmi","gamma-002-reveal_75-gibbs_cmi",0.200281986149842,0.0180465141615726,1.52972683113397,7.23364226514919,34.5949156548751,0.0085457206578324,0.291690885323972,1.39501252691137,0.30996064035125,0.941057822675245
"horseshoe",1,"reveal_25","interaction_row_1104","gibbs_icm","horseshoe-001-reveal_25-gibbs_icm",165.720530582516,211.185153578109,3.16606608901287,4.55736628188072,12.8702251506029,104.082782436022,0.200552996034181,0.566371464117362,0.268415294753952,0.747174248092016
"horseshoe",1,"reveal_25","interaction_row_1104","gibbs_mci","horseshoe-001-reveal_25-gibbs_mci",554.143979205785,936.247355634577,2.21020590209747,5.15848460985643,11.1574724254495,463.570552918306,0.199454224562364,0.431406736474868,0.268415294753952,0.743080697935627
"horseshoe",1,"reveal_25","interaction_row_1104","gibbs_imc","horseshoe-001-reveal_25-gibbs_imc",495.224701668572,500.074759593104,3.17743888223737,4.5302756198166,14.0828146259345,244.480397211427,0.202615305685253,0.629849931836596,0.268415294753952,0.754857527291743
"horseshoe",1,"reveal_25","interaction_row_1104","gibbs_cmi","horseshoe-001-reveal_25-gibbs_cmi",50.6002331042743,219.424106492051,1.72765593872276,6.21856975632776,11.378993642899,91.9286969013291,0.270808246149361,0.495536020681052,0.268415294753952,1.00891510820053
"horseshoe",1,"reveal_25","interaction_row_1104","gibbs_mic","horseshoe-001-reveal_25-gibbs_mic",235.742059468898,319.124736545112,1.78645161688142,6.27420930424945,13.9019222179704,128.448062070586,0.263932748790569,0.584802381708326,0.268415294753952,0.983299960728795
"horseshoe",1,"reveal_25","interaction_row_241","gibbs_mci","horseshoe-001-reveal_25-gibbs_mci",27.5322269680323,24.7717074400999,1.719517157146,6.74305766990757,13.5708717686037,12.131953647351,0.260722177238045,0.524721485079214,0.889877269728643,0.292986669181413
"horseshoe",1,"reveal_25","interaction_row_241","gibbs_icm","horseshoe-001-reveal_25-gibbs_icm",39.7389861202949,12.2195240635184,2.41511973579812,4.94050930511832,23.1184907350488,5.771020509409,0.217413717000455,1.01736009219543,0.889877269728643,0.244318766639305
"horseshoe",1,"reveal_25","interaction_row_241","gibbs_cmi","horseshoe-001-reveal_25-gibbs_cmi",34.191256794335,31.9288651455598,1.83680529719254,8.57100600060971,11.9993724133742,12.9032961172659,0.373252885102544,0.522552471949407,0.889877269728643,0.419443105020946
"horseshoe",1,"reveal_25","interaction_row_241","gibbs_imc","horseshoe-001-reveal_25-gibbs_imc",45.2056219603145,6.41337794277028,1.60157306236468,6.85974637827185,11.0326038699716,2.67563285440328,0.306800231596753,0.493430111810524,0.889877269728643,0.344766904418525
"horseshoe",1,"reveal_25","interaction_row_241","gibbs_mic","horseshoe-001-reveal_25-gibbs_mic",42.1688528127455,6.99941272812874,1.21059998007304,15.0519616563523,19.2130744062302,1.84409940935197,0.633180281690737,0.808222884327363,0.889877269728643,0.71153663907363
"horseshoe",1,"reveal_25","interaction_row_385","gibbs_mci","horseshoe-001-reveal_25-gibbs_mci",-119.197983729888,264.20446787317,1.97286555125494,5.53624227630741,32.0467419665842,118.250115701438,0.21406032851206,1.23909608191564,2.27504829984779,0.0940904544867822
"horseshoe",1,"reveal_25","interaction_row_385","gibbs_icm","horseshoe-001-reveal_25-gibbs_icm",20.5930639565712,58.8116511039161,1.34445968505913,27.4911783547972,33.4808899918662,12.6536558120673,1.20978605680326,1.47337132511293,2.27504829984779,0.531762801204791
"horseshoe",1,"reveal_25","interaction_row_385","gibbs_imc","horseshoe-001-reveal_25-gibbs_imc",-50.8154900335034,118.361910216515,1.43937924207277,9.2979497215138,31.7086694806829,46.4681657450224,0.415848191847298,1.4181613435611,2.27504829984779,0.182786533312334
"horseshoe",1,"reveal_25","interaction_row_385","gibbs_mic","horseshoe-001-reveal_25-gibbs_mic",9.51010776878288,107.772809161201,1.45814716943456,11.141534982257,12.0319062841267,29.96469262249,0.468683113842205,0.50613773700684,2.27504829984779,0.20601018179419
"horseshoe",1,"reveal_25","interaction_row_385","gibbs_cmi","horseshoe-001-reveal_25-gibbs_cmi",60.2827718698285,56.4616037998338,1.88537841733682,16.9709476099018,23.4793349277613,13.8400857354834,0.739056203888945,1.02248551703877,2.27504829984779,0.324852972984526
"horseshoe",1,"reveal_25","interaction_row_529","gibbs_icm","horseshoe-001-reveal_25-gibbs_icm",-19.4747030429808,36.3141366346401,1.27875999584777,12.7975960113705,92.6320257555409,10.3716843870341,0.563175321746636,4.07639613428715,6.45174189076085,0.0872904296672385
"horseshoe",1,"reveal_25","interaction_row_529","gibbs_imc","horseshoe-001-reveal_25-gibbs_imc",56.3405791625159,121.696533606424,1.38516809240056,9.90612945459077,29.9458895903696,46.3829950367929,0.443048859724974,1.33932150768681,6.45174189076085,0.0686712003093983
"horseshoe",1,"reveal_25","interaction_row_529","gibbs_mci","horseshoe-001-reveal_25-gibbs_mci",169.607464036186,350.879348097882,2.07493378708917,5.82106211478995,33.0289927580118,156.986734129439,0.225072965811775,1.27707507860696,6.45174189076085,0.03488561223041
"horseshoe",1,"reveal_25","interaction_row_529","gibbs_mic","horseshoe-001-reveal_25-gibbs_mic",-30.5750478265455,232.423177285156,1.64464172034162,10.7990071807301,12.5817600079344,63.0564038662045,0.454274237789417,0.529268046774959,6.45174189076085,0.0704110991234717
"horseshoe",1,"reveal_25","interaction_row_529","gibbs_cmi","horseshoe-001-reveal_25-gibbs_cmi",-76.7836475745546,75.7619043659711,1.90732802009295,16.724012684998,25.6306947017505,17.8912166905014,0.728302603536039,1.11617361415105,6.45174189076085,0.112884646637677
"horseshoe",1,"reveal_25","interaction_row_672","gibbs_mic","horseshoe-001-reveal_25-gibbs_mic",865.159600067306,18.2579788227917,1.29032679977502,11.1294548005772,68.2626019557451,5.51581721835368,0.468174945338094,2.87155485258895,0.420672454306099,1.11292037438094
"horseshoe",1,"reveal_25","interaction_row_672","gibbs_imc","horseshoe-001-reveal_25-gibbs_imc",855.827637999542,7.09466175396816,1.08252657934801,44.4221752416062,390.614159673961,1.07920375255799,1.98676932070334,17.4701086664859,0.420672454306099,4.7228414895397
"horseshoe",1,"reveal_25","interaction_row_672","gibbs_cmi","horseshoe-001-reveal_25-gibbs_cmi",857.982361918926,8.60656257331407,1.22067002543925,13.6763750530528,27.3337008281054,2.44824780344968,0.595583114273082,1.19033666455191,0.420672454306099,1.41578824136584
"horseshoe",1,"reveal_25","interaction_row_672","gibbs_icm","horseshoe-001-reveal_25-gibbs_icm",862.69250348746,10.221005594354,1.44471494482525,8.06282160301425,37.0560531805978,3.9185942649064,0.354815243927754,1.63070116091348,0.420672454306099,0.843447771052712
"horseshoe",1,"reveal_25","interaction_row_672","gibbs_mci","horseshoe-001-reveal_25-gibbs_mci",863.254355953701,15.2936927871078,1.43354771700857,8.07570938529554,45.4728036137786,5.56585641466564,0.312249521915304,1.75821844386879,0.420672454306099,0.742262819252953
"horseshoe",1,"reveal_25","interaction_row_816","gibbs_mic","horseshoe-001-reveal_25-gibbs_mic",725.049168170846,15.4988709463537,1.13118873103903,23.3608259952453,40.2428891978703,3.17665202645022,0.982703432409772,1.69286930834048,0.920532161111623,1.06753840215976
"horseshoe",1,"reveal_25","interaction_row_816","gibbs_icm","horseshoe-001-reveal_25-gibbs_icm",714.138637447406,12.124446539885,1.60101719867274,8.49840913105804,24.0607416295403,4.78519736214102,0.373983855441738,1.05882510251454,0.920532161111623,0.406269189976068
"horseshoe",1,"reveal_25","interaction_row_816","gibbs_imc","horseshoe-001-reveal_25-gibbs_imc",714.09832240626,7.30928248657818,1.06346531482138,78.3684649978994,84.1462202735267,0.927595576748858,3.50500760310832,3.76341608629752,0.920532161111623,3.80758842675927
"horseshoe",1,"reveal_25","interaction_row_816","gibbs_cmi","horseshoe-001-reveal_25-gibbs_cmi",719.942683277356,9.37137697099286,1.39551833858769,8.68975228736805,30.0316011287253,3.10058335443948,0.378424086023954,1.30782568169339,0.920532161111623,0.411092737451969
"horseshoe",1,"reveal_25","interaction_row_816","gibbs_mci","horseshoe-001-reveal_25-gibbs_mci",725.756395271361,9.08953943148984,1.17711998322591,31.1580507489401,69.9892137090159,1.47052556441022,1.20473459184704,2.7061521752703,0.920532161111623,1.30873710093107
"horseshoe",1,"reveal_25","interaction_row_960","gibbs_icm","horseshoe-001-reveal_25-gibbs_icm",-106.027191417631,7.54216070031323,1.30871766684592,10.3413578555184,32.6586453452394,2.32611834277083,0.455085277922832,1.43718735016896,1.03410775016818,0.440075299550573
"horseshoe",1,"reveal_25","interaction_row_960","gibbs_imc","horseshoe-001-reveal_25-gibbs_imc",-110.060450432507,6.51951203708297,1.15666404352683,17.9802408704994,54.3359180398265,1.54707254058574,0.804161226821381,2.43015868508547,1.03410775016818,0.77763775263322
"horseshoe",1,"reveal_25","interaction_row_960","gibbs_mic","horseshoe-001-reveal_25-gibbs_mic",-110.010921020658,10.7432257612671,1.17058098018193,16.5093982549188,37.7496339580412,2.43170618599725,0.694489241751586,1.5879872942134,1.03410775016818,0.671583054704539
"horseshoe",1,"reveal_25","interaction_row_960","gibbs_mci","horseshoe-001-reveal_25-gibbs_mci",-106.690826166623,8.9020536209846,1.41277298016519,80.0998204194894,88.9788182625605,0.617126922004736,3.09708156128404,3.44039045209606,1.03410775016818,2.99493119627074
"horseshoe",1,"reveal_25","interaction_row_960","gibbs_cmi","horseshoe-001-reveal_25-gibbs_cmi",-109.199086738911,5.91446573316018,1.33110692803679,22.3881503130277,44.3330364102075,1.02951315387928,0.974966263686265,1.93062911684918,1.03410775016818,0.942809164255564
"horseshoe",1,"reveal_25","interaction_row_97","gibbs_cmi","horseshoe-001-reveal_25-gibbs_cmi",-228.86845454421,129.295517565151,1.65255680368044,6.95536288931034,12.1328798725976,50.9445908329087,0.302894346962955,0.528366497086514,1.45804625182539,0.207739875592938
"horseshoe",1,"reveal_25","interaction_row_97","gibbs_mic","horseshoe-001-reveal_25-gibbs_mic",-46.8836106892697,693.398545640858,1.54346833725675,10.1667253634547,11.602617079179,190.110771672729,0.427676483402939,0.48807913003445,1.45804625182539,0.293321616421642
"horseshoe",1,"reveal_25","interaction_row_97","gibbs_icm","horseshoe-001-reveal_25-gibbs_icm",-53.9575797155154,373.660110260284,1.72736908621507,69.7258774287453,31.6792798307418,67.8274938422326,3.06838045365013,1.39408906137748,1.45804625182539,2.10444658378203
"horseshoe",1,"reveal_25","interaction_row_97","gibbs_mci","horseshoe-001-reveal_25-gibbs_mci",790.586712988354,1543.39530672655,2.0911773267717,5.87659822196616,34.3524299032474,691.978460165668,0.227220284652444,1.32824613939788,1.45804625182539,0.155838872990467
"horseshoe",1,"reveal_25","interaction_row_97","gibbs_imc","horseshoe-001-reveal_25-gibbs_imc",140.99186286814,353.674449288835,1.32342678143317,11.0138081555827,28.2132973140644,122.147947033803,0.492589478759455,1.26183180437695,1.45804625182539,0.337842148795185
"horseshoe",1,"reveal_25","mean_row_1","gibbs_mic","horseshoe-001-reveal_25-gibbs_mic",10.1769587454953,4.84765391828798,1.14646585735868,78.6953837260596,95.7633603304473,0.539787672294239,3.31042334368413,4.0284099078936,0.337988520520531,9.79448455404873
"horseshoe",1,"reveal_25","mean_row_1","gibbs_mci","horseshoe-001-reveal_25-gibbs_mci",9.17319652134239,4.52471869171883,1.18171471572893,20.3917821972657,46.9916778143421,1.0260108207764,0.788453860621955,1.8169461320938,0.337988520520531,2.33278295785806
"horseshoe",1,"reveal_25","mean_row_1","gibbs_icm","horseshoe-001-reveal_25-gibbs_icm",10.9886144541777,4.2555468865815,1.53266621639449,7.42235846136973,36.8538606894641,1.49164800439091,0.326630807136497,1.62180341002747,0.337988520520531,0.966396156394476
"horseshoe",1,"reveal_25","mean_row_1","gibbs_imc","horseshoe-001-reveal_25-gibbs_imc",10.2345375904251,3.19099631413245,1.09868038893723,30.8344154581418,155.981688859558,0.567768423071593,1.37906057776026,6.97623725835491,0.337988520520531,4.08019945658623
"horseshoe",1,"reveal_25","mean_row_1","gibbs_cmi","horseshoe-001-reveal_25-gibbs_cmi",7.63797526800911,3.84609089911209,1.39119594860482,8.72051214908848,40.8816054071206,1.35816495367662,0.37976362622865,1.78032510591476,0.337988520520531,1.12359918509594
"horseshoe",1,"reveal_25","mean_row_1104","gibbs_imc","horseshoe-001-reveal_25-gibbs_imc",742.143918839514,499.182802067217,3.21958481695857,4.51557187211699,14.6009325565125,244.213362253289,0.201957684695959,0.653022610873132,0.252543283978067,0.799695329508343
"horseshoe",1,"reveal_25","mean_row_1104","gibbs_mci","horseshoe-001-reveal_25-gibbs_mci",796.883467704095,930.39227729355,2.23092081408693,5.13577672652233,11.4078837849859,460.646010541654,0.198576218015015,0.441088960483543,0.252543283978067,0.786305677533917
"horseshoe",1,"reveal_25","mean_row_1104","gibbs_cmi","horseshoe-001-reveal_25-gibbs_cmi",293.267129094975,219.006133617312,1.82579825806465,5.86505756102287,11.378993642899,91.2306854148186,0.255413385055214,0.495536020681052,0.252543283978067,1.01136478876784
"horseshoe",1,"reveal_25","mean_row_1104","gibbs_icm","horseshoe-001-reveal_25-gibbs_icm",408.765757683332,209.87586301523,2.97766081426393,4.60128004532591,12.8619661605828,103.400219491034,0.202485479903447,0.566008016219981,0.252543283978067,0.801785249300204
"horseshoe",1,"reveal_25","mean_row_1104","gibbs_mic","horseshoe-001-reveal_25-gibbs_mic",478.14908837094,312.417164313485,1.84001395600338,6.40607927677851,13.6187160201503,124.803080689882,0.269480030152216,0.572888945824928,0.252543283978067,1.06706472612283
"horseshoe",1,"reveal_25","mean_row_159","gibbs_mic","horseshoe-001-reveal_25-gibbs_mic",375.111338735342,11.1550610874429,1.30475179658941,10.224833081554,19.3587835179443,3.31756324474817,0.430120859900469,0.814352327021042,36.7485599104596,0.0117044276278714
"horseshoe",1,"reveal_25","mean_row_159","gibbs_mci","horseshoe-001-reveal_25-gibbs_mci",378.314875473635,7.69650960974582,1.21194053391708,19.9981969139566,37.0071690893712,1.94127077124921,0.773235777518328,1.43089235933075,36.7485599104596,0.0210412538451131
"horseshoe",1,"reveal_25","mean_row_159","gibbs_icm","horseshoe-001-reveal_25-gibbs_icm",376.623058252409,5.32689860501733,1.28393586612685,314.257359424416,44.5219649718065,0.417910907666704,13.8293152360683,1.95924859055653,36.7485599104596,0.3763226442006
"horseshoe",1,"reveal_25","mean_row_159","gibbs_imc","horseshoe-001-reveal_25-gibbs_imc",377.148148622437,5.52798645153776,1.04798758593105,72.9103014613232,836.237795905464,0.630320367743109,3.26089277075552,37.4005007337295,36.7485599104596,0.0887352532643705
"horseshoe",1,"reveal_25","mean_row_159","gibbs_cmi","horseshoe-001-reveal_25-gibbs_cmi",376.305285756368,5.90924248020266,1.06654220596311,137.650247665355,62.9177242136581,0.51741868594203,5.9944366008516,2.73996099001255,36.7485599104596,0.163120313162134
"horseshoe",1,"reveal_25","mean_row_316","gibbs_mci","horseshoe-001-reveal_25-gibbs_mci",2009.3888775154,3472.28042489469,2.19672930161174,5.17282512703247,31.7555394223728,1719.78060854293,0.200008704598556,1.22783665554548,0.25557953121703,0.782569338186616
"horseshoe",1,"reveal_25","mean_row_316","gibbs_icm","horseshoe-001-reveal_25-gibbs_icm",-185.459795732439,246.737113695696,2.14956387152359,5.24369857283194,10.9355549040483,116.909853458295,0.230755966063719,0.48123371343286,0.25557953121703,0.902873422472039
"horseshoe",1,"reveal_25","mean_row_316","gibbs_mic","horseshoe-001-reveal_25-gibbs_mic",763.225897047603,1570.04078781257,2.57981445661559,4.81094721542378,11.290296428229,763.741823881268,0.202378731929318,0.474940956933743,0.25557953121703,0.791842488189967
"horseshoe",1,"reveal_25","mean_row_316","gibbs_imc","horseshoe-001-reveal_25-gibbs_imc",370.572104993038,573.368806994953,4.13711068092351,4.33119460196393,11.5037687732497,282.178118705476,0.193711463033405,0.514502829878334,0.25557953121703,0.757930269732406
"horseshoe",1,"reveal_25","mean_row_316","gibbs_cmi","horseshoe-001-reveal_25-gibbs_cmi",-473.840257815418,126.132324246491,1.89110791539987,7.39115430502504,25.4752334691102,43.3645997855413,0.321872329618301,1.10940353913296,0.25557953121703,1.25938226776454
"horseshoe",1,"reveal_25","mean_row_474","gibbs_imc","horseshoe-001-reveal_25-gibbs_imc",38.8917716413824,87.7945923386032,1.30632056784428,58.7339310667664,48.5083944334279,8.52372373410214,2.6268585834235,2.16952432726989,0.710482135395372,3.69729012533397
"horseshoe",1,"reveal_25","mean_row_474","gibbs_cmi","horseshoe-001-reveal_25-gibbs_cmi",20.1471904336701,16.3621232426071,1.38562885528437,16.2717003488219,16.9704251351925,3.46368365640458,0.708605162601662,0.739033450994752,0.710482135395372,0.997358170318152
"horseshoe",1,"reveal_25","mean_row_474","gibbs_mci","horseshoe-001-reveal_25-gibbs_mci",12.878483478297,28.3761053432339,1.39148667555365,11.0137352134942,35.8998041552143,5.89792820265862,0.425849097687593,1.38807578993985,0.710482135395372,0.599380443887748
"horseshoe",1,"reveal_25","mean_row_474","gibbs_mic","horseshoe-001-reveal_25-gibbs_mic",34.4321764726251,60.4523709881525,1.37545975693741,15.864118937915,25.6045142233466,17.2224408671459,0.667344730687991,1.07708708662908,0.710482135395372,0.939284321788928
"horseshoe",1,"reveal_25","mean_row_474","gibbs_icm","horseshoe-001-reveal_25-gibbs_icm",16.8614544801554,23.8313726064139,1.97705614327912,5.52806016050781,16.1811948142556,9.40379188871443,0.243269677895961,0.712075110643183,0.710482135395372,0.342400837088727
"horseshoe",1,"reveal_25","mean_row_631","gibbs_cmi","horseshoe-001-reveal_25-gibbs_cmi",97.5802966382725,19.9994465163411,1.8007860855156,5.97438700244958,12.7869087186174,9.05921495241144,0.260174498212324,0.556848352506964,0.423593566085604,0.614207861126354
"horseshoe",1,"reveal_25","mean_row_631","gibbs_mic","horseshoe-001-reveal_25-gibbs_mic",102.247890002673,87.7795232450521,1.41534103018869,12.5283013163911,11.4698321855762,20.4893574896372,0.527019237606891,0.482493361331658,0.423593566085604,1.24416251756852
"horseshoe",1,"reveal_25","mean_row_631","gibbs_mci","horseshoe-001-reveal_25-gibbs_mci",221.339585051851,770.179607923592,2.80413616282066,4.6897135291776,11.2258097325336,352.211754313317,0.181329061948636,0.434049017226678,0.423593566085604,0.428073220337798
"horseshoe",1,"reveal_25","mean_row_631","gibbs_icm","horseshoe-001-reveal_25-gibbs_icm",-62.7709787363544,210.940993543504,2.18304176667135,5.24828374021757,16.2810139886583,101.295343601216,0.230957742484491,0.716467786862275,0.423593566085604,0.545234302349666
"horseshoe",1,"reveal_25","mean_row_631","gibbs_imc","horseshoe-001-reveal_25-gibbs_imc",59.9319352719261,129.066982283688,2.43146960261839,4.95035338543645,24.5523453394643,60.9292941495849,0.221403165858778,1.0980967547504,0.423593566085604,0.522678301997709
"horseshoe",1,"reveal_25","mean_row_789","gibbs_mic","horseshoe-001-reveal_25-gibbs_mic",46.0417920009908,10.8712881190089,1.23724612344894,12.3895683843574,21.3042933959284,3.05158511013987,0.52118325695597,0.896192722359426,0.403615458018584,1.29128666061143
"horseshoe",1,"reveal_25","mean_row_789","gibbs_icm","horseshoe-001-reveal_25-gibbs_icm",54.1571581374054,8.58463591016662,1.86560219188811,5.77563744579447,27.1749168400197,3.83318128249452,0.254164647324172,1.1958685460315,0.403615458018584,0.629719804518659
"horseshoe",1,"reveal_25","mean_row_789","gibbs_mci","horseshoe-001-reveal_25-gibbs_mci",48.9855973168852,6.33274524373017,1.2189377295323,15.6974200267412,43.623761214239,1.53060083773258,0.606945057678581,1.68672471152762,0.403615458018584,1.50377059555195
"horseshoe",1,"reveal_25","mean_row_789","gibbs_cmi","horseshoe-001-reveal_25-gibbs_cmi",52.5162916500911,6.68324006095727,1.52860648464082,7.30528354036503,26.4694036677893,2.49891782661082,0.318132802350087,1.15269797795538,0.403615458018584,0.788207676464757
"horseshoe",1,"reveal_25","mean_row_789","gibbs_imc","horseshoe-001-reveal_25-gibbs_imc",47.7716388585618,3.95629211092324,1.02861946938151,161.484424395154,1094.53485336999,0.299056477018222,7.22234556085484,48.9527641383776,0.403615458018584,17.8941252555354
"horseshoe",1,"reveal_25","mean_row_946","gibbs_mic","horseshoe-001-reveal_25-gibbs_mic",70.5470798156311,156.542482562668,2.06918269575086,5.37664187588836,13.815572560004,71.1045889171161,0.226175411235417,0.581169971395083,0.210499906102964,1.07446799109158
"horseshoe",1,"reveal_25","mean_row_946","gibbs_mci","horseshoe-001-reveal_25-gibbs_mci",140.091394561216,666.452481401787,2.01889596833834,5.47190176543436,12.5121473867257,300.282558693562,0.211572584983735,0.483785616004551,0.210499906102964,1.00509586393947
"horseshoe",1,"reveal_25","mean_row_946","gibbs_icm","horseshoe-001-reveal_25-gibbs_icm",101.473300794583,171.026418739749,2.61765784690124,5.18768616468518,19.0088901899876,83.7311761435729,0.228291065159532,0.836511626033604,0.210499906102964,1.08451860804093
"horseshoe",1,"reveal_25","mean_row_946","gibbs_imc","horseshoe-001-reveal_25-gibbs_imc",152.195965078765,132.231799482869,2.08757736842352,5.35083125823129,31.4424909960637,62.1123311251491,0.239314426326368,1.40625658553887,0.210499906102964,1.13688614288174
"horseshoe",1,"reveal_25","mean_row_946","gibbs_cmi","horseshoe-001-reveal_25-gibbs_cmi",28.3245537035828,32.1608631514408,1.57878411303831,7.00481137563291,11.4243889617389,10.8751520559004,0.305047745313457,0.497512910409741,0.210499906102964,1.44915858140215
"horseshoe",1,"reveal_25","observed_log_likelihood","gibbs_icm","horseshoe-001-reveal_25-gibbs_icm",-972.713171562111,275.462605262691,3.66788943151133,4.40402854775334,11.5020145423127,136.456996636877,0.19380516404477,0.506161527121664,0.213030219850182,0.90975432584667
"horseshoe",1,"reveal_25","observed_log_likelihood","gibbs_mci","horseshoe-001-reveal_25-gibbs_mci",-1141.62968608406,195.61579934164,2.4687325839359,4.88938884575304,11.1216354238935,95.4816404712988,0.189049562918186,0.430021088964678,0.213030219850182,0.887430727204521
"horseshoe",1,"reveal_25","observed_log_likelihood","gibbs_imc","horseshoe-001-reveal_25-gibbs_imc",-1121.1951186256,52.4383746500182,1.94514630381705,5.60029746688728,13.0976789626012,19.8742951926115,0.25047173249641,0.585790015769986,0.213030219850182,1.17575681362278
"horseshoe",1,"reveal_25","observed_log_likelihood","gibbs_mic","horseshoe-001-reveal_25-gibbs_mic",-1225.21101420317,191.461502635624,2.86643865941407,4.64643989475502,11.4944069600601,86.3078839884385,0.1954585182044,0.483527131081103,0.213030219850182,0.917515450821299
"horseshoe",1,"reveal_25","observed_log_likelihood","gibbs_cmi","horseshoe-001-reveal_25-gibbs_cmi",-1120.85960117671,118.063515236655,2.57261322817179,4.81891765213642,11.3853158506093,56.7851682088834,0.209855752825695,0.49581134218566,0.213030219850182,0.985098513127765
"horseshoe",1,"reveal_25","sigma","gibbs_imc","horseshoe-001-reveal_25-gibbs_imc",5.7127333962604,0.995845731295012,1.7730580140333,6.06442211465858,13.4065395997661,0.346427149645473,0.271229577112507,0.599603721086185,0.215664795236112,1.25764419183744
"horseshoe",1,"reveal_25","sigma","gibbs_mic","horseshoe-001-reveal_25-gibbs_mic",9.0672124920851,6.92404952873817,2.61995971476288,4.78358811089531,11.4696216981585,2.62879165499228,0.201227835726707,0.482484506905536,0.215664795236112,0.933058339477245
"horseshoe",1,"reveal_25","sigma","gibbs_cmi","horseshoe-001-reveal_25-gibbs_cmi",5.98875214874654,2.18676693375056,2.43889419635731,4.92378716546817,11.3383269328705,1.02110678212206,0.214422643620963,0.49376505390718,0.215664795236112,0.99424035984274
"horseshoe",1,"reveal_25","sigma","gibbs_mci","horseshoe-001-reveal_25-gibbs_mci",6.99294890928525,3.82710246881932,2.37224322408649,4.97727774466389,11.9672829771351,1.8389101480802,0.192447811339129,0.462718283924334,0.215664795236112,0.892346899402076
"horseshoe",1,"reveal_25","sigma","gibbs_icm","horseshoe-001-reveal_25-gibbs_icm",4.95037589563111,3.66428426763508,3.40243223339403,4.46408636917803,13.0217390865409,1.81123666987647,0.196448088768617,0.573039037429189,0.215664795236112,0.910895487386075
"horseshoe",1,"reveal_75","interaction_row_1104","gibbs_mic","horseshoe-001-reveal_75-gibbs_mic",10.3517539147953,7.34635986825347,1.83052214612146,6.80746798938404,30.6254806772451,3.43566607486147,0.262158431446991,1.17940003378307,0.306450466269206,0.85546755610642
"horseshoe",1,"reveal_75","interaction_row_1104","gibbs_imc","horseshoe-001-reveal_75-gibbs_imc",15.5374491811587,3.23427220504629,1.8501432463093,10.9920389141417,40.2329695627624,1.11674101108543,0.415060186313545,1.51919984755361,0.306450466269206,1.35441199149271
"horseshoe",1,"reveal_75","interaction_row_1104","gibbs_mci","horseshoe-001-reveal_75-gibbs_mci",9.038479511243,10.2766324819256,2.22833763888047,5.16043113785179,33.5679043086252,4.90809322381447,0.189172298759185,1.23054013375216,0.306450466269206,0.61730138988597
"horseshoe",1,"reveal_75","interaction_row_1104","gibbs_cmi","horseshoe-001-reveal_75-gibbs_cmi",14.39635613354,2.11066404924734,1.25106463247584,27.9912638112432,31.9326552836853,0.452682266975048,1.10037203440692,1.25531312539056,0.306450466269206,3.59070112636173
"horseshoe",1,"reveal_75","interaction_row_1104","gibbs_icm","horseshoe-001-reveal_75-gibbs_icm",9.09459470500555,9.4434911983887,2.05089722597557,5.4027176821107,26.0870240877645,4.56101644185696,0.220213486676069,1.06330089214007,0.306450466269206,0.718594066300486
"horseshoe",1,"reveal_75","interaction_row_241","gibbs_icm","horseshoe-001-reveal_75-gibbs_icm",43.6802769340855,7.56325640406541,1.68664413211052,321.088369987936,33.3341607375668,0.284179513530164,13.0874855297927,1.35869245689927,0.838921753074396,15.6003649706674
"horseshoe",1,"reveal_75","interaction_row_241","gibbs_mci","horseshoe-001-reveal_75-gibbs_mci",42.8113093586212,8.9409214515741,1.46126205448348,88.0496250605769,36.5425275225464,0.816607603809758,3.22774387113079,1.33958457137528,0.838921753074396,3.84749097195547
"horseshoe",1,"reveal_75","interaction_row_241","gibbs_mic","horseshoe-001-reveal_75-gibbs_mic",42.8372576412789,8.81125574555295,1.48516559898877,241.99562249753,30.8119855534805,0.46510902672965,9.3193523509658,1.18658241435208,0.838921753074396,11.1087265490651
"horseshoe",1,"reveal_75","interaction_row_241","gibbs_cmi","horseshoe-001-reveal_75-gibbs_cmi",43.5141571819187,1.21596548732304,1.15186575330386,18.5956500604396,18.0119401688175,0.327136277280894,0.731018557293793,0.708072182121923,0.838921753074396,0.871378712752208
"horseshoe",1,"reveal_75","interaction_row_241","gibbs_imc","horseshoe-001-reveal_75-gibbs_imc",43.7277592581084,1.0077357463615,1.58475290556717,23.1243704132347,58.0310687076597,0.237508148475482,0.873177903305309,2.19125736161535,0.838921753074396,1.04083354628173
"horseshoe",1,"reveal_75","interaction_row_385","gibbs_icm","horseshoe-001-reveal_75-gibbs_icm",34.5883282861053,6.34987030147791,1.83925478220896,5.86670630676009,33.0650799738058,2.77373013676933,0.239125552570313,1.34772478901955,0.278842233856395,0.857565761338234
"horseshoe",1,"reveal_75","interaction_row_385","gibbs_mic","horseshoe-001-reveal_75-gibbs_mic",36.4085588167503,6.43555717996215,1.8289881443558,5.87736396537968,31.6039639795255,2.79027116409414,0.226339737566129,1.21708183384778,0.278842233856395,0.811712538792436
"horseshoe",1,"reveal_75","interaction_row_385","gibbs_mci","horseshoe-001-reveal_75-gibbs_mci",36.1234224126163,4.93704207329525,1.92781135591124,5.61920532558545,32.2376129044686,2.09826270703881,0.2059901508701,1.18177399847753,0.278842233856395,0.738733684712143
"horseshoe",1,"reveal_75","interaction_row_385","gibbs_imc","horseshoe-001-reveal_75-gibbs_imc",31.2722978757373,1.7533980246783,1.57898444200002,7.00460791850323,30.1774575018186,0.759773446439347,0.264494502832126,1.13950298311439,0.278842233856395,0.94854534470679
"horseshoe",1,"reveal_75","interaction_row_385","gibbs_cmi","horseshoe-001-reveal_75-gibbs_cmi",32.5286338598066,1.96375693556801,1.2338495237156,12.5598689674934,59.2039402734162,0.549045922598259,0.493744357555363,2.32738188039217,0.278842233856395,1.77069431243204
"horseshoe",1,"reveal_75","interaction_row_529","gibbs_imc","horseshoe-001-reveal_75-gibbs_imc",-41.8619506857747,0.331212687484461,1.29644641059419,10.615575008134,125.661137884296,0.103057252321403,0.400844881929312,4.74497367686046,1.80253088260181,0.222378926096802
"horseshoe",1,"reveal_75","interaction_row_529","gibbs_mic","horseshoe-001-reveal_75-gibbs_mic",-29.4864440770213,21.453276399416,1.58959737034715,6.88525852652216,33.1292681478199,10.6390161425854,0.265154177476109,1.27582193352408,1.80253088260181,0.147101045555114
"horseshoe",1,"reveal_75","interaction_row_529","gibbs_cmi","horseshoe-001-reveal_75-gibbs_cmi",-41.8062637353759,0.356995214652333,1.08648906437763,36.5176117980129,69.5598878976859,0.0561401735027555,1.43555357331601,2.73448729843878,1.80253088260181,0.796409973982751
"horseshoe",1,"reveal_75","interaction_row_529","gibbs_icm","horseshoe-001-reveal_75-gibbs_icm",-29.6983265333449,21.285300454909,1.77665615464167,6.060032059069,18.4142403812155,10.5556583191264,0.24700546421574,0.750560054667623,1.80253088260181,0.137032583796405
"horseshoe",1,"reveal_75","interaction_row_529","gibbs_mci","horseshoe-001-reveal_75-gibbs_mci",-26.0318877043428,21.7409053146862,1.90111744795343,5.6720148045353,14.4128196033302,10.6039707249443,0.207926053174065,0.528348531959755,1.80253088260181,0.115352283381653
"horseshoe",1,"reveal_75","interaction_row_672","gibbs_cmi","horseshoe-001-reveal_75-gibbs_cmi",857.814028718645,3.68058602067261,1.30164129929425,10.4566558328116,22.4449664428426,1.14045061030832,0.411064385282314,0.882340059864869,1.04518854364311,0.393292088573329
"horseshoe",1,"reveal_75","interaction_row_672","gibbs_imc","horseshoe-001-reveal_75-gibbs_imc",857.590556735525,4.0592823561159,1.28157578406588,10.9010204031349,42.141090001236,1.33077798628158,0.411623320739149,1.59125061364784,1.04518854364311,0.393826858553572
"horseshoe",1,"reveal_75","interaction_row_672","gibbs_mci","horseshoe-001-reveal_75-gibbs_mci",851.156064635257,16.9843612319593,1.63629750964181,6.92232584664696,29.8071191627644,7.30871905110209,0.253760249519666,1.09267638706567,1.04518854364311,0.242788969572092
"horseshoe",1,"reveal_75","interaction_row_672","gibbs_mic","horseshoe-001-reveal_75-gibbs_mic",848.639162578286,21.0790126104,1.65408604279967,6.65007568509748,38.4024244261342,9.53715272634051,0.256097188165651,1.47889338106574,1.04518854364311,0.24502487108498
"horseshoe",1,"reveal_75","interaction_row_672","gibbs_icm","horseshoe-001-reveal_75-gibbs_icm",847.645105959471,18.4243472929443,2.04634019072849,5.40708799367888,25.9758141345603,8.44109948938018,0.220391619535292,1.05876800091955,1.04518854364311,0.210863026461327
"horseshoe",1,"reveal_75","interaction_row_816","gibbs_mci","horseshoe-001-reveal_75-gibbs_mci",712.185624678877,18.1551062194117,1.58762543536,9.02447867298562,34.1914544075692,6.89533302413256,0.330821462406453,1.25339837998348,1.1960201461529,0.276601914667213
"horseshoe",1,"reveal_75","interaction_row_816","gibbs_cmi","horseshoe-001-reveal_75-gibbs_cmi",721.893759905651,2.91654469466139,1.38282143581224,8.96209823903915,26.0074941535012,0.97872617405812,0.352311433251007,1.02238753650056,1.1960201461529,0.294569815052235
"horseshoe",1,"reveal_75","interaction_row_816","gibbs_icm","horseshoe-001-reveal_75-gibbs_icm",712.129534494374,19.1060966071079,2.06257839165337,6.05626993669577,29.2997146616117,7.82360789664363,0.246852121003332,1.19424939519082,1.1960201461529,0.206394617847661
"horseshoe",1,"reveal_75","interaction_row_816","gibbs_imc","horseshoe-001-reveal_75-gibbs_imc",720.627584966015,2.45559296346942,1.36194540277786,12.7627661737068,84.4806468449707,0.772742101220095,0.481922976011281,3.18999534965714,1.1960201461529,0.402938844768984
"horseshoe",1,"reveal_75","interaction_row_816","gibbs_mic","horseshoe-001-reveal_75-gibbs_mic",713.737525753432,19.3225759381504,1.55336970440234,7.91820567508548,34.9525480251082,7.26485332179183,0.304933402976295,1.34603720202981,1.1960201461529,0.254956744631049
"horseshoe",1,"reveal_75","interaction_row_960","gibbs_icm","horseshoe-001-reveal_75-gibbs_icm",-75.4367321805047,55.1770546435697,1.75382607911567,6.56820396091863,18.963151767655,27.362667904938,0.267718429971411,0.77293355211767,0.238762322628925,1.12127586557067
"horseshoe",1,"reveal_75","interaction_row_960","gibbs_mic","horseshoe-001-reveal_75-gibbs_mic",-75.4669975437291,54.9677103985879,1.66237495042458,6.828841913665,31.1878573417067,27.258358149732,0.262981550185427,1.2010573936807,0.238762322628925,1.10143655535694
"horseshoe",1,"reveal_75","interaction_row_960","gibbs_cmi","horseshoe-001-reveal_75-gibbs_cmi",-107.591416851261,2.07687299582931,1.28740476135641,14.765825489832,18.2054630035848,0.622831739433015,0.580463302532899,0.715679809874389,0.238762322628925,2.4311344274994
"horseshoe",1,"reveal_75","interaction_row_960","gibbs_imc","horseshoe-001-reveal_75-gibbs_imc",-107.832795721504,1.14017591803969,1.73352341214601,9.68859338235153,61.8573266793711,0.380912964680882,0.365841988534209,2.33573714002835,0.238762322628925,1.53224338122555
"horseshoe",1,"reveal_75","interaction_row_960","gibbs_mci","horseshoe-001-reveal_75-gibbs_mci",-66.4635130945649,56.8682144270639,2.32165904039457,5.04204903813886,18.6658267576669,27.7578695828444,0.184832619895849,0.684256268839288,0.238762322628925,0.774128086294035
"horseshoe",1,"reveal_75","interaction_row_97","gibbs_icm","horseshoe-001-reveal_75-gibbs_icm",-172.584677895842,10.4645921545246,1.67131681485438,17.4248125421768,29.5334605928034,3.40068909179432,0.710231211468848,1.20377682370601,0.67351807508611,1.05450950425947
"horseshoe",1,"reveal_75","interaction_row_97","gibbs_mci","horseshoe-001-reveal_75-gibbs_mci",-170.947392149501,11.9082016202336,1.57157882415783,16.4798132031008,40.5618349860995,3.65866705221492,0.60412086964701,1.48692529000695,0.67351807508611,0.896963113528574
"horseshoe",1,"reveal_75","interaction_row_97","gibbs_cmi","horseshoe-001-reveal_75-gibbs_cmi",-176.202151217343,1.11993623614338,1.10805524106356,26.079522185687,27.2691441556855,0.251126692901539,1.02521904967713,1.07198459610368,0.67351807508611,1.52218490876589
"horseshoe",1,"reveal_75","interaction_row_97","gibbs_mic","horseshoe-001-reveal_75-gibbs_mic",-172.746670672466,11.7321330975484,1.50481473247935,30.334858320302,29.9524639649989,3.03490249838535,1.16820804560796,1.15348187950086,0.67351807508611,1.73448655473516
"horseshoe",1,"reveal_75","interaction_row_97","gibbs_imc","horseshoe-001-reveal_75-gibbs_imc",-176.491905743829,0.847077995614397,1.52942051056288,348.914562490587,90.2064006343486,0.0447895393731281,13.1750391757197,3.40620022785742,0.67351807508611,19.5615227906619
"horseshoe",1,"reveal_75","mean_row_1","gibbs_icm","horseshoe-001-reveal_75-gibbs_icm",10.7776643537792,3.95972718958089,1.48860445958165,250.159339373009,36.5698658529385,0.283609710467427,10.1964351256627,1.49057902718425,0.496020019716481,20.5564991741479
"horseshoe",1,"reveal_75","mean_row_1","gibbs_mci","horseshoe-001-reveal_75-gibbs_mci",11.4906331722024,5.23611448719549,1.37476596538385,136.7724005645,28.4362647824943,0.535860578552218,5.01383483868544,1.04242328466932,0.496020019716481,10.1081299935258
"horseshoe",1,"reveal_75","mean_row_1","gibbs_cmi","horseshoe-001-reveal_75-gibbs_cmi",11.1052012386382,1.17529947451263,1.05643618163397,174.683064283979,63.8405042741865,0.0991778748233835,6.86701251214633,2.50965108397619,0.496020019716481,13.8442245054372
"horseshoe",1,"reveal_75","mean_row_1","gibbs_imc","horseshoe-001-reveal_75-gibbs_imc",11.3179896027746,1.01473929735878,1.42735490423272,169.55346357075,130.904347889554,0.0803096970145453,6.40235107694556,4.94295766678825,0.496020019716481,12.907444906367
"horseshoe",1,"reveal_75","mean_row_1","gibbs_mic","horseshoe-001-reveal_75-gibbs_mic",11.7154143592569,4.86535174260666,1.3924463185015,149.768778054102,34.4464948685876,0.416389489014693,5.76765810660075,1.32654888391372,0.496020019716481,11.627873628765
"horseshoe",1,"reveal_75","mean_row_1104","gibbs_icm","horseshoe-001-reveal_75-gibbs_icm",252.124153291856,14.5427259569865,1.67332070457789,7.15723957925162,33.7596422826081,6.97520645136138,0.291727381562387,1.3760349833948,0.264444079762448,1.10317229194334
"horseshoe",1,"reveal_75","mean_row_1104","gibbs_cmi","horseshoe-001-reveal_75-gibbs_cmi",260.400922547085,2.29874917320311,1.15462279990683,34.5614223765116,30.7873116352811,0.483660652438264,1.35865328942965,1.21028821586921,0.264444079762448,5.13777162510175
"horseshoe",1,"reveal_75","mean_row_1104","gibbs_imc","horseshoe-001-reveal_75-gibbs_imc",260.727464033151,2.31411595414896,1.60190515108125,109.727830679184,120.623158262151,0.200497813553694,4.14333084164118,4.55473920107807,0.264444079762448,15.6680794115836
"horseshoe",1,"reveal_75","mean_row_1104","gibbs_mci","horseshoe-001-reveal_75-gibbs_mci",250.743321668999,15.0785289036007,1.95230577068093,5.57309120982602,30.3024602632096,7.0813588009683,0.204299688765205,1.11083471766596,0.264444079762448,0.772562913674333
"horseshoe",1,"reveal_75","mean_row_1104","gibbs_mic","horseshoe-001-reveal_75-gibbs_mic",253.709360258741,11.7967058388877,1.65961133535547,7.25138573514124,32.0070118038862,5.43025820150447,0.279253888979906,1.23260337366219,0.264444079762448,1.05600355746576
"horseshoe",1,"reveal_75","mean_row_159","gibbs_icm","horseshoe-001-reveal_75-gibbs_icm",375.999352377768,3.44569774984358,1.46212766074498,449.768681823485,27.6422969147015,0.118088538979137,18.332464409533,1.12669344235352,0.310537752639599,59.0345755184527
"horseshoe",1,"reveal_75","mean_row_159","gibbs_imc","horseshoe-001-reveal_75-gibbs_imc",375.768318703852,1.54493159394062,1.55252133296254,38.6571118197144,34.9358736870627,0.225275029528571,1.45969534492747,1.31918112325123,0.310537752639599,4.70054069922232
"horseshoe",1,"reveal_75","mean_row_159","gibbs_mci","horseshoe-001-reveal_75-gibbs_mci",374.487488051493,5.38427713043354,1.28180345146857,21.0817222345506,35.7371147515852,1.12340131584278,0.772818733624787,1.31005956052587,0.310537752639599,2.48864663653857
"horseshoe",1,"reveal_75","mean_row_159","gibbs_mic","horseshoe-001-reveal_75-gibbs_mic",375.959117444141,5.20574190934566,1.33795499929185,64.9735902210092,30.676293071767,0.162341298493687,2.50216005780448,1.18135684028832,0.310537752639599,8.05750681369943
"horseshoe",1,"reveal_75","mean_row_159","gibbs_cmi","horseshoe-001-reveal_75-gibbs_cmi",376.290401727162,1.55782063444976,1.06464214655502,46.0332769509619,746.871923955688,0.228942991194363,1.80962642310566,29.3604813254063,0.310537752639599,5.82739588898182
"horseshoe",1,"reveal_75","mean_row_316","gibbs_icm","horseshoe-001-reveal_75-gibbs_icm",-436.329807643521,10.743755800586,1.66722722928724,992.048703105666,29.9315072910623,0.323963410992522,40.4356689942798,1.2200011123772,19.5061638241911,2.07296879892562
"horseshoe",1,"reveal_75","mean_row_316","gibbs_mic","horseshoe-001-reveal_75-gibbs_mic",-433.692132642979,11.6740346649022,1.50013025743616,304.571019742582,31.973788875561,1.14205053590306,11.7291569970571,1.23132394483617,19.5061638241911,0.601305161936088
"horseshoe",1,"reveal_75","mean_row_316","gibbs_imc","horseshoe-001-reveal_75-gibbs_imc",-435.816518094461,1.52001419870065,1.52673392855927,399.096840692525,59.089727385909,0.113336804782237,15.0699256388069,2.2312323900581,19.5061638241911,0.772572494244999
"horseshoe",1,"reveal_75","mean_row_316","gibbs_mci","horseshoe-001-reveal_75-gibbs_mci",-432.267683059552,11.5407425657186,1.43204246629811,41.5143290964386,49.8056731328429,2.06594893123962,1.52184204319948,1.82578808361168,19.5061638241911,0.0780185205515463
"horseshoe",1,"reveal_75","mean_row_316","gibbs_cmi","horseshoe-001-reveal_75-gibbs_cmi",-435.57345597619,1.58603837087815,1.05889130064908,960.993660339651,130.209422550421,0.0553330835335124,37.7778779911804,5.11869732488484,19.5061638241911,1.93671489338817
"horseshoe",1,"reveal_75","mean_row_474","gibbs_mic","horseshoe-001-reveal_75-gibbs_mic",17.9299654603017,4.16694569879548,1.61372385068321,6.75267754170131,32.2977488098665,1.69193506165054,0.260048428455397,1.24379977701954,0.260255896456571,0.999202830736982
"horseshoe",1,"reveal_75","mean_row_474","gibbs_imc","horseshoe-001-reveal_75-gibbs_imc",17.9721016811687,3.48233609299417,2.32684396902263,5.03288078574065,12.7293199070058,1.61805049839864,0.190041943350097,0.480660042555817,0.260255896456571,0.730211864313358
"horseshoe",1,"reveal_75","mean_row_474","gibbs_icm","horseshoe-001-reveal_75-gibbs_icm",16.257372410364,2.50884033267839,1.52629752533151,9.94481550973758,30.6002031692229,0.845816674056843,0.405348312942755,1.24725699719666,0.260255896456571,1.55749905558968
"horseshoe",1,"reveal_75","mean_row_474","gibbs_mci","horseshoe-001-reveal_75-gibbs_mci",17.9241716658079,3.09834796201837,1.32088290854442,9.87266461950204,38.0344224809573,0.99408114600886,0.361914462388726,1.39427480776265,0.260255896456571,1.39061003925849
"horseshoe",1,"reveal_75","mean_row_474","gibbs_cmi","horseshoe-001-reveal_75-gibbs_cmi",16.6251677627963,3.25017479645233,1.58822058221654,7.09360120283829,28.7462660161777,1.49067390115836,0.27885844810277,1.13005212737549,0.260255896456571,1.07147792576259
"horseshoe",1,"reveal_75","mean_row_631","gibbs_mic","horseshoe-001-reveal_75-gibbs_mic",113.064408066439,2.41873151843751,1.31866815756297,10.0683497226732,34.5795343694694,0.755620437319734,0.387736347004781,1.33167229057917,0.602766660534947,0.643261103161661
"horseshoe",1,"reveal_75","mean_row_631","gibbs_imc","horseshoe-001-reveal_75-gibbs_imc",113.878753945729,1.12803968123407,1.51171614630951,14.732179802161,44.7266583933476,0.30491085301088,0.556288177402896,1.68888186358597,0.602766660534947,0.922891416902848
"horseshoe",1,"reveal_75","mean_row_631","gibbs_icm","horseshoe-001-reveal_75-gibbs_icm",113.212216072538,1.67828004951031,1.33637718776443,98.6284520499113,30.7034300163091,0.233359855314923,4.02007222833255,1.25146449891208,0.602766660534947,6.66936725525727
"horseshoe",1,"reveal_75","mean_row_631","gibbs_mci","horseshoe-001-reveal_75-gibbs_mci",113.489128347065,2.05304799791,1.21017043952935,32.9925031945617,32.8941174223949,0.371607561374457,1.20944694433673,1.20584029555317,0.602766660534947,2.00649276664268
"horseshoe",1,"reveal_75","mean_row_631","gibbs_cmi","horseshoe-001-reveal_75-gibbs_cmi",113.073765704243,1.16820047224639,1.08215903389881,31.7082400018289,164.691254110469,0.196885640235909,1.24649107641437,6.47422179850885,0.602766660534947,2.06794960309869
"horseshoe",1,"reveal_75","mean_row_789","gibbs_cmi","horseshoe-001-reveal_75-gibbs_cmi",50.7613270283376,1.52233578094817,1.06908757655577,42.2737444944758,67.618790683588,0.238191886127462,1.66183444038351,2.65818030834137,0.327108078211176,5.0803833689202
"horseshoe",1,"reveal_75","mean_row_789","gibbs_imc","horseshoe-001-reveal_75-gibbs_imc",50.8955538983339,1.5335799709194,1.44850764577895,23.341007050316,197.468941698712,0.361062060899499,0.881358118427512,7.45644155491111,0.327108078211176,2.69439422972159
"horseshoe",1,"reveal_75","mean_row_789","gibbs_icm","horseshoe-001-reveal_75-gibbs_icm",50.3781094564769,6.81864448498562,1.45410546945344,50.460674610827,30.9921287320595,0.227040784715348,2.0567650856292,1.26323178984509,0.327108078211176,6.28772330196438
"horseshoe",1,"reveal_75","mean_row_789","gibbs_mic","horseshoe-001-reveal_75-gibbs_mic",49.8850998027194,7.46248966756594,1.3860127187016,135.365479262398,35.3610642271004,0.199932289093647,5.21298106297982,1.36176933134749,0.327108078211176,15.9365708468208
"horseshoe",1,"reveal_75","mean_row_789","gibbs_mci","horseshoe-001-reveal_75-gibbs_mci",50.2340495084813,7.7884970924343,1.35416089065667,152.174485418061,45.7461579261834,0.226424134762138,5.57844808893513,1.67697342007344,0.327108078211176,17.0538377390171
"horseshoe",1,"reveal_75","mean_row_946","gibbs_imc","horseshoe-001-reveal_75-gibbs_imc",10.1754997737134,8.26964154499642,2.35206367115711,6.49686431584073,29.0196614729871,3.91294317030657,0.245322067584514,1.09578452112627,0.375772761409597,0.652846860598047
"horseshoe",1,"reveal_75","mean_row_946","gibbs_icm","horseshoe-001-reveal_75-gibbs_icm",4.05643095576409,6.58269053972484,1.57823488148431,9.5428565489339,38.4225523903752,2.19809054926544,0.388964561381506,1.56609408944221,0.375772761409597,1.03510579085728
"horseshoe",1,"reveal_75","mean_row_946","gibbs_mic","horseshoe-001-reveal_75-gibbs_mic",7.62314224231264,3.8128231086446,1.14000657322278,97.0442188404052,91.6125721235774,0.321588055699944,3.73721334156448,3.5280383611344,0.375772761409597,9.94540777129631
"horseshoe",1,"reveal_75","mean_row_946","gibbs_mci","horseshoe-001-reveal_75-gibbs_mci",4.13432837142488,7.21379548442592,1.30655505591809,10.4835587564626,43.4673072136244,2.16439987334824,0.384308763388049,1.59343477450142,0.375772761409597,1.02271586143294
"horseshoe",1,"reveal_75","mean_row_946","gibbs_cmi","horseshoe-001-reveal_75-gibbs_cmi",9.81890241763357,8.73280275584733,1.69733129407528,6.341809892178,20.4848394647791,4.2333657669447,0.249304579455066,0.805284985642701,0.375772761409597,0.663445052589433
"horseshoe",1,"reveal_75","observed_log_likelihood","gibbs_imc","horseshoe-001-reveal_75-gibbs_imc",-1557.13145073774,1246.49214674452,3.40548735474567,4.47064295106667,15.133570852493,613.422102524884,0.168811801950936,0.57144473256402,0.174492350453724,0.967445286351997
"horseshoe",1,"reveal_75","observed_log_likelihood","gibbs_mic","horseshoe-001-reveal_75-gibbs_mic",-2678.54550924072,764.796750596704,3.02922673620649,4.57839929024869,11.0140366067298,378.700150966076,0.176316066170473,0.424155143325365,0.174492350453724,1.01045155109669
"horseshoe",1,"reveal_75","observed_log_likelihood","gibbs_icm","horseshoe-001-reveal_75-gibbs_icm",-2341.047519153,982.053187235712,3.2485624839611,4.52362420931177,19.3607055194088,487.033878380238,0.184381845981567,0.789137748406648,0.174492350453724,1.05667581130134
"horseshoe",1,"reveal_75","observed_log_likelihood","gibbs_cmi","horseshoe-001-reveal_75-gibbs_cmi",-2378.69241591117,233.871618282398,2.57800070217737,4.83583015298583,22.8609941731823,112.089440081831,0.190102608419916,0.898694636888994,0.174492350453724,1.0894609874049
"horseshoe",1,"reveal_75","observed_log_likelihood","gibbs_mci","horseshoe-001-reveal_75-gibbs_mci",-2866.05416396714,683.351935902654,3.1250986590222,4.54229569498895,11.4441572282703,330.025354108532,0.166512544264414,0.419522608170034,0.174492350453724,0.954268446905778
"horseshoe",1,"reveal_75","sigma","gibbs_imc","horseshoe-001-reveal_75-gibbs_imc",2.96647016197725,2.2862227858756,3.13267731369046,4.54754800696237,18.729031622987,1.13089917723658,0.171715742437123,0.7072095919264,0.178786151700141,0.960453261084359
"horseshoe",1,"reveal_75","sigma","gibbs_icm","horseshoe-001-reveal_75-gibbs_icm",7.14832008832405,8.28571819412803,3.01135766983952,4.59027165425584,23.533470136935,4.10711595990555,0.187098379972928,0.959218640944602,0.178786151700141,1.04649257335506
"horseshoe",1,"reveal_75","sigma","gibbs_mic","horseshoe-001-reveal_75-gibbs_mic",8.69099415073309,9.16340815934348,2.91545266952662,4.61844882607024,12.323955038251,4.5416852095611,0.177858390498333,0.474600648448068,0.178786151700141,0.994810777048528
"horseshoe",1,"reveal_75","sigma","gibbs_mci","horseshoe-001-reveal_75-gibbs_mci",9.48601795468252,7.85985436040898,3.0044945145151,4.57993568016799,10.9162161732765,3.81763603788566,0.167892359696763,0.400169220766029,0.178786151700141,0.939068032396328
"horseshoe",1,"reveal_75","sigma","gibbs_cmi","horseshoe-001-reveal_75-gibbs_cmi",3.98748084685987,1.14755330579235,2.49287638086465,4.88313861779546,24.3862436923736,0.549613412745879,0.19196236409291,0.958654127383186,0.178786151700141,1.07369817106902
"horseshoe",2,"reveal_25","interaction_row_1104","gibbs_mic","horseshoe-002-reveal_25-gibbs_mic",-4.74968791557619,124.357851645266,2.32958598107427,5.05161717987451,13.8278553940735,58.1724370495455,0.226347216590847,0.61958308961706,0.241151573618826,0.938609743217436
"horseshoe",2,"reveal_25","interaction_row_1104","gibbs_mci","horseshoe-002-reveal_25-gibbs_mci",8.11301561139898,28.7997634895642,1.5830766565696,6.8609761038513,11.7935783591937,10.7542943848665,0.311324807326041,0.535147398093914,0.241151573618826,1.29099222805875
"horseshoe",2,"reveal_25","interaction_row_1104","gibbs_imc","horseshoe-002-reveal_25-gibbs_imc",104.288672876625,74.6673262127279,1.40057493963637,9.05831370779705,11.336681633636,27.216909594776,0.407206729952668,0.50962830450151,0.241151573618826,1.68859246424125
"horseshoe",2,"reveal_25","interaction_row_1104","gibbs_icm","horseshoe-002-reveal_25-gibbs_icm",55.8161154108912,54.1650429402551,1.77287539891962,6.17005202805696,24.7426545595913,26.2335075615815,0.256989130245198,1.03055748092762,0.241151573618826,1.0656746974059
"horseshoe",2,"reveal_25","interaction_row_1104","gibbs_cmi","horseshoe-002-reveal_25-gibbs_cmi",48.0374797264419,122.676635623537,1.66279839542232,6.72748833805851,13.6900278718973,45.0907929918732,0.277422199507568,0.564537231830818,0.241151573618826,1.15040592663133
"horseshoe",2,"reveal_25","interaction_row_241","gibbs_imc","horseshoe-002-reveal_25-gibbs_imc",37.9954272437671,88.2640821775314,2.38796321701326,4.98694470622805,12.7179161299093,41.68960697266,0.224182724487664,0.571720212627978,0.213223534943788,1.05139765432913
"horseshoe",2,"reveal_25","interaction_row_241","gibbs_cmi","horseshoe-002-reveal_25-gibbs_cmi",177.069633388247,52.9414492888164,1.74788909970359,6.17898131860432,37.6385886276991,20.8733803878964,0.254803353344508,1.55210674753398,0.213223534943788,1.1950057643106
"horseshoe",2,"reveal_25","interaction_row_241","gibbs_icm","horseshoe-002-reveal_25-gibbs_icm",93.5175302970629,54.9711888662049,1.70080164134026,6.32826622468572,11.6685523797099,25.3989208016473,0.263578917267929,0.486007429701773,0.213223534943788,1.23616240269826
"horseshoe",2,"reveal_25","interaction_row_241","gibbs_mic","horseshoe-002-reveal_25-gibbs_mic",68.8779947627026,73.8704558640458,1.82252105471113,5.91075667694111,16.2280961113725,27.3087111138687,0.264842578947088,0.727130393017856,0.213223534943788,1.2420888670517
"horseshoe",2,"reveal_25","interaction_row_241","gibbs_mci","horseshoe-002-reveal_25-gibbs_mci",81.4639372011939,110.602666661433,2.12705818654037,5.28268414167606,19.7092912765526,51.9829060804934,0.23970796540866,0.894332120725683,0.213223534943788,1.12420969604436
"horseshoe",2,"reveal_25","interaction_row_385","gibbs_imc","horseshoe-002-reveal_25-gibbs_imc",-977.935925857096,3254.33684876587,3.55356174820933,4.4245349726909,11.1550329707831,1521.46536630504,0.198900201065,0.501462484638488,0.215977449572851,0.920930409440313
"horseshoe",2,"reveal_25","interaction_row_385","gibbs_mic","horseshoe-002-reveal_25-gibbs_mic",-1234.76783647201,3525.22100734056,1.73103707299323,6.17447679304784,33.2046553614646,1735.63539132956,0.276659055159416,1.487797085826,0.215977449572851,1.28096269173739
"horseshoe",2,"reveal_25","interaction_row_385","gibbs_cmi","horseshoe-002-reveal_25-gibbs_cmi",203.863938305609,770.391863787713,2.96037729407438,4.60982128806158,16.5760357132576,378.710451096803,0.190095723219034,0.683547864464231,0.215977449572851,0.880164681984142
"horseshoe",2,"reveal_25","interaction_row_385","gibbs_mci","horseshoe-002-reveal_25-gibbs_mci",-201.329563917118,1946.93287764889,3.01806309278879,4.58786195500369,19.5097334885648,957.156534012055,0.208179596832911,0.885276952925164,0.215977449572851,0.963895060547469
"horseshoe",2,"reveal_25","interaction_row_385","gibbs_icm","horseshoe-002-reveal_25-gibbs_icm",771.529170855411,1462.43621804169,1.75107621723654,20.922553018693,11.0938158430994,275.247356329683,0.871446250101752,0.462069050901721,0.215977449572851,4.03489462360656
"horseshoe",2,"reveal_25","interaction_row_529","gibbs_mic","horseshoe-002-reveal_25-gibbs_mic",-84.6682386114104,24.6073311750863,1.20023435397073,93.3555894635672,17.7377098736376,3.40227955548933,4.18297291260719,0.794771479238174,15.1104663218713,0.27682619606204
"horseshoe",2,"reveal_25","interaction_row_529","gibbs_mci","horseshoe-002-reveal_25-gibbs_mci",-103.79791211758,67.4195138437706,1.54644237663409,7.21403930986586,36.5332174623603,27.9289400117341,0.327345462830831,1.6577374290934,15.1104663218713,0.021663491771728
"horseshoe",2,"reveal_25","interaction_row_529","gibbs_imc","horseshoe-002-reveal_25-gibbs_imc",-77.6927187304568,32.0506972750486,1.16461822622588,19.7132816155314,11.1290618259878,10.5266000210767,0.886189328637064,0.500294979815143,15.1104663218713,0.0586473845187936
"horseshoe",2,"reveal_25","interaction_row_529","gibbs_icm","horseshoe-002-reveal_25-gibbs_icm",-82.7712950017527,31.5466420554875,1.38108316508294,212.982006081653,29.3217876820213,3.39661172038485,8.87092365703083,1.22128317222797,15.1104663218713,0.587071468746854
"horseshoe",2,"reveal_25","interaction_row_529","gibbs_cmi","horseshoe-002-reveal_25-gibbs_cmi",-81.6488601184083,16.1342311765568,1.12123592683076,36.4832107457099,42.913043691341,3.02316069568563,1.50446229879216,1.76961004912746,15.1104663218713,0.099564253461494
"horseshoe",2,"reveal_25","interaction_row_672","gibbs_icm","horseshoe-002-reveal_25-gibbs_icm",-41.7647835312236,38.3588457600977,1.98517435703623,5.50236973175944,16.643616446156,16.5649080357114,0.22917946319128,0.693224059567495,0.819154864494605,0.279775501708919
"horseshoe",2,"reveal_25","interaction_row_672","gibbs_cmi","horseshoe-002-reveal_25-gibbs_cmi",-49.0960120878046,6.63188999547064,1.31737404602982,10.0238198187068,35.4289924883096,2.18983422878254,0.413353394585849,1.46098938096122,0.819154864494605,0.504609583000982
"horseshoe",2,"reveal_25","interaction_row_672","gibbs_mci","horseshoe-002-reveal_25-gibbs_mci",-38.3580663599738,37.3694468457512,1.51984054899642,7.42623328566777,39.8261611254533,14.5633711390871,0.336974012417995,1.80715859540127,0.819154864494605,0.411367895160945
"horseshoe",2,"reveal_25","interaction_row_672","gibbs_mic","horseshoe-002-reveal_25-gibbs_mic",-9.05843589708186,87.0367497904664,1.69906159618242,6.28062714640048,13.8618163913372,29.1916675827867,0.281415321552132,0.621104776025504,0.819154864494605,0.343543490675304
"horseshoe",2,"reveal_25","interaction_row_672","gibbs_imc","horseshoe-002-reveal_25-gibbs_imc",-28.0307535924193,62.866421967084,2.06503485442528,5.43460248751407,12.408359036078,26.0024094030445,0.244306697573122,0.557804407106229,0.819154864494605,0.298242381462084
"horseshoe",2,"reveal_25","interaction_row_816","gibbs_cmi","horseshoe-002-reveal_25-gibbs_cmi",-25.6200609485976,9.13843442697831,1.21589056333379,13.7610287682987,35.5641155008177,2.70902017710018,0.567465103847369,1.46656146395125,0.678536941009267,0.83630686783731
"horseshoe",2,"reveal_25","interaction_row_816","gibbs_mic","horseshoe-002-reveal_25-gibbs_mic",-32.2176622646308,28.9119588586121,1.74057957390713,6.82373285050004,14.8109325822673,9.47409602020176,0.305750194932344,0.663631713516771,0.678536941009267,0.450602135939078
"horseshoe",2,"reveal_25","interaction_row_816","gibbs_icm","horseshoe-002-reveal_25-gibbs_icm",-17.3810334566995,21.6963769481,1.69028314750461,6.4028375224834,21.5249875366707,9.88738449837477,0.266684889936416,0.896538278840045,0.678536941009267,0.393029286717602
"horseshoe",2,"reveal_25","interaction_row_816","gibbs_imc","horseshoe-002-reveal_25-gibbs_imc",-63.2352492024084,103.011778387046,1.39614179311785,16.810520178473,11.6736740590934,32.3826157529777,0.755698816744126,0.524777435787525,0.678536941009267,1.11371801750408
"horseshoe",2,"reveal_25","interaction_row_816","gibbs_mci","horseshoe-002-reveal_25-gibbs_mci",-36.2999393969663,40.2117548961384,1.3475763495646,19.9185622634129,69.9696733427696,7.66704955769972,0.903828036274296,3.174955683037,0.678536941009267,1.33202480461849
"horseshoe",2,"reveal_25","interaction_row_960","gibbs_mic","horseshoe-002-reveal_25-gibbs_mic",-63.0841611800516,65.9516717510502,1.50325266345838,11.5770684905165,12.4936854204411,16.0266062752712,0.518732345663434,0.559803092590784,0.226087340549953,2.29438917013942
"horseshoe",2,"reveal_25","interaction_row_960","gibbs_imc","horseshoe-002-reveal_25-gibbs_imc",-29.0093997645976,38.9748653932604,1.25995635753256,12.9922075529383,44.640411360231,10.4959437464794,0.584050687927102,2.0067615805903,0.226087340549953,2.58329673172505
"horseshoe",2,"reveal_25","interaction_row_960","gibbs_mci","horseshoe-002-reveal_25-gibbs_mci",-64.9480688303056,170.781507392295,1.31550678993922,9.98195414025638,11.3505273126781,61.0362476254423,0.452942832392067,0.515043439181329,0.226087340549953,2.0033975864827
"horseshoe",2,"reveal_25","interaction_row_960","gibbs_cmi","horseshoe-002-reveal_25-gibbs_cmi",191.200493495172,436.325272970741,1.61781414431618,6.89732801906623,24.9222154274543,209.819201198972,0.284425897693453,1.02772022381255,0.226087340549953,1.25803548753147
"horseshoe",2,"reveal_25","interaction_row_960","gibbs_icm","horseshoe-002-reveal_25-gibbs_icm",-50.754209168791,18.3478737859395,1.29797397347681,111.086002666854,45.5365108240986,1.09406941080165,4.62684837631112,1.89664337640462,0.226087340549953,20.4648715184866
"horseshoe",2,"reveal_25","interaction_row_97","gibbs_icm","horseshoe-002-reveal_25-gibbs_icm",729.99134786041,40.1770311670774,1.42717358000537,48.0378097017976,23.5355877680674,5.1703996931585,2.000825094831,0.980281884629405,0.456835162322895,4.37975282957051
"horseshoe",2,"reveal_25","interaction_row_97","gibbs_mic","horseshoe-002-reveal_25-gibbs_mic",736.664221444705,29.1826623543111,1.23446765997619,12.6465489093015,25.2332288750005,8.94221390062643,0.566652428949795,1.13062231718794,0.456835162322895,1.24038707105755
"horseshoe",2,"reveal_25","interaction_row_97","gibbs_imc","horseshoe-002-reveal_25-gibbs_imc",726.698349205742,35.4738368402605,1.13351175849099,21.3731749912842,11.7097069407411,7.50624461809324,0.960808046360273,0.526397255146829,0.456835162322895,2.10318321705973
"horseshoe",2,"reveal_25","interaction_row_97","gibbs_mci","horseshoe-002-reveal_25-gibbs_mci",694.031497446267,72.0269764962905,1.42576842982315,8.24621379046253,17.4137576463858,26.2410976112294,0.374181585918074,0.790169600071956,0.456835162322895,0.819073523183838
"horseshoe",2,"reveal_25","interaction_row_97","gibbs_cmi","horseshoe-002-reveal_25-gibbs_cmi",726.530207991545,16.0333876236564,1.09123529905192,32.2103377066464,70.4865382144269,2.90506973758082,1.32826134872769,2.90666136966709,0.456835162322895,2.90752870679613
"horseshoe",2,"reveal_25","mean_row_1","gibbs_cmi","horseshoe-002-reveal_25-gibbs_cmi",-5.09655210162464,15.2500683094633,1.58318617572093,6.85461098588591,33.831587599803,6.8801737452528,0.282664370551996,1.39511701442487,0.284980834309634,0.99187151036578
"horseshoe",2,"reveal_25","mean_row_1","gibbs_imc","horseshoe-002-reveal_25-gibbs_imc",0.475205615144546,7.41920754063992,1.15869542658608,18.5386868750851,133.814722238922,1.3231935226445,0.833386688023609,6.0154966167194,0.284980834309634,2.9243604751263
"horseshoe",2,"reveal_25","mean_row_1","gibbs_mic","horseshoe-002-reveal_25-gibbs_mic",-7.72405324732713,21.4149884296648,1.48968624193674,7.55926293684051,27.6640766061119,9.20998852715769,0.338707004966418,1.23954102545532,0.284980834309634,1.18852555747104
"horseshoe",2,"reveal_25","mean_row_1","gibbs_icm","horseshoe-002-reveal_25-gibbs_icm",0.848043195353311,7.55479773665073,1.21290396249095,58.216619064861,42.3790958419296,0.682206792129706,2.42478316734812,1.7651337349298,0.284980834309634,8.50858329902134
"horseshoe",2,"reveal_25","mean_row_1","gibbs_mci","horseshoe-002-reveal_25-gibbs_mci",-4.85377278209579,17.3054659956086,1.33056550909348,9.85350665445662,37.443129399325,5.45620928902512,0.447114377641193,1.69902574640734,0.284980834309634,1.56892788500788
"horseshoe",2,"reveal_25","mean_row_1104","gibbs_mci","horseshoe-002-reveal_25-gibbs_mci",15.5609293381295,35.7526085279324,1.30600628989943,10.2094474586999,17.8421342725664,11.3986902754362,0.463265607527902,0.809607690015719,0.263744750747629,1.75649223810028
"horseshoe",2,"reveal_25","mean_row_1104","gibbs_mic","horseshoe-002-reveal_25-gibbs_mic",3.89553701323245,120.835485348185,2.1698069879839,5.23650617206695,13.655566382822,56.6673295517644,0.234631515909443,0.611863356161932,0.263744750747629,0.889615870057473
"horseshoe",2,"reveal_25","mean_row_1104","gibbs_icm","horseshoe-002-reveal_25-gibbs_icm",71.7664946266585,60.2017295180797,1.74818218411442,6.19024261624933,22.4627014020977,29.0037378084315,0.257830089393533,0.935595043612716,0.263744750747629,0.977574297356325
"horseshoe",2,"reveal_25","mean_row_1104","gibbs_imc","horseshoe-002-reveal_25-gibbs_imc",116.571072896335,79.1242720810763,1.40279863457022,8.65729269086304,11.165595029626,29.0111514347717,0.389179262344935,0.501937290610295,0.263744750747629,1.47559055200811
"horseshoe",2,"reveal_25","mean_row_1104","gibbs_cmi","horseshoe-002-reveal_25-gibbs_cmi",60.9269583669037,123.715684623288,1.59243906984103,7.07599983620636,15.4986870927779,45.5182712303497,0.291793807678613,0.639121117227953,0.263744750747629,1.10634925188643
"horseshoe",2,"reveal_25","mean_row_159","gibbs_imc","horseshoe-002-reveal_25-gibbs_imc",-237.449017562046,1560.75855981656,3.19604690906504,4.53105744937731,10.8132851552407,723.349454811758,0.203688804197677,0.486099579916421,0.215566620066184,0.944899558823813
"horseshoe",2,"reveal_25","mean_row_159","gibbs_mic","horseshoe-002-reveal_25-gibbs_mic",-1420.74817074507,3532.32727474208,2.19020048401299,5.16793064948011,10.9978535369998,1680.94808081013,0.231558860537688,0.492779529393306,0.215566620066184,1.07418699827735
"horseshoe",2,"reveal_25","mean_row_159","gibbs_icm","horseshoe-002-reveal_25-gibbs_icm",402.956995448852,395.82833152931,1.50920424478986,14.2190848872669,18.0845566334162,76.0796665014259,0.592239780385145,0.753240727786086,0.215566620066184,2.74736311309846
"horseshoe",2,"reveal_25","mean_row_159","gibbs_cmi","horseshoe-002-reveal_25-gibbs_cmi",224.815529063308,1641.16450648125,3.00399203415417,4.59397399373227,22.1147728306756,781.520268548131,0.189442226545661,0.911949395079407,0.215566620066184,0.878810580633948
"horseshoe",2,"reveal_25","mean_row_159","gibbs_mci","horseshoe-002-reveal_25-gibbs_mci",429.287790709524,3332.76255490752,2.917934262885,4.63026840269874,15.8752751482605,1620.42287576676,0.210103838946308,0.720359159100665,0.215566620066184,0.97465850177454
"horseshoe",2,"reveal_25","mean_row_316","gibbs_mic","horseshoe-002-reveal_25-gibbs_mic",1234.40507167783,21.9903112864595,1.18847143579571,974.376851786591,16.5778991769676,0.907636345388991,43.658788950022,0.742803977819143,75.167381484925,0.580820937054697
"horseshoe",2,"reveal_25","mean_row_316","gibbs_imc","horseshoe-002-reveal_25-gibbs_imc",1233.25007987355,36.357663745441,1.14588334794042,1730.38322918561,15.1437423475814,2.16002600127099,77.7875131124128,0.680770615760011,75.167381484925,1.03485729548811
"horseshoe",2,"reveal_25","mean_row_316","gibbs_cmi","horseshoe-002-reveal_25-gibbs_cmi",1233.75766570003,14.8883318783524,1.12590824236266,54.7472891792816,59.499172344523,2.29240370206709,2.25762017234151,2.45357411729992,75.167381484925,0.0300345725465277
"horseshoe",2,"reveal_25","mean_row_316","gibbs_mci","horseshoe-002-reveal_25-gibbs_mci",1208.73451815364,56.2944960682798,1.24351787350696,16.3513582595077,43.1483322396628,15.5064787995285,0.741961986546316,1.95790599145398,75.167381484925,0.0098707973044813
"horseshoe",2,"reveal_25","mean_row_316","gibbs_icm","horseshoe-002-reveal_25-gibbs_icm",1232.97040842614,32.0668221891388,1.36538618059426,1903.17128953335,32.702781616136,1.32138884376059,79.2690778263714,1.36210511125561,75.167381484925,1.05456750335608
"horseshoe",2,"reveal_25","mean_row_474","gibbs_cmi","horseshoe-002-reveal_25-gibbs_cmi",522.996548712365,10.9109323236476,1.25695093863768,11.6635792646245,77.4781483180255,3.32278606882601,0.480972340809256,3.19497518837218,0.349165310154199,1.37749176914753
"horseshoe",2,"reveal_25","mean_row_474","gibbs_icm","horseshoe-002-reveal_25-gibbs_icm",524.828592515666,20.967149918668,1.28875449787841,39.4633586494367,23.8266905908892,2.31243821444407,1.64369022655824,0.99240662213708,0.349165310154199,4.70748433122507
"horseshoe",2,"reveal_25","mean_row_474","gibbs_mic","horseshoe-002-reveal_25-gibbs_mic",517.734470919654,16.9648833000569,1.16637658151449,21.8753367603708,16.4440241822694,2.84052287142214,0.980165640306962,0.736805456683816,0.349165310154199,2.80716787092652
"horseshoe",2,"reveal_25","mean_row_474","gibbs_imc","horseshoe-002-reveal_25-gibbs_imc",512.51379064536,24.8953911796534,1.13369983624388,40.4259803123887,11.5422529989985,5.35599228285319,1.8173063750231,0.51886954367267,0.349165310154199,5.20471628244094
"horseshoe",2,"reveal_25","mean_row_474","gibbs_mci","horseshoe-002-reveal_25-gibbs_mci",509.58649503815,30.7507668641669,1.18058512197306,17.8063784771473,168.405103788597,7.28215539116698,0.807985229020206,7.64157835505023,0.349165310154199,2.31404783213825
"horseshoe",2,"reveal_25","mean_row_631","gibbs_mic","horseshoe-002-reveal_25-gibbs_mic",12.217311031583,13.53130915594,1.09134448370952,165.973199417553,60.8952351604823,0.993380488949288,7.4367416174188,2.72852563672741,1.67128100162053,4.44972545622661
"horseshoe",2,"reveal_25","mean_row_631","gibbs_cmi","horseshoe-002-reveal_25-gibbs_cmi",14.4015364781893,10.512898468418,1.08713239206536,434.169808210968,91.4891144447253,0.587059227338162,17.9039096169471,3.77274698741135,1.67128100162053,10.7126866155882
"horseshoe",2,"reveal_25","mean_row_631","gibbs_imc","horseshoe-002-reveal_25-gibbs_imc",16.0299947804867,23.2461291377098,1.152471258884,190.183304767435,24.5299145800945,1.71217534951708,8.54948549190539,1.10271587233512,1.67128100162053,5.11552843813549
"horseshoe",2,"reveal_25","mean_row_631","gibbs_mci","horseshoe-002-reveal_25-gibbs_mci",35.870403632716,57.8313495309706,1.25145917189332,11.7883981727084,64.3749413855425,16.2779128945289,0.534912341079427,2.92108818338971,1.67128100162053,0.320061282669256
"horseshoe",2,"reveal_25","mean_row_631","gibbs_icm","horseshoe-002-reveal_25-gibbs_icm",15.3431189994517,22.2104030521583,1.30716846757712,281.826081125385,32.448982435402,1.84316797310248,11.7383514984125,1.35153410951735,1.67128100162053,7.02356544891647
"horseshoe",2,"reveal_25","mean_row_789","gibbs_cmi","horseshoe-002-reveal_25-gibbs_cmi",-377.133875461261,19.493799440078,1.36639603911287,8.9332604259219,12.6307106732667,6.91545302155,0.368381873233893,0.52085404838213,0.219334969119518,1.67954008753231
"horseshoe",2,"reveal_25","mean_row_789","gibbs_mic","horseshoe-002-reveal_25-gibbs_mic",-433.277569475882,50.2876143952006,2.03901048577363,5.42720546076518,41.718410529469,21.5485491967097,0.243176156499919,1.86927191188588,0.219334969119518,1.1086976120411
"horseshoe",2,"reveal_25","mean_row_789","gibbs_mci","horseshoe-002-reveal_25-gibbs_mci",-590.113829254081,323.461150011897,2.54011766750319,4.84768978149831,15.7568926017077,151.233459929149,0.219969588052378,0.714987412728366,0.219334969119518,1.00289337781115
"horseshoe",2,"reveal_25","mean_row_789","gibbs_imc","horseshoe-002-reveal_25-gibbs_imc",493.145475012712,2190.58029058886,2.97179544020833,4.60600199881853,11.4114563652581,1026.49640619668,0.207057855644799,0.512989721971597,0.219334969119518,0.944025735959916
"horseshoe",2,"reveal_25","mean_row_789","gibbs_icm","horseshoe-002-reveal_25-gibbs_icm",-376.43062477595,32.2318035001076,1.45032968309589,111.631696104358,44.5134011515522,2.89948676654972,4.64957707961005,1.85402978681129,0.219334969119518,21.1985215958721
"horseshoe",2,"reveal_25","mean_row_946","gibbs_mic","horseshoe-002-reveal_25-gibbs_mic",2658.73633593994,69.9400043897393,1.16269334113982,312.056072457951,30.126450708993,4.1853906819178,13.9822597212094,1.34987233215311,0.639630700202151,21.8598946498197
"horseshoe",2,"reveal_25","mean_row_946","gibbs_cmi","horseshoe-002-reveal_25-gibbs_cmi",2655.95405663717,40.34247749205,1.08671423123888,115.980582648655,90.1600451777713,3.93902972641822,4.78270443911978,3.71794000733078,0.639630700202151,7.47729031393934
"horseshoe",2,"reveal_25","mean_row_946","gibbs_imc","horseshoe-002-reveal_25-gibbs_imc",2634.91977251543,226.038796052929,1.42480128528555,14.2964837946117,14.2768149891283,38.9500125344108,0.64268302066135,0.641798830709299,0.639630700202151,1.0047720043116
"horseshoe",2,"reveal_25","mean_row_946","gibbs_mci","horseshoe-002-reveal_25-gibbs_mci",2364.50065628442,548.79042793987,1.70802665658182,7.05193205997219,33.3622603141767,261.143469945586,0.319989656954905,1.51385154343301,0.639630700202151,0.500272511706793
"horseshoe",2,"reveal_25","mean_row_946","gibbs_icm","horseshoe-002-reveal_25-gibbs_icm",2652.64222603769,114.748041423026,1.38746020373212,58.0089300508831,28.6143097167251,11.3624495321696,2.41613270235674,1.19181597387334,0.639630700202151,3.7773870165912
"horseshoe",2,"reveal_25","observed_log_likelihood","gibbs_icm","horseshoe-002-reveal_25-gibbs_icm",-1364.62008141107,348.042742485755,3.23743814396694,4.50975107982947,12.8896486430865,172.04993688306,0.187835856546689,0.536867368198862,0.203159234202894,0.924574545103367
"horseshoe",2,"reveal_25","observed_log_likelihood","gibbs_mci","horseshoe-002-reveal_25-gibbs_mci",-1732.79912257038,231.916337400293,2.58661828170682,4.80336842218779,18.2970230142418,114.192738631111,0.217958454586977,0.830248798177775,0.203159234202894,1.07284542315858
"horseshoe",2,"reveal_25","observed_log_likelihood","gibbs_cmi","horseshoe-002-reveal_25-gibbs_cmi",-1371.09015792823,152.038245579347,2.47144590907587,4.87848146824176,25.9512839089576,73.6883072657446,0.201174493535743,1.07015603748279,0.203159234202894,0.990230615532005
"horseshoe",2,"reveal_25","observed_log_likelihood","gibbs_mic","horseshoe-002-reveal_25-gibbs_mic",-1412.69659721985,196.243704506614,2.67204670511997,4.74958633431829,11.2015155893517,94.7490037143582,0.212814156031826,0.501904991009575,0.203159234202894,1.04752391328316
"horseshoe",2,"reveal_25","observed_log_likelihood","gibbs_imc","horseshoe-002-reveal_25-gibbs_imc",-1480.24925447851,207.810369626324,2.36478400997378,5.32191135100529,11.4944069600601,90.9949933719969,0.239240788986528,0.516718676559232,0.203159234202894,1.17760233702988
"horseshoe",2,"reveal_25","sigma","gibbs_mic","horseshoe-002-reveal_25-gibbs_mic",15.8140950400272,12.6119173058369,2.58285933747039,4.80805019676915,11.2030716824897,5.88677856631265,0.215433739437636,0.501974714691717,0.205201934478647,1.0498621272016
"horseshoe",2,"reveal_25","sigma","gibbs_cmi","horseshoe-002-reveal_25-gibbs_cmi",12.6805145828956,5.27632162457916,2.37857800747281,4.95280872366309,28.9420118340868,2.53928400865897,0.204239534996416,1.19348502408605,0.205201934478647,0.995309988257782
"horseshoe",2,"reveal_25","sigma","gibbs_mci","horseshoe-002-reveal_25-gibbs_mci",40.4863085377247,25.3652690912489,2.58683588759076,4.81412862250999,21.9343497850017,12.4587401096523,0.218446711249205,0.995296750385773,0.205201934478647,1.0645450872781
"horseshoe",2,"reveal_25","sigma","gibbs_icm","horseshoe-002-reveal_25-gibbs_icm",20.5328102880252,24.4165649157236,3.00691654553582,4.58707785972246,13.8893264151703,12.0268043708097,0.191056597930878,0.578504994592456,0.205201934478647,0.931066261223573
"horseshoe",2,"reveal_25","sigma","gibbs_imc","horseshoe-002-reveal_25-gibbs_imc",21.1487149065917,26.8108719061293,2.24385386707964,5.36712953541978,11.4944069600601,10.2128736582462,0.241273523732066,0.516718676559232,0.205201934478647,1.17578581481244
"horseshoe",2,"reveal_75","interaction_row_1104","gibbs_cmi","horseshoe-002-reveal_75-gibbs_cmi",68.9261591724419,29.5202938265855,1.97501044708379,5.55748739287423,10.9738605814115,13.9628067775838,0.210670484945954,0.415991682388612,0.244498912690123,0.861641807024954
"horseshoe",2,"reveal_75","interaction_row_1104","gibbs_mci","horseshoe-002-reveal_75-gibbs_mci",13.5022822146443,79.8426952537862,2.36321197510202,5.10922021397225,30.5379000916548,38.8606486746867,0.210750328506052,1.25965846189228,0.244498912690123,0.8619683670052
"horseshoe",2,"reveal_75","interaction_row_1104","gibbs_imc","horseshoe-002-reveal_75-gibbs_imc",34.3598751063481,54.2426042595675,2.40685105220385,4.95718141436671,33.2667464626488,26.586191160473,0.201798551368479,1.35423352178501,0.244498912690123,0.825355618755812
"horseshoe",2,"reveal_75","interaction_row_1104","gibbs_icm","horseshoe-002-reveal_75-gibbs_icm",43.9404419035562,72.6335928555983,2.47771905432444,4.89967828017992,24.952286944617,35.8251862880042,0.198407705210769,1.01041858451578,0.244498912690123,0.811487065638734
"horseshoe",2,"reveal_75","interaction_row_1104","gibbs_mic","horseshoe-002-reveal_75-gibbs_mic",56.6545807168922,49.4181282567083,2.13021936553615,5.24498577938151,13.8220050171739,24.5001148290599,0.209950595604098,0.553278561251062,0.244498912690123,0.858697461244699
"horseshoe",2,"reveal_75","interaction_row_241","gibbs_imc","horseshoe-002-reveal_75-gibbs_imc",88.1459455263891,67.8052540693131,1.95778650556544,6.67171906839908,36.6564441055525,33.1655759120462,0.271594507160556,1.49222243458386,0.185843892348352,1.46141206863807
"horseshoe",2,"reveal_75","interaction_row_241","gibbs_icm","horseshoe-002-reveal_75-gibbs_icm",115.100308181398,16.3471809934731,1.9867130487351,7.90124265589502,33.4417054606626,6.68232111521923,0.319953134476414,1.35418932823093,0.185843892348352,1.72162308071273
"horseshoe",2,"reveal_75","interaction_row_241","gibbs_cmi","horseshoe-002-reveal_75-gibbs_cmi",96.5534202865014,59.8431597376754,2.57368582277402,4.80807806703187,13.955759788088,29.4548215348329,0.182262246665348,0.529028043521156,0.185843892348352,0.980727665366104
"horseshoe",2,"reveal_75","interaction_row_241","gibbs_mci","horseshoe-002-reveal_75-gibbs_mci",87.5895860685847,28.9034681276414,1.55103947826593,7.03063204576211,39.2701954107272,11.577095944243,0.290006684228935,1.61985708908662,0.185843892348352,1.56048541904911
"horseshoe",2,"reveal_75","interaction_row_241","gibbs_mic","horseshoe-002-reveal_75-gibbs_mic",112.560911650107,18.3908581195297,1.54822581719381,7.25976409920193,31.5471818096006,8.6633882500576,0.290599795821071,1.26279648585385,0.185843892348352,1.56367686959743
"horseshoe",2,"reveal_75","interaction_row_385","gibbs_mic","horseshoe-002-reveal_75-gibbs_mic",782.716034612172,7.52107769157342,1.37958237971943,42.2055463998706,33.4207319565179,0.357299515960262,1.68943825153595,1.3377924888527,13.3376282764928,0.126667066776298
"horseshoe",2,"reveal_75","interaction_row_385","gibbs_icm","horseshoe-002-reveal_75-gibbs_icm",776.387438296296,15.3641835124018,1.91463598180645,13.1593952998216,35.5110614316457,5.43811304636995,0.532876910298508,1.43798588506361,13.3376282764928,0.0399528986152425
"horseshoe",2,"reveal_75","interaction_row_385","gibbs_mci","horseshoe-002-reveal_75-gibbs_mci",784.540372008719,42.8432321618678,1.56662613507307,69.7619853753865,30.8602607977317,4.97403043428417,2.87761355341278,1.2729555252127,13.3376282764928,0.21575151846783
"horseshoe",2,"reveal_75","interaction_row_385","gibbs_imc","horseshoe-002-reveal_75-gibbs_imc",780.874678884139,43.2176081643579,1.68448282775238,583.278800633035,50.7777469249842,1.48863195589826,23.7443028957066,2.06707701709685,13.3376282764928,1.78024926197376
"horseshoe",2,"reveal_75","interaction_row_385","gibbs_cmi","horseshoe-002-reveal_75-gibbs_cmi",782.404092033883,41.1305301649263,1.56368145779472,226.799854350604,29.4758678394873,1.84597132410279,8.59741676840807,1.11735662772887,13.3376282764928,0.644598619048395
"horseshoe",2,"reveal_75","interaction_row_529","gibbs_icm","horseshoe-002-reveal_75-gibbs_icm",-70.1988294824532,28.874270484021,1.92493551155226,11.7266193437254,30.9024176223767,10.2222197379361,0.474858041859706,1.25136333761396,0.594060604868006,0.799342757234701
"horseshoe",2,"reveal_75","interaction_row_529","gibbs_mci","horseshoe-002-reveal_75-gibbs_mci",-80.9872841698628,56.8143313468836,1.63100987115675,7.00525073709778,29.777257950265,21.0880878315892,0.288959730111691,1.22828271873385,0.594060604868006,0.486414564008827
"horseshoe",2,"reveal_75","interaction_row_529","gibbs_imc","horseshoe-002-reveal_75-gibbs_imc",-66.6467624345248,49.5709045280704,1.64172755224709,71.8379393558492,65.6853200148073,5.94719521739486,2.92440217202723,2.67393934519874,0.594060604868006,4.92273372121184
"horseshoe",2,"reveal_75","interaction_row_529","gibbs_cmi","horseshoe-002-reveal_75-gibbs_cmi",-96.2009033507462,47.4394797350767,1.50801236078705,11.2295168498455,27.6104723516799,14.9781438253781,0.425682973837968,1.04664413766793,0.594060604868006,0.716564893126603
"horseshoe",2,"reveal_75","interaction_row_529","gibbs_mic","horseshoe-002-reveal_75-gibbs_mic",-77.571231750544,10.1708678327752,1.43181531433601,18.9499551983601,31.0081983170478,2.99691055499223,0.758544359873522,1.24122161224274,0.594060604868006,1.27688042879407
"horseshoe",2,"reveal_75","interaction_row_672","gibbs_mic","horseshoe-002-reveal_75-gibbs_mic",-45.388218890384,7.66148113250168,1.55698915929322,7.0316902081126,32.9865139570737,3.51137170937639,0.281470266916687,1.32041125438612,0.251557717221817,1.1189092905804
"horseshoe",2,"reveal_75","interaction_row_672","gibbs_imc","horseshoe-002-reveal_75-gibbs_imc",-31.5763063309504,34.3202954549327,1.93644721690032,7.49027863249358,29.4900927853134,15.7155783228023,0.30491669580678,1.20049227703291,0.251557717221817,1.21211425820784
"horseshoe",2,"reveal_75","interaction_row_672","gibbs_icm","horseshoe-002-reveal_75-gibbs_icm",-45.8172359463126,8.55921582384086,1.51765698269992,7.85300319911418,32.2853763631418,3.52941622128862,0.317999724604746,1.30736490638356,0.251557717221817,1.26412231799807
"horseshoe",2,"reveal_75","interaction_row_672","gibbs_cmi","horseshoe-002-reveal_75-gibbs_cmi",-90.1388469630175,85.8584912348423,1.79055579523922,7.60968583553021,12.1149808014045,40.1768257319486,0.288464209079994,0.459248703616549,0.251557717221817,1.14671182528515
"horseshoe",2,"reveal_75","interaction_row_672","gibbs_mci","horseshoe-002-reveal_75-gibbs_mci",-28.8965176857866,18.0671821102492,1.99304247143384,5.533482854941,37.7092545683441,7.43434238800733,0.228250746811078,1.55546980853623,0.251557717221817,0.907349412023057
"horseshoe",2,"reveal_75","interaction_row_816","gibbs_mic","horseshoe-002-reveal_75-gibbs_mic",-28.1150907010244,2.47489861556411,1.36047726100909,25.4042118892369,33.922255851905,0.653453683582728,1.01690064403319,1.35786789896347,1.31958915080254,0.770619130518567
"horseshoe",2,"reveal_75","interaction_row_816","gibbs_imc","horseshoe-002-reveal_75-gibbs_imc",-25.7464918042727,11.2176370833629,1.64766977887842,8.61300457442125,36.9136979898727,3.88060393045554,0.350620988171025,1.50269480927631,1.31958915080254,0.265704661149863
"horseshoe",2,"reveal_75","interaction_row_816","gibbs_cmi","horseshoe-002-reveal_75-gibbs_cmi",-14.805750163971,28.0876554112783,1.870756993552,7.3013224784197,12.0045597409491,12.7605079170401,0.276774923366934,0.455062916639467,1.31958915080254,0.209743254708184
"horseshoe",2,"reveal_75","interaction_row_816","gibbs_mci","horseshoe-002-reveal_75-gibbs_mci",-18.7800912896366,17.4008068371217,1.63867093035833,6.6723465268395,29.8637505296455,8.06464644973632,0.275227757572885,1.23185045289961,1.31958915080254,0.208570794482129
"horseshoe",2,"reveal_75","interaction_row_816","gibbs_icm","horseshoe-002-reveal_75-gibbs_icm",-30.5284616587531,3.61196325011622,1.43590642834087,14.2801803584856,31.8831309764265,0.849173344938295,0.578262010872065,1.29107637078059,1.31958915080254,0.438213674703509
"horseshoe",2,"reveal_75","interaction_row_960","gibbs_imc","horseshoe-002-reveal_75-gibbs_imc",-29.3218059717151,30.8963721367992,1.77476570617854,9.89670382040388,65.2677311405067,11.6301470604131,0.402878234089308,2.65694000164895,0.36950161650788,1.09032874577618
"horseshoe",2,"reveal_75","interaction_row_960","gibbs_cmi","horseshoe-002-reveal_75-gibbs_cmi",-62.1877752794032,28.5152451927206,1.68457812409561,11.0990653578927,22.3603891026267,10.757778212133,0.420737883165,0.847626577051813,0.36950161650788,1.138663173226
"horseshoe",2,"reveal_75","interaction_row_960","gibbs_mic","horseshoe-002-reveal_75-gibbs_mic",-47.1117007659296,6.55101696529364,1.49693810837396,18.3146265252382,31.2168885715457,2.0734021902802,0.733112902299189,1.24957523703251,0.36950161650788,1.98405871462149
"horseshoe",2,"reveal_75","interaction_row_960","gibbs_icm","horseshoe-002-reveal_75-gibbs_icm",-44.8029144240811,10.8411345485353,1.87502506954001,13.2891010450283,41.0497930961462,3.6214686608335,0.538129218263955,1.66227143535721,0.36950161650788,1.45636499063186
"horseshoe",2,"reveal_75","interaction_row_960","gibbs_mci","horseshoe-002-reveal_75-gibbs_mci",-35.6445846170164,17.071740289264,1.18099300607283,15.9575911229171,47.9911106948516,4.28250965210897,0.658235000739059,1.97958630098797,0.36950161650788,1.78141304755299
"horseshoe",2,"reveal_75","interaction_row_97","gibbs_imc","horseshoe-002-reveal_75-gibbs_imc",696.584167296271,72.7090936978119,1.69460805338283,20.1702474624598,32.1324008056064,18.722058508832,0.821096986055762,1.30805621028318,0.200025954845313,4.10495221328025
"horseshoe",2,"reveal_75","interaction_row_97","gibbs_cmi","horseshoe-002-reveal_75-gibbs_cmi",654.008701248506,143.160626640196,1.97610537264434,6.28317534442001,10.7630074965514,64.8881403967057,0.238179505095528,0.40799876787534,0.200025954845313,1.19074299772608
"horseshoe",2,"reveal_75","interaction_row_97","gibbs_icm","horseshoe-002-reveal_75-gibbs_icm",768.835855179515,67.7565989223136,1.65773205142882,7.18568497511941,35.7111339034737,31.6840635488926,0.290977322337292,1.44608762516598,0.200025954845313,1.45469782940077
"horseshoe",2,"reveal_75","interaction_row_97","gibbs_mci","horseshoe-002-reveal_75-gibbs_mci",771.644909683362,91.5205257195423,1.7074549996233,6.82119999818403,28.5713542958375,38.4171351082108,0.281367817439425,1.1785403743694,0.200025954845313,1.40665653943268
"horseshoe",2,"reveal_75","interaction_row_97","gibbs_mic","horseshoe-002-reveal_75-gibbs_mic",739.330228145322,15.3537195489119,1.48038176687551,12.6735988854316,33.3032014435612,5.59665340416042,0.507309218054268,1.33308788101679,0.200025954845313,2.53621695467765
"horseshoe",2,"reveal_75","mean_row_1","gibbs_mic","horseshoe-002-reveal_75-gibbs_mic",2.71672188030588,3.55700738737168,1.25170719583946,30.5236070583068,36.4979955189041,0.755222806951,1.22182399560912,1.46097172039486,0.65106802949914,1.87664566565964
"horseshoe",2,"reveal_75","mean_row_1","gibbs_icm","horseshoe-002-reveal_75-gibbs_icm",2.75932739545104,5.36038018321484,1.55600364528334,334.652717283716,30.2236703633797,0.318447677145201,13.5514362131491,1.22387812769305,0.65106802949914,20.8141631890204
"horseshoe",2,"reveal_75","mean_row_1","gibbs_imc","horseshoe-002-reveal_75-gibbs_imc",12.6738345050519,23.2613475422766,1.65985275264475,7.96573384882162,35.97002435326,9.43152625187594,0.324271681205846,1.46427943632241,0.65106802949914,0.498061134187935
"horseshoe",2,"reveal_75","mean_row_1","gibbs_mci","horseshoe-002-reveal_75-gibbs_mci",15.3986498483348,22.6453922973741,1.53167862994183,7.33559964086529,28.1149751471069,9.50046184428051,0.302586298761095,1.15971518158259,0.65106802949914,0.464753735479643
"horseshoe",2,"reveal_75","mean_row_1","gibbs_cmi","horseshoe-002-reveal_75-gibbs_cmi",16.6044304843679,32.3517210894419,1.57725007618225,7.44552554470642,14.768924135555,14.2501031329005,0.282241301922155,0.559853075646516,0.65106802949914,0.433505085696314
"horseshoe",2,"reveal_75","mean_row_1104","gibbs_imc","horseshoe-002-reveal_75-gibbs_imc",51.714724936224,57.3692470543635,1.89565767537317,5.68824284776727,31.7404615718303,26.8623398965895,0.231558837686434,1.29210102063221,0.198192460631353,1.16835341237901
"horseshoe",2,"reveal_75","mean_row_1104","gibbs_cmi","horseshoe-002-reveal_75-gibbs_cmi",84.7870228134854,33.3788615424093,1.59145761409337,6.8852650078631,20.7118968609336,12.4335428581139,0.261003222436055,0.785136348026295,0.198192460631353,1.3169180179943
"horseshoe",2,"reveal_75","mean_row_1104","gibbs_icm","horseshoe-002-reveal_75-gibbs_icm",67.5125607260921,66.2174870300826,2.03345574736244,5.40894668888793,29.519892258541,32.3789136246929,0.219030033969951,1.1953793180215,0.198192460631353,1.10513807272092
"horseshoe",2,"reveal_75","mean_row_1104","gibbs_mic","horseshoe-002-reveal_75-gibbs_mic",80.9048271736297,43.2066745462161,1.62789828040088,6.67385594794425,31.3591003553861,21.2113097916944,0.267146583457862,1.25526780703652,0.198192460631353,1.34791496410536
"horseshoe",2,"reveal_75","mean_row_1104","gibbs_mci","horseshoe-002-reveal_75-gibbs_mci",42.4334844721304,75.3276985311534,2.31072214844096,5.09450896676475,29.9900592696537,35.8570055439828,0.210143503970825,1.23706056468479,0.198192460631353,1.06030019154816
"horseshoe",2,"reveal_75","mean_row_159","gibbs_imc","horseshoe-002-reveal_75-gibbs_imc",107.313296309284,292.155611820489,1.74962617198795,6.1309637223758,113.782595294531,143.528632709485,0.249581262868951,4.6318988518026,0.277839023514664,0.898294486180336
"horseshoe",2,"reveal_75","mean_row_159","gibbs_icm","horseshoe-002-reveal_75-gibbs_icm",397.624355777519,23.3275204384687,1.75593064834563,976.974735571197,33.1309729092957,0.814593117309126,39.5616414485199,1.34160651586539,0.277839023514664,142.390514291568
"horseshoe",2,"reveal_75","mean_row_159","gibbs_mic","horseshoe-002-reveal_75-gibbs_mic",397.407869353832,19.5920883628711,1.3635410127486,1187.52012268754,29.9089405028,0.634972335907848,47.535030129195,1.19721961823714,0.277839023514664,171.088386101696
"horseshoe",2,"reveal_75","mean_row_159","gibbs_cmi","horseshoe-002-reveal_75-gibbs_cmi",447.040890069682,88.0270674785523,1.89939201797209,7.60457247218378,11.3157970653857,32.8649664168019,0.288270374229864,0.428953641599158,0.277839023514664,1.03754458457003
"horseshoe",2,"reveal_75","mean_row_159","gibbs_mci","horseshoe-002-reveal_75-gibbs_mci",358.428865217303,72.0135225567305,1.5309351360857,9.65525508941444,38.0658090715285,27.0500333325751,0.398269813530272,1.57017733248889,0.277839023514664,1.43345527382064
"horseshoe",2,"reveal_75","mean_row_316","gibbs_mic","horseshoe-002-reveal_75-gibbs_mic",1225.87835259875,24.7531078379874,1.46925637697315,10.639038835602,28.7904277543338,9.52391487116279,0.425868178512612,1.15244687192115,0.353095891221503,1.20609780260926
"horseshoe",2,"reveal_75","mean_row_316","gibbs_imc","horseshoe-002-reveal_75-gibbs_imc",914.122353057401,543.658685720103,1.88822618617238,7.26157700864106,31.5098598941033,268.762693495021,0.295606635808714,1.28271361262378,0.353095891221503,0.837185147598543
"horseshoe",2,"reveal_75","mean_row_316","gibbs_cmi","horseshoe-002-reveal_75-gibbs_cmi",921.913308806755,525.817287679188,1.70886719451602,6.26834259099801,14.3985318978939,260.47017046812,0.237617232410843,0.545812429791282,0.353095891221503,0.672953830158792
"horseshoe",2,"reveal_75","mean_row_316","gibbs_icm","horseshoe-002-reveal_75-gibbs_icm",1218.69752530205,39.646517441827,1.76733355256058,9.82837724814098,31.2074104815675,16.130721032518,0.397990574939907,1.2637137267288,0.353095891221503,1.12714586840163
"horseshoe",2,"reveal_75","mean_row_316","gibbs_mci","horseshoe-002-reveal_75-gibbs_mci",915.589735183321,484.509523807568,2.0457398034194,5.38794132746923,29.4097282170927,239.850580907765,0.222247301384697,1.21312247729623,0.353095891221503,0.629424773581624
"horseshoe",2,"reveal_75","mean_row_474","gibbs_mci","horseshoe-002-reveal_75-gibbs_mci",493.300666646036,45.7789262625606,1.36413532048168,14.2957495390277,30.9217107522057,12.2504582219917,0.589685663450382,1.27549027563443,0.236095214861646,2.49766037738606
"horseshoe",2,"reveal_75","mean_row_474","gibbs_mic","horseshoe-002-reveal_75-gibbs_mic",518.623987928713,11.1631683915457,1.72254597825721,6.26866727100488,36.044342550233,4.57961050801281,0.250927358538346,1.4428125270288,0.236095214861646,1.06282272042401
"horseshoe",2,"reveal_75","mean_row_474","gibbs_icm","horseshoe-002-reveal_75-gibbs_icm",526.79106359539,12.1449188507724,1.50908963470338,15.702209497662,36.6920100681657,2.527824081471,0.635845697414946,1.48580725119116,0.236095214861646,2.69317486077622
"horseshoe",2,"reveal_75","mean_row_474","gibbs_imc","horseshoe-002-reveal_75-gibbs_imc",509.800756972623,44.2468099006885,1.66405747467304,10.1268394556114,30.8458430104547,13.3082658595494,0.412246670287457,1.25568259761672,0.236095214861646,1.74610345461274
"horseshoe",2,"reveal_75","mean_row_474","gibbs_cmi","horseshoe-002-reveal_75-gibbs_cmi",497.695956681153,43.3734639044659,1.61457695872511,10.0173495370836,32.4082141604772,12.1366353117094,0.37973273453691,1.22851456256548,0.236095214861646,1.60838810206059
"horseshoe",2,"reveal_75","mean_row_631","gibbs_cmi","horseshoe-002-reveal_75-gibbs_cmi",8.30980019043966,29.9714548247614,1.44753096091502,138.188664826637,23.0474755052632,3.80531849125825,5.23838759767392,0.873672308766616,0.962063290925778,5.44495112440378
"horseshoe",2,"reveal_75","mean_row_631","gibbs_mci","horseshoe-002-reveal_75-gibbs_mci",-14.5092542718469,49.6540800069508,1.44246368776093,8.52342972130692,33.551122294781,20.2252733638178,0.351583125904668,1.38395092582522,0.962063290925778,0.365446981732714
"horseshoe",2,"reveal_75","mean_row_631","gibbs_mic","horseshoe-002-reveal_75-gibbs_mic",11.1037944380981,5.67772936189677,1.32100547473693,35.7355029614835,36.4310346746251,1.32178793770013,1.43045004248995,1.45829135676189,0.962063290925778,1.48685648437272
"horseshoe",2,"reveal_75","mean_row_631","gibbs_imc","horseshoe-002-reveal_75-gibbs_imc",-1.047485339003,29.1840621876472,1.62550744140623,9.45431039905891,35.5013395116229,10.8925586632071,0.384869138980618,1.44520006153563,0.962063290925778,0.400045550652145
"horseshoe",2,"reveal_75","mean_row_631","gibbs_icm","horseshoe-002-reveal_75-gibbs_icm",11.9654813038257,6.36614556229802,1.33486470731014,62.5674398713809,31.5549761092192,0.70335270980373,2.5336076076688,1.27778805868472,0.962063290925778,2.63351448035269
"horseshoe",2,"reveal_75","mean_row_789","gibbs_icm","horseshoe-002-reveal_75-gibbs_icm",-397.599679709497,35.1414941907711,1.65606782509775,6.8972260273729,31.0256168828285,17.1408226158449,0.279296457881066,1.25635217180921,0.27284385566157,1.02364943203082
"horseshoe",2,"reveal_75","mean_row_789","gibbs_mci","horseshoe-002-reveal_75-gibbs_mci",-379.185201127853,95.679965580125,2.03728736123241,5.45519428032152,27.7993042163804,44.254336720249,0.225021419804541,1.14669406494164,0.27284385566157,0.824725993037032
"horseshoe",2,"reveal_75","mean_row_789","gibbs_mic","horseshoe-002-reveal_75-gibbs_mic",-393.326902754432,27.3341149254348,1.60753132952389,6.81031915978303,28.8485340668035,13.400181402945,0.272609044903655,1.1547727990875,0.27284385566157,0.999139395104405
"horseshoe",2,"reveal_75","mean_row_789","gibbs_imc","horseshoe-002-reveal_75-gibbs_imc",-317.897054601463,140.444352390208,2.42491555587033,4.93061718477773,28.7866873767635,69.0188275221819,0.200717166080917,1.1718578211587,0.27284385566157,0.735648474085053
"horseshoe",2,"reveal_75","mean_row_789","gibbs_cmi","horseshoe-002-reveal_75-gibbs_cmi",-326.587411361612,96.2274150791531,1.64996579885228,7.03215809972421,20.6611126606396,46.7870165979554,0.266571573151033,0.783211245664885,0.27284385566157,0.977011457724312
"horseshoe",2,"reveal_75","mean_row_946","gibbs_cmi","horseshoe-002-reveal_75-gibbs_cmi",2650.55457808332,111.59800941298,1.51861224821339,153.523016194024,26.8444088659445,11.0957217884702,5.81967460932618,1.01760458172648,5.36729430763581,1.08428460892237
"horseshoe",2,"reveal_75","mean_row_946","gibbs_icm","horseshoe-002-reveal_75-gibbs_icm",2662.15718708215,15.7910640655033,1.74326045435154,1729.66521860297,29.9796950393932,0.393487221724858,70.0411102896527,1.21399858430424,5.36729430763581,13.0496123885005
"horseshoe",2,"reveal_75","mean_row_946","gibbs_mci","horseshoe-002-reveal_75-gibbs_mci",2610.31558368717,129.616811621445,1.81726144260938,9.26339344544549,36.6900080494043,51.0501785786833,0.382105904609389,1.51342688814932,5.36729430763581,0.0711915320286768
"horseshoe",2,"reveal_75","mean_row_946","gibbs_imc","horseshoe-002-reveal_75-gibbs_imc",2652.65461313891,82.4112818073828,1.70945011513998,1435.5341931153,36.8820464600401,2.33830959476025,58.438192270112,1.50140632851781,5.36729430763581,10.8878307990256
"horseshoe",2,"reveal_75","mean_row_946","gibbs_mic","horseshoe-002-reveal_75-gibbs_mic",2663.14521628873,12.7220335812627,1.32769957634138,142.441541020179,35.0976815517044,1.61833022295337,5.70176691298455,1.40491880360679,5.36729430763581,1.06231679989542
"horseshoe",2,"reveal_75","observed_log_likelihood","gibbs_icm","horseshoe-002-reveal_75-gibbs_icm",-2568.6075852475,1581.99461717941,2.84223070475775,4.66869178288876,14.8385963700715,752.451130424897,0.189054131722566,0.600874523995609,0.175724587990538,1.07585474454347
"horseshoe",2,"reveal_75","observed_log_likelihood","gibbs_cmi","horseshoe-002-reveal_75-gibbs_cmi",-4109.56422871536,1022.90927593753,3.42602092631743,4.45570994677805,13.1736526029186,506.571583920247,0.168904850143217,0.499380310952187,0.175724587990538,0.961190759214143
"horseshoe",2,"reveal_75","observed_log_likelihood","gibbs_mci","horseshoe-002-reveal_75-gibbs_mci",-4556.94439088485,1366.64173745126,2.89766939289036,4.65141907175905,27.9360495359171,673.004734995357,0.191866479881162,1.15233467540803,0.175724587990538,1.0918590396211
"horseshoe",2,"reveal_75","observed_log_likelihood","gibbs_mic","horseshoe-002-reveal_75-gibbs_mic",-3040.04496895306,741.79349543251,2.11517903441867,5.86752191961358,11.4206834907553,364.924360459659,0.23486998317243,0.457156492304676,0.175724587990538,1.33658007600551
"horseshoe",2,"reveal_75","observed_log_likelihood","gibbs_imc","horseshoe-002-reveal_75-gibbs_imc",-4115.64871768262,1418.11198839785,2.50526832680183,4.86354024325,10.8546478948391,702.993303674545,0.197986576155098,0.441874532661881,0.175724587990538,1.12668681383256
"horseshoe",2,"reveal_75","sigma","gibbs_mic","horseshoe-002-reveal_75-gibbs_mic",12.9382159697978,13.3022174034253,2.06007373775627,5.84276362380215,11.497790263239,6.5779125331075,0.233878937787295,0.460242985479109,0.179825609253379,1.30058749005963
"horseshoe",2,"reveal_75","sigma","gibbs_icm","horseshoe-002-reveal_75-gibbs_icm",15.8273710257051,20.9299367615684,2.77494339410693,4.7000144521136,18.1387812156163,10.3322060400843,0.190322512739972,0.73451229866841,0.179825609253379,1.05837268412533
"horseshoe",2,"reveal_75","sigma","gibbs_imc","horseshoe-002-reveal_75-gibbs_imc",67.9849024371004,68.5550154699561,2.85078214837665,4.67825876797956,,33.9878894245847,0.190444077670651,,0.179825609253379,1.05904869980065
"horseshoe",2,"reveal_75","sigma","gibbs_cmi","horseshoe-002-reveal_75-gibbs_cmi",55.7005246903045,66.9895220660074,3.52441723836868,4.42903086481197,,33.2242210087448,0.167893512691887,,0.179825609253379,0.933646288695849
"horseshoe",2,"reveal_75","sigma","gibbs_mci","horseshoe-002-reveal_75-gibbs_mci",66.5513063633224,62.1720747416096,3.49500526933082,4.45252004622324,,30.6648795591085,0.183662089932071,,0.179825609253379,1.02133445116422
"multiplicative_gamma",1,"reveal_25","interaction_row_1104","gibbs_mic","multiplicative_gamma-001-reveal_25-gibbs_mic",0.00084557837087508,0.0608712640581724,1.0179620609879,342.528057794086,527.742919380681,0.00329696493574754,15.7007727261682,24.1906362019014,17.880124683189,0.87811315661183
"multiplicative_gamma",1,"reveal_25","interaction_row_1104","gibbs_icm","multiplicative_gamma-001-reveal_25-gibbs_icm",0.00147858550828622,0.0561092611809953,1.0106319794387,367.740633491343,828.845231561291,0.0028332029289373,15.9133079532366,35.866771888065,17.880124683189,0.88999983138811
"multiplicative_gamma",1,"reveal_25","interaction_row_1104","gibbs_imc","multiplicative_gamma-001-reveal_25-gibbs_imc",0.00385596818367379,0.0637037028145696,1.01925695870888,344.587978724263,578.794169077536,0.00372198975869871,15.2418603469684,25.6012990568619,17.880124683189,0.852447095142403
"multiplicative_gamma",1,"reveal_25","interaction_row_1104","gibbs_mci","multiplicative_gamma-001-reveal_25-gibbs_mci",-0.00105209071132813,0.05695501011835,1.00797315212566,605.906547667936,756.031999147385,0.00229247419937404,27.7875050524163,34.6724145447093,17.880124683189,1.554100183571
"multiplicative_gamma",1,"reveal_25","interaction_row_1104","gibbs_cmi","multiplicative_gamma-001-reveal_25-gibbs_cmi",0.00243468927953258,0.0580768319358668,1.00420879351045,599.980106948174,910.251523405689,0.00238527947063173,24.5380600772228,37.2275785614367,17.880124683189,1.37236515471805
"multiplicative_gamma",1,"reveal_25","interaction_row_241","gibbs_cmi","multiplicative_gamma-001-reveal_25-gibbs_cmi",0.463008050921863,0.16571464238017,1.00516189320325,422.597192193675,407.575193316652,0.00848373854575653,17.2834318511993,16.6690602967834,18.9134617489897,0.913816417141224
"multiplicative_gamma",1,"reveal_25","interaction_row_241","gibbs_imc","multiplicative_gamma-001-reveal_25-gibbs_imc",0.446652304151495,0.156174446184874,1.00491233326696,669.286187398685,1110.55509437802,0.00601777654912343,29.6039537950585,49.1222175503368,18.9134617489897,1.56523190666774
"multiplicative_gamma",1,"reveal_25","interaction_row_241","gibbs_icm","multiplicative_gamma-001-reveal_25-gibbs_icm",0.449605321392292,0.161256397899909,1.01557002261145,455.846720458288,584.613342883054,0.0076096054074563,19.72593883155,25.2980805263342,18.9134617489897,1.04295760836082
"multiplicative_gamma",1,"reveal_25","interaction_row_241","gibbs_mci","multiplicative_gamma-001-reveal_25-gibbs_mci",0.464665412956412,0.152790556675798,1.01293344962326,461.640209269769,836.670329345264,0.00700252645135225,21.171300585635,38.3705723157654,18.9134617489897,1.11937734438096
"multiplicative_gamma",1,"reveal_25","interaction_row_241","gibbs_mic","multiplicative_gamma-001-reveal_25-gibbs_mic",0.455304042215746,0.158078795437785,1.00588572852615,516.219566841725,726.627112960005,0.00694415485787702,23.662429723218,33.307073384672,18.9134617489897,1.25108930545103
"multiplicative_gamma",1,"reveal_25","interaction_row_385","gibbs_mic","multiplicative_gamma-001-reveal_25-gibbs_mic",0.755511726037987,0.452788281693407,1.00827572367436,531.949766270637,1078.296978191,0.0198803871929298,24.383469301001,49.4268875225062,23.7496415257922,1.02668788808961
"multiplicative_gamma",1,"reveal_25","interaction_row_385","gibbs_imc","multiplicative_gamma-001-reveal_25-gibbs_imc",0.782549151489994,0.431372273160032,1.00318712322811,826.366701997048,1368.0425848009,0.0150475879544041,36.5519595717023,60.5114377565862,23.7496415257922,1.53905310663349
"multiplicative_gamma",1,"reveal_25","interaction_row_385","gibbs_cmi","multiplicative_gamma-001-reveal_25-gibbs_cmi",0.771614022992509,0.448943951453686,1.01184249907639,465.8678776881,865.619980637422,0.0209916388491699,19.0531216591591,35.4022322456105,23.7496415257922,0.802248810301719
"multiplicative_gamma",1,"reveal_25","interaction_row_385","gibbs_icm","multiplicative_gamma-001-reveal_25-gibbs_icm",0.782518478951576,0.439777407913435,1.00974712989626,627.260611855502,1124.98148868295,0.0176689275414597,27.1435636269637,48.6815305155116,23.7496415257922,1.14290414015242
"multiplicative_gamma",1,"reveal_25","interaction_row_385","gibbs_mci","multiplicative_gamma-001-reveal_25-gibbs_mci",0.779297243267837,0.435515109885853,1.00948329417014,565.188395050727,956.434127182826,0.0185910085412446,25.9201281839362,43.8630647641746,23.7496415257922,1.091390291335
"multiplicative_gamma",1,"reveal_25","interaction_row_529","gibbs_mci","multiplicative_gamma-001-reveal_25-gibbs_mci",0.113376473702179,0.16224286755067,1.00371744228077,777.000643255755,1216.11554864469,0.00570456457656665,35.6340583928345,55.7723250926254,23.1351250939929,1.54025786539131
"multiplicative_gamma",1,"reveal_25","interaction_row_529","gibbs_imc","multiplicative_gamma-001-reveal_25-gibbs_imc",0.117562670461589,0.165766410901599,1.00103802735293,877.460876862053,1161.7734540135,0.00554745914524588,38.8119637677836,51.3877147033573,23.1351250939929,1.6776206573381
"multiplicative_gamma",1,"reveal_25","interaction_row_529","gibbs_cmi","multiplicative_gamma-001-reveal_25-gibbs_cmi",0.120707239330915,0.170613793727705,1.00691563083062,716.042897982368,1119.30796380359,0.00648451354806097,29.2848103546835,45.777594527978,23.1351250939929,1.26581595023609
"multiplicative_gamma",1,"reveal_25","interaction_row_529","gibbs_icm","multiplicative_gamma-001-reveal_25-gibbs_icm",0.149333083760186,0.18428960290388,1.01813331227596,683.968708969749,869.793206043282,0.00714661214617659,29.5975035254555,37.6387211062047,23.1351250939929,1.27933189923147
"multiplicative_gamma",1,"reveal_25","interaction_row_529","gibbs_mic","multiplicative_gamma-001-reveal_25-gibbs_mic",0.125638592030699,0.172707860798736,1.00449789417416,776.3540218212,923.950331720147,0.00627307874425979,35.5864513119362,42.3519587330466,23.1351250939929,1.53820008179581
"multiplicative_gamma",1,"reveal_25","interaction_row_672","gibbs_mic","multiplicative_gamma-001-reveal_25-gibbs_mic",0.00695843764955633,0.0372753544504928,1.00902865169599,553.137772855716,867.296127655784,0.001697603481212,25.3546833908927,39.755048022359,12.2367536173305,2.07201061521609
"multiplicative_gamma",1,"reveal_25","interaction_row_672","gibbs_imc","multiplicative_gamma-001-reveal_25-gibbs_imc",0.00781205525685127,0.0357265932138328,1.00835993344882,613.993093261568,1091.13793364896,0.00142810577521454,27.1582224549525,48.2633551684781,12.2367536173305,2.21939766904265
"multiplicative_gamma",1,"reveal_25","interaction_row_672","gibbs_mci","multiplicative_gamma-001-reveal_25-gibbs_mci",0.00934929330475213,0.0380498415620751,1.01163995662335,424.955132079389,994.88555465876,0.00178554627856033,19.4888847548447,45.6264872579116,12.2367536173305,1.59265156137844
"multiplicative_gamma",1,"reveal_25","interaction_row_672","gibbs_cmi","multiplicative_gamma-001-reveal_25-gibbs_cmi",0.00525348195897327,0.03962415794008,1.02399532782606,287.830448777815,840.514954117757,0.00193695612586339,11.7717250328336,34.3754837887103,12.2367536173305,0.96199738925541
"multiplicative_gamma",1,"reveal_25","interaction_row_672","gibbs_icm","multiplicative_gamma-001-reveal_25-gibbs_icm",0.00742221060475948,0.0336975383004638,1.00986529727122,397.645556236862,781.397409636063,0.0016361834088509,17.20738916599,33.8135535780893,12.2367536173305,1.40620541232601
"multiplicative_gamma",1,"reveal_25","interaction_row_816","gibbs_icm","multiplicative_gamma-001-reveal_25-gibbs_icm",-0.0284058047207774,0.0387661800093194,1.01023794061453,323.121228000955,994.446007244225,0.0020500556774577,13.982484226966,43.0328446598394,14.6094972859718,0.957081818304051
"multiplicative_gamma",1,"reveal_25","interaction_row_816","gibbs_mci","multiplicative_gamma-001-reveal_25-gibbs_mci",-0.0360035834766474,0.0429791922141561,1.00830981936637,659.574063927874,940.604029363946,0.00169917904361763,30.2487532184304,43.1370799983466,14.6094972859718,2.0704855633517
"multiplicative_gamma",1,"reveal_25","interaction_row_816","gibbs_mic","multiplicative_gamma-001-reveal_25-gibbs_mic",-0.0293744093065338,0.0406491014567397,1.01550022982675,442.632376631992,755.199528289904,0.00186167333027618,20.2893461969193,34.6167733906263,14.6094972859718,1.38877784770879
"multiplicative_gamma",1,"reveal_25","interaction_row_816","gibbs_imc","multiplicative_gamma-001-reveal_25-gibbs_imc",-0.0311894391561829,0.0406631147103742,1.00691033413972,531.482253268197,762.920051858309,0.0017170129985491,23.5085922358544,33.7455790807815,14.6094972859718,1.60913081235366
"multiplicative_gamma",1,"reveal_25","interaction_row_816","gibbs_cmi","multiplicative_gamma-001-reveal_25-gibbs_cmi",-0.029632600244992,0.0408256387413068,1.00874494495692,449.014267089044,1171.05533479271,0.00183462616594477,18.3638406236572,47.8939648600346,14.6094972859718,1.25697963894284
"multiplicative_gamma",1,"reveal_25","interaction_row_960","gibbs_icm","multiplicative_gamma-001-reveal_25-gibbs_icm",-0.0203493640302852,0.0646020303154002,1.02968378801233,176.426629166321,398.375282449599,0.00420332635607924,7.63454191727557,17.2389667423775,10.8702621269658,0.702332825842038
"multiplicative_gamma",1,"reveal_25","interaction_row_960","gibbs_mic","multiplicative_gamma-001-reveal_25-gibbs_mic",-0.0226795306769217,0.0630217808466929,1.01710699288218,273.916844938815,720.307027357683,0.00376107201563413,12.5557776374594,33.0173738246096,10.8702621269658,1.15505748534917
"multiplicative_gamma",1,"reveal_25","interaction_row_960","gibbs_cmi","multiplicative_gamma-001-reveal_25-gibbs_cmi",-0.0143673876011524,0.0668505647876497,1.03395024410335,136.393770112377,479.866768109226,0.00556790135572861,5.57824915595995,19.6256499983324,10.8702621269658,0.513166020359529
"multiplicative_gamma",1,"reveal_25","interaction_row_960","gibbs_mci","multiplicative_gamma-001-reveal_25-gibbs_mci",-0.023482581591299,0.0672117655496715,1.03171708229886,166.612957538167,397.592039669096,0.00454247479429815,7.64104368439198,18.2339848506809,10.8702621269658,0.702930950067606
"multiplicative_gamma",1,"reveal_25","interaction_row_960","gibbs_imc","multiplicative_gamma-001-reveal_25-gibbs_imc",-0.0179923188663612,0.0646708028352694,1.0180369247583,177.548829982171,557.782887575476,0.00443200685601883,7.85336296807193,24.6719253173865,10.8702621269658,0.722463071850875
"multiplicative_gamma",1,"reveal_25","interaction_row_97","gibbs_icm","multiplicative_gamma-001-reveal_25-gibbs_icm",-0.330931516323693,0.220620536188818,1.01239369165368,602.116160369458,1239.4498489052,0.00873630606495433,26.0554831610827,53.634940884729,25.6375171121454,1.01630290667809
"multiplicative_gamma",1,"reveal_25","interaction_row_97","gibbs_cmi","multiplicative_gamma-001-reveal_25-gibbs_cmi",-0.322952165069309,0.229624319576072,1.0076811405527,497.182216061774,1182.67938815322,0.0103167276687435,20.33381931462,48.3693668215295,25.6375171121454,0.793127478986143
"multiplicative_gamma",1,"reveal_25","interaction_row_97","gibbs_mci","multiplicative_gamma-001-reveal_25-gibbs_mci",-0.332623558233629,0.208639455577378,1.01085998956368,421.969228005472,1306.98675622427,0.0101976936934673,19.3519480855525,59.9397732732983,25.6375171121454,0.754829260606707
"multiplicative_gamma",1,"reveal_25","interaction_row_97","gibbs_mic","multiplicative_gamma-001-reveal_25-gibbs_mic",-0.30819190552726,0.219337622388329,1.00571777285795,771.777202325475,1212.06073156021,0.00788668575104245,35.3766594391948,55.5583393637795,25.6375171121454,1.37987853053195
"multiplicative_gamma",1,"reveal_25","interaction_row_97","gibbs_imc","multiplicative_gamma-001-reveal_25-gibbs_imc",-0.319018941961649,0.208997397218702,1.0013699051966,791.327103117522,1188.70283227931,0.00742880233646577,35.0020834712279,52.5788584695375,25.6375171121454,1.36526806859336
"multiplicative_gamma",1,"reveal_25","mean_row_1","gibbs_cmi","multiplicative_gamma-001-reveal_25-gibbs_cmi",0.730848328562509,0.102624971450347,1.02381488754367,185.901395732808,576.415264914828,0.00758729137553617,7.60301810694072,23.5743022745421,13.0308307125287,0.583463807846928
"multiplicative_gamma",1,"reveal_25","mean_row_1","gibbs_mci","multiplicative_gamma-001-reveal_25-gibbs_mci",0.736959525075539,0.0988317753836075,1.01261778815119,237.849032812528,597.144842614745,0.00640804247229815,10.9080042564792,27.3856841373422,13.0308307125287,0.837092008722936
"multiplicative_gamma",1,"reveal_25","mean_row_1","gibbs_imc","multiplicative_gamma-001-reveal_25-gibbs_imc",0.738038605946975,0.0993516312872235,1.00764069486137,408.325623455894,842.746608887474,0.00492015069319453,18.0611121486152,37.2764777462612,13.0308307125287,1.3860292215484
"multiplicative_gamma",1,"reveal_25","mean_row_1","gibbs_icm","multiplicative_gamma-001-reveal_25-gibbs_icm",0.738468389580936,0.0978340211320546,1.01537642192937,292.504667445019,852.162339417638,0.00573054212133438,12.6576081805798,36.875777377543,13.0308307125287,0.971358500453079
"multiplicative_gamma",1,"reveal_25","mean_row_1","gibbs_mic","multiplicative_gamma-001-reveal_25-gibbs_mic",0.735410908999949,0.101662702485058,1.03228999090515,149.872063701406,611.215655462103,0.00799305864199633,6.86982323530463,28.0168525606024,13.0308307125287,0.527197642794907
"multiplicative_gamma",1,"reveal_25","mean_row_1104","gibbs_cmi","multiplicative_gamma-001-reveal_25-gibbs_cmi",2.18571814647766,0.120830047956035,1.00348763596058,723.566083870975,1395.31021978878,0.0044849119031202,29.5924945348237,57.0655686797585,26.117504369639,1.13305215215066
"multiplicative_gamma",1,"reveal_25","mean_row_1104","gibbs_icm","multiplicative_gamma-001-reveal_25-gibbs_icm",2.19093277098534,0.119360692095257,1.01112742409087,493.039384522429,994.176479918416,0.00540293317326833,21.3353838124727,43.0211813543823,26.117504369639,0.816899789141972
"multiplicative_gamma",1,"reveal_25","mean_row_1104","gibbs_mci","multiplicative_gamma-001-reveal_25-gibbs_mci",2.18948764497508,0.121348562089807,1.00647737051856,673.599456938794,1540.39482244955,0.00465378772301188,30.8919723429853,70.6441101788375,26.117504369639,1.18280720492179
"multiplicative_gamma",1,"reveal_25","mean_row_1104","gibbs_mic","multiplicative_gamma-001-reveal_25-gibbs_mic",2.19201124157148,0.120668683246323,1.00226818958177,841.161956875825,919.55466197646,0.00414837089847978,38.5571120680154,42.1504703876264,26.117504369639,1.47629388789677
"multiplicative_gamma",1,"reveal_25","mean_row_1104","gibbs_imc","multiplicative_gamma-001-reveal_25-gibbs_imc",2.19386526721131,0.121363797350447,1.0090286869123,651.468006047965,1317.77893790588,0.00475532449302876,28.8158176772808,58.2881695818242,26.117504369639,1.10331436225501
"multiplicative_gamma",1,"reveal_25","mean_row_159","gibbs_icm","multiplicative_gamma-001-reveal_25-gibbs_icm",-0.219220042867151,0.106900560648619,1.00778009841368,734.94287534572,1436.58015140819,0.00395399499507783,31.8033179863137,62.1653966596649,39.8571335513185,0.797932895634979
"multiplicative_gamma",1,"reveal_25","mean_row_159","gibbs_mci","multiplicative_gamma-001-reveal_25-gibbs_mci",-0.211300443854948,0.111410904614128,1.00259240228406,980.229848757117,1787.21103273023,0.00353966247823903,44.9543613280036,81.9633585292469,39.8571335513185,1.12788746511643
"multiplicative_gamma",1,"reveal_25","mean_row_159","gibbs_cmi","multiplicative_gamma-001-reveal_25-gibbs_cmi",-0.224784690360935,0.109346742841562,1.00567942191796,993.024009648098,1767.42758635378,0.00348837344224869,40.6128178662671,72.2844704246771,39.8571335513185,1.01895982594874
"multiplicative_gamma",1,"reveal_25","mean_row_159","gibbs_mic","multiplicative_gamma-001-reveal_25-gibbs_mic",-0.224508808996977,0.111043956735583,1.0027596751792,1195.63254479283,1441.68275761785,0.00321427367324319,54.8053055002212,66.0837347642945,39.8571335513185,1.3750438282185
"multiplicative_gamma",1,"reveal_25","mean_row_159","gibbs_imc","multiplicative_gamma-001-reveal_25-gibbs_imc",-0.218073651321453,0.106196794572847,1.00177913125193,1041.89687709332,1622.35037531174,0.00330026288854971,46.0853183427687,71.7600130622672,39.8571335513185,1.1562627373449
"multiplicative_gamma",1,"reveal_25","mean_row_316","gibbs_mci","multiplicative_gamma-001-reveal_25-gibbs_mci",0.487742096404194,0.118083976524255,1.01443759372555,519.490228589835,1224.78276467617,0.00517721210943953,23.8243626961631,56.1698126427965,31.2529694118672,0.762307170950503
"multiplicative_gamma",1,"reveal_25","mean_row_316","gibbs_icm","multiplicative_gamma-001-reveal_25-gibbs_icm",0.495156285832479,0.115828582846818,1.00757061058802,759.04627858033,1368.04025103197,0.00421884346802776,32.8463489800655,59.1994569662027,31.2529694118672,1.05098330168887
"multiplicative_gamma",1,"reveal_25","mean_row_316","gibbs_mic","multiplicative_gamma-001-reveal_25-gibbs_mic",0.488413804745807,0.121204882060534,1.01272583981805,686.790152260958,1274.21874074054,0.00458748451003269,31.4810300816354,58.4075330372448,31.2529694118672,1.00729724803946
"multiplicative_gamma",1,"reveal_25","mean_row_316","gibbs_imc","multiplicative_gamma-001-reveal_25-gibbs_imc",0.493954094820615,0.123380097383895,1.0281536634955,165.673633144703,504.827220832758,0.00955140530820381,7.32809771517614,22.3295833701679,31.2529694118672,0.234476846619046
"multiplicative_gamma",1,"reveal_25","mean_row_316","gibbs_cmi","multiplicative_gamma-001-reveal_25-gibbs_cmi",0.483981199162152,0.117457158021857,1.00453147745383,760.691510104302,1355.22267942278,0.00424190360228001,31.1108547750318,55.4260635320756,31.2529694118672,0.995452763705023
"multiplicative_gamma",1,"reveal_25","mean_row_474","gibbs_icm","multiplicative_gamma-001-reveal_25-gibbs_icm",1.2198538877834,0.130912382817413,1.00627110972529,601.117059667616,1459.26922701803,0.0053122185725776,26.0122488929689,63.1472251944281,30.3876291256453,0.856014425653765
"multiplicative_gamma",1,"reveal_25","mean_row_474","gibbs_mic","multiplicative_gamma-001-reveal_25-gibbs_mic",1.20983871306741,0.128298154827827,1.00781699328602,549.150190313895,1055.42188081377,0.00546716073652395,25.1719009128115,48.3783407047015,30.3876291256453,0.828360146450777
"multiplicative_gamma",1,"reveal_25","mean_row_474","gibbs_mci","multiplicative_gamma-001-reveal_25-gibbs_mci",1.21801093709294,0.131879096649356,1.00395411801658,556.689127043064,1123.90260417292,0.00561615286513166,25.5303429049789,51.5433434612667,30.3876291256453,0.840155801540727
"multiplicative_gamma",1,"reveal_25","mean_row_474","gibbs_imc","multiplicative_gamma-001-reveal_25-gibbs_imc",1.22147773254866,0.129750879942674,1.00938947286408,637.849960141484,1182.49030415339,0.00511627834255942,28.2134624974117,52.3040651164805,30.3876291256453,0.928452245509381
"multiplicative_gamma",1,"reveal_25","mean_row_474","gibbs_cmi","multiplicative_gamma-001-reveal_25-gibbs_cmi",1.21645212407772,0.133658737788703,1.00552693180786,627.83366564976,1572.64756210056,0.0053599561319962,25.6772183407533,64.3183330784243,30.3876291256453,0.84498919723498
"multiplicative_gamma",1,"reveal_25","mean_row_631","gibbs_cmi","multiplicative_gamma-001-reveal_25-gibbs_cmi",0.722584731419403,0.157501110709831,1.02980403958578,256.58281409323,375.263902174377,0.0103135072010771,10.4937554330387,15.3475891445903,29.6855326349768,0.353497293178917
"multiplicative_gamma",1,"reveal_25","mean_row_631","gibbs_mic","multiplicative_gamma-001-reveal_25-gibbs_mic",0.717239621749384,0.152340367660223,1.02926212077222,240.432946997842,459.297262443999,0.0108827018533234,11.0209454986176,21.0532298516684,29.6855326349768,0.371256451219347
"multiplicative_gamma",1,"reveal_25","mean_row_631","gibbs_imc","multiplicative_gamma-001-reveal_25-gibbs_imc",0.710466921395607,0.15142672063538,1.0127113509539,324.311530222539,405.439368508877,0.00899540066838452,14.3449898364534,17.9334469439524,29.6855326349768,0.483231680995729
"multiplicative_gamma",1,"reveal_25","mean_row_631","gibbs_icm","multiplicative_gamma-001-reveal_25-gibbs_icm",0.700013819457203,0.139972222347742,1.01415130304916,450.157902003574,712.694688343685,0.006780680057185,19.4797655460459,30.8405681052269,29.6855326349768,0.656204009730114
"multiplicative_gamma",1,"reveal_25","mean_row_631","gibbs_mci","multiplicative_gamma-001-reveal_25-gibbs_mci",0.708200433095319,0.145040461193882,1.02636255337016,254.328659434857,375.899032880275,0.00942955683721992,11.6637770894225,17.2391209759356,29.6855326349768,0.392911160895922
"multiplicative_gamma",1,"reveal_25","mean_row_789","gibbs_mic","multiplicative_gamma-001-reveal_25-gibbs_mic",0.287704519157562,0.151806183122678,1.00223043186268,1126.19858207247,1558.3395134819,0.00452373991276402,51.6225972713819,71.4310374716674,43.4295610148953,1.1886511414121
"multiplicative_gamma",1,"reveal_25","mean_row_789","gibbs_imc","multiplicative_gamma-001-reveal_25-gibbs_imc",0.279917850776858,0.15126646337169,1.0012994961497,1251.29049085272,1714.36599998527,0.00427117375446403,55.3472439336835,75.8300601550455,43.4295610148953,1.274414077423
"multiplicative_gamma",1,"reveal_25","mean_row_789","gibbs_icm","multiplicative_gamma-001-reveal_25-gibbs_icm",0.285506826086355,0.152987419008151,1.00540730866641,831.206697144533,1136.549344074,0.00529954972901641,35.9689600218329,49.1821084458006,43.4295610148953,0.828213759966314
"multiplicative_gamma",1,"reveal_25","mean_row_789","gibbs_mci","multiplicative_gamma-001-reveal_25-gibbs_mci",0.279671933659805,0.148533575471979,1.00196438265226,1277.98031753072,1801.71599580724,0.00414713139022133,58.6095077977859,82.6285712362873,43.4295610148953,1.34953028370893
"multiplicative_gamma",1,"reveal_25","mean_row_789","gibbs_cmi","multiplicative_gamma-001-reveal_25-gibbs_cmi",0.288228510080282,0.14605657801001,1.00300370323965,1033.7516614004,1486.29466346583,0.0045309376935457,42.2785023680175,60.7866616279836,43.4295610148953,0.973495964039724
"multiplicative_gamma",1,"reveal_25","mean_row_946","gibbs_cmi","multiplicative_gamma-001-reveal_25-gibbs_cmi",2.00699582872261,0.158763887002163,1.01091766132858,477.856013599864,1042.82791731818,0.0071835065221056,19.5434139135358,42.649704196891,26.6338686540594,0.733780517107005
"multiplicative_gamma",1,"reveal_25","mean_row_946","gibbs_icm","multiplicative_gamma-001-reveal_25-gibbs_icm",1.99939051189486,0.156089785663167,1.00944106158107,537.043897985943,1081.00890259283,0.00671054984104464,23.2395992031652,46.7786967239099,26.6338686540594,0.872558151615842
"multiplicative_gamma",1,"reveal_25","mean_row_946","gibbs_mic","multiplicative_gamma-001-reveal_25-gibbs_mic",1.99059074988285,0.162715996342355,1.00501444788509,464.022617849682,1106.49385438301,0.00747758138765724,21.2698303011405,50.719373596581,26.6338686540594,0.798600855827928
"multiplicative_gamma",1,"reveal_25","mean_row_946","gibbs_mci","multiplicative_gamma-001-reveal_25-gibbs_mci",2.00677091544655,0.164358018685598,1.01839981031181,441.438769748059,881.3533358459,0.00770284289198915,20.2448415385489,40.4197815109333,26.6338686540594,0.760116444272668
"multiplicative_gamma",1,"reveal_25","mean_row_946","gibbs_imc","multiplicative_gamma-001-reveal_25-gibbs_imc",2.00101849426385,0.160120989092444,1.00737782916388,418.687426721541,963.008593060844,0.00783113091203999,18.519436779969,42.59592149066,26.6338686540594,0.695334088356194
"multiplicative_gamma",1,"reveal_25","observed_log_likelihood","gibbs_icm","multiplicative_gamma-001-reveal_25-gibbs_icm",104.176834700451,13.8391501174832,1.06269485701295,62.3177749881512,513.675241702091,1.75444502724885,2.69668851911166,22.2283630491191,3.76541316631049,0.716173338755808
"multiplicative_gamma",1,"reveal_25","observed_log_likelihood","gibbs_mic","multiplicative_gamma-001-reveal_25-gibbs_mic",105.232092425262,14.1409897902273,1.0581655659753,54.6371644883404,321.102799975931,1.91733983875168,2.50445381776404,14.7186835339169,3.76541316631049,0.665120587608187
"multiplicative_gamma",1,"reveal_25","observed_log_likelihood","gibbs_imc","multiplicative_gamma-001-reveal_25-gibbs_imc",103.347611042888,13.9129807347691,1.04471998481418,106.791147300707,402.41492136301,1.34672092075263,4.72359993368306,17.7996692039548,3.76541316631049,1.25447055211512
"multiplicative_gamma",1,"reveal_25","observed_log_likelihood","gibbs_mci","multiplicative_gamma-001-reveal_25-gibbs_mci",102.946310915188,14.003037714324,1.09471014337057,34.2391153390824,402.167468362885,2.40969605341608,1.57024147393178,18.4438187738081,3.76541316631049,0.417017045561129
"multiplicative_gamma",1,"reveal_25","observed_log_likelihood","gibbs_cmi","multiplicative_gamma-001-reveal_25-gibbs_cmi",104.376188209226,14.5099281605361,1.04968438692292,92.5286410058426,503.382165055209,1.49911476246901,3.7842477201686,20.5873855897595,3.76541316631049,1.00500198863344
"multiplicative_gamma",1,"reveal_25","sigma","gibbs_imc","multiplicative_gamma-001-reveal_25-gibbs_imc",0.182540642398161,0.00893907188052469,1.02200660992624,212.35137497575,667.116809737098,0.000612183278161877,9.39275367019417,29.5079975998362,12.0117014042633,0.781966963219746
"multiplicative_gamma",1,"reveal_25","sigma","gibbs_cmi","multiplicative_gamma-001-reveal_25-gibbs_cmi",0.182100333563133,0.00921502483648687,1.02519738561248,209.298401447704,802.486966788039,0.000644683416009474,8.55991171926317,32.8202104939691,12.0117014042633,0.712631077910826
"multiplicative_gamma",1,"reveal_25","sigma","gibbs_icm","multiplicative_gamma-001-reveal_25-gibbs_icm",0.182160446931048,0.0087804892379569,1.02760903374349,175.167267173863,878.028518240623,0.00066486363239941,7.58004531454687,37.9950892829904,12.0117014042633,0.631055090318552
"multiplicative_gamma",1,"reveal_25","sigma","gibbs_mic","multiplicative_gamma-001-reveal_25-gibbs_mic",0.18169932407605,0.00888631950461885,1.02524101894008,169.68228296357,697.917343999585,0.000673360044300001,7.77788242407267,31.991077374385,12.0117014042633,0.647525455578845
"multiplicative_gamma",1,"reveal_25","sigma","gibbs_mci","multiplicative_gamma-001-reveal_25-gibbs_mci",0.18272396425369,0.00902563195800694,1.04642794456515,79.7860188177504,912.580688164894,0.000990221986340881,3.6590698838684,41.8519003973811,12.0117014042633,0.304625444865761
"multiplicative_gamma",1,"reveal_75","interaction_row_1104","gibbs_icm","multiplicative_gamma-001-reveal_75-gibbs_icm",0.030617240975352,0.0368246772684014,1.01743527029535,348.071783080895,711.365108582248,0.00177649747028194,14.2968776423599,29.2189726682924,2.59172456238462,5.51635688832824
"multiplicative_gamma",1,"reveal_75","interaction_row_1104","gibbs_mci","multiplicative_gamma-001-reveal_75-gibbs_mci",0.0250751837278163,0.0448523709588271,1.08042392067803,43.5833184260291,276.632393150333,0.00625760530763787,1.80663730832487,11.4671030156828,2.59172456238462,0.697079209166654
"multiplicative_gamma",1,"reveal_75","interaction_row_1104","gibbs_cmi","multiplicative_gamma-001-reveal_75-gibbs_cmi",0.0335559807503139,0.0422313208804358,1.00977170087702,434.979134092796,744.664501146309,0.0020263437775207,16.2021504858195,27.7373449974414,2.59172456238462,6.25149397469615
"multiplicative_gamma",1,"reveal_75","interaction_row_1104","gibbs_imc","multiplicative_gamma-001-reveal_75-gibbs_imc",0.0403173704041304,0.0432245721714448,1.01636871525358,331.858579594505,579.386004538462,0.00234628229420738,13.5441425024286,23.646478023772,2.59172456238462,5.22591894949157
"multiplicative_gamma",1,"reveal_75","interaction_row_1104","gibbs_mic","multiplicative_gamma-001-reveal_75-gibbs_mic",0.0326782444491625,0.0419485096034288,1.11348312315562,25.2315608972555,38.6019722455031,0.00798075873968381,1.04452562085012,1.59802832610959,2.59172456238462,0.403023390683562
"multiplicative_gamma",1,"reveal_75","interaction_row_241","gibbs_mci","multiplicative_gamma-001-reveal_75-gibbs_mci",0.52434713636705,0.116438225235119,1.06726780473218,46.2501217954726,671.185751837786,0.0169135505038411,1.9171829628367,27.8223243176001,0.92488903293684,2.07287890175212
"multiplicative_gamma",1,"reveal_75","interaction_row_241","gibbs_icm","multiplicative_gamma-001-reveal_75-gibbs_icm",0.553558339326917,0.123163074203235,1.00722381106939,334.841608940029,1055.9242699939,0.00662811068043865,13.7534547334276,43.3715710997249,0.92488903293684,14.8703836283534
"multiplicative_gamma",1,"reveal_75","interaction_row_241","gibbs_imc","multiplicative_gamma-001-reveal_75-gibbs_imc",0.544522950716433,0.117867233439132,1.03668353287546,124.460787471314,1311.92937354292,0.0101738724219273,5.07961747903491,53.5437667758926,0.92488903293684,5.49213721661871
"multiplicative_gamma",1,"reveal_75","interaction_row_241","gibbs_mic","multiplicative_gamma-001-reveal_75-gibbs_mic",0.54067432730413,0.117929585625073,1.06791079560948,48.0794107044478,753.721831801893,0.0162033826756073,1.9903713654764,31.2022616245196,0.92488903293684,2.15201099223362
"multiplicative_gamma",1,"reveal_75","interaction_row_241","gibbs_cmi","multiplicative_gamma-001-reveal_75-gibbs_cmi",0.505619361447353,0.118099259825863,1.10970174309861,25.6919017786981,114.367147102754,0.0233427924944701,0.956974774786685,4.25996003660572,0.92488903293684,1.03469145022507
"multiplicative_gamma",1,"reveal_75","interaction_row_385","gibbs_mci","multiplicative_gamma-001-reveal_75-gibbs_mci",1.34712656340211,0.147624396488905,1.03948917934849,163.532843632869,1109.93499187742,0.0120883406475694,6.77884445501861,46.0095751897455,13.5261806690075,0.501164713151507
"multiplicative_gamma",1,"reveal_75","interaction_row_385","gibbs_imc","multiplicative_gamma-001-reveal_75-gibbs_imc",1.33675170645185,0.15029588727983,1.0331773687354,179.780568596715,728.529149793283,0.0112556839665586,7.33738342162742,29.7334564440977,13.5261806690075,0.542457889716018
"multiplicative_gamma",1,"reveal_75","interaction_row_385","gibbs_icm","multiplicative_gamma-001-reveal_75-gibbs_icm",1.34386073695297,0.148993801307362,1.01138634293386,374.910477618735,795.574018844341,0.00771133447522942,15.3992638469866,32.677812324174,13.5261806690075,1.13847834978804
"multiplicative_gamma",1,"reveal_75","interaction_row_385","gibbs_cmi","multiplicative_gamma-001-reveal_75-gibbs_cmi",1.361944358502,0.143955240622714,1.03137263505646,130.265528898632,1105.19149097503,0.0125342968049185,4.85214470513028,41.166293849407,13.5261806690075,0.358722452691171
"multiplicative_gamma",1,"reveal_75","interaction_row_385","gibbs_mic","multiplicative_gamma-001-reveal_75-gibbs_mic",1.35366350821773,0.14688568476574,1.04400945407334,84.3495684313222,470.278233455127,0.0165086690039346,3.4918682079534,19.4683819115387,13.5261806690075,0.258156259582892
"multiplicative_gamma",1,"reveal_75","interaction_row_529","gibbs_mci","multiplicative_gamma-001-reveal_75-gibbs_mci",0.345556491778493,0.0954742594030798,1.01015618951352,498.302218745107,691.281667557078,0.00436663515004191,20.6558704503858,28.6553501723212,17.6029002203204,1.17343563798317
"multiplicative_gamma",1,"reveal_75","interaction_row_529","gibbs_icm","multiplicative_gamma-001-reveal_75-gibbs_icm",0.354469689074982,0.0995593585775333,1.00379050208558,477.946153446723,695.830729206678,0.00463283151923064,19.6314036575504,28.5809056603416,17.6029002203204,1.1152368877765
"multiplicative_gamma",1,"reveal_75","interaction_row_529","gibbs_imc","multiplicative_gamma-001-reveal_75-gibbs_imc",0.343257337513604,0.0963462376842409,1.01360692401718,420.366138019356,1546.110740292,0.00468368443054385,17.1564010292774,63.1014096927598,17.6029002203204,0.974634907574628
"multiplicative_gamma",1,"reveal_75","interaction_row_529","gibbs_mic","multiplicative_gamma-001-reveal_75-gibbs_mic",0.350333230793267,0.0949067216267545,1.01321685556945,425.800184621167,798.080425207094,0.00461029158249312,17.6270982207802,33.038600149325,17.6029002203204,1.0013746598661
"multiplicative_gamma",1,"reveal_75","interaction_row_529","gibbs_cmi","multiplicative_gamma-001-reveal_75-gibbs_cmi",0.354850801431933,0.0934500046810573,1.03583156403936,217.117670967949,1062.59585033341,0.00639034966413254,8.08722281699813,39.5796867558167,17.6029002203204,0.459425589861743
"multiplicative_gamma",1,"reveal_75","interaction_row_672","gibbs_icm","multiplicative_gamma-001-reveal_75-gibbs_icm",-0.0135998165335697,0.0329940752247003,1.03145153831256,161.823103016875,499.632913462088,0.00252483440884153,6.64680452710403,20.5221766804439,9.82342152974685,0.676628250857043
"multiplicative_gamma",1,"reveal_75","interaction_row_672","gibbs_imc","multiplicative_gamma-001-reveal_75-gibbs_imc",-0.0117591391927159,0.0330293497057608,1.04856264289225,71.003365787057,510.776519152545,0.00362427055184796,2.89786000273679,20.8463194495365,9.82342152974685,0.294994976440909
"multiplicative_gamma",1,"reveal_75","interaction_row_672","gibbs_cmi","multiplicative_gamma-001-reveal_75-gibbs_cmi",-0.0139435958439651,0.0336905832707094,1.02931674956994,156.77958957876,886.131835399688,0.00241018355354342,5.83974334483407,33.0067357767977,9.82342152974685,0.594471419876508
"multiplicative_gamma",1,"reveal_75","interaction_row_672","gibbs_mci","multiplicative_gamma-001-reveal_75-gibbs_mci",-0.00972322838369316,0.035789822299678,1.07327726873598,38.2864127495025,454.817133686583,0.00486999513645263,1.58706734992134,18.8533051602795,9.82342152974685,0.161559528430644
"multiplicative_gamma",1,"reveal_75","interaction_row_672","gibbs_mic","multiplicative_gamma-001-reveal_75-gibbs_mic",-0.0133407713211472,0.0317987887415625,1.06813397331116,42.307145118566,336.640258287103,0.00446502131981505,1.75141352535876,13.9360928252651,9.82342152974685,0.178289562354135
"multiplicative_gamma",1,"reveal_75","interaction_row_816","gibbs_mci","multiplicative_gamma-001-reveal_75-gibbs_mci",-0.0326365125182889,0.029490852042856,1.01165836429833,453.307425069055,259.098204998607,0.00154346658018978,18.7907239706954,10.7402671612754,6.80854168378894,2.75987499869992
"multiplicative_gamma",1,"reveal_75","interaction_row_816","gibbs_icm","multiplicative_gamma-001-reveal_75-gibbs_icm",-0.0318209561187233,0.0280009526295135,1.01936050815898,188.217195496783,492.287699043573,0.00198103035543712,7.73092892042976,20.2204756035313,6.80854168378894,1.1354750076418
"multiplicative_gamma",1,"reveal_75","interaction_row_816","gibbs_mic","multiplicative_gamma-001-reveal_75-gibbs_mic",-0.0320621496783285,0.0274726293181874,1.02881028857403,170.629800459774,918.438999125341,0.00196812055553239,7.06366122121934,38.0211541283881,6.80854168378894,1.03747051120181
"multiplicative_gamma",1,"reveal_75","interaction_row_816","gibbs_imc","multiplicative_gamma-001-reveal_75-gibbs_imc",-0.0336254413487287,0.0297517004923565,1.01723337014176,356.42809299152,337.85680715887,0.00158730302134334,14.5468979263537,13.7889481331675,6.80854168378894,2.13656589060617
"multiplicative_gamma",1,"reveal_75","interaction_row_816","gibbs_cmi","multiplicative_gamma-001-reveal_75-gibbs_cmi",-0.0353300091413392,0.0319269468463204,1.01858540647327,355.256953185913,888.131571704591,0.00146626849305686,13.2326499491903,33.0812221739707,6.80854168378894,1.94353659913651
"multiplicative_gamma",1,"reveal_75","interaction_row_960","gibbs_icm","multiplicative_gamma-001-reveal_75-gibbs_icm",0.0380575940063179,0.0399990771064072,1.02564998303841,178.144666161903,271.258336170259,0.00300338731272345,7.31720472200372,11.1418030136474,2.04268930067993,3.58214277598072
"multiplicative_gamma",1,"reveal_75","interaction_row_960","gibbs_mic","multiplicative_gamma-001-reveal_75-gibbs_mic",0.0418759077680924,0.0382771205986933,1.00813350585691,351.316220051132,782.440783571643,0.00201551497017831,14.5436421614147,32.3911567963092,2.04268930067993,7.1198503642104
"multiplicative_gamma",1,"reveal_75","interaction_row_960","gibbs_mci","multiplicative_gamma-001-reveal_75-gibbs_mci",0.0373660402559432,0.0436853173991726,1.03571565025399,149.634468342222,127.56178418241,0.00351084330633989,6.20272211665653,5.28775427716839,2.04268930067993,3.03654702386305
"multiplicative_gamma",1,"reveal_75","interaction_row_960","gibbs_cmi","multiplicative_gamma-001-reveal_75-gibbs_cmi",0.0414628131140577,0.0424872944034879,1.02390762715871,291.440776103287,435.952937597055,0.00251558186922806,10.8556179872346,16.2384228255319,2.04268930067993,5.31437550665253
"multiplicative_gamma",1,"reveal_75","interaction_row_960","gibbs_imc","multiplicative_gamma-001-reveal_75-gibbs_imc",0.0492050294296335,0.0412796437476536,1.01011669754828,488.804921278669,788.929917055185,0.00186014534688891,19.9495927384976,32.1985926477505,2.04268930067993,9.76633731417556
"multiplicative_gamma",1,"reveal_75","interaction_row_97","gibbs_mic","multiplicative_gamma-001-reveal_75-gibbs_mic",-0.632925411092095,0.119321411760142,1.06618938646194,50.9469429329984,616.464044759817,0.0166259740998693,2.10908026713854,25.5201210779855,3.85464295418971,0.547153210350163
"multiplicative_gamma",1,"reveal_75","interaction_row_97","gibbs_imc","multiplicative_gamma-001-reveal_75-gibbs_imc",-0.633175086867268,0.121970007095335,1.03654884071089,92.2761187369919,459.662358295691,0.012703164497797,3.76606475948868,18.7601974653371,3.85464295418971,0.977020389241304
"multiplicative_gamma",1,"reveal_75","interaction_row_97","gibbs_mci","multiplicative_gamma-001-reveal_75-gibbs_mci",-0.632740611270999,0.116143023903899,1.08184855261109,36.0345892851578,556.660304124401,0.0195282394045669,1.4937236480334,23.0749587184712,3.85464295418971,0.387512842508496
"multiplicative_gamma",1,"reveal_75","interaction_row_97","gibbs_cmi","multiplicative_gamma-001-reveal_75-gibbs_cmi",-0.600075228714463,0.121264167506697,1.13245977481249,20.3865706721236,116.762242311902,0.0270241007677512,0.75936121995469,4.34917280559845,3.85464295418971,0.196999107045523
"multiplicative_gamma",1,"reveal_75","interaction_row_97","gibbs_icm","multiplicative_gamma-001-reveal_75-gibbs_icm",-0.643719722768704,0.116707998883832,1.01269915144581,153.146324020478,329.850449315707,0.00949442781551378,6.29041008874056,13.5484453017213,3.85464295418971,1.6319047350166
"multiplicative_gamma",1,"reveal_75","mean_row_1","gibbs_mic","multiplicative_gamma-001-reveal_75-gibbs_mic",0.745571040799645,0.0649430549583333,1.00934849084883,224.129650483986,419.198241128298,0.00433721395440024,9.27842566997792,17.3537937211582,3.05842295316546,3.03372875892615
"multiplicative_gamma",1,"reveal_75","mean_row_1","gibbs_mci","multiplicative_gamma-001-reveal_75-gibbs_mci",0.742673254841153,0.0678069744091612,1.04456188657483,88.4713574278065,528.188464333531,0.00722162313866077,3.66735854036671,21.8947299093654,3.05842295316546,1.1991011696309
"multiplicative_gamma",1,"reveal_75","mean_row_1","gibbs_imc","multiplicative_gamma-001-reveal_75-gibbs_imc",0.746140023396706,0.0662345202119329,1.02890961509879,108.963938914472,652.144750093806,0.0063828893413809,4.44714467857611,26.6159803319649,3.05842295316546,1.45406464268564
"multiplicative_gamma",1,"reveal_75","mean_row_1","gibbs_icm","multiplicative_gamma-001-reveal_75-gibbs_icm",0.740307510258595,0.0711481072871979,1.03024752570676,96.9928444575775,306.308965032133,0.00723409593972163,3.98393347808993,12.5814903898847,3.05842295316546,1.30261037766754
"multiplicative_gamma",1,"reveal_75","mean_row_1","gibbs_cmi","multiplicative_gamma-001-reveal_75-gibbs_cmi",0.736534043804948,0.065910854270026,1.07781621521599,36.8851651974089,340.412387713318,0.0108579912888075,1.37390267804257,12.6797179466353,3.05842295316546,0.449219319591028
"multiplicative_gamma",1,"reveal_75","mean_row_1104","gibbs_mic","multiplicative_gamma-001-reveal_75-gibbs_mic",2.07549681274291,0.071895373527712,1.0200698803768,327.972126796574,1383.98933590636,0.00394476437959946,13.577253137795,57.2938125478708,12.5434860545825,1.08241465560005
"multiplicative_gamma",1,"reveal_75","mean_row_1104","gibbs_icm","multiplicative_gamma-001-reveal_75-gibbs_icm",2.07538964200356,0.0706761734009528,1.00409141803804,781.99525845957,1485.07570564224,0.00252903011728022,32.1200714063735,60.9987556741245,12.5434860545825,2.56069734255727
"multiplicative_gamma",1,"reveal_75","mean_row_1104","gibbs_imc","multiplicative_gamma-001-reveal_75-gibbs_imc",2.08349119727569,0.0725762327898222,1.00585129030532,962.160757620571,1544.02769301059,0.00232880211407426,39.2686620529168,63.0163942947755,12.5434860545825,3.13060196200967
"multiplicative_gamma",1,"reveal_75","mean_row_1104","gibbs_cmi","multiplicative_gamma-001-reveal_75-gibbs_cmi",2.07512687455886,0.072191425801086,1.00652123838194,619.447553296959,1273.38501666205,0.00287953009373248,23.0732503928543,47.4311847380358,12.5434860545825,1.8394607601469
"multiplicative_gamma",1,"reveal_75","mean_row_1104","gibbs_mci","multiplicative_gamma-001-reveal_75-gibbs_mci",2.06633632163169,0.0703359937409039,1.01042221571148,597.523289228289,1193.26945123781,0.0028572969386194,24.7688314221642,49.4639964863956,12.5434860545825,1.97463698005352
"multiplicative_gamma",1,"reveal_75","mean_row_159","gibbs_mci","multiplicative_gamma-001-reveal_75-gibbs_mci",-0.204037764043203,0.0802075481191445,1.01485757471348,971.426837958803,1457.31131989371,0.00258411841999675,40.2680665709999,60.409190842883,42.522144806037,0.94699048589108
"multiplicative_gamma",1,"reveal_75","mean_row_159","gibbs_mic","multiplicative_gamma-001-reveal_75-gibbs_mic",-0.207651584098992,0.0806661610869158,1.01874448756986,546.622326817003,1774.82815039366,0.00350845523891959,22.6288428058041,73.4735945683748,42.522144806037,0.532166072737502
"multiplicative_gamma",1,"reveal_75","mean_row_159","gibbs_icm","multiplicative_gamma-001-reveal_75-gibbs_icm",-0.207398091099269,0.0775629264727914,1.00079459007157,1236.53786640944,1648.97511228403,0.0022059405875621,50.790185920046,67.7308433534883,42.522144806037,1.19444082963649
"multiplicative_gamma",1,"reveal_75","mean_row_159","gibbs_imc","multiplicative_gamma-001-reveal_75-gibbs_imc",-0.196984486079664,0.0809812912602,1.01752569630682,651.790552226053,1569.01564810105,0.00317100528137734,26.6015244562098,64.0362275773835,42.522144806037,0.625592254989759
"multiplicative_gamma",1,"reveal_75","mean_row_159","gibbs_cmi","multiplicative_gamma-001-reveal_75-gibbs_cmi",-0.210794087563503,0.077792045121651,1.00340586269711,1567.00564753378,1868.75372985153,0.00196448641575471,58.3679981947248,69.6075438541188,42.522144806037,1.37264943856826
"multiplicative_gamma",1,"reveal_75","mean_row_316","gibbs_icm","multiplicative_gamma-001-reveal_75-gibbs_icm",0.45359781824185,0.0881377515381475,1.00327566882133,328.541128961973,903.968583247097,0.00484501191160688,13.494665610859,37.1300658525876,7.17960462717946,1.87958339095344
"multiplicative_gamma",1,"reveal_75","mean_row_316","gibbs_imc","multiplicative_gamma-001-reveal_75-gibbs_imc",0.4664285233204,0.0940145897910993,1.02044442639371,368.744783977742,689.817280997957,0.00496423326708412,15.0495789722366,28.1535091420274,7.17960462717946,2.09615706626298
"multiplicative_gamma",1,"reveal_75","mean_row_316","gibbs_mci","multiplicative_gamma-001-reveal_75-gibbs_mci",0.448590440212219,0.09196625533876,1.02658206583154,216.026552622501,831.547334582084,0.00623581641084297,8.95483968755187,34.4697120950955,7.17960462717946,1.24726083852194
"multiplicative_gamma",1,"reveal_75","mean_row_316","gibbs_cmi","multiplicative_gamma-001-reveal_75-gibbs_cmi",0.448744681792277,0.0931177994777413,1.03339792181812,132.53266061709,469.186505387821,0.00825383125739033,4.9365910759895,17.4763104029434,7.17960462717946,0.687585366094018
"multiplicative_gamma",1,"reveal_75","mean_row_316","gibbs_mic","multiplicative_gamma-001-reveal_75-gibbs_mic",0.456973340200974,0.089390363426824,1.01058976460723,356.63318715362,651.291884446753,0.00474141240671993,14.763751745058,26.9619094405843,7.17960462717946,2.05634606802269
"multiplicative_gamma",1,"reveal_75","mean_row_474","gibbs_imc","multiplicative_gamma-001-reveal_75-gibbs_imc",1.36356698772078,0.0725224722968804,1.00112014675098,1619.39681427287,1818.90858202619,0.00180233647519424,66.0924338532717,74.2351066046112,58.939185210529,1.12136660215426
"multiplicative_gamma",1,"reveal_75","mean_row_474","gibbs_cmi","multiplicative_gamma-001-reveal_75-gibbs_cmi",1.36929949861347,0.0713174782804317,1.00289466598165,1496.81517468851,1671.78012225049,0.00184348460253139,55.753535765207,62.270649318378,58.939185210529,0.945950229309364
"multiplicative_gamma",1,"reveal_75","mean_row_474","gibbs_icm","multiplicative_gamma-001-reveal_75-gibbs_icm",1.36251800796831,0.0710244394973454,1.00104921329475,1569.06426796013,1756.339675401,0.00178990343562881,64.4485446463536,72.1407900846546,58.939185210529,1.0934753240335
"multiplicative_gamma",1,"reveal_75","mean_row_474","gibbs_mic","multiplicative_gamma-001-reveal_75-gibbs_mic",1.3607365121253,0.0729461321988795,1.00927405289212,1472.33733140754,1571.66122014953,0.00190692309114069,60.9512059698436,65.0629748364604,58.939185210529,1.03413723403416
"multiplicative_gamma",1,"reveal_75","mean_row_474","gibbs_mci","multiplicative_gamma-001-reveal_75-gibbs_mci",1.36518169108549,0.0728970726451636,1.00512993022191,1678.61902137731,1916.70512483727,0.00176235202204701,69.5829473295189,79.4522104475736,58.939185210529,1.18058889143056
"multiplicative_gamma",1,"reveal_75","mean_row_631","gibbs_mic","multiplicative_gamma-001-reveal_75-gibbs_mic",0.434046489067992,0.102288302480103,1.07908088801964,34.4788829341379,109.010903919183,0.0172637468068383,1.42734239667734,4.51278787544226,9.977216901849,0.143060175068744
"multiplicative_gamma",1,"reveal_75","mean_row_631","gibbs_mci","multiplicative_gamma-001-reveal_75-gibbs_mci",0.421505423777286,0.109616589735823,1.13827766396605,20.0527647390898,25.5441202786154,0.0245508988915759,0.831237138911036,1.05886752937387,9.977216901849,0.0833135279194932
"multiplicative_gamma",1,"reveal_75","mean_row_631","gibbs_imc","multiplicative_gamma-001-reveal_75-gibbs_imc",0.398845008431537,0.0979768850660119,1.0194901577099,287.439383282195,1353.15188370537,0.00562001115060209,11.7312620717572,55.2261808711682,9.977216901849,1.17580505537402
"multiplicative_gamma",1,"reveal_75","mean_row_631","gibbs_icm","multiplicative_gamma-001-reveal_75-gibbs_icm",0.402416268978555,0.104228099435273,1.02915321977357,296.225637719391,1305.24108597128,0.00585001507222156,12.1673226698181,53.612136941234,9.977216901849,1.21951069015681
"multiplicative_gamma",1,"reveal_75","mean_row_631","gibbs_cmi","multiplicative_gamma-001-reveal_75-gibbs_cmi",0.40166973915081,0.100377342143425,1.00147208045944,710.255941589609,1448.42860046301,0.00378199860056181,26.4556911978847,53.9512273424597,9.977216901849,2.65161030958261
"multiplicative_gamma",1,"reveal_75","mean_row_789","gibbs_mci","multiplicative_gamma-001-reveal_75-gibbs_mci",0.348194948336122,0.109379653814365,1.01926278886781,271.26767536466,1819.09044251295,0.00649753095160154,11.2447220761341,75.4058382736259,38.4035062525789,0.292804568472937
"multiplicative_gamma",1,"reveal_75","mean_row_789","gibbs_icm","multiplicative_gamma-001-reveal_75-gibbs_icm",0.331394330637019,0.106711305728614,1.00209296335777,1825.25505573896,1843.31492996472,0.00249533098572722,74.9714555055846,75.7132559748918,38.4035062525789,1.95220340071292
"multiplicative_gamma",1,"reveal_75","mean_row_789","gibbs_mic","multiplicative_gamma-001-reveal_75-gibbs_mic",0.354143317447987,0.106624286260563,1.0123012806032,1079.69016757413,1648.22232256553,0.00319165595043597,44.6965626583098,68.2324193809213,38.4035062525789,1.16386671478228
"multiplicative_gamma",1,"reveal_75","mean_row_789","gibbs_cmi","multiplicative_gamma-001-reveal_75-gibbs_cmi",0.360414157869952,0.107391336249649,1.01120959358239,1088.79054161935,1891.42732557823,0.00324336354208279,40.5553894893044,70.4520924340981,38.4035062525789,1.05603350961166
"multiplicative_gamma",1,"reveal_75","mean_row_789","gibbs_imc","multiplicative_gamma-001-reveal_75-gibbs_imc",0.342581673440765,0.104850123210719,1.0048211369348,1849.21000715906,1878.13463355257,0.00243873512203079,75.471798512736,76.6522991409912,38.4035062525789,1.96523197690231
"multiplicative_gamma",1,"reveal_75","mean_row_946","gibbs_icm","multiplicative_gamma-001-reveal_75-gibbs_icm",2.09946040219591,0.0829723693121237,1.01157058913252,684.166426321415,1427.68247407324,0.00317261507953489,28.1018001446404,58.6413568583439,8.115858923032,3.46257868836166
"multiplicative_gamma",1,"reveal_75","mean_row_946","gibbs_cmi","multiplicative_gamma-001-reveal_75-gibbs_cmi",2.09117099911895,0.088482740512556,1.0105360506856,609.747404884029,1433.22145200451,0.00354622602686198,22.7119382010664,53.3847898090854,8.115858923032,2.79846389845592
"multiplicative_gamma",1,"reveal_75","mean_row_946","gibbs_mci","multiplicative_gamma-001-reveal_75-gibbs_mci",2.08232828067816,0.0957264132301699,1.11166469884955,23.7277695459049,45.0865820259617,0.0200439157099979,0.983575258908344,1.86895133584653,8.115858923032,0.121191763956992
"multiplicative_gamma",1,"reveal_75","mean_row_946","gibbs_mic","multiplicative_gamma-001-reveal_75-gibbs_mic",2.07166692618038,0.0998265262055137,1.13387413867088,20.5527758819345,71.4149870604245,0.0222828585160222,0.8508352327345,2.95640781008547,8.115858923032,0.10483612896719
"multiplicative_gamma",1,"reveal_75","mean_row_946","gibbs_imc","multiplicative_gamma-001-reveal_75-gibbs_imc",2.08891100655493,0.0879025514735803,1.01427229995979,669.102670108552,1276.71534806782,0.00338089248344283,27.3080838343217,52.1065769352629,8.115858923032,3.36478049868808
"multiplicative_gamma",1,"reveal_75","observed_log_likelihood","gibbs_imc","multiplicative_gamma-001-reveal_75-gibbs_imc",249.096299154353,18.0178497747018,1.30194038686916,10.4212025688771,36.0897418890304,5.71867086447347,0.4253204868532,1.47293045012776,0.343529885633404,1.23808875047069
"multiplicative_gamma",1,"reveal_75","observed_log_likelihood","gibbs_mci","multiplicative_gamma-001-reveal_75-gibbs_mci",237.583253058111,23.9583854339119,1.4630148019018,7.95356882973242,12.1065325857972,9.70302092583003,0.329695275648003,0.501845986809701,0.343529885633404,0.959728074429702
"multiplicative_gamma",1,"reveal_75","observed_log_likelihood","gibbs_icm","multiplicative_gamma-001-reveal_75-gibbs_icm",245.439648353473,15.2948810017129,1.10479807697009,31.1432077034366,199.169440860668,2.74706674438476,1.27919197007462,8.18078702294702,0.343529885633404,3.7236701188778
"multiplicative_gamma",1,"reveal_75","observed_log_likelihood","gibbs_mic","multiplicative_gamma-001-reveal_75-gibbs_mic",236.809006055084,19.327696548074,1.3520367914418,9.2085935737729,14.1084687733197,6.80817727614493,0.381213511085152,0.584056498315934,0.343529885633404,1.1096953337328
"multiplicative_gamma",1,"reveal_75","observed_log_likelihood","gibbs_cmi","multiplicative_gamma-001-reveal_75-gibbs_cmi",237.252260563122,16.7245552946446,1.26261136175991,11.9301291183192,23.9146386184882,4.84135066274906,0.44437475763844,0.89077508170329,0.343529885633404,1.29355487316365
"multiplicative_gamma",1,"reveal_75","sigma","gibbs_imc","multiplicative_gamma-001-reveal_75-gibbs_imc",0.181645797491533,0.00554540458280288,1.10202301621081,26.5802634152609,167.200519117568,0.00108093548081805,1.0848201540797,6.82395392692709,0.806113315638544,1.34574151429366
"multiplicative_gamma",1,"reveal_75","sigma","gibbs_cmi","multiplicative_gamma-001-reveal_75-gibbs_cmi",0.184015832930278,0.00548311181550864,1.09126144777589,31.1426897735353,142.334335835753,0.0009743327314836,1.16000632374326,5.30168494937062,0.806113315638544,1.43901149036893
"multiplicative_gamma",1,"reveal_75","sigma","gibbs_mic","multiplicative_gamma-001-reveal_75-gibbs_mic",0.184118124447739,0.00586339037271952,1.13611574298105,20.2030582255796,37.535684229087,0.00134555351455388,0.836357767245391,1.55388658010793,0.806113315638544,1.03751885872632
"multiplicative_gamma",1,"reveal_75","sigma","gibbs_icm","multiplicative_gamma-001-reveal_75-gibbs_icm",0.18236532521401,0.00526706858156746,1.03719212051695,128.651928234234,505.533628665958,0.000456932403523969,5.28431480465924,20.7645456611336,0.806113315638544,6.55530023154796
"multiplicative_gamma",1,"reveal_75","sigma","gibbs_mci","multiplicative_gamma-001-reveal_75-gibbs_mci",0.183983407895777,0.00646716429170148,1.23612694927827,12.6673775622993,16.078747040378,0.0019568899955028,0.525094410640826,0.666504188375806,0.806113315638544,0.651390320013364
"multiplicative_gamma",2,"reveal_25","interaction_row_1104","gibbs_cmi","multiplicative_gamma-002-reveal_25-gibbs_cmi",0.00557710059468434,0.172735847265314,1.03237134344899,388.142837329889,483.602989793361,0.0103199889441325,18.1324319036667,22.5919363633263,18.4908126892402,0.980618440541448
"multiplicative_gamma",2,"reveal_25","interaction_row_1104","gibbs_imc","multiplicative_gamma-002-reveal_25-gibbs_imc",0.00437804479015491,0.155432858214351,1.01411824871634,736.769584580192,1019.47121634631,0.00582241847016205,33.4621484503675,46.3017175195889,18.4908126892402,1.80966348060186
"multiplicative_gamma",2,"reveal_25","interaction_row_1104","gibbs_mic","multiplicative_gamma-002-reveal_25-gibbs_mic",-0.014232599003889,0.170343662887705,1.031192955247,152.851197970908,826.683297930682,0.0128230042112068,7.13790968389409,38.6048051709481,18.4908126892402,0.386024660130144
"multiplicative_gamma",2,"reveal_25","interaction_row_1104","gibbs_icm","multiplicative_gamma-002-reveal_25-gibbs_icm",-0.00748893853105145,0.17148026998481,1.02671250002774,182.089779254245,1126.94250192165,0.010910131369121,8.25579340108108,51.0946001959399,18.4908126892402,0.446480830227929
"multiplicative_gamma",2,"reveal_25","interaction_row_1104","gibbs_mci","multiplicative_gamma-002-reveal_25-gibbs_mci",0.00087797121801999,0.176954046885623,1.01924681086118,706.206429825476,920.553064188284,0.00665758066189623,32.1631566163629,41.9252659374363,18.4908126892402,1.73941281851168
"multiplicative_gamma",2,"reveal_25","interaction_row_241","gibbs_mic","multiplicative_gamma-002-reveal_25-gibbs_mic",-0.000354094371147252,0.106225624263259,1.00943813643644,915.24907333619,1056.22512646657,0.00368003189011453,42.7406870895765,49.3240462532255,36.3692102675703,1.17518875925902
"multiplicative_gamma",2,"reveal_25","interaction_row_241","gibbs_icm","multiplicative_gamma-002-reveal_25-gibbs_icm",-0.00944688325328804,0.114596286307491,1.00561975050842,892.056518282386,921.846767380023,0.00385799864760257,40.4450724647436,41.7957366421845,36.3692102675703,1.11206903221673
"multiplicative_gamma",2,"reveal_25","interaction_row_241","gibbs_cmi","multiplicative_gamma-002-reveal_25-gibbs_cmi",0.000340737495496156,0.118256724900358,1.00519522495426,814.34302861233,1285.79105492862,0.00442416090507948,38.0427463614095,60.06685298181,36.3692102675703,1.04601518926386
"multiplicative_gamma",2,"reveal_25","interaction_row_241","gibbs_mci","multiplicative_gamma-002-reveal_25-gibbs_mci",0.00250981560514679,0.117027523366035,1.01364890849366,763.921207856792,1200.38207913389,0.00419821762724352,34.7916932120416,54.669676145826,36.3692102675703,0.956624929606037
"multiplicative_gamma",2,"reveal_25","interaction_row_241","gibbs_imc","multiplicative_gamma-002-reveal_25-gibbs_imc",-0.011407386292393,0.12215944618223,1.00896872695929,600.694230927126,821.554252807795,0.00506378751080891,27.2819616189992,37.3128464350892,36.3692102675703,0.750138961453503
"multiplicative_gamma",2,"reveal_25","interaction_row_385","gibbs_icm","multiplicative_gamma-002-reveal_25-gibbs_icm",-0.00370321422822585,0.105495962938193,1.00940943360054,723.098171899138,1212.198314118,0.00389595002396213,32.78464689423,54.9600251232316,27.0235108905565,1.21318976749563
"multiplicative_gamma",2,"reveal_25","interaction_row_385","gibbs_cmi","multiplicative_gamma-002-reveal_25-gibbs_cmi",-0.00289905618154082,0.109528985485724,1.01563575224535,512.109312169266,1051.50608218125,0.0046638854974754,23.9236341291819,49.1220257021983,27.0235108905565,0.88528963634929
"multiplicative_gamma",2,"reveal_25","interaction_row_385","gibbs_mci","multiplicative_gamma-002-reveal_25-gibbs_mci",0.00274150365920481,0.107955059831134,1.01830861593715,312.13921196997,812.486998166866,0.0055883781446272,14.2159316832888,37.0035523143813,27.0235108905565,0.526057910863707
"multiplicative_gamma",2,"reveal_25","interaction_row_385","gibbs_imc","multiplicative_gamma-002-reveal_25-gibbs_imc",0.00535253176308862,0.100279938318364,1.00579434844499,1014.18716502304,1487.01746517229,0.00305062074891598,46.0617297221835,67.5364458703011,27.0235108905565,1.70450575088968
"multiplicative_gamma",2,"reveal_25","interaction_row_385","gibbs_mic","multiplicative_gamma-002-reveal_25-gibbs_mic",-0.00923708924438442,0.103376485170198,1.01274296937106,519.719830624875,872.119510729423,0.00445410039023296,24.270095760945,40.7266045918289,27.0235108905565,0.898110384666052
"multiplicative_gamma",2,"reveal_25","interaction_row_529","gibbs_mic","multiplicative_gamma-002-reveal_25-gibbs_mic",0.0521887530407652,0.115815067273501,1.00388715530346,650.623850730819,1222.56932589627,0.00451947564948561,30.3831068801167,57.0920578078021,31.2318320052941,0.972824997104445
"multiplicative_gamma",2,"reveal_25","interaction_row_529","gibbs_icm","multiplicative_gamma-002-reveal_25-gibbs_icm",0.037536288309309,0.117089957949853,1.00228197954724,629.4747626839,1044.99736697352,0.00467599866884447,28.5398423414898,47.3792785171163,31.2318320052941,0.913806219777695
"multiplicative_gamma",2,"reveal_25","interaction_row_529","gibbs_mci","multiplicative_gamma-002-reveal_25-gibbs_mci",0.0432057350926479,0.124182134810191,1.02961653260576,184.815840481466,1079.9050590963,0.00797229779265917,8.41717176670162,49.182723463875,31.2318320052941,0.26950618091423
"multiplicative_gamma",2,"reveal_25","interaction_row_529","gibbs_imc","multiplicative_gamma-002-reveal_25-gibbs_imc",0.0279224246451903,0.113550055973572,1.0195035703944,651.918911531518,854.746794701771,0.00452609868148056,29.6084526992242,38.8203649151499,31.2318320052941,0.948021643245432
"multiplicative_gamma",2,"reveal_25","interaction_row_529","gibbs_cmi","multiplicative_gamma-002-reveal_25-gibbs_cmi",0.0377122501412023,0.117587848334918,1.01134861701862,596.832692782126,718.574482831897,0.00485333559681423,27.8815609073216,33.5688350383957,31.2318320052941,0.892728960074948
"multiplicative_gamma",2,"reveal_25","interaction_row_672","gibbs_mic","multiplicative_gamma-002-reveal_25-gibbs_mic",0.00403160089584124,0.156720354274681,1.01020484925446,376.183806527721,815.008935277095,0.00789389712190801,17.5671899938228,38.0596308619172,21.9705339791194,0.799579564635002
"multiplicative_gamma",2,"reveal_25","interaction_row_672","gibbs_icm","multiplicative_gamma-002-reveal_25-gibbs_icm",0.00649572722646109,0.157188103965034,1.00948443470891,431.322176758302,648.871183249972,0.00757502984365436,19.5557751522625,29.4192593058565,21.9705339791194,0.890091026956747
"multiplicative_gamma",2,"reveal_25","interaction_row_672","gibbs_mci","multiplicative_gamma-002-reveal_25-gibbs_mci",0.0310773961506833,0.159410901039981,1.03873659672062,115.515664828366,777.925455272967,0.0157046322660938,5.26099489130423,35.4294965283496,21.9705339791194,0.239456851449502
"multiplicative_gamma",2,"reveal_25","interaction_row_672","gibbs_imc","multiplicative_gamma-002-reveal_25-gibbs_imc",0.0188062351352615,0.152846869409031,1.01759591952528,437.398604084471,882.366134790571,0.00742161181525289,19.8655011392711,40.0747631388214,21.9705339791194,0.904188362383504
"multiplicative_gamma",2,"reveal_25","interaction_row_672","gibbs_cmi","multiplicative_gamma-002-reveal_25-gibbs_cmi",-0.000357891535242253,0.146538730010632,1.02775354667326,714.243588601761,951.633014202943,0.00549805012300305,33.3665135289995,44.4563680371366,21.9705339791194,1.51869379054286
"multiplicative_gamma",2,"reveal_25","interaction_row_816","gibbs_mic","multiplicative_gamma-002-reveal_25-gibbs_mic",0.0173254269062343,0.148683129191242,1.00635291296122,877.330000552045,1101.6081543726,0.00484872151224517,40.9699262422736,51.4433620235639,20.4931240132955,1.99920354825809
"multiplicative_gamma",2,"reveal_25","interaction_row_816","gibbs_icm","multiplicative_gamma-002-reveal_25-gibbs_icm",0.0273404810581302,0.142226760773288,1.00765080581229,593.812924872359,1085.06278631323,0.00586877677180752,26.9229654004515,49.1958100432186,20.4931240132955,1.31375603753651
"multiplicative_gamma",2,"reveal_25","interaction_row_816","gibbs_imc","multiplicative_gamma-002-reveal_25-gibbs_imc",0.0253966579916549,0.141198518840447,1.01365099055682,810.23701659943,877.973034702437,0.00511257331687888,36.798847152304,39.8752400173693,20.4931240132955,1.79566800690952
"multiplicative_gamma",2,"reveal_25","interaction_row_816","gibbs_cmi","multiplicative_gamma-002-reveal_25-gibbs_cmi",0.0218722931571818,0.14425838419356,1.00528920961297,921.346644274645,1085.24841266851,0.00484316539707657,43.0415137940132,50.6983281635296,20.4931240132955,2.1002905055417
"multiplicative_gamma",2,"reveal_25","interaction_row_816","gibbs_mci","multiplicative_gamma-002-reveal_25-gibbs_mci",0.0229923365536972,0.146987978793774,1.01000474009043,749.669166212317,865.590349944182,0.00548625378078712,34.1426044638303,39.4220681306274,20.4931240132955,1.66605171772148
"multiplicative_gamma",2,"reveal_25","interaction_row_960","gibbs_mic","multiplicative_gamma-002-reveal_25-gibbs_mic",0.00974242549147109,0.156115322380629,1.00971250502811,702.839150551787,1355.88530042599,0.00589258890826181,32.8214789647795,63.317703391519,44.8003063565534,0.732617288452501
"multiplicative_gamma",2,"reveal_25","interaction_row_960","gibbs_cmi","multiplicative_gamma-002-reveal_25-gibbs_cmi",0.0165209552719266,0.162072128200143,1.00948961229361,936.524214816205,1413.53485754395,0.00519466366817316,43.7505472678785,66.034516375967,44.8003063565534,0.976568037720096
"multiplicative_gamma",2,"reveal_25","interaction_row_960","gibbs_icm","multiplicative_gamma-002-reveal_25-gibbs_icm",0.0163403030231511,0.165186092067493,1.00588086948968,971.968296649046,1076.93109371218,0.00541248481633042,44.0682035114728,48.8271261204288,44.8003063565534,0.983658530384726
"multiplicative_gamma",2,"reveal_25","interaction_row_960","gibbs_imc","multiplicative_gamma-002-reveal_25-gibbs_imc",0.00229344055951875,0.144081247012399,1.00478042551063,1040.85880371806,928.987036743732,0.00454895217744014,47.2730858260541,42.1921626280194,44.8003063565534,1.05519559285645
"multiplicative_gamma",2,"reveal_25","interaction_row_960","gibbs_mci","multiplicative_gamma-002-reveal_25-gibbs_mci",0.0130907294186798,0.16183756070821,1.01130910617285,746.516250533994,1247.80653340307,0.00586931852907326,33.9990094518376,56.8295547389479,44.8003063565534,0.758901271371869
"multiplicative_gamma",2,"reveal_25","interaction_row_97","gibbs_cmi","multiplicative_gamma-002-reveal_25-gibbs_cmi",0.00588794694992172,0.0912751924449496,1.00438342655272,868.272073768805,1323.67556610799,0.00310838121558715,40.5620888427921,61.8366610346628,35.0560604218478,1.15706352495652
"multiplicative_gamma",2,"reveal_25","interaction_row_97","gibbs_icm","multiplicative_gamma-002-reveal_25-gibbs_icm",-0.00776578804234621,0.086401502564932,1.00416251035253,1015.90686834885,1318.97967382288,0.00274388334730259,46.060340422055,59.8013997924773,35.0560604218478,1.31390520976365
"multiplicative_gamma",2,"reveal_25","interaction_row_97","gibbs_imc","multiplicative_gamma-002-reveal_25-gibbs_imc",-0.00253849478221667,0.0854403262589212,1.00920413086157,802.423285909188,849.465297029531,0.00318400840759398,36.4439679312011,38.5804930978985,35.0560604218478,1.03959108618173
"multiplicative_gamma",2,"reveal_25","interaction_row_97","gibbs_mic","multiplicative_gamma-002-reveal_25-gibbs_mic",0.00333607256555761,0.0849681171858362,1.00562213807267,818.295584091428,1108.40542616688,0.00293887082462231,38.2131121738783,51.760783887498,35.0560604218478,1.09005723158963
"multiplicative_gamma",2,"reveal_25","interaction_row_97","gibbs_mci","multiplicative_gamma-002-reveal_25-gibbs_mci",0.00500342980012931,0.0915649299749689,1.01000467243521,773.959346683677,1133.45356617228,0.00325560380731154,35.2488658142588,51.6215132382512,35.0560604218478,1.00549991613692
"multiplicative_gamma",2,"reveal_25","mean_row_1","gibbs_mci","multiplicative_gamma-002-reveal_25-gibbs_mci",1.2410890668785,0.122600426550903,1.01861264094904,298.564788149323,870.564883268487,0.00711143789790229,13.5977040647322,39.6486260995806,18.9950394315345,0.715855532374312
"multiplicative_gamma",2,"reveal_25","mean_row_1","gibbs_mic","multiplicative_gamma-002-reveal_25-gibbs_mic",1.23799002537127,0.121172576602908,1.00473911619766,614.00647906948,1083.25815510868,0.00486631844607728,28.6731334206351,50.5864460217,18.9950394315345,1.50950639107564
"multiplicative_gamma",2,"reveal_25","mean_row_1","gibbs_icm","multiplicative_gamma-002-reveal_25-gibbs_icm",1.24453855949841,0.122446687375964,1.00569671458028,525.65707212165,1150.12000415422,0.00534659680698637,23.8328378727625,52.1454481390196,18.9950394315345,1.25468746504398
"multiplicative_gamma",2,"reveal_25","mean_row_1","gibbs_imc","multiplicative_gamma-002-reveal_25-gibbs_imc",1.24062141405697,0.12020230134269,1.00233241105362,394.12347081557,973.788204765295,0.00607150514999764,17.900057717121,44.2269145592376,18.9950394315345,0.942354333174182
"multiplicative_gamma",2,"reveal_25","mean_row_1","gibbs_cmi","multiplicative_gamma-002-reveal_25-gibbs_cmi",1.23009363656901,0.125454050225395,1.00727583365768,348.681791365422,998.147403355084,0.00671988544574757,16.2889746503514,46.6293283824669,18.9950394315345,0.857538343579818
"multiplicative_gamma",2,"reveal_25","mean_row_1104","gibbs_imc","multiplicative_gamma-002-reveal_25-gibbs_imc",3.28924575313436,0.255404254895636,1.0143186957014,556.911517529756,1223.26333933943,0.0109186476267133,25.2934652343426,55.5574229875298,23.2438566190392,1.08817850879464
"multiplicative_gamma",2,"reveal_25","mean_row_1104","gibbs_cmi","multiplicative_gamma-002-reveal_25-gibbs_cmi",3.28717734779349,0.272436488864533,1.02074168089302,222.523949579628,600.35115406371,0.0179345769155868,10.3954008025614,28.045928901416,23.2438566190392,0.447232185817495
"multiplicative_gamma",2,"reveal_25","mean_row_1104","gibbs_mic","multiplicative_gamma-002-reveal_25-gibbs_mic",3.27570242858108,0.271410068662699,1.02042812052117,283.008025323641,1080.71941759824,0.0160298716641102,13.2160280808649,50.4678909871225,23.2438566190392,0.568581552427902
"multiplicative_gamma",2,"reveal_25","mean_row_1104","gibbs_icm","multiplicative_gamma-002-reveal_25-gibbs_icm",3.27209795102852,0.262688336077657,1.01076791514472,557.240074601235,1254.69398378092,0.0110820158631789,25.2647839409337,56.8867421010573,23.2438566190392,1.08694457873394
"multiplicative_gamma",2,"reveal_25","mean_row_1104","gibbs_mci","multiplicative_gamma-002-reveal_25-gibbs_mci",3.29085338415434,0.270892340375261,1.00983226385819,537.549981689149,1355.86265648906,0.0117116140217693,24.4819411435602,61.7508155253025,23.2438566190392,1.05326502158454
"multiplicative_gamma",2,"reveal_25","mean_row_159","gibbs_icm","multiplicative_gamma-002-reveal_25-gibbs_icm",1.33186490725734,0.194703215579701,1.0015318410903,1020.11775823809,1487.23112385575,0.00612364646256267,46.2512585345525,67.4297752926978,29.6824394336335,1.55820274266759
"multiplicative_gamma",2,"reveal_25","mean_row_159","gibbs_imc","multiplicative_gamma-002-reveal_25-gibbs_imc",1.32672663316395,0.203005091365076,1.00449435879731,748.744604137109,1143.11482837488,0.00750473039829594,34.0060225332504,51.917287145739,29.6824394336335,1.14566131295522
"multiplicative_gamma",2,"reveal_25","mean_row_159","gibbs_mic","multiplicative_gamma-002-reveal_25-gibbs_mic",1.32076748887564,0.202377014473528,1.02002224972705,375.518092773206,833.869549645328,0.0105163651678373,17.536102212254,38.9403917831946,29.6824394336335,0.590790465570144
"multiplicative_gamma",2,"reveal_25","mean_row_159","gibbs_cmi","multiplicative_gamma-002-reveal_25-gibbs_cmi",1.34154242978288,0.188588059460175,1.00115810542716,575.695396077228,1111.82699600362,0.00782262024662165,26.8941136166136,51.9399699151463,29.6824394336335,0.906061433284338
"multiplicative_gamma",2,"reveal_25","mean_row_159","gibbs_mci","multiplicative_gamma-002-reveal_25-gibbs_mci",1.33454993577309,0.18737722063244,1.00416426036935,885.314392442439,1438.36706824813,0.006291188000183,40.3203712912713,65.5083603519671,29.6824394336335,1.35839142808403
"multiplicative_gamma",2,"reveal_25","mean_row_316","gibbs_cmi","multiplicative_gamma-002-reveal_25-gibbs_cmi",5.13165693231695,0.17586888550181,1.00642240116743,828.940200308247,1662.93303713308,0.00611650591989617,38.7246659959006,77.6853703229508,48.2334415409445,0.802859276857281
"multiplicative_gamma",2,"reveal_25","mean_row_316","gibbs_imc","multiplicative_gamma-002-reveal_25-gibbs_imc",5.12835296844096,0.16984394132797,1.00352675903096,1415.7862645715,1876.81658385041,0.00451758977637744,64.3013109533792,85.2401028181671,48.2334415409445,1.33312716030837
"multiplicative_gamma",2,"reveal_25","mean_row_316","gibbs_mci","multiplicative_gamma-002-reveal_25-gibbs_mci",5.1405474623832,0.172644107505216,1.00862100993616,1164.57120934857,1627.68039366042,0.0050400637032372,53.0387215625349,74.1303636043371,48.2334415409445,1.09962548530797
"multiplicative_gamma",2,"reveal_25","mean_row_316","gibbs_mic","multiplicative_gamma-002-reveal_25-gibbs_mic",5.13128421863644,0.169442456280529,1.00215925218733,1403.82337671365,1806.32410364985,0.00452589295541276,65.5563358883745,84.3524845264712,48.2334415409445,1.35914696928116
"multiplicative_gamma",2,"reveal_25","mean_row_316","gibbs_icm","multiplicative_gamma-002-reveal_25-gibbs_icm",5.12097470159357,0.174253505376329,1.00376915675764,985.649552662066,1741.4156959624,0.00553161462052338,44.6884998486609,78.9542843653607,48.2334415409445,0.926504483631458
"multiplicative_gamma",2,"reveal_25","mean_row_474","gibbs_mci","multiplicative_gamma-002-reveal_25-gibbs_mci",-0.223914808774613,0.13962871985433,1.01103795627262,722.080942573244,1424.00335031567,0.00523501927305503,32.8861384785375,64.8541854677631,30.7991597557252,1.06776089800386
"multiplicative_gamma",2,"reveal_25","mean_row_474","gibbs_cmi","multiplicative_gamma-002-reveal_25-gibbs_cmi",-0.224909521014925,0.13770879708971,1.00175970638325,1084.03618168477,1378.87507494583,0.00421638722084636,50.6416977335689,64.4153543373744,30.7991597557252,1.6442558217568
"multiplicative_gamma",2,"reveal_25","mean_row_474","gibbs_icm","multiplicative_gamma-002-reveal_25-gibbs_icm",-0.217393968227824,0.138558067902417,1.00718150934289,636.037204345513,1528.28539766225,0.00546504273440505,28.8373777813525,69.2911406266887,30.7991597557252,0.936304042385183
"multiplicative_gamma",2,"reveal_25","mean_row_474","gibbs_imc","multiplicative_gamma-002-reveal_25-gibbs_imc",-0.218860917911577,0.137369528016123,1.00302926518637,1038.74855565729,1665.54073407121,0.00428841275190054,47.1772438757964,75.6445060437466,30.7991597557252,1.53177048497327
"multiplicative_gamma",2,"reveal_25","mean_row_474","gibbs_mic","multiplicative_gamma-002-reveal_25-gibbs_mic",-0.21706726016761,0.140840207550765,1.0010370456744,858.280220066363,1283.08850638022,0.00479077654544934,40.0803315618924,59.9182080125255,30.7991597557252,1.30134496784257
"multiplicative_gamma",2,"reveal_25","mean_row_631","gibbs_icm","multiplicative_gamma-002-reveal_25-gibbs_icm",1.52545954596681,0.220378999497245,1.01208298880898,459.004695281771,1716.73910926341,0.00990381497715427,20.8108766449842,77.8354692266689,29.7449672420658,0.699643622923649
"multiplicative_gamma",2,"reveal_25","mean_row_631","gibbs_mci","multiplicative_gamma-002-reveal_25-gibbs_mci",1.53792554358391,0.218701851474444,1.0059634602009,751.707072102375,1438.24800397203,0.00796177222057331,34.235417957935,65.5029377406768,29.7449672420658,1.15096505836856
"multiplicative_gamma",2,"reveal_25","mean_row_631","gibbs_mic","multiplicative_gamma-002-reveal_25-gibbs_mic",1.52048069265123,0.219590474633416,1.004723830572,786.988954627919,1056.65007450347,0.00791102025891285,36.7511419925245,49.3438906558081,29.7449672420658,1.23554151845057
"multiplicative_gamma",2,"reveal_25","mean_row_631","gibbs_cmi","multiplicative_gamma-002-reveal_25-gibbs_cmi",1.52336001011722,0.220422413859712,1.00600046485473,740.982448568355,1379.69655773964,0.00803230985399658,34.6156427435465,64.4537306241076,29.7449672420658,1.16374788588076
"multiplicative_gamma",2,"reveal_25","mean_row_631","gibbs_imc","multiplicative_gamma-002-reveal_25-gibbs_imc",1.52145592859288,0.22540321585426,1.0076616538018,631.272660228696,1116.12785146981,0.00879213206766767,28.6707539389906,50.691609204733,29.7449672420658,0.963885880447163
"multiplicative_gamma",2,"reveal_25","mean_row_789","gibbs_mic","multiplicative_gamma-002-reveal_25-gibbs_mic",2.39352806917373,0.218243835382133,1.00856967180498,728.086395361175,1202.55348970901,0.00805532616333305,34.0004854469588,56.157349850986,37.2187702707443,0.913530597588948
"multiplicative_gamma",2,"reveal_25","mean_row_789","gibbs_imc","multiplicative_gamma-002-reveal_25-gibbs_imc",2.40828487710659,0.212065138116471,1.00761147610121,672.878712096491,1387.57862840059,0.00815601120077009,30.5603920472563,63.0201938595961,37.2187702707443,0.821101606123678
"multiplicative_gamma",2,"reveal_25","mean_row_789","gibbs_icm","multiplicative_gamma-002-reveal_25-gibbs_icm",2.40186492937111,0.211025497444658,1.00466885717511,723.512556288879,1396.98233211187,0.00786152923522338,32.8034347247406,63.3379729829465,37.2187702707443,0.881368043224298
"multiplicative_gamma",2,"reveal_25","mean_row_789","gibbs_cmi","multiplicative_gamma-002-reveal_25-gibbs_cmi",2.39678847816825,0.22274483763887,1.01586467766979,603.800310679603,1487.38651098673,0.00898006873476451,28.2070592674766,69.4845609168799,37.2187702707443,0.757871876536681
"multiplicative_gamma",2,"reveal_25","mean_row_789","gibbs_mci","multiplicative_gamma-002-reveal_25-gibbs_mci",2.39816512378173,0.221830047409103,1.00939282435353,820.891260157282,1420.45338396375,0.00771751188142584,37.3863123449145,64.6925073536346,37.2187702707443,1.00450154781986
"multiplicative_gamma",2,"reveal_25","mean_row_946","gibbs_imc","multiplicative_gamma-002-reveal_25-gibbs_imc",0.891834947640663,0.272872785394222,1.01571428498166,292.14506963031,299.352031213066,0.0167422677075993,13.2684653297443,13.5957866842159,22.223482639926,0.597047076046784
"multiplicative_gamma",2,"reveal_25","mean_row_946","gibbs_mic","multiplicative_gamma-002-reveal_25-gibbs_mic",0.915592618305651,0.276092614026483,1.01981351283583,301.600202724563,681.57955371621,0.0161284076609064,14.0842534194715,31.828689348847,22.223482639926,0.633755458029257
"multiplicative_gamma",2,"reveal_25","mean_row_946","gibbs_cmi","multiplicative_gamma-002-reveal_25-gibbs_cmi",0.890278125998045,0.275948709683226,1.0094811499207,399.857323293064,738.926370091555,0.014136835476519,18.6796843545298,34.5195912403792,22.223482639926,0.840538121643028
"multiplicative_gamma",2,"reveal_25","mean_row_946","gibbs_icm","multiplicative_gamma-002-reveal_25-gibbs_icm",0.890098615121153,0.276265881511254,1.03623545248499,118.995626688065,326.132430060508,0.0265756501806159,5.39515899020966,14.7865628427869,22.223482639926,0.242768385028767
"multiplicative_gamma",2,"reveal_25","mean_row_946","gibbs_mci","multiplicative_gamma-002-reveal_25-gibbs_mci",0.866175306954971,0.28031529735535,1.0286096175613,162.042704081223,543.425485450585,0.0216743270435071,7.38000200761597,24.7495325158531,22.223482639926,0.332081255093534
"multiplicative_gamma",2,"reveal_25","observed_log_likelihood","gibbs_mic","multiplicative_gamma-002-reveal_25-gibbs_mic",-23.8091437403656,14.3097519871673,1.03916792629906,79.0033922691357,278.778289899272,1.59912283346095,3.68933371948892,13.0185061127894,3.22906625477733,1.14253887297315
"multiplicative_gamma",2,"reveal_25","observed_log_likelihood","gibbs_icm","multiplicative_gamma-002-reveal_25-gibbs_icm",-26.3822864676219,13.5789099435131,1.02594036436176,129.770121050986,501.539902991816,1.19391954687149,5.88366526346506,22.7393862437348,3.22906625477733,1.82209493371662
"multiplicative_gamma",2,"reveal_25","observed_log_likelihood","gibbs_cmi","multiplicative_gamma-002-reveal_25-gibbs_cmi",-25.5297506681681,14.4128331626558,1.07157531243612,45.5898555535274,293.953817809811,2.18144985282269,2.12976995017881,13.7323095304967,3.22906625477733,0.659562171270986
"multiplicative_gamma",2,"reveal_25","observed_log_likelihood","gibbs_mci","multiplicative_gamma-002-reveal_25-gibbs_mci",-24.9189259915876,14.4231846621687,1.05093849190607,92.4380841495639,371.907233735084,1.50371612536405,4.2099596552154,16.9379803131159,3.22906625477733,1.30376998272701
"multiplicative_gamma",2,"reveal_25","observed_log_likelihood","gibbs_imc","multiplicative_gamma-002-reveal_25-gibbs_imc",-28.5815777178345,15.3127872089537,1.098741349877,34.701977244037,165.48264499471,2.67581517066276,1.57607308765723,7.51578912683759,3.22906625477733,0.488089423784807
"multiplicative_gamma",2,"reveal_25","sigma","gibbs_icm","multiplicative_gamma-002-reveal_25-gibbs_icm",0.254149890416035,0.0130233482148451,1.02826128257351,155.974933035598,654.291343263909,0.00104497715909004,7.07176881735573,29.6650046818964,8.14150645848043,0.868606916105749
"multiplicative_gamma",2,"reveal_25","sigma","gibbs_mic","multiplicative_gamma-002-reveal_25-gibbs_mic",0.252447443296506,0.0131931849648888,1.03217815985776,107.599146532043,578.031636590717,0.00127454120701181,5.024710307838,26.9931650598075,8.14150645848043,0.617172059429384
"multiplicative_gamma",2,"reveal_25","sigma","gibbs_mci","multiplicative_gamma-002-reveal_25-gibbs_mci",0.253203499293702,0.0134832445705885,1.03645845031247,126.039330910436,564.180049446658,0.00121196638129362,5.7402801343734,25.6947692966553,8.14150645848043,0.705063634555513
"multiplicative_gamma",2,"reveal_25","sigma","gibbs_cmi","multiplicative_gamma-002-reveal_25-gibbs_cmi",0.253602091948186,0.0133618180814529,1.05701395925493,53.781202923156,756.632850636243,0.00185079787965623,2.51243590223097,35.3467649554445,8.14150645848043,0.308595947819208
"multiplicative_gamma",2,"reveal_25","sigma","gibbs_imc","multiplicative_gamma-002-reveal_25-gibbs_imc",0.255680755295628,0.0138895518534117,1.06247496910751,57.9848721220776,375.917029142751,0.00181564342512688,2.63352130629837,17.0731687320715,8.14150645848043,0.323468552132046
"multiplicative_gamma",2,"reveal_75","interaction_row_1104","gibbs_mic","multiplicative_gamma-002-reveal_75-gibbs_mic",-0.0258589738097414,0.0787492486896937,1.00804077894882,900.916596883703,1171.22195597173,0.00275963576995532,36.7466083486438,47.7718299943602,28.5463320819096,1.28726199370219
"multiplicative_gamma",2,"reveal_75","interaction_row_1104","gibbs_imc","multiplicative_gamma-002-reveal_75-gibbs_imc",-0.0267505042679526,0.0767675485274658,1.02140007174922,360.554588528795,793.755807559336,0.00465145312367531,14.8364162837953,32.6621598041039,28.5463320819096,0.519731089837542
"multiplicative_gamma",2,"reveal_75","interaction_row_1104","gibbs_mci","multiplicative_gamma-002-reveal_75-gibbs_mci",-0.0276276479456906,0.0822049464711772,1.01626750053521,499.117156314694,1162.75943967333,0.00397741671209923,21.2598354267876,49.5275989126943,28.5463320819096,0.74474840991079
"multiplicative_gamma",2,"reveal_75","interaction_row_1104","gibbs_icm","multiplicative_gamma-002-reveal_75-gibbs_icm",-0.0314981240722294,0.0795122781093308,1.0079575323496,593.764590954236,1002.65295771291,0.00334337863756406,24.6426474768307,41.6124904632873,28.5463320819096,0.863250921558753
"multiplicative_gamma",2,"reveal_75","interaction_row_1104","gibbs_cmi","multiplicative_gamma-002-reveal_75-gibbs_cmi",-0.0292672053393855,0.0759525304776836,1.01049753169986,767.809611502313,1110.19882340248,0.0027070189942239,31.449562198014,45.4738602196477,28.5463320819096,1.10170238711488
"multiplicative_gamma",2,"reveal_75","interaction_row_241","gibbs_mic","multiplicative_gamma-002-reveal_75-gibbs_mic",0.140288210764997,0.0925758556546981,1.00699755202069,482.163424408753,845.783156184034,0.00420217093521125,19.6664936333463,34.4978242111201,19.9313310130894,0.986712509085862
"multiplicative_gamma",2,"reveal_75","interaction_row_241","gibbs_imc","multiplicative_gamma-002-reveal_75-gibbs_imc",0.141843983271792,0.100231428002884,1.02296855282093,163.70824447844,583.218053212297,0.00771390816932208,6.73641035628505,23.998767723327,19.9313310130894,0.337980958314378
"multiplicative_gamma",2,"reveal_75","interaction_row_241","gibbs_mci","multiplicative_gamma-002-reveal_75-gibbs_mci",0.158032222831025,0.0987918761351736,1.02407463284,310.618450774127,767.65662966563,0.00598190032020786,13.2307556661467,32.6982420950559,19.9313310130894,0.663816965232162
"multiplicative_gamma",2,"reveal_75","interaction_row_241","gibbs_icm","multiplicative_gamma-002-reveal_75-gibbs_icm",0.14757620125025,0.0944557512829418,1.00327407096489,658.568848180164,1365.94042861412,0.00367127771536849,27.3321787997577,56.6897874502644,19.9313310130894,1.37131728843437
"multiplicative_gamma",2,"reveal_75","interaction_row_241","gibbs_cmi","multiplicative_gamma-002-reveal_75-gibbs_cmi",0.148669158771926,0.0948188314029094,1.00904391161088,347.939372251619,651.408132507921,0.0050499944200238,14.2516331716073,26.6817454127927,19.9313310130894,0.715036700873004
"multiplicative_gamma",2,"reveal_75","interaction_row_385","gibbs_imc","multiplicative_gamma-002-reveal_75-gibbs_imc",0.154758980870579,0.104854640316065,1.01418249613038,224.943272939777,527.185213748188,0.00662207797368649,9.2561629882222,21.6930793246722,17.7246424110705,0.522220012881105
"multiplicative_gamma",2,"reveal_75","interaction_row_385","gibbs_mic","multiplicative_gamma-002-reveal_75-gibbs_mic",0.143795226864204,0.0995100300280863,1.00847486432053,483.757564586476,879.502475892838,0.00456166242178937,19.7315154621885,35.8731686541109,17.7246424110705,1.11322502336434
"multiplicative_gamma",2,"reveal_75","interaction_row_385","gibbs_icm","multiplicative_gamma-002-reveal_75-gibbs_icm",0.160648624821374,0.100359836560144,1.01544771605868,385.394756573573,1115.34268974599,0.00519085366211954,15.9948020989239,46.2893832639962,17.7246424110705,0.902404783575994
"multiplicative_gamma",2,"reveal_75","interaction_row_385","gibbs_mci","multiplicative_gamma-002-reveal_75-gibbs_mci",0.17236053963137,0.102158573981908,1.02236668683012,406.613486198926,902.471756371978,0.00499738093824895,17.3196526898209,38.4406762521606,17.7246424110705,0.977151035724329
"multiplicative_gamma",2,"reveal_75","interaction_row_385","gibbs_cmi","multiplicative_gamma-002-reveal_75-gibbs_cmi",0.153810072696168,0.09550757742974,1.00895222810903,458.657539712237,1209.41648510952,0.00438813957227834,18.7866609204652,49.5378260469205,17.7246424110705,1.05991762681381
"multiplicative_gamma",2,"reveal_75","interaction_row_529","gibbs_imc","multiplicative_gamma-002-reveal_75-gibbs_imc",-0.101631904661224,0.113135822856226,1.03968401109831,107.349525943986,190.823162715259,0.0110078176213601,4.41731239996648,7.85215878179814,1.92176588534311,2.29856947386587
"multiplicative_gamma",2,"reveal_75","interaction_row_529","gibbs_mci","multiplicative_gamma-002-reveal_75-gibbs_mci",-0.105241611507807,0.111452495699412,1.01705524820585,267.620599092394,527.582924805595,0.00702708126236742,11.3992673294029,22.4723314224813,1.92176588534311,5.93166286088368
"multiplicative_gamma",2,"reveal_75","interaction_row_529","gibbs_icm","multiplicative_gamma-002-reveal_75-gibbs_icm",-0.099148198067271,0.105274338436081,1.02316061093997,199.227172047585,630.739249023369,0.00789008240587324,8.26840307315148,26.1771840225511,1.92176588534311,4.30250278465905
"multiplicative_gamma",2,"reveal_75","interaction_row_529","gibbs_cmi","multiplicative_gamma-002-reveal_75-gibbs_cmi",-0.0793549429895421,0.124811178440205,1.0674874413105,44.7340318217406,781.26280391784,0.0183253733007527,1.83231063413372,32.0006063700271,1.92176588534311,0.953451535438502
"multiplicative_gamma",2,"reveal_75","interaction_row_529","gibbs_mic","multiplicative_gamma-002-reveal_75-gibbs_mic",-0.0699207404224629,0.128606916551754,1.02547642875026,90.4074525305279,790.386142492018,0.0135342820243843,3.68754140109017,32.2382894518912,1.92176588534311,1.91882967078053
"multiplicative_gamma",2,"reveal_75","interaction_row_672","gibbs_mci","multiplicative_gamma-002-reveal_75-gibbs_mci",0.0232394468118543,0.0784860552554925,1.01222369404743,851.954043165127,1226.41093518381,0.00272764671780111,36.2888803154203,52.2388267318569,39.0857349819432,0.928443083702662
"multiplicative_gamma",2,"reveal_75","interaction_row_672","gibbs_cmi","multiplicative_gamma-002-reveal_75-gibbs_cmi",0.0168843023761525,0.0703676125107482,1.00932716251538,927.283747576258,1155.88537707514,0.00235649513680322,37.9816395337207,47.3451862486747,39.0857349819432,0.971751958899263
"multiplicative_gamma",2,"reveal_75","interaction_row_672","gibbs_icm","multiplicative_gamma-002-reveal_75-gibbs_icm",0.0188244034460774,0.0749134678677318,1.0200312777145,945.649229400133,1091.99074003783,0.00253661380226961,39.2466997053385,45.3202216243133,39.0857349819432,1.00411824732143
"multiplicative_gamma",2,"reveal_75","interaction_row_672","gibbs_mic","multiplicative_gamma-002-reveal_75-gibbs_mic",0.0196467310514665,0.0746568940214744,1.00325056351243,1056.46964716431,1421.39494322415,0.00231373048974764,43.0913099956892,57.9758919616654,39.0857349819432,1.10248176260716
"multiplicative_gamma",2,"reveal_75","interaction_row_672","gibbs_imc","multiplicative_gamma-002-reveal_75-gibbs_imc",0.0127926511293165,0.0724489572844158,1.01206733996303,834.301669829231,1304.78579365978,0.00248329365138473,34.3305764887345,53.690469659278,39.0857349819432,0.878340307649186
"multiplicative_gamma",2,"reveal_75","interaction_row_816","gibbs_mic","multiplicative_gamma-002-reveal_75-gibbs_mic",0.0418248532896239,0.0840146544565519,1.01722840996596,461.299358115266,1169.41798802267,0.0037556773030634,18.8154895833611,47.6982497052113,4.58145571206989,4.10688016339251
"multiplicative_gamma",2,"reveal_75","interaction_row_816","gibbs_imc","multiplicative_gamma-002-reveal_75-gibbs_imc",0.0375797164664528,0.0792315529314711,1.03326713162927,137.976723896695,889.861099594638,0.00611363034423975,5.67758719021867,36.6167846100993,4.58145571206989,1.23925397232609
"multiplicative_gamma",2,"reveal_75","interaction_row_816","gibbs_cmi","multiplicative_gamma-002-reveal_75-gibbs_cmi",0.0355551006712255,0.0783176574390888,1.0636187713067,47.4654612555468,843.639094090222,0.0109041747804672,1.94419027015429,34.5555457561326,4.58145571206989,0.424360812881438
"multiplicative_gamma",2,"reveal_75","interaction_row_816","gibbs_mci","multiplicative_gamma-002-reveal_75-gibbs_mci",0.0413486840355783,0.0829993950851994,1.00681265440129,600.864323519671,1235.0338452633,0.00327341365854688,25.5937438139314,52.6061185527663,4.58145571206989,5.58637809081172
"multiplicative_gamma",2,"reveal_75","interaction_row_816","gibbs_icm","multiplicative_gamma-002-reveal_75-gibbs_icm",0.0316522237001783,0.0789893209202797,1.03443573697089,96.4298477402484,1317.21110777255,0.00832941943879564,4.00206880017631,54.667404348311,4.58145571206989,0.873536502739254
"multiplicative_gamma",2,"reveal_75","interaction_row_960","gibbs_mic","multiplicative_gamma-002-reveal_75-gibbs_mic",0.00696684535329578,0.0783422760788412,1.0147678690102,743.997881185309,1338.63722160233,0.00287158784064754,30.3462039068935,54.6003679733379,18.6178605364236,1.62995118840453
"multiplicative_gamma",2,"reveal_75","interaction_row_960","gibbs_imc","multiplicative_gamma-002-reveal_75-gibbs_imc",0.0087769033045698,0.0754290994874725,1.01388303977091,657.148355976307,1057.65011427563,0.00293565745955223,27.0409166314008,43.5211140760278,18.6178605364236,1.45241804655795
"multiplicative_gamma",2,"reveal_75","interaction_row_960","gibbs_mci","multiplicative_gamma-002-reveal_75-gibbs_mci",0.0149144427960756,0.0806857940417613,1.01042721451401,831.655966821838,1127.64878856228,0.00281475924681844,35.4242861874104,48.0320649385473,18.6178605364236,1.90270445511755
"multiplicative_gamma",2,"reveal_75","interaction_row_960","gibbs_icm","multiplicative_gamma-002-reveal_75-gibbs_icm",0.0141747794519945,0.0775702249906167,1.0074543862156,782.531092231018,1338.36392977007,0.00278306792764405,32.4769077497828,55.5452969400319,18.6178605364236,1.74439526422736
"multiplicative_gamma",2,"reveal_75","interaction_row_960","gibbs_cmi","multiplicative_gamma-002-reveal_75-gibbs_cmi",0.0125187973249933,0.0769091154181169,1.02207285569869,630.156896268233,1106.00450855234,0.00302344578710927,25.8112925480558,45.3020606435793,18.6178605364236,1.38637264456671
"multiplicative_gamma",2,"reveal_75","interaction_row_97","gibbs_cmi","multiplicative_gamma-002-reveal_75-gibbs_cmi",0.204469844916645,0.114271564941853,1.0205150652623,327.427231385228,344.693338232738,0.00640569731563643,13.4114537308605,14.1186752778217,9.22421550119066,1.45393976638223
"multiplicative_gamma",2,"reveal_75","interaction_row_97","gibbs_mci","multiplicative_gamma-002-reveal_75-gibbs_mci",0.21818761981683,0.109593364108566,1.00564538328275,433.615371033491,1109.14223950097,0.00524346295601987,18.4697947366993,47.2437807003008,9.22421550119066,2.0023160489166
"multiplicative_gamma",2,"reveal_75","interaction_row_97","gibbs_mic","multiplicative_gamma-002-reveal_75-gibbs_mic",0.216393860749583,0.113828173130367,1.01171086958713,459.737934596445,777.267016487914,0.00531287981370637,18.7518022024083,31.7031862172334,9.22421550119066,2.0328885638012
"multiplicative_gamma",2,"reveal_75","interaction_row_97","gibbs_icm","multiplicative_gamma-002-reveal_75-gibbs_icm",0.204558917649962,0.110479467273954,1.01172630125952,481.520451808465,897.825316391051,0.00485203699692759,19.9842478443023,37.2618931890869,9.22421550119066,2.1664983696145
"multiplicative_gamma",2,"reveal_75","interaction_row_97","gibbs_imc","multiplicative_gamma-002-reveal_75-gibbs_imc",0.198014789134584,0.117574760646032,1.01688587750703,188.29961232775,188.600447239881,0.00858414574166646,7.7483175182186,7.76069653690559,9.22421550119066,0.839997452056324
"multiplicative_gamma",2,"reveal_75","mean_row_1","gibbs_cmi","multiplicative_gamma-002-reveal_75-gibbs_cmi",1.07758966080435,0.0825954799229231,1.03031205659467,119.065452402013,528.611261108653,0.0075880173978343,4.876933415336,21.6519726840605,8.2511997022348,0.591057493616971
"multiplicative_gamma",2,"reveal_75","mean_row_1","gibbs_mic","multiplicative_gamma-002-reveal_75-gibbs_mic",1.06864875207914,0.0813292828616988,1.02152677604536,148.889321067723,539.459458820775,0.00669616185274377,6.07290129574264,22.0034856964871,8.2511997022348,0.736002219664835
"multiplicative_gamma",2,"reveal_75","mean_row_1","gibbs_imc","multiplicative_gamma-002-reveal_75-gibbs_imc",1.07514945209844,0.0808776947312748,1.01040822458324,175.77796676226,624.944375580268,0.00607530196663307,7.23306586956874,25.7157590149068,8.2511997022348,0.876607781970141
"multiplicative_gamma",2,"reveal_75","mean_row_1","gibbs_icm","multiplicative_gamma-002-reveal_75-gibbs_icm",1.06815780745381,0.0817843038282109,1.00487879034182,193.393393175247,667.691057275014,0.00586341649399212,8.02628732829412,27.7107722463172,8.2511997022348,0.972741857904644
"multiplicative_gamma",2,"reveal_75","mean_row_1","gibbs_mci","multiplicative_gamma-002-reveal_75-gibbs_mci",1.07752858265857,0.0809282001307654,1.0182520811901,137.204355036885,344.991789472645,0.00690537193371897,5.84420305136451,14.6948839064891,8.2511997022348,0.708285250904984
"multiplicative_gamma",2,"reveal_75","mean_row_1104","gibbs_imc","multiplicative_gamma-002-reveal_75-gibbs_imc",3.34667705956191,0.139162045990347,1.01755285061357,392.851988856439,1148.84889562991,0.00703169910431834,16.1654180255303,47.2738414792981,25.7145902567785,0.628647700161933
"multiplicative_gamma",2,"reveal_75","mean_row_1104","gibbs_icm","multiplicative_gamma-002-reveal_75-gibbs_icm",3.34222704249689,0.139745032451456,1.00557882630271,732.13422929638,1109.07232552942,0.00516243511076587,30.3853176715658,46.0291481854917,25.7145902567785,1.18163724827605
"multiplicative_gamma",2,"reveal_75","mean_row_1104","gibbs_mci","multiplicative_gamma-002-reveal_75-gibbs_mci",3.34230826784915,0.137164297626733,1.00784425661839,812.751690010958,1598.22742077613,0.0047794509759493,34.6190607833605,68.0763053531595,25.7145902567785,1.34628086380784
"multiplicative_gamma",2,"reveal_75","mean_row_1104","gibbs_cmi","multiplicative_gamma-002-reveal_75-gibbs_cmi",3.34358269481868,0.133098401602544,1.0029995997555,1072.66090439823,1435.06506329747,0.00405450886524298,43.9363031210877,58.7804154705282,25.7145902567785,1.70861377460626
"multiplicative_gamma",2,"reveal_75","mean_row_1104","gibbs_mic","multiplicative_gamma-002-reveal_75-gibbs_mic",3.34825336798954,0.138249733288846,1.00573352693302,1041.00119892163,1581.17981660104,0.00422788987758513,42.4603825476865,64.4932013134167,25.7145902567785,1.65121754318033
"multiplicative_gamma",2,"reveal_75","mean_row_159","gibbs_mic","multiplicative_gamma-002-reveal_75-gibbs_mic",1.5655551627833,0.101201254582944,1.00691440221009,625.308549440272,923.687024259038,0.00409746459788313,25.5051005196505,37.6753691014005,20.7481420315726,1.22927154059574
"multiplicative_gamma",2,"reveal_75","mean_row_159","gibbs_icm","multiplicative_gamma-002-reveal_75-gibbs_icm",1.56360722786359,0.105515584051252,1.0117513161847,381.582540508026,1190.3597790876,0.00549929754355223,15.8365860347801,49.4027714914962,20.7481420315726,0.763277309875814
"multiplicative_gamma",2,"reveal_75","mean_row_159","gibbs_cmi","multiplicative_gamma-002-reveal_75-gibbs_cmi",1.55905653762768,0.101846025311711,1.00869032842946,515.832681021867,1108.29512126483,0.00449922635878122,21.1285607037711,45.3958843804715,20.7481420315726,1.01833507171965
"multiplicative_gamma",2,"reveal_75","mean_row_159","gibbs_imc","multiplicative_gamma-002-reveal_75-gibbs_imc",1.55592392879212,0.0991665544478629,1.01183334233515,583.053068338867,1279.93719248179,0.00415957785849506,23.9919787811235,52.6679776348358,20.7481420315726,1.15634348100253
"multiplicative_gamma",2,"reveal_75","mean_row_159","gibbs_mci","multiplicative_gamma-002-reveal_75-gibbs_mci",1.56244366143339,0.10352849105451,1.00659635485527,594.551481650385,1212.25214896081,0.00424683348328865,25.3248490714479,51.6357349303918,20.7481420315726,1.22058394592204
"multiplicative_gamma",2,"reveal_75","mean_row_316","gibbs_icm","multiplicative_gamma-002-reveal_75-gibbs_icm",5.17625590311603,0.161330824966758,1.01558368963583,555.578543819527,1422.92069231147,0.00683850814800366,23.0578353940455,59.0546043706772,17.6459399721614,1.30669351875967
"multiplicative_gamma",2,"reveal_75","mean_row_316","gibbs_mic","multiplicative_gamma-002-reveal_75-gibbs_mic",5.17895303775428,0.163872530411634,1.01028691302187,834.814987428237,1073.13026134225,0.00567922310289617,34.0504542736972,43.7708635372293,17.6459399721614,1.92964808490882
"multiplicative_gamma",2,"reveal_75","mean_row_316","gibbs_imc","multiplicative_gamma-002-reveal_75-gibbs_imc",5.18873018983698,0.163761130022859,1.00448167383619,615.377218994597,1389.61120427086,0.00660198004215524,25.3220812688089,57.1809400160832,17.6459399721614,1.43500892039515
"multiplicative_gamma",2,"reveal_75","mean_row_316","gibbs_mci","multiplicative_gamma-002-reveal_75-gibbs_mci",5.1804861261901,0.174360273807199,1.01678343716369,240.562702808611,825.909653467394,0.0112688323691452,10.2467394815611,35.1795226590872,17.6459399721614,0.580685386991374
"multiplicative_gamma",2,"reveal_75","mean_row_316","gibbs_cmi","multiplicative_gamma-002-reveal_75-gibbs_cmi",5.1856807813732,0.158981595025417,1.03631854064295,94.2048946834095,1397.86034045171,0.0164032518503525,3.85864236435691,57.2565061215577,17.6459399721614,0.218670264686629
"multiplicative_gamma",2,"reveal_75","mean_row_474","gibbs_icm","multiplicative_gamma-002-reveal_75-gibbs_icm",-0.324192503397655,0.111404396213642,1.01857393419827,237.434119925952,940.494858504834,0.00734244908711774,9.85408258667575,39.0327810128588,19.2005780653225,0.513218016309253
"multiplicative_gamma",2,"reveal_75","mean_row_474","gibbs_mci","multiplicative_gamma-002-reveal_75-gibbs_mci",-0.339043361497445,0.115093886436915,1.01600793662763,237.316258423223,1155.87990752733,0.00755304893747637,10.1084575722291,49.2345660658231,19.2005780653225,0.526466314599435
"multiplicative_gamma",2,"reveal_75","mean_row_474","gibbs_mic","multiplicative_gamma-002-reveal_75-gibbs_mic",-0.326058245991447,0.113070874918118,1.01951951928947,233.58009903253,1665.19331225119,0.00748220055940952,9.52727083381039,67.9199458437489,19.2005780653225,0.496197083306428
"multiplicative_gamma",2,"reveal_75","mean_row_474","gibbs_imc","multiplicative_gamma-002-reveal_75-gibbs_imc",-0.317980105636651,0.111758231646797,1.00235469216328,611.026171053986,1101.65723642176,0.0045313891219407,25.1430405338648,45.3319577163097,19.2005780653225,1.30949393545993
"multiplicative_gamma",2,"reveal_75","mean_row_474","gibbs_cmi","multiplicative_gamma-002-reveal_75-gibbs_cmi",-0.328805225172159,0.114063290233229,1.03703293366794,89.2087718020986,1270.90291047566,0.0120991514135586,3.65400064725562,52.0563164772532,19.2005780653225,0.19030680403602
"multiplicative_gamma",2,"reveal_75","mean_row_631","gibbs_mic","multiplicative_gamma-002-reveal_75-gibbs_mic",1.57574752679467,0.123612708969469,1.00952953624184,767.05547701207,1439.82892682691,0.00446345488293761,31.2866776935216,58.7277777389935,18.3749703400274,1.70267908543872
"multiplicative_gamma",2,"reveal_75","mean_row_631","gibbs_cmi","multiplicative_gamma-002-reveal_75-gibbs_cmi",1.58119066658807,0.123523572340739,1.02583837246462,247.391979220717,798.397021623036,0.00789830093506236,10.1332014098762,32.7024257238894,18.3749703400274,0.551467633545092
"multiplicative_gamma",2,"reveal_75","mean_row_631","gibbs_icm","multiplicative_gamma-002-reveal_75-gibbs_icm",1.57344811315816,0.123301353317531,1.02271231353753,233.954285151521,941.117367103046,0.0080975584596834,9.70966113930361,39.0586166052312,18.3749703400274,0.528417785695816
"multiplicative_gamma",2,"reveal_75","mean_row_631","gibbs_imc","multiplicative_gamma-002-reveal_75-gibbs_imc",1.58254833056338,0.124346791628525,1.01269732558354,384.759231212972,1062.5163417337,0.00629660387355507,15.8324101396169,43.721353869381,18.3749703400274,0.861629153497357
"multiplicative_gamma",2,"reveal_75","mean_row_631","gibbs_mci","multiplicative_gamma-002-reveal_75-gibbs_mci",1.58398688164764,0.121615733906859,1.01130665532613,515.529016625377,1436.99200740887,0.00538653173643418,21.9588966488638,61.2085022536469,18.3749703400274,1.19504392347395
"multiplicative_gamma",2,"reveal_75","mean_row_789","gibbs_mic","multiplicative_gamma-002-reveal_75-gibbs_mic",2.50753298566503,0.122161726182292,1.0053996031777,1178.09383394015,1574.30886890566,0.00357664676962042,48.0521203222313,64.2129489295452,38.3262780973476,1.25376432848972
"multiplicative_gamma",2,"reveal_75","mean_row_789","gibbs_cmi","multiplicative_gamma-002-reveal_75-gibbs_cmi",2.49831446004227,0.119754331702822,1.00788201567045,1007.12564590641,1659.40267752136,0.00376749452737483,41.2519720613749,67.9693076727026,38.3262780973476,1.07633650094059
"multiplicative_gamma",2,"reveal_75","mean_row_789","gibbs_imc","multiplicative_gamma-002-reveal_75-gibbs_imc",2.50155373502873,0.120286321572789,1.00438860419073,1119.52784824482,1462.45069588535,0.00360070524477574,46.0673133176206,60.1782032707323,38.3262780973476,1.20197722305858
"multiplicative_gamma",2,"reveal_75","mean_row_789","gibbs_mci","multiplicative_gamma-002-reveal_75-gibbs_mci",2.50058714421546,0.121882596885675,1.00164751165683,1057.14957185227,1337.72716522119,0.00373106041271719,45.0291592559641,56.9803282029725,38.3262780973476,1.174889957788
"multiplicative_gamma",2,"reveal_75","mean_row_789","gibbs_icm","multiplicative_gamma-002-reveal_75-gibbs_icm",2.48797321996458,0.121723040831668,1.00375878010806,1214.14913440656,1736.78056395921,0.00349612672415868,50.3900865078464,72.0805380352443,38.3262780973476,1.31476597805446
"multiplicative_gamma",2,"reveal_75","mean_row_946","gibbs_cmi","multiplicative_gamma-002-reveal_75-gibbs_cmi",0.670105374206514,0.133347722819795,1.05421765789551,52.5994895301301,1297.7238181607,0.0185646765779727,2.15448060662448,53.1549036684157,6.73266348936866,0.320004201907099
"multiplicative_gamma",2,"reveal_75","mean_row_946","gibbs_imc","multiplicative_gamma-002-reveal_75-gibbs_imc",0.674345140674912,0.132784273244488,1.04188610304982,86.5757255304723,928.444123403989,0.0142254259840768,3.56249384949682,38.2044326970613,6.73266348936866,0.52913588435279
"multiplicative_gamma",2,"reveal_75","mean_row_946","gibbs_mic","multiplicative_gamma-002-reveal_75-gibbs_mic",0.673561128208665,0.128170918098662,1.02320080314587,190.158031096885,1034.9005912842,0.00941784585572873,7.7561704571067,42.2115508130767,6.73266348936866,1.15202110863765
"multiplicative_gamma",2,"reveal_75","mean_row_946","gibbs_mci","multiplicative_gamma-002-reveal_75-gibbs_mci",0.656375960514195,0.125533050502635,1.02438757444341,151.283780426655,1181.85868529753,0.0103905409111077,6.44391448765407,50.3411289899701,6.73266348936866,0.957112218341145
"multiplicative_gamma",2,"reveal_75","mean_row_946","gibbs_icm","multiplicative_gamma-002-reveal_75-gibbs_icm",0.683685575439126,0.126227010845129,1.05282633136611,60.5397293599987,620.604422259474,0.0162269738250991,2.51254323967622,25.7565645262284,6.73266348936866,0.373187111407499
"multiplicative_gamma",2,"reveal_75","observed_log_likelihood","gibbs_mci","multiplicative_gamma-002-reveal_75-gibbs_mci",-83.472655048294,13.8593918882549,1.0361959931355,94.1812190491092,371.791040705118,1.42466478427478,4.01163773263657,15.8363947993831,3.89103392801638,1.03099531046281
"multiplicative_gamma",2,"reveal_75","observed_log_likelihood","gibbs_icm","multiplicative_gamma-002-reveal_75-gibbs_icm",-86.844960589825,13.4197447309587,1.05183686231498,62.5855640013994,398.943399944365,1.70250204032205,2.59745025944799,16.5571031311212,3.89103392801638,0.667547574115384
"multiplicative_gamma",2,"reveal_75","observed_log_likelihood","gibbs_mic","multiplicative_gamma-002-reveal_75-gibbs_mic",-84.31851298799,13.5565586005585,1.02130167404585,139.512439562193,694.413194917293,1.14555278316284,5.69043682188656,28.323742501827,3.89103392801638,1.46244852323544
"multiplicative_gamma",2,"reveal_75","observed_log_likelihood","gibbs_cmi","multiplicative_gamma-002-reveal_75-gibbs_cmi",-83.2985370969835,14.3529980998999,1.12414895938714,23.9505505113659,198.484984990774,2.95089241010169,0.981017060349223,8.12996579793456,3.89103392801638,0.252122463719903
"multiplicative_gamma",2,"reveal_75","observed_log_likelihood","gibbs_imc","multiplicative_gamma-002-reveal_75-gibbs_imc",-84.5222809544069,16.7433298823754,1.06856855181208,44.3452430127113,42.4677821819272,2.89899766438585,1.82475693410876,1.74750152999453,3.89103392801638,0.468964539468563
"multiplicative_gamma",2,"reveal_75","sigma","gibbs_mic","multiplicative_gamma-002-reveal_75-gibbs_mic",0.263952464423693,0.00738677409152393,1.00347509231157,585.418723953175,1434.59663505215,0.000304397759506977,23.8780733349584,58.5143628931822,10.9495663710337,2.18073232544861
"multiplicative_gamma",2,"reveal_75","sigma","gibbs_cmi","multiplicative_gamma-002-reveal_75-gibbs_cmi",0.263648288540578,0.0074241396433009,1.04250568938196,83.7133293286252,1231.8101544626,0.000813270468361722,3.42890674730176,50.4550730917753,10.9495663710337,0.313154569880747
"multiplicative_gamma",2,"reveal_75","sigma","gibbs_imc","multiplicative_gamma-002-reveal_75-gibbs_imc",0.264029563672795,0.00793767038446848,1.03210056536908,116.896896946106,113.74302865263,0.000814238681311491,4.81017599152768,4.68039785419429,10.9495663710337,0.439302875431911
"multiplicative_gamma",2,"reveal_75","sigma","gibbs_icm","multiplicative_gamma-002-reveal_75-gibbs_icm",0.264709170753382,0.00735580615499354,1.0130266171623,383.111886033414,1361.96622027883,0.000371551405106492,15.9000575236943,56.5248483203499,10.9495663710337,1.4521175528701
"multiplicative_gamma",2,"reveal_75","sigma","gibbs_mci","multiplicative_gamma-002-reveal_75-gibbs_mci",0.263702220019733,0.00748476102166807,1.01485597425757,270.30685261051,1152.38211692712,0.000455944138885145,11.513687975913,49.0855780946083,10.9495663710337,1.05151999501748
"realism",1,"reveal_25","interaction_row_1104","gibbs_imc","realism-001-reveal_25-gibbs_imc",-0.0015043271424379,0.0586891023604029,1.01673740958181,1306.17103299691,771.312738949413,0.00205826425911663,56.4220748594777,33.3180448790242,66.7761175483454,0.844943925028714
"realism",1,"reveal_25","interaction_row_1104","gibbs_mci","realism-001-reveal_25-gibbs_mci",0.000795018114119193,0.063230148903653,1.01893005349396,1549.69085490948,697.836830145473,0.00172077053658804,68.0435062528856,30.6404755277923,66.7761175483454,1.01897967044314
"realism",1,"reveal_25","interaction_row_1104","gibbs_mic","realism-001-reveal_25-gibbs_mic",0.00324288633597887,0.0479527864426986,1.00239333476351,1252.90413802019,390.652911146527,0.00231620758713957,53.7657871527357,16.7640608997352,66.7761175483454,0.80516491713987
"realism",1,"reveal_25","interaction_row_1104","gibbs_cmi","realism-001-reveal_25-gibbs_cmi",-0.00132346290453959,0.0411815788467403,1.0075905596521,1707.20469132387,882.569241817085,0.00120937374774526,71.7825628105739,37.109247858432,66.7761175483454,1.07497359005042
"realism",1,"reveal_25","interaction_row_1104","gibbs_icm","realism-001-reveal_25-gibbs_icm",-0.000882042528095132,0.0603013979789635,1.03074372127905,1633.61758984172,848.812908602717,0.0016039209851764,70.2570785240722,36.5049418803853,66.7761175483454,1.05212883143748
"realism",1,"reveal_25","interaction_row_241","gibbs_mic","realism-001-reveal_25-gibbs_mic",0.00139580712455713,0.0608453577814712,1.00089886549541,1974.90503471849,911.37991725107,0.00123382286419916,84.7489608513279,39.1099822877344,51.9400614801707,1.63166847393284
"realism",1,"reveal_25","interaction_row_241","gibbs_mci","realism-001-reveal_25-gibbs_mci",9.74566808626458e-05,0.0581210775850281,1.00901056938426,1912.55910401823,1048.51353250282,0.0013304503953197,83.9762504508551,46.0379158069292,51.9400614801707,1.61679151040118
"realism",1,"reveal_25","interaction_row_241","gibbs_icm","realism-001-reveal_25-gibbs_icm",6.7116721679244e-05,0.0613605340385355,1.0096283824188,1557.23713264084,1180.07872621098,0.00157565671807941,66.9721801410996,50.7517085072674,51.9400614801707,1.28941280068888
"realism",1,"reveal_25","interaction_row_241","gibbs_cmi","realism-001-reveal_25-gibbs_cmi",0.00145178636856929,0.056317553351246,1.01046246147743,1445.54042356618,850.259276255343,0.00153618973739037,60.7804071633598,35.7507159002374,51.9400614801707,1.17020283440681
"realism",1,"reveal_25","interaction_row_241","gibbs_imc","realism-001-reveal_25-gibbs_imc",-0.000193144195934358,0.0708586952386389,1.01561228763097,1644.98956264721,615.33539575263,0.00203599029136975,71.057864477201,26.5803626675001,51.9400614801707,1.3680743235995
"realism",1,"reveal_25","interaction_row_385","gibbs_imc","realism-001-reveal_25-gibbs_imc",-0.00201978797190972,0.0520032419891451,1.00554564388608,1895.32731366006,1362.90949606253,0.00125806451243226,81.8715902228965,58.8729803914699,86.4283180445964,0.947277374767971
"realism",1,"reveal_25","interaction_row_385","gibbs_mci","realism-001-reveal_25-gibbs_mci",0.00259618778289099,0.0706499311715063,1.00895992173101,1387.269794093,929.063799449442,0.00206923831075008,60.911955832843,40.7931415784605,86.4283180445964,0.70476849730447
"realism",1,"reveal_25","interaction_row_385","gibbs_icm","realism-001-reveal_25-gibbs_icm",-0.000309425854675823,0.0537898457936242,1.00286719127515,1835.72372005493,1223.94716124137,0.00132108688954212,78.9490676094499,52.6383606245212,86.4283180445964,0.913462964403783
"realism",1,"reveal_25","interaction_row_385","gibbs_mic","realism-001-reveal_25-gibbs_mic",0.000843674373530663,0.0701915606777077,1.01073489998389,1730.06027510283,936.399500359331,0.00170489630123509,74.241954902924,40.1836458979245,86.4283180445964,0.859000343667636
"realism",1,"reveal_25","interaction_row_385","gibbs_cmi","realism-001-reveal_25-gibbs_cmi",0.00173214790226291,0.0644917939390702,1.01314117636239,1617.65389072264,995.453863104307,0.00173091175083125,68.0172346097065,41.8556894884712,86.4283180445964,0.7869785754087
"realism",1,"reveal_25","interaction_row_529","gibbs_imc","realism-001-reveal_25-gibbs_imc",0.00325696478537162,0.0984123389178749,1.00919829991285,2014.8684852526,1152.95367648742,0.0022690087670867,87.0353557344532,49.8036145350935,65.2737859112026,1.33338911661803
"realism",1,"reveal_25","interaction_row_529","gibbs_mci","realism-001-reveal_25-gibbs_mci",-0.00401344116889327,0.100325006091083,1.01752670971751,1615.85539442031,874.170193450817,0.00270019436995304,70.9486451995744,38.3828844544814,65.2737859112026,1.08693933114423
"realism",1,"reveal_25","interaction_row_529","gibbs_icm","realism-001-reveal_25-gibbs_icm",-0.000708767722070076,0.0818667055743834,1.01029811634198,1680.89974799333,640.476551683878,0.00308466552927149,72.2905448130626,27.5450091038998,65.2737859112026,1.10749734834449
"realism",1,"reveal_25","interaction_row_529","gibbs_mic","realism-001-reveal_25-gibbs_mic",-0.00424199833293698,0.10723076106203,1.01512246811355,1431.50587437216,641.445328577835,0.00365692433884108,61.4301109029812,27.5262982696579,65.2737859112026,0.941114569125035
"realism",1,"reveal_25","interaction_row_529","gibbs_cmi","realism-001-reveal_25-gibbs_cmi",-0.000278512496432008,0.100183361830749,1.0128838341647,1566.83839592704,834.354360001501,0.00311198217652565,65.8806036213701,35.0819644284365,65.2737859112026,1.00929649937868
"realism",1,"reveal_25","interaction_row_672","gibbs_cmi","realism-001-reveal_25-gibbs_cmi",0.00277072719764883,0.0241889400497077,1.00295211345457,1377.83408875645,981.390304433839,0.000730872646294288,57.9335697244441,41.2643612846926,56.3659989711712,1.02781057342876
"realism",1,"reveal_25","interaction_row_672","gibbs_mci","realism-001-reveal_25-gibbs_mci",0.00573012809209229,0.0308514957973143,1.01776550288268,793.286039587952,552.049644952747,0.00126785466664133,34.831439718461,24.2392818859603,56.3659989711712,0.617951253490172
"realism",1,"reveal_25","interaction_row_672","gibbs_icm","realism-001-reveal_25-gibbs_icm",0.00470620199048228,0.0270667356147396,1.03202398179364,566.713388022246,460.88113796406,0.00126372465637521,24.3726728032964,19.8211395993489,56.3659989711712,0.43240026342409
"realism",1,"reveal_25","interaction_row_672","gibbs_mic","realism-001-reveal_25-gibbs_mic",0.0054453573582705,0.0310253897610128,1.00286701889261,1232.74987138168,463.359080500067,0.00111418686969117,52.9009085260133,19.8840956314667,56.3659989711712,0.938525165731027
"realism",1,"reveal_25","interaction_row_672","gibbs_imc","realism-001-reveal_25-gibbs_imc",0.00360465748547375,0.0240635963819378,1.00331996296133,1392.77540611533,809.593143857189,0.00086680354040401,60.1630844974224,34.9716260845437,56.3659989711712,1.06736482268669
"realism",1,"reveal_25","interaction_row_816","gibbs_icm","realism-001-reveal_25-gibbs_icm",-0.0077821675778861,0.0386908137031186,1.04810095295604,492.748362086292,216.401751437488,0.0025294330889111,21.1916550011308,9.30680162727889,19.001591028751,1.11525687344107
"realism",1,"reveal_25","interaction_row_816","gibbs_imc","realism-001-reveal_25-gibbs_imc",-0.00602115666972268,0.0345183033517114,1.00388631187143,827.503357754084,295.923364303814,0.00190292377249174,35.7452854321417,12.782866708588,19.001591028751,1.88117328586096
"realism",1,"reveal_25","interaction_row_816","gibbs_mic","realism-001-reveal_25-gibbs_mic",-0.0100984870825202,0.045550797975723,1.01499385912421,357.270125687968,152.118996608735,0.00381736109195089,15.3315077753066,6.5278718022888,19.001591028751,0.806853897239908
"realism",1,"reveal_25","interaction_row_816","gibbs_mci","realism-001-reveal_25-gibbs_mci",-0.00578163546178323,0.0348401203022022,1.01208004416683,634.535633278132,336.062184975155,0.00187264682742503,27.8610596389958,14.7557490658684,19.001591028751,1.46624877868594
"realism",1,"reveal_25","interaction_row_816","gibbs_cmi","realism-001-reveal_25-gibbs_cmi",-0.00459804751307806,0.0310248688280229,1.00369498991707,887.562646526673,338.712273540285,0.00180170128574066,37.3192047482099,14.2417808325395,19.001591028751,1.96400420847617
"realism",1,"reveal_25","interaction_row_960","gibbs_icm","realism-001-reveal_25-gibbs_icm",-0.00597903697808866,0.0427350037285255,1.03530557074948,1415.93041087895,541.84602331991,0.00132230151580258,60.8949944468841,23.3032007276755,76.5884707314955,0.795093489467498
"realism",1,"reveal_25","interaction_row_960","gibbs_imc","realism-001-reveal_25-gibbs_imc",-0.00355519864345137,0.0297860003627227,1.01472389782678,1604.20014444582,556.123318038275,0.000992803458624215,69.2959025678539,24.0226055308109,76.5884707314955,0.904782428817414
"realism",1,"reveal_25","interaction_row_960","gibbs_mci","realism-001-reveal_25-gibbs_mci",-0.00432287839449049,0.0332491724101924,1.02568328364764,1560.67175382111,945.51023686478,0.00103274186949165,68.5256532962066,41.5152683584973,76.5884707314955,0.894725441593479
"realism",1,"reveal_25","interaction_row_960","gibbs_mic","realism-001-reveal_25-gibbs_mic",-0.00783330928036403,0.0468065911187405,1.00430434373435,1333.4897037147,783.163657619542,0.0017616029561106,57.2239498654552,33.6078469561664,76.5884707314955,0.747161411096343
"realism",1,"reveal_25","interaction_row_960","gibbs_cmi","realism-001-reveal_25-gibbs_cmi",-0.00746435156193744,0.0445256769600211,1.01023890913824,1241.2008318952,472.885056071424,0.00184569695669794,52.1885730099318,19.8833223761269,76.5884707314955,0.681415525228267
"realism",1,"reveal_25","interaction_row_97","gibbs_cmi","realism-001-reveal_25-gibbs_cmi",-0.00171474896748857,0.0794689472490476,1.01466914670776,1634.04199054193,978.654805714742,0.0024257496468172,68.7063024236615,41.1493422072382,86.081432906883,0.798154725165684
"realism",1,"reveal_25","interaction_row_97","gibbs_icm","realism-001-reveal_25-gibbs_icm",-0.00176210601206327,0.0624433017651716,1.00378083538682,2122.64148412038,1157.32723484975,0.00129366175032064,91.2885551402196,49.7732339089003,86.081432906883,1.06049065469169
"realism",1,"reveal_25","interaction_row_97","gibbs_mic","realism-001-reveal_25-gibbs_mic",0.00265171040976849,0.0631236133491799,1.00737879478363,1831.40829187091,947.472398712004,0.00175976718712019,78.5910952182517,40.6588164061284,86.081432906883,0.912985443716604
"realism",1,"reveal_25","interaction_row_97","gibbs_imc","realism-001-reveal_25-gibbs_imc",0.00109303021773789,0.0712561997503154,1.0069523218399,1911.44681945221,1131.96005588775,0.00201772373776536,82.5678971685618,48.8967626733366,86.081432906883,0.959183582107399
"realism",1,"reveal_25","interaction_row_97","gibbs_mci","realism-001-reveal_25-gibbs_mci",-0.000314992905036505,0.0926839266271807,1.00659993237372,1541.78747104262,948.194996554993,0.00278744701531727,67.6964861050545,41.6331502329304,86.081432906883,0.786423782911281
"realism",1,"reveal_25","mean_row_1","gibbs_mic","realism-001-reveal_25-gibbs_mic",1.31348518673872,0.0884304785782627,1.03189920111767,153.933440845926,470.102225255236,0.0071006143396465,6.60573492022172,20.173463728071,12.5938195266423,0.524521961446823
"realism",1,"reveal_25","mean_row_1","gibbs_mci","realism-001-reveal_25-gibbs_mci",1.31633850864425,0.0927387811958169,1.05313124501333,70.5803581969023,401.524818338164,0.0111038713140262,3.0990278022789,17.6300688622684,12.5938195266423,0.246075290798228
"realism",1,"reveal_25","mean_row_1","gibbs_imc","realism-001-reveal_25-gibbs_imc",1.31692079726643,0.0889572055097493,1.04185695471439,72.3262809149786,508.758676753137,0.0103817366977392,3.12424539589539,21.9766167063989,12.5938195266423,0.248077669311207
"realism",1,"reveal_25","mean_row_1","gibbs_icm","realism-001-reveal_25-gibbs_icm",1.31924259211993,0.0906990627860319,1.05951851516557,58.5461072998651,158.154107395895,0.0118770339327485,2.5178955487642,6.80174210372851,12.5938195266423,0.199931048990942
"realism",1,"reveal_25","mean_row_1","gibbs_cmi","realism-001-reveal_25-gibbs_cmi",1.31892805313942,0.0863132532112935,1.02367310452409,181.685146288696,561.351263448002,0.00637134835982881,7.63928630907355,23.6030468590171,12.5938195266423,0.606590105004491
"realism",1,"reveal_25","mean_row_1104","gibbs_mci","realism-001-reveal_25-gibbs_mci",-1.0380280656755,0.128092306002151,1.01230827694445,343.477231686173,1118.92651331091,0.00648370231600046,15.0813274066376,49.1295944373612,31.5811733707496,0.477541705926795
"realism",1,"reveal_25","mean_row_1104","gibbs_imc","realism-001-reveal_25-gibbs_imc",-1.03122621969331,0.126604912332632,1.00775597033065,620.969089363775,1272.97979835762,0.00513584057302583,26.8237187630139,54.9883282227912,31.5811733707496,0.849357889528513
"realism",1,"reveal_25","mean_row_1104","gibbs_mic","realism-001-reveal_25-gibbs_mic",-1.02708287085531,0.119166516929419,1.00302540798189,690.076013158509,1197.67735772699,0.00452674603792182,29.6131834166636,51.3958442143497,31.5811733707496,0.937684710729947
"realism",1,"reveal_25","mean_row_1104","gibbs_cmi","realism-001-reveal_25-gibbs_cmi",-1.03248034399008,0.115251710404848,1.01232696235589,535.592731997314,612.948850554466,0.00508940936003255,22.5199820038395,25.7725623577542,31.5811733707496,0.713082498217039
"realism",1,"reveal_25","mean_row_1104","gibbs_icm","realism-001-reveal_25-gibbs_icm",-1.03869939678906,0.126233573565933,1.0100603313001,359.436609547749,962.704219425115,0.00603957103470159,15.4583093732904,41.4030715390124,31.5811733707496,0.489478626769704
"realism",1,"reveal_25","mean_row_159","gibbs_icm","realism-001-reveal_25-gibbs_icm",0.378433516796766,0.0788806440647618,1.0043812980919,704.762982468442,1239.3913234775,0.00298396441169081,30.3097790499072,53.3025685307717,24.871216434343,1.21866894327109
"realism",1,"reveal_25","mean_row_159","gibbs_mic","realism-001-reveal_25-gibbs_mic",0.374102572059422,0.0811894399830952,1.00012006255643,645.377415775036,1126.70667128208,0.00318819898375907,27.6950356509908,48.3502841386125,24.871216434343,1.11353763995028
"realism",1,"reveal_25","mean_row_159","gibbs_imc","realism-001-reveal_25-gibbs_imc",0.369365929199373,0.0807513742572511,1.00750440161752,421.644037600149,1203.2407021348,0.00378446967833973,18.2135653390992,51.975840265002,24.871216434343,0.732315019137919
"realism",1,"reveal_25","mean_row_159","gibbs_mci","realism-001-reveal_25-gibbs_mci",0.376392970257857,0.080331444421165,1.00445330513069,547.609368647705,1307.7657554571,0.00339346132324152,24.0443191502833,57.4211089113984,24.871216434343,0.966752841130928
"realism",1,"reveal_25","mean_row_159","gibbs_cmi","realism-001-reveal_25-gibbs_cmi",0.379480101603679,0.0784515846871169,1.01097448738377,438.154727264853,1380.51976841162,0.00371275897513238,18.4230217913995,58.0464940676798,24.871216434343,0.740736659987422
"realism",1,"reveal_25","mean_row_316","gibbs_imc","realism-001-reveal_25-gibbs_imc",0.752716411980733,0.0997243323440514,1.0145126034952,611.19725440957,1282.28140266677,0.00396402640503403,26.4016092617524,55.3901253851734,35.833583350845,0.736783954963573
"realism",1,"reveal_25","mean_row_316","gibbs_cmi","realism-001-reveal_25-gibbs_cmi",0.749580501314742,0.104076025917763,1.01257839476899,601.62940257256,1097.7744373206,0.00379990330279123,25.2966153375336,46.1579463196654,35.833583350845,0.705947130373639
"realism",1,"reveal_25","mean_row_316","gibbs_mci","realism-001-reveal_25-gibbs_mci",0.749527510425863,0.101436924134217,1.01470874248471,463.298502261825,1309.00553965126,0.0046236956937911,20.3424150279615,57.4755450999455,35.833583350845,0.567691342191202
"realism",1,"reveal_25","mean_row_316","gibbs_icm","realism-001-reveal_25-gibbs_icm",0.751223008681639,0.0988422372765902,1.00972142410816,609.497583831148,1300.60908003135,0.0039912464611277,26.2126949867172,55.9353638410181,35.833583350845,0.731511965467421
"realism",1,"reveal_25","mean_row_316","gibbs_mic","realism-001-reveal_25-gibbs_mic",0.750024279920667,0.103628080051372,1.01096642292813,605.33130754309,1426.15416030342,0.00385497824769068,25.976539825048,61.2004531735582,35.833583350845,0.724921634844969
"realism",1,"reveal_25","mean_row_474","gibbs_imc","realism-001-reveal_25-gibbs_imc",0.590464656053626,0.211108659550734,1.01727891255799,340.456944898589,588.046846501199,0.0109422557707745,14.7065634945394,25.4015916415204,12.3562922321317,1.19020845559932
"realism",1,"reveal_25","mean_row_474","gibbs_mic","realism-001-reveal_25-gibbs_mic",0.613965986836314,0.199112120672142,1.00905755218665,438.185535291198,526.219881691011,0.0093391787640937,18.803825056482,22.5816367717038,12.3562922321317,1.52180158118824
"realism",1,"reveal_25","mean_row_474","gibbs_mci","realism-001-reveal_25-gibbs_mci",0.612107115911101,0.178044460168506,1.00353453629528,660.355929577395,1121.84187977872,0.0067323487978137,28.9947718804563,49.2576017465954,12.3562922321317,2.3465592538397
"realism",1,"reveal_25","mean_row_474","gibbs_cmi","realism-001-reveal_25-gibbs_cmi",0.610745019945911,0.188323420717109,1.02294809269961,170.053365933034,522.050296078733,0.0142229840978211,7.15020669945066,21.9505653651236,12.3562922321317,0.578669277573172
"realism",1,"reveal_25","mean_row_474","gibbs_icm","realism-001-reveal_25-gibbs_icm",0.625821125258775,0.21479912840124,1.01030673283535,346.59635295049,271.284092412859,0.0106370004968206,14.9060877752663,11.6671293829718,12.3562922321317,1.20635604073073
"realism",1,"reveal_25","mean_row_631","gibbs_icm","realism-001-reveal_25-gibbs_icm",0.620363473418984,0.109741140851395,1.02672688479464,163.283858036003,922.933329617564,0.00771643195651392,7.02235756218835,39.6926427669691,19.146016827659,0.36677903427117
"realism",1,"reveal_25","mean_row_631","gibbs_mic","realism-001-reveal_25-gibbs_mic",0.615123743802662,0.114368477060331,1.02329923562571,317.154795072691,654.053234023404,0.00643868894386214,13.6100414140966,28.0673404292755,19.146016827659,0.7108549802607
"realism",1,"reveal_25","mean_row_631","gibbs_mci","realism-001-reveal_25-gibbs_mci",0.616970493353118,0.112420543338628,1.04165727185114,74.8115532443863,638.232509253523,0.013077864421461,3.28481024124637,28.0233813064114,19.146016827659,0.171566246432052
"realism",1,"reveal_25","mean_row_631","gibbs_imc","realism-001-reveal_25-gibbs_imc",0.613814272514107,0.113821461486778,1.02205410372297,359.104990961892,1103.97765831821,0.00599559294924279,15.5120946419823,47.6880197977627,19.146016827659,0.810199572141447
"realism",1,"reveal_25","mean_row_631","gibbs_cmi","realism-001-reveal_25-gibbs_cmi",0.603070303407908,0.109272728615367,1.00578290099119,569.234891312847,912.162956062529,0.00456469866625504,23.9345284998886,38.3535700316416,19.146016827659,1.25010485028467
"realism",1,"reveal_25","mean_row_789","gibbs_imc","realism-001-reveal_25-gibbs_imc",-0.875012024658005,0.0981285455589817,1.00559037056762,881.530746946865,1311.50078836868,0.00332402505426783,38.0790819415491,56.652301873377,52.8219532900885,0.720894998570495
"realism",1,"reveal_25","mean_row_789","gibbs_icm","realism-001-reveal_25-gibbs_icm",-0.868704604100965,0.0977077378060975,1.00403605769813,1054.35708275312,1317.55653307497,0.00300006913911163,45.3447911041252,56.664223854936,52.8219532900885,0.85844593544468
"realism",1,"reveal_25","mean_row_789","gibbs_mci","realism-001-reveal_25-gibbs_mci",-0.872375129255381,0.0983422501650246,1.00456128130086,1173.04286222723,1637.96263795068,0.00292163452772969,51.5057239177705,71.9193254863086,52.8219532900885,0.975081773953161
"realism",1,"reveal_25","mean_row_789","gibbs_mic","realism-001-reveal_25-gibbs_mic",-0.871236481726641,0.0975123664055499,1.00280529910577,1244.29625062888,1768.62508682279,0.0027612715156907,53.3963974865418,75.8968839558338,52.8219532900885,1.01087510326054
"realism",1,"reveal_25","mean_row_789","gibbs_cmi","realism-001-reveal_25-gibbs_cmi",-0.873668054103399,0.0955396771505547,1.00759044460643,929.533133182689,1600.782596918,0.00317727153258401,39.0839310929106,67.3078500154735,52.8219532900885,0.739918322941767
"realism",1,"reveal_25","mean_row_946","gibbs_icm","realism-001-reveal_25-gibbs_icm",1.12691112405186,0.244032782620238,1.00396410700242,441.002044582075,824.94830872655,0.0115313866911327,18.9661983735625,35.4785957649472,27.656804468237,0.68576969531475
"realism",1,"reveal_25","mean_row_946","gibbs_mci","realism-001-reveal_25-gibbs_mci",1.13050366683151,0.239504851810292,1.01672854156216,490.126212916448,1154.31248550184,0.0108181026339276,21.5203606110405,50.683314401837,27.656804468237,0.778121732601318
"realism",1,"reveal_25","mean_row_946","gibbs_imc","realism-001-reveal_25-gibbs_imc",1.12602053390216,0.246923550250551,1.02082654294945,458.884366603238,1241.55085790493,0.0116601369757821,19.822218859751,53.6307066049643,27.656804468237,0.716721227953729
"realism",1,"reveal_25","mean_row_946","gibbs_cmi","realism-001-reveal_25-gibbs_cmi",1.11861745479966,0.241501422997035,1.01208843407577,276.78227931821,945.496172462831,0.0144792427525735,11.637820263138,39.7551264543092,27.656804468237,0.420794104268396
"realism",1,"reveal_25","mean_row_946","gibbs_mic","realism-001-reveal_25-gibbs_mic",1.14276352843722,0.246929493498642,1.00707983423583,506.498273874733,864.784227769678,0.0109531257139959,21.7353248025892,37.1104247422942,27.656804468237,0.785894293303172
"realism",1,"reveal_25","observed_log_likelihood","gibbs_mic","realism-001-reveal_25-gibbs_mic",55.8332645373975,9.68217193523437,1.01016356709264,193.804566984639,415.515893194709,0.696202133113387,8.31672175190489,17.8310042996486,14.7492585733693,0.563873886306478
"realism",1,"reveal_25","observed_log_likelihood","gibbs_imc","realism-001-reveal_25-gibbs_imc",55.1790663035054,9.12635538297938,1.01455411808662,275.489760275201,420.404303160207,0.555883431757903,11.9002056274385,18.1600130954732,14.7492585733693,0.806834158357288
"realism",1,"reveal_25","observed_log_likelihood","gibbs_cmi","realism-001-reveal_25-gibbs_cmi",54.796104889276,9.00418830359947,1.02051439258111,238.32146632803,602.331243178424,0.58302302286081,10.0206646061486,25.3261255173202,14.7492585733693,0.679401242869352
"realism",1,"reveal_25","observed_log_likelihood","gibbs_icm","realism-001-reveal_25-gibbs_icm",55.3883796281154,8.84570390077966,1.0167465686035,241.178348896982,489.6571009646,0.566897717801202,10.3723700712619,21.0587089697489,14.7492585733693,0.70324687981197
"realism",1,"reveal_25","observed_log_likelihood","gibbs_mci","realism-001-reveal_25-gibbs_mci",55.4148666236239,9.53218933742272,1.00704683865365,249.303309870106,487.730752545254,0.604983022647461,10.9463582818927,21.4151812314052,14.7492585733693,0.742163290950568
"realism",1,"reveal_25","sigma","gibbs_cmi","realism-001-reveal_25-gibbs_cmi",0.206230252186756,0.00867040277489881,1.00515339245531,611.530724208072,1381.24367134477,0.000351240943267782,25.7129346259124,58.0769318986156,31.1127468764228,0.826443731504711
"realism",1,"reveal_25","sigma","gibbs_mci","realism-001-reveal_25-gibbs_mci",0.205917655156275,0.00885344248142626,1.00082400806919,514.217364991777,1134.30159211883,0.000389559403514928,22.5781499447541,49.8046802247562,31.1127468764228,0.725688092871795
"realism",1,"reveal_25","sigma","gibbs_imc","realism-001-reveal_25-gibbs_imc",0.206041036704541,0.00885032220130466,1.00379415464413,646.710258096196,962.517947312674,0.000348431327619884,27.9356482978917,41.5774491279771,31.1127468764228,0.897884343315933
"realism",1,"reveal_25","sigma","gibbs_icm","realism-001-reveal_25-gibbs_icm",0.205922900949914,0.00869057694286631,1.00713171562394,526.836038833089,1254.7590851307,0.000377254247671363,22.6576655269693,53.9634906730908,31.1127468764228,0.728243816496295
"realism",1,"reveal_25","sigma","gibbs_mic","realism-001-reveal_25-gibbs_mic",0.205713898316354,0.00910734360309471,1.00661709077391,405.167273865953,1119.86431019561,0.000452878361102123,17.3869147262565,48.0566583785614,31.1127468764228,0.558835733640488
"realism",1,"reveal_75","interaction_row_1104","gibbs_imc","realism-001-reveal_75-gibbs_imc",-0.014694264490641,0.035732936879088,1.09953314362138,28.4410499118211,88.8816492417583,0.00539951920576083,1.11590418298823,3.48733272812642,0.933878249355766,1.19491398772595
"realism",1,"reveal_75","interaction_row_1104","gibbs_mic","realism-001-reveal_75-gibbs_mic",-0.0158895053706174,0.0340157414489735,1.0369223084108,123.536981646965,244.867388946028,0.00303629483681237,4.76645503692279,9.44777332147648,0.933878249355766,5.10393623602533
"realism",1,"reveal_75","interaction_row_1104","gibbs_cmi","realism-001-reveal_75-gibbs_cmi",-0.0193116677460855,0.0408811874049333,1.07656979553103,38.1390131366397,503.465252639255,0.00588367082669846,1.47340209142901,19.4500773667861,0.933878249355766,1.57772396181776
"realism",1,"reveal_75","interaction_row_1104","gibbs_icm","realism-001-reveal_75-gibbs_icm",-0.00945021771206601,0.0318555387415161,1.07740756164231,44.3136522975477,282.984751886335,0.00341034480410996,1.7094337961481,10.9163581331764,0.933878249355766,1.8304675125771
"realism",1,"reveal_75","interaction_row_1104","gibbs_mci","realism-001-reveal_75-gibbs_mci",-0.012992169474664,0.0340511618372319,1.09525689991505,31.6989856747482,184.700258356879,0.00517531592954943,1.24217193756604,7.2377545498208,0.933878249355766,1.3301219280168
"realism",1,"reveal_75","interaction_row_241","gibbs_mci","realism-001-reveal_75-gibbs_mci",0.00145881904509787,0.0453939520653651,1.03029326177187,307.760060082879,232.535661858673,0.00323509983529701,12.060036054817,9.11225603897767,29.6644706333636,0.406548163419883
"realism",1,"reveal_75","interaction_row_241","gibbs_mic","realism-001-reveal_75-gibbs_mic",-0.00196569818530581,0.046268555540722,1.02023916827106,899.082051664019,940.607123172099,0.00145949607197011,34.689484206498,36.2916553426998,29.6644706333636,1.1693950192215
"realism",1,"reveal_75","interaction_row_241","gibbs_cmi","realism-001-reveal_75-gibbs_cmi",0.00406623396346398,0.042076937220872,1.01016853396515,859.540827166553,659.785979062048,0.00140245481710309,33.2061358766297,25.4891241669714,29.6644706333636,1.11939081222919
"realism",1,"reveal_75","interaction_row_241","gibbs_imc","realism-001-reveal_75-gibbs_imc",0.000211692561636686,0.0382696042482042,1.01101550948778,885.279675206771,743.328778132099,0.00132272456678159,34.7345578219001,29.1650166018793,29.6644706333636,1.17091446704713
"realism",1,"reveal_75","interaction_row_241","gibbs_icm","realism-001-reveal_75-gibbs_icm",0.00586784975592076,0.042709665524471,1.00296100096877,1249.52777424846,1030.04576185013,0.00126037771877626,48.2015111772731,39.7348208868621,29.6644706333636,1.62489031990549
"realism",1,"reveal_75","interaction_row_385","gibbs_cmi","realism-001-reveal_75-gibbs_cmi",0.00360306308154212,0.0307374152447176,1.017767377608,1161.67274171881,907.6821951041,0.00098151656931567,44.8782206574781,35.0659530656407,55.6101557531765,0.807014834784286
"realism",1,"reveal_75","interaction_row_385","gibbs_mic","realism-001-reveal_75-gibbs_mic",0.00363321902965332,0.035609305973049,1.01414741827408,1112.90764315585,712.708172053539,0.00138228524953006,42.9395649029959,27.4985790590916,55.6101557531765,0.772153293250634
"realism",1,"reveal_75","interaction_row_385","gibbs_mci","realism-001-reveal_75-gibbs_mci",0.00232921780278379,0.0287740819408702,1.00551052784489,1068.13641583834,867.03777884873,0.000924175495406852,41.8565153743615,33.9761659488507,55.6101557531765,0.752677542572259
"realism",1,"reveal_75","interaction_row_385","gibbs_imc","realism-001-reveal_75-gibbs_imc",0.000937279464436154,0.0304496773594508,1.00482187555585,1209.43432259607,507.938406417567,0.00116429406142249,47.452988684273,19.929313234887,55.6101557531765,0.853315155147042
"realism",1,"reveal_75","interaction_row_385","gibbs_icm","realism-001-reveal_75-gibbs_icm",0.00141596408632427,0.0253672628127543,1.00445981535218,1109.37393106804,868.163992362918,0.000796217305467087,42.7949670589065,33.4901050172785,55.6101557531765,0.769553087548439
"realism",1,"reveal_75","interaction_row_529","gibbs_mic","realism-001-reveal_75-gibbs_mic",0.000549789829827226,0.0345629990887316,1.00932005770956,583.958271324705,455.353324604035,0.00143337073713023,22.5309927974652,17.5689993288075,29.1126892690103,0.773923445864852
"realism",1,"reveal_75","interaction_row_529","gibbs_imc","realism-001-reveal_75-gibbs_imc",-0.000174534938459157,0.0289280057234908,1.00144544014908,1170.16827775056,1133.32791044864,0.000986260117139005,45.9123583689943,44.4669011829025,29.1126892690103,1.5770565867258
"realism",1,"reveal_75","interaction_row_529","gibbs_cmi","realism-001-reveal_75-gibbs_cmi",-0.00114081790159946,0.0307704212574279,1.01071547876867,718.705980563925,850.557781607534,0.00104524404054231,27.7653459750408,32.8590991542415,29.1126892690103,0.953719724017261
"realism",1,"reveal_75","interaction_row_529","gibbs_icm","realism-001-reveal_75-gibbs_icm",-0.00242606807711707,0.0275803539328712,1.01212220868708,987.972632658486,936.36637211175,0.000835318201125589,38.1118170218909,36.1210651588065,29.1126892690103,1.30911358513553
"realism",1,"reveal_75","interaction_row_529","gibbs_mci","realism-001-reveal_75-gibbs_mci",0.00189398210822452,0.0312884277781001,1.00765219333864,756.660193920153,947.651397969667,0.00113416541949527,29.6508559865256,37.1351306073772,29.1126892690103,1.01848564083319
"realism",1,"reveal_75","interaction_row_672","gibbs_mic","realism-001-reveal_75-gibbs_mic",0.00652255861031544,0.0327818780957312,1.02166081504249,428.187937403945,566.723734054832,0.00157337078735506,16.520871109034,21.8660287852006,2.09138004743472,7.89950689703599
"realism",1,"reveal_75","interaction_row_672","gibbs_icm","realism-001-reveal_75-gibbs_icm",-0.00886156012411638,0.0427633082066135,1.08075888484861,41.5880770426457,396.161171493205,0.00580394091120796,1.60429259895249,15.2822270375034,2.09138004743472,0.767097592290943
"realism",1,"reveal_75","interaction_row_672","gibbs_imc","realism-001-reveal_75-gibbs_imc",0.00840074527747253,0.0425857054239565,1.03296074348743,106.282590156528,315.673606898191,0.00306826534373663,4.17007063038126,12.3856713971119,2.09138004743472,1.99393249232547
"realism",1,"reveal_75","interaction_row_672","gibbs_mci","realism-001-reveal_75-gibbs_mci",0.00283612893124254,0.0337511369432154,1.03825497247416,169.264721981416,399.72729608026,0.00245695616857127,6.63289008117145,15.6639090904917,2.09138004743472,3.17153742061723
"realism",1,"reveal_75","interaction_row_672","gibbs_cmi","realism-001-reveal_75-gibbs_cmi",-0.00154311362242192,0.0432179333004068,1.11184517241629,25.1894071517113,41.4096019208371,0.00843681493110808,0.97312757008737,1.59975282676598,2.09138004743472,0.465304032751487
"realism",1,"reveal_75","interaction_row_816","gibbs_icm","realism-001-reveal_75-gibbs_icm",-0.00589600865511987,0.0421222925260976,1.0451835417441,163.19001181834,415.432692981553,0.0026292064176784,6.29518234071438,16.0256410516356,4.75327439365136,1.32438858339894
"realism",1,"reveal_75","interaction_row_816","gibbs_mic","realism-001-reveal_75-gibbs_mic",-0.00676867949623863,0.0388421312549162,1.03952075617748,107.808133261669,420.3825539046,0.00328698615187379,4.15958535618753,16.219714248962,4.75327439365136,0.875098934272175
"realism",1,"reveal_75","interaction_row_816","gibbs_mci","realism-001-reveal_75-gibbs_mci",-0.00463739689679754,0.038084396695212,1.0688118788149,43.0898332873609,146.665066650505,0.00526806795345651,1.68853925652888,5.74728894747065,4.75327439365136,0.355237067480083
"realism",1,"reveal_75","interaction_row_816","gibbs_cmi","realism-001-reveal_75-gibbs_cmi",-0.0117045482065471,0.042428142591285,1.06677994423057,273.311456900978,454.167520225047,0.00243687746219209,10.5586809697114,17.5455870282036,4.75327439365136,2.22134892608219
"realism",1,"reveal_75","interaction_row_816","gibbs_imc","realism-001-reveal_75-gibbs_imc",-0.00701037565524951,0.0410984373624065,1.01007503732029,350.582224108281,705.39357117574,0.00201569251720331,13.7553350377949,27.6766026278392,4.75327439365136,2.89386513351029
"realism",1,"reveal_75","interaction_row_960","gibbs_mic","realism-001-reveal_75-gibbs_mic",0.0022409008792125,0.0184101408372959,1.01680441625639,629.925833869957,789.201795935489,0.000632967105887773,24.3045695605353,30.4499496849867,10.4501365168188,2.32576574683198
"realism",1,"reveal_75","interaction_row_960","gibbs_imc","realism-001-reveal_75-gibbs_imc",0.0020646004500976,0.0138233741970686,1.0390912909451,80.303159492314,770.25635337185,0.000619859918110045,3.15074977409321,30.2215385636539,10.4501365168188,0.301503216634757
"realism",1,"reveal_75","interaction_row_960","gibbs_cmi","realism-001-reveal_75-gibbs_cmi",0.00131748677545135,0.0197161322153984,1.03029463467936,180.233759445882,527.054505975548,0.00101519325224515,6.96286495831113,20.3613871344622,10.4501365168188,0.666294162483412
"realism",1,"reveal_75","interaction_row_960","gibbs_icm","realism-001-reveal_75-gibbs_icm",-0.00171075991425218,0.0243599499455392,1.03152856189184,111.320383394695,211.832712403729,0.00250298833207242,4.29427085579191,8.17161256041845,10.4501365168188,0.410929641816693
"realism",1,"reveal_75","interaction_row_960","gibbs_mci","realism-001-reveal_75-gibbs_mci",0.000756778896104379,0.0153877729922053,1.01500949807521,337.506163749486,730.782943038951,0.00060193916893798,13.2256814040316,28.6368173924897,10.4501365168188,1.26559891181763
"realism",1,"reveal_75","interaction_row_97","gibbs_icm","realism-001-reveal_75-gibbs_icm",-0.0188626642258029,0.0442992059062756,1.02148464474012,361.038697911434,586.690433154898,0.00238552603552447,13.9273501489577,22.6320423236081,13.3935394063675,1.03985583843032
"realism",1,"reveal_75","interaction_row_97","gibbs_mic","realism-001-reveal_75-gibbs_mic",-0.016203990635605,0.0420429058944855,1.01491138590849,500.200192965563,569.11269068413,0.00215826468832144,19.2993360971356,21.958202433989,13.3935394063675,1.44094369020637
"realism",1,"reveal_75","interaction_row_97","gibbs_mci","realism-001-reveal_75-gibbs_mci",-0.01684554390329,0.0441648660621965,1.00828325784266,463.009549677436,632.414566726424,0.00221068387499492,18.1437183932533,24.7821061454766,13.3935394063675,1.35466196370973
"realism",1,"reveal_75","interaction_row_97","gibbs_imc","realism-001-reveal_75-gibbs_imc",-0.0145629877433311,0.0394748915636441,1.00710953983647,689.203103290792,729.414689878746,0.00165793818881924,27.0413584686621,28.6190877654782,13.3935394063675,2.01898524715627
"realism",1,"reveal_75","interaction_row_97","gibbs_cmi","realism-001-reveal_75-gibbs_cmi",-0.0200300963086207,0.0524014671034867,1.01139407564421,392.699042276629,512.821026822615,0.0029252554298116,15.1709114265649,19.8115134951756,13.3935394063675,1.13270368393828
"realism",1,"reveal_75","mean_row_1","gibbs_mci","realism-001-reveal_75-gibbs_mci",1.26847879025898,0.0655770875448155,1.01126511384589,175.054714320578,760.12173529418,0.0049632700639329,6.85977954937798,29.7865016377669,1.91855668863237,3.57548963240066
"realism",1,"reveal_75","mean_row_1","gibbs_cmi","realism-001-reveal_75-gibbs_cmi",1.26181215443565,0.0693865507678843,1.08636260117687,36.5117557348273,342.768785813493,0.0114656492776314,1.41053721208528,13.2419851579485,1.91855668863237,0.735207471555493
"realism",1,"reveal_75","mean_row_1","gibbs_icm","realism-001-reveal_75-gibbs_icm",1.26238239585243,0.0632939179526107,1.0160381682568,131.944904896585,732.62894275521,0.00551251121221113,5.08987790366023,28.2617344734484,1.91855668863237,2.65297237961132
"realism",1,"reveal_75","mean_row_1","gibbs_mic","realism-001-reveal_75-gibbs_mic",1.26783647025868,0.0597538192431357,1.02267319558994,142.955924072941,591.870189202505,0.00498395402541105,5.51570044266304,22.8362600973263,1.91855668863237,2.8749217968612
"realism",1,"reveal_75","mean_row_1","gibbs_imc","realism-001-reveal_75-gibbs_imc",1.26570722215147,0.0641965151163121,1.01810412294043,138.94745753349,359.221249815076,0.00545267791675401,5.45169920090594,14.0942931618109,1.91855668863237,2.8415627399533
"realism",1,"reveal_75","mean_row_1104","gibbs_imc","realism-001-reveal_75-gibbs_imc",-0.994686075487475,0.0656777348713295,1.0120770336302,528.402733930048,1094.67622810291,0.00286446840092208,20.7322452203102,42.9503758034649,4.18946768269498,4.94865858637527
"realism",1,"reveal_75","mean_row_1104","gibbs_cmi","realism-001-reveal_75-gibbs_cmi",-1.00424351831522,0.0700146309299357,1.02047425567904,341.730435983184,1307.87468842031,0.00406527868496391,13.2018711988869,50.5263545845209,4.18946768269498,3.15120492596675
"realism",1,"reveal_75","mean_row_1104","gibbs_icm","realism-001-reveal_75-gibbs_icm",-0.992242894786067,0.0667927666033714,1.01374344190272,411.328064868778,1050.69875686346,0.0032906781944842,15.8673018118572,40.5315263227038,4.18946768269498,3.78742671232403
"realism",1,"reveal_75","mean_row_1104","gibbs_mic","realism-001-reveal_75-gibbs_mic",-0.997840075174617,0.0669717655925532,1.01109054798719,416.477392911649,1073.58366005697,0.00326661716628858,16.0690405475595,41.4223188539611,4.18946768269498,3.83558049962631
"realism",1,"reveal_75","mean_row_1104","gibbs_mci","realism-001-reveal_75-gibbs_mci",-0.994486406822797,0.0645558867276472,1.01715863635189,389.725781740531,1060.1642834828,0.00331640207602199,15.2719848638476,41.5441155015003,4.18946768269498,3.64532824228006
"realism",1,"reveal_75","mean_row_159","gibbs_mci","realism-001-reveal_75-gibbs_mci",0.304173379011041,0.0547537656178163,1.0193187956608,558.683530435799,815.99118495173,0.00235341079569251,21.892845739872,31.9758291842048,13.3979881788525,1.63403978624402
"realism",1,"reveal_75","mean_row_159","gibbs_mic","realism-001-reveal_75-gibbs_mic",0.305807053338633,0.0529684054487419,1.00639455820132,805.755283134064,1644.77751519887,0.00186641029154516,31.0886365897855,63.4608193224348,13.3979881788525,2.32039588143959
"realism",1,"reveal_75","mean_row_159","gibbs_cmi","realism-001-reveal_75-gibbs_cmi",0.308012244610988,0.054520531328888,1.00769598971711,621.039799035221,1165.2929483523,0.002175302624467,23.9922657537271,45.0180779738194,13.3979881788525,1.79073644740162
"realism",1,"reveal_75","mean_row_159","gibbs_imc","realism-001-reveal_75-gibbs_imc",0.301941610827041,0.0530221784320292,1.00814869107515,581.492056323614,1488.8011248657,0.00218704172735443,22.8152413514188,58.4141375942912,13.3979881788525,1.70288561587408
"realism",1,"reveal_75","mean_row_159","gibbs_icm","realism-001-reveal_75-gibbs_icm",0.303211057780971,0.0539212598616097,1.01053108604754,539.82882247699,1115.56191248702,0.00232642638893592,20.8243190401183,43.0336732819123,13.3979881788525,1.55428701400018
"realism",1,"reveal_75","mean_row_316","gibbs_mic","realism-001-reveal_75-gibbs_mic",0.781499945304397,0.0684796699799779,1.02584240893979,185.471667110835,1065.95061255136,0.00511217109496854,7.15609488042417,41.1278112721413,13.1643611907189,0.543596060359492
"realism",1,"reveal_75","mean_row_316","gibbs_imc","realism-001-reveal_75-gibbs_imc",0.774182767228354,0.0633370358171791,1.0115268296472,435.669832877739,1105.85218978564,0.0030350192033616,17.0938059747219,43.3888723578935,13.1643611907189,1.29849110998059
"realism",1,"reveal_75","mean_row_316","gibbs_cmi","realism-001-reveal_75-gibbs_cmi",0.771471776220889,0.0752214900189615,1.01624016986726,310.333259197399,985.765211156101,0.00394028652156665,11.9889225110065,38.0824883583585,13.1643611907189,0.910710541690308
"realism",1,"reveal_75","mean_row_316","gibbs_icm","realism-001-reveal_75-gibbs_icm",0.76704545503346,0.0701294978416106,1.00373815564172,639.620370890277,1053.38061595559,0.00275115621162453,24.673856069524,40.6349811347292,13.1643611907189,1.87429193958303
"realism",1,"reveal_75","mean_row_316","gibbs_mci","realism-001-reveal_75-gibbs_mci",0.777571716760973,0.0671379333885878,1.00801262034467,608.356540622268,1278.01737787202,0.00271506596945419,23.8393565822431,50.0810132792039,13.1643611907189,1.81090113199343
"realism",1,"reveal_75","mean_row_474","gibbs_icm","realism-001-reveal_75-gibbs_icm",0.167046564757706,0.0983531786633213,1.03776625421226,90.6314804398133,664.430033156575,0.0100491322749267,3.49618024302019,25.6309081956783,15.7768691409052,0.221601650606047
"realism",1,"reveal_75","mean_row_474","gibbs_imc","realism-001-reveal_75-gibbs_imc",0.145758161721809,0.0980503324614144,1.00440099844947,544.97173412828,1349.28773403838,0.00418974098501204,21.3823413555255,52.9402336107967,15.7768691409052,1.35529686939513
"realism",1,"reveal_75","mean_row_474","gibbs_cmi","realism-001-reveal_75-gibbs_cmi",0.159822373101547,0.0932525599053696,1.01742762610353,227.001381494387,1066.79238872259,0.00609930947196645,8.76961102933702,41.212763713448,15.7768691409052,0.555852428705246
"realism",1,"reveal_75","mean_row_474","gibbs_mci","realism-001-reveal_75-gibbs_mci",0.145474622873774,0.0974477244282681,1.00358626180558,424.187636324371,1076.62703492719,0.00474879887960175,16.6224239321434,42.1892329216342,15.7768691409052,1.05359458734724
"realism",1,"reveal_75","mean_row_474","gibbs_mic","realism-001-reveal_75-gibbs_mic",0.146072399184922,0.0997400668524576,1.02210586451088,198.768580716379,723.161274035809,0.00710587253283412,7.66913267676433,27.9018934345168,15.7768691409052,0.486099783694112
"realism",1,"reveal_75","mean_row_631","gibbs_mci","realism-001-reveal_75-gibbs_mci",0.687641070964415,0.0519898599432552,1.03918437362527,84.6524467745703,749.815339453383,0.00569412030369631,3.31723213192404,29.3826301756878,21.7986687994078,0.152175904063195
"realism",1,"reveal_75","mean_row_631","gibbs_icm","realism-001-reveal_75-gibbs_icm",0.686423152800214,0.0517730496060154,1.01475450685691,508.486971102981,820.29392069831,0.00229943199119853,19.6152826101522,31.6434795624851,21.7986687994078,0.899838553934319
"realism",1,"reveal_75","mean_row_631","gibbs_mic","realism-001-reveal_75-gibbs_mic",0.685277760499138,0.0511442511083104,1.00477060288704,505.363489367334,985.655495012156,0.00229424682010258,19.4985527188568,38.0297667648797,21.7986687994078,0.894483644771307
"realism",1,"reveal_75","mean_row_631","gibbs_imc","realism-001-reveal_75-gibbs_imc",0.693628737380119,0.0499585977111784,1.01395533367613,409.597811541018,1159.48371059706,0.00246348252990131,16.0708522596232,45.4931420173836,21.7986687994078,0.737240076791287
"realism",1,"reveal_75","mean_row_631","gibbs_cmi","realism-001-reveal_75-gibbs_cmi",0.6895294760324,0.0515076332703269,1.00714092844353,289.763953379591,697.115100956392,0.00302047473080895,11.1942806018773,26.9312382057716,21.7986687994078,0.513530468529409
"realism",1,"reveal_75","mean_row_789","gibbs_mci","realism-001-reveal_75-gibbs_mci",-0.884154733965597,0.0838408898359111,1.00906973519532,410.401832539852,898.584054712993,0.0041251989738954,16.0822066906951,35.2123537251846,9.9246222979658,1.62043513675995
"realism",1,"reveal_75","mean_row_789","gibbs_mic","realism-001-reveal_75-gibbs_mic",-0.884970025698334,0.0870747766306484,1.01516009709158,304.972123526338,830.863297614727,0.00502845619494694,11.7668077601025,32.0573847370447,9.9246222979658,1.18561768970435
"realism",1,"reveal_75","mean_row_789","gibbs_imc","realism-001-reveal_75-gibbs_imc",-0.877233729735443,0.0813799508283132,1.00191954672584,908.973852692236,1463.16192193673,0.00270549503275087,35.6642151956775,57.4081658075384,9.9246222979658,3.59350856132706
"realism",1,"reveal_75","mean_row_789","gibbs_cmi","realism-001-reveal_75-gibbs_cmi",-0.877958156882942,0.0798524946881216,1.01164084382625,307.441049039506,481.988628409036,0.00462630754874987,11.8771894548777,18.6203835583944,9.9246222979658,1.19673969429669
"realism",1,"reveal_75","mean_row_789","gibbs_icm","realism-001-reveal_75-gibbs_icm",-0.872763345628886,0.078400978033049,1.0237870973745,414.460656285649,1293.26167358894,0.00380618297700732,15.9881439758379,49.8885805496637,9.9246222979658,1.61095742445684
"realism",1,"reveal_75","mean_row_946","gibbs_mic","realism-001-reveal_75-gibbs_mic",1.05160034594115,0.0720447805248375,1.00404387726807,1515.15313023466,1856.27965104978,0.00184906172963757,58.459492639658,71.6212536094518,63.8555501837194,0.91549587266046
"realism",1,"reveal_75","mean_row_946","gibbs_imc","realism-001-reveal_75-gibbs_imc",1.05599482081898,0.0719294415799677,1.00251527463408,1612.76278784237,1802.62905195135,0.00179019675529767,63.277858823807,70.727392472686,63.8555501837194,0.990953153512101
"realism",1,"reveal_75","mean_row_946","gibbs_cmi","realism-001-reveal_75-gibbs_cmi",1.0569490266574,0.0731863069826849,1.00071229162135,1331.51187671182,1908.7012394794,0.00200362950716369,51.4395161951644,73.737733802566,63.8555501837194,0.805560613715914
"realism",1,"reveal_75","mean_row_946","gibbs_mci","realism-001-reveal_75-gibbs_mci",1.04836445425228,0.0727576052545068,1.00094573053249,1023.21159790946,1523.91475144538,0.00227890987492892,40.0960695132823,59.716867880613,63.8555501837194,0.627918315603287
"realism",1,"reveal_75","mean_row_946","gibbs_icm","realism-001-reveal_75-gibbs_icm",1.0579511719991,0.0747912186533422,1.00036122222787,1406.36926011169,1505.71896316992,0.00199695039182661,54.2517941639346,58.0842866631911,63.8555501837194,0.849601859319139
"realism",1,"reveal_75","observed_log_likelihood","gibbs_cmi","realism-001-reveal_75-gibbs_cmi",162.935412964132,14.4666602409276,1.10255535458632,26.3564676704223,110.264314880803,2.8140083556398,1.01821393356857,4.2597765068883,0.781012783611982,1.30370968943632
"realism",1,"reveal_75","observed_log_likelihood","gibbs_imc","realism-001-reveal_75-gibbs_imc",162.723732458142,12.5744649156785,1.06549857579453,42.275049702226,36.7223803890537,2.04456808403599,1.65869069338195,1.4408278882981,0.781012783611982,2.12376894230967
"realism",1,"reveal_75","observed_log_likelihood","gibbs_icm","realism-001-reveal_75-gibbs_icm",160.859832493109,16.9535649155497,1.26017886253449,12.1081230982076,28.7795078040054,5.38704365308277,0.467080318566813,1.11019202268276,0.781012783611982,0.598044396157881
"realism",1,"reveal_75","observed_log_likelihood","gibbs_mci","realism-001-reveal_75-gibbs_mci",166.808950234097,11.7797178940872,1.02048401839223,111.766123872438,195.388329034018,1.15434762778357,4.37972192767888,7.6565825084845,0.781012783611982,5.60774678670918
"realism",1,"reveal_75","observed_log_likelihood","gibbs_mic","realism-001-reveal_75-gibbs_mic",167.424977302735,11.8603541189967,1.0159028500062,98.4053020726164,312.29834174845,1.19886639345366,3.79679381405262,12.0494768789432,0.781012783611982,4.86137217433681
"realism",1,"reveal_75","sigma","gibbs_icm","realism-001-reveal_75-gibbs_icm",0.200523288361018,0.00605997654149291,1.10161717838841,29.1416352871579,84.7476840721002,0.00114054515808512,1.12416137357395,3.26920819627742,2.80511085098688,0.400754705710991
"realism",1,"reveal_75","sigma","gibbs_mci","realism-001-reveal_75-gibbs_mci",0.199185483725271,0.00539073342903296,1.0072587376144,495.27393441111,1441.05747268052,0.000243310725301843,19.4080463345392,56.469982079255,2.80511085098688,6.91881617716146
"realism",1,"reveal_75","sigma","gibbs_imc","realism-001-reveal_75-gibbs_imc",0.200094593834504,0.00558594509559765,1.01531925612338,317.953150742777,1039.22164660414,0.000321876217360799,12.4751108699641,40.7745771022142,2.80511085098688,4.44727910327508
"realism",1,"reveal_75","sigma","gibbs_mic","realism-001-reveal_75-gibbs_mic",0.199050968857659,0.00542614250527971,1.00275821806088,387.879659004396,982.252407350926,0.000276844523870042,14.9656477739175,37.8984646713065,2.80511085098688,5.33513596036762
"realism",1,"reveal_75","sigma","gibbs_cmi","realism-001-reveal_75-gibbs_cmi",0.200049673597883,0.00565160672999272,1.02308328908832,164.21596773297,611.884521162995,0.000451751787124873,6.34405902001051,23.6385752815531,2.80511085098688,2.26160724371323
"realism",2,"reveal_25","interaction_row_1104","gibbs_mci","realism-002-reveal_25-gibbs_mci",-0.0060386488977502,0.10411749260356,1.02485832098054,837.770419565282,571.05916436447,0.00377762206342863,35.72581746547,24.3522031711925,46.6248763167785,0.766239404534649
"realism",2,"reveal_25","interaction_row_1104","gibbs_icm","realism-002-reveal_25-gibbs_icm",-0.0045855665485076,0.145622628201358,1.01772423544605,477.922484818357,611.976243881374,0.00446378290694954,20.3103346571909,26.0072348766043,46.6248763167785,0.435611550349184
"realism",2,"reveal_25","interaction_row_1104","gibbs_mic","realism-002-reveal_25-gibbs_mic",0.00351791008661494,0.0922256173604138,1.00840986909034,814.410272555746,503.314562258214,0.00354484810062923,35.0193615650048,21.642353038279,46.6248763167785,0.751087495161948
"realism",2,"reveal_25","interaction_row_1104","gibbs_imc","realism-002-reveal_25-gibbs_imc",0.000243368426102329,0.145483385041534,1.02860444658289,755.777044478975,534.00282273445,0.00716681609308904,32.2912644511416,22.8157582881626,46.6248763167785,0.692575873697732
"realism",2,"reveal_25","interaction_row_1104","gibbs_cmi","realism-002-reveal_25-gibbs_cmi",0.0102512168190615,0.103235116115917,1.03189284512996,239.261770272961,307.782524607646,0.00655667620686308,10.1472399284516,13.0532475765573,46.6248763167785,0.217635750055598
"realism",2,"reveal_25","interaction_row_241","gibbs_mci","realism-002-reveal_25-gibbs_mci",-0.00254434302124194,0.118168800916116,1.02533021010785,296.121384684849,319.203988656067,0.00615539411401022,12.6277775985009,13.6121103904505,20.7117721891525,0.609690831048947
"realism",2,"reveal_25","interaction_row_241","gibbs_imc","realism-002-reveal_25-gibbs_imc",0.00729372082991507,0.120862589334409,1.01654211561141,729.456831306343,377.656449219074,0.00502829483918869,31.1667093059747,16.1357166938291,20.7117721891525,1.50478235379094
"realism",2,"reveal_25","interaction_row_241","gibbs_icm","realism-002-reveal_25-gibbs_icm",0.0040643135562556,0.0861901994265751,1.01659931333875,682.771930780242,356.981841236944,0.00365988110387123,29.0158484883874,15.1707042300346,20.7117721891525,1.40093509253564
"realism",2,"reveal_25","interaction_row_241","gibbs_mic","realism-002-reveal_25-gibbs_mic",-0.0107278643027652,0.0893863630648652,1.01016641904243,926.096412120967,359.799865348574,0.0036118840170827,39.8218271465846,15.4712704398253,20.7117721891525,1.92266633598069
"realism",2,"reveal_25","interaction_row_241","gibbs_cmi","realism-002-reveal_25-gibbs_cmi",-0.00788898050718921,0.0965793188874322,1.02683628289473,819.237227697957,690.102642500556,0.00353009699796095,34.7443584417469,29.267680669263,20.7117721891525,1.67751741012021
"realism",2,"reveal_25","interaction_row_385","gibbs_mci","realism-002-reveal_25-gibbs_mci",0.0180442928044571,0.152491539358471,1.03008646332871,481.362851074083,306.264454509715,0.00796449892556884,20.5272004722421,13.0603178895399,19.8675003911648,1.0332049864396
"realism",2,"reveal_25","interaction_row_385","gibbs_mic","realism-002-reveal_25-gibbs_mic",0.0049080831500939,0.16838759033656,1.01491723775558,568.049512036178,644.323591640173,0.00582042131158018,24.4259336100869,27.7056927949853,19.8675003911648,1.22944170777262
"realism",2,"reveal_25","interaction_row_385","gibbs_cmi","realism-002-reveal_25-gibbs_cmi",0.00883275362039744,0.133303450443546,1.04689668812216,305.772543793478,309.03587434329,0.00994748935377751,12.9680030448058,13.1064029154454,19.8675003911648,0.652724438881739
"realism",2,"reveal_25","interaction_row_385","gibbs_icm","realism-002-reveal_25-gibbs_icm",0.0171144460585175,0.133162432648027,1.02061546462042,219.468402073429,351.016443844564,0.00877746442684586,9.32677753063745,14.9171919529372,19.8675003911648,0.469448966755029
"realism",2,"reveal_25","interaction_row_385","gibbs_imc","realism-002-reveal_25-gibbs_imc",-0.00324654885201879,0.141830874587875,1.01611253689846,345.131158437004,365.365510111451,0.0074908024909566,14.7460439409101,15.6105750955543,19.8675003911648,0.742219385960991
"realism",2,"reveal_25","interaction_row_529","gibbs_mic","realism-002-reveal_25-gibbs_mic",-0.013182564220952,0.0599005811605308,1.00538734443941,690.813211941256,766.677679718977,0.00261940393150052,29.7047304756304,32.9668764929043,22.9275902843459,1.29558885636192
"realism",2,"reveal_25","interaction_row_529","gibbs_icm","realism-002-reveal_25-gibbs_icm",-0.0249196451699324,0.0800435671318037,1.01102857167624,424.790854052855,381.293665389394,0.00475216649001982,18.052392760735,16.2038870166757,22.9275902843459,0.787365463917092
"realism",2,"reveal_25","interaction_row_529","gibbs_imc","realism-002-reveal_25-gibbs_imc",-0.0254157274466809,0.0701663072061817,1.01783405658343,576.347230248888,763.038909282176,0.00321142341553227,24.6249617709414,32.6015342568754,22.9275902843459,1.0740318308878
"realism",2,"reveal_25","interaction_row_529","gibbs_cmi","realism-002-reveal_25-gibbs_cmi",-0.0183386458500666,0.0681945904205834,1.03857959851356,676.921139240517,492.279626487841,0.0032456237080426,28.7086449484928,20.8778839852342,22.9275902843459,1.25214401480708
"realism",2,"reveal_25","interaction_row_529","gibbs_mci","realism-002-reveal_25-gibbs_mci",-0.0234459228693141,0.076277078285362,1.0304036892474,414.059960028961,525.117701953882,0.00418498449265138,17.6571411526208,22.3930789745789,22.9275902843459,0.770126338339026
"realism",2,"reveal_25","interaction_row_672","gibbs_cmi","realism-002-reveal_25-gibbs_cmi",0.00163549161471167,0.0285016196530367,1.04368844005162,1429.00662673841,985.269316844093,0.000820983026600806,60.6050564798505,41.7858822190969,62.614810310549,0.967902899957202
"realism",2,"reveal_25","interaction_row_672","gibbs_icm","realism-002-reveal_25-gibbs_icm",0.00307898762077122,0.0358005251304357,1.00142852267225,1316.39057590393,831.058177767847,0.00116339781171762,55.942823335342,35.3175886179019,62.614810310549,0.893443948131183
"realism",2,"reveal_25","interaction_row_672","gibbs_imc","realism-002-reveal_25-gibbs_imc",0.00377496650296252,0.0381923564140762,1.00371531493553,1147.61050570301,705.98695289158,0.00114906308235346,49.0327069302715,30.1639373164526,62.614810310549,0.783084811517998
"realism",2,"reveal_25","interaction_row_672","gibbs_mic","realism-002-reveal_25-gibbs_mic",-0.000204484590372973,0.0287756649595501,1.01105389276385,1522.60242577637,1013.97003578503,0.000792334428210792,65.4713805373402,43.6003627358549,62.614810310549,1.04562131886408
"realism",2,"reveal_25","interaction_row_672","gibbs_mci","realism-002-reveal_25-gibbs_mci",0.00136740469813634,0.0294680387148578,1.03254665756092,1476.1279132254,1096.41273290851,0.000878200686192068,62.9478854253895,46.7553404225371,62.614810310549,1.00531943023046
"realism",2,"reveal_25","interaction_row_816","gibbs_imc","realism-002-reveal_25-gibbs_imc",0.00242855557559914,0.0506678693277916,1.04436879649711,988.29385123065,843.099204382461,0.00173399927114769,42.2257573693929,36.0221834814123,56.4316196996831,0.748264139751956
"realism",2,"reveal_25","interaction_row_816","gibbs_cmi","realism-002-reveal_25-gibbs_cmi",0.00111002041127289,0.0527064900451567,1.06506155418646,1068.69129774265,573.195452295549,0.00158938651013567,45.3238601188619,24.3095742947345,56.4316196996831,0.803164260747179
"realism",2,"reveal_25","interaction_row_816","gibbs_mci","realism-002-reveal_25-gibbs_mci",0.00183121120350534,0.0522467103025313,1.0312566410328,1385.6034387428,1055.74340164662,0.00157130255752057,59.0875666841273,45.0210405819449,56.4316196996831,1.04706487247005
"realism",2,"reveal_25","interaction_row_816","gibbs_icm","realism-002-reveal_25-gibbs_icm",0.00455698986231527,0.0481446029936027,1.00755815612555,1079.83340773419,1014.83498497154,0.00133308025579652,45.8898222657004,43.1275757499273,56.4316196996831,0.81319342790294
"realism",2,"reveal_25","interaction_row_816","gibbs_mic","realism-002-reveal_25-gibbs_mic",0.00541025086258786,0.0490032347433775,1.0290856908696,1153.92044889265,416.14417610168,0.00169034139477381,49.6181823569253,17.894056419921,56.4316196996831,0.879262063023931
"realism",2,"reveal_25","interaction_row_960","gibbs_mci","realism-002-reveal_25-gibbs_mci",0.141511224016381,0.264694979727532,1.0374567149198,148.770661041512,318.905470096073,0.0213344734307636,6.3441646499578,13.5993803878921,6.04412056320331,1.049642306704
"realism",2,"reveal_25","interaction_row_960","gibbs_icm","realism-002-reveal_25-gibbs_icm",0.14997199051068,0.234048590552853,1.04960451017197,92.9786326949402,343.824003250847,0.0217724128113712,3.95132517508565,14.6115338596255,6.04412056320331,0.653746915496916
"realism",2,"reveal_25","interaction_row_960","gibbs_mic","realism-002-reveal_25-gibbs_mic",0.0897803804088633,0.286905017141625,1.04660051125766,76.4592104476154,162.206241345114,0.0300498689006508,3.2877197474895,6.9748125793393,6.04412056320331,0.543953369743348
"realism",2,"reveal_25","interaction_row_960","gibbs_imc","realism-002-reveal_25-gibbs_imc",0.144756422986182,0.267329133219831,1.03913645004672,116.669038744858,146.901295835173,0.0246852395593174,4.98479123028656,6.27649202457474,6.04412056320331,0.824733917558501
"realism",2,"reveal_25","interaction_row_960","gibbs_cmi","realism-002-reveal_25-gibbs_cmi",0.120393536445462,0.230048018485779,1.055232644816,90.6360336088937,234.545967459814,0.0214794557050332,3.8439303451755,9.94723980914426,6.04412056320331,0.63597843639609
"realism",2,"reveal_25","interaction_row_97","gibbs_mic","realism-002-reveal_25-gibbs_mic",0.048483722492566,0.113237481506561,1.01199325650212,370.788801419323,309.32055452949,0.00746656716973863,15.9437909107037,13.3006774393486,15.0087777390981,1.06229775587721
"realism",2,"reveal_25","interaction_row_97","gibbs_mci","realism-002-reveal_25-gibbs_mci",0.0745908987556158,0.149486474792416,1.02341226656153,188.74619173726,282.205437135981,0.0129649661449109,8.04887811246302,12.034346999402,15.0087777390981,0.536278053574981
"realism",2,"reveal_25","interaction_row_97","gibbs_imc","realism-002-reveal_25-gibbs_imc",0.0542113648538301,0.114341750354793,1.01813199393555,230.909073954377,243.956931643109,0.0093420232341139,9.86580106619847,10.4232827021195,15.0087777390981,0.657335409831402
"realism",2,"reveal_25","interaction_row_97","gibbs_cmi","realism-002-reveal_25-gibbs_cmi",0.0532555751884641,0.118735216153863,1.02618891139603,240.982764537225,324.337676331226,0.00885383612001533,10.22022836156,13.7553618190434,15.0087777390981,0.680950077296178
"realism",2,"reveal_25","interaction_row_97","gibbs_icm","realism-002-reveal_25-gibbs_icm",0.0655001071887442,0.140741578257375,1.01901922186385,147.831490984623,213.102986473628,0.014265348412226,6.28241430388098,9.05626562719939,15.0087777390981,0.418582672959118
"realism",2,"reveal_25","mean_row_1","gibbs_imc","realism-002-reveal_25-gibbs_imc",1.78066266616021,0.0945074056524264,1.01752589772216,297.518200102006,679.608903859138,0.00547604466123671,12.7117368127325,29.0369110813558,8.5128224269587,1.49324585609545
"realism",2,"reveal_25","mean_row_1","gibbs_mci","realism-002-reveal_25-gibbs_mci",1.78178926671001,0.100663189481745,1.01459308164536,172.156323753178,449.503420007526,0.00767523210825841,7.34142105557252,19.1685893393399,8.5128224269587,0.862395652976791
"realism",2,"reveal_25","mean_row_1","gibbs_cmi","realism-002-reveal_25-gibbs_cmi",1.78863631094384,0.100458234104626,1.03334631105976,129.720115611917,223.569190260137,0.00924941005360713,5.50151048016946,9.48170788668456,8.5128224269587,0.646261627958676
"realism",2,"reveal_25","mean_row_1","gibbs_mic","realism-002-reveal_25-gibbs_mic",1.7970792856982,0.0965857294620678,1.00805495592194,352.712765174932,625.690506596563,0.00515750522431551,15.1665275703016,26.90447654784,8.5128224269587,1.78160976578951
"realism",2,"reveal_25","mean_row_1","gibbs_icm","realism-002-reveal_25-gibbs_icm",1.78551257715238,0.0948851505939095,1.01079577576412,215.676925034301,297.032131161303,0.00667452580060799,9.16565063254012,12.6230135209427,8.5128224269587,1.07668763341216
"realism",2,"reveal_25","mean_row_1104","gibbs_mci","realism-002-reveal_25-gibbs_mci",-0.420681219393059,0.156775347889465,1.01022923364813,499.763121950462,888.943517736643,0.00662451722822058,21.3118602111069,37.9080391358905,30.55179056444,0.6975650139443
"realism",2,"reveal_25","mean_row_1104","gibbs_mic","realism-002-reveal_25-gibbs_mic",-0.4246046422016,0.150516373813902,1.00582991860856,595.65535470619,777.780331204668,0.00606142945805872,25.6129753485635,33.4442866875074,30.55179056444,0.838346128831322
"realism",2,"reveal_25","mean_row_1104","gibbs_icm","realism-002-reveal_25-gibbs_icm",-0.427573917849557,0.191107578530116,1.0192858592287,409.844694470617,776.585152260223,0.0081342661076502,17.4172238523912,33.0026412927723,30.55179056444,0.570088480269422
"realism",2,"reveal_25","mean_row_1104","gibbs_cmi","realism-002-reveal_25-gibbs_cmi",-0.410304550318527,0.156018603330883,1.01839720500327,462.406461613971,571.667878665871,0.00642161076852264,19.6109445529483,24.244788950586,30.55179056444,0.641891823380524
"realism",2,"reveal_25","mean_row_1104","gibbs_imc","realism-002-reveal_25-gibbs_imc",-0.40938269862683,0.188603005372111,1.00645601757797,550.565898206292,742.496800100909,0.00840107015336591,23.5234308141973,31.7238538816878,30.55179056444,0.769952607673897
"realism",2,"reveal_25","mean_row_159","gibbs_imc","realism-002-reveal_25-gibbs_imc",-0.0642629307617749,0.139665485105008,1.02660516146839,318.710378701502,991.672042852747,0.00651556870354382,13.6171919975005,42.3700936916359,15.4586046233729,0.880881058107389
"realism",2,"reveal_25","mean_row_159","gibbs_mci","realism-002-reveal_25-gibbs_mci",-0.0748439258889654,0.147052107215815,1.00777836937156,523.947805091434,1131.03175719116,0.00611803689840151,22.3431899825769,48.2316314367229,15.4586046233729,1.44535619656089
"realism",2,"reveal_25","mean_row_159","gibbs_mic","realism-002-reveal_25-gibbs_mic",-0.0815508406812546,0.150182034211113,1.01525125090385,380.152284885812,664.13850255857,0.00715228453058463,16.3464174787502,28.5577271482015,15.4586046233729,1.05743162963331
"realism",2,"reveal_25","mean_row_159","gibbs_icm","realism-002-reveal_25-gibbs_icm",-0.0821449523092886,0.12766905118411,1.00576215137405,701.295697456897,1136.13034923394,0.00476612235164655,29.8030554356763,48.2822807884895,15.4586046233729,1.92792662480125
"realism",2,"reveal_25","mean_row_159","gibbs_cmi","realism-002-reveal_25-gibbs_cmi",-0.0575740277535764,0.146488845199372,1.02108947154869,264.710210238851,782.727175710524,0.00808379138396986,11.2265240357458,33.1959445146325,15.4586046233729,0.726231397287412
"realism",2,"reveal_25","mean_row_316","gibbs_mic","realism-002-reveal_25-gibbs_mic",1.645715005048,0.0927741701623094,1.00206344917066,893.156956875269,1331.11009436622,0.00310696628274058,38.4054419021016,57.2372761595385,28.225649954466,1.36065748579954
"realism",2,"reveal_25","mean_row_316","gibbs_mci","realism-002-reveal_25-gibbs_mci",1.64903331663969,0.0967771245853806,1.00962248463338,610.542980894303,1264.84308112637,0.00391990671750515,26.0359480125499,53.9378712633841,28.225649954466,0.922421558212173
"realism",2,"reveal_25","mean_row_316","gibbs_icm","realism-002-reveal_25-gibbs_icm",1.65151274493396,0.0936906127815607,1.00603916340781,782.97260150503,1148.9790267969,0.00334327754063993,33.2740895629184,48.8283127277594,28.225649954466,1.17885999495482
"realism",2,"reveal_25","mean_row_316","gibbs_imc","realism-002-reveal_25-gibbs_imc",1.64111334148552,0.0949632176505932,1.00373210348252,744.234272779577,1178.86002834075,0.00341281805427186,31.7980889886593,50.3678713241077,28.225649954466,1.12656711324474
"realism",2,"reveal_25","mean_row_316","gibbs_cmi","realism-002-reveal_25-gibbs_cmi",1.65828550537014,0.096089988620074,1.01154353436536,692.346149805127,1035.1691395811,0.00366202752983115,29.3628292041699,43.9021646202593,28.225649954466,1.04028885965561
"realism",2,"reveal_25","mean_row_474","gibbs_icm","realism-002-reveal_25-gibbs_icm",0.817134882883257,0.0993310366018147,1.00826982671713,394.818517735339,1050.70651573647,0.00505235630991144,16.7786544445769,44.6520129079286,20.3239688761858,0.82555993599444
"realism",2,"reveal_25","mean_row_474","gibbs_cmi","realism-002-reveal_25-gibbs_cmi",0.816905058149747,0.0990366573359389,1.0175997634054,455.156649571972,1102.45625962998,0.0046275338754043,19.3034755321247,46.7558530739206,20.3239688761858,0.949788678073758
"realism",2,"reveal_25","mean_row_474","gibbs_mic","realism-002-reveal_25-gibbs_mic",0.813528305445319,0.0974926979198108,1.01319085779884,425.350424614,717.568645808046,0.00468936778648456,18.2899219390266,30.8552049281067,20.3239688761858,0.899918812631986
"realism",2,"reveal_25","mean_row_474","gibbs_mci","realism-002-reveal_25-gibbs_mci",0.80754121172089,0.0991899057518295,1.00938087134155,361.784007049089,912.335443221578,0.00501260178885434,15.4278894264002,38.9055626107278,20.3239688761858,0.759098260796764
"realism",2,"reveal_25","mean_row_474","gibbs_imc","realism-002-reveal_25-gibbs_imc",0.811486211499393,0.094772747607193,1.00761515743056,407.506512583529,625.425207214264,0.00482602946516277,17.4110879121352,26.7218631580542,20.3239688761858,0.856677552411346
"realism",2,"reveal_25","mean_row_631","gibbs_mci","realism-002-reveal_25-gibbs_mci",-0.278084072440659,0.201051477015739,1.00972290314389,411.891436272816,712.057460050569,0.00899895265080833,17.5646667920175,30.3649236695335,7.83079863193915,2.24302368348195
"realism",2,"reveal_25","mean_row_631","gibbs_cmi","realism-002-reveal_25-gibbs_cmi",-0.299553718136444,0.244650046980703,1.02074616396093,214.116847538992,247.480755652623,0.0162239227630784,9.0808281750282,10.4958121910438,7.83079863193915,1.1596298924085
"realism",2,"reveal_25","mean_row_631","gibbs_mic","realism-002-reveal_25-gibbs_mic",-0.279833979967829,0.233447401654805,1.01609038996158,236.027516057422,235.564281103575,0.0117811377464524,10.1491019976532,10.1291830539894,7.83079863193915,1.29604941649994
"realism",2,"reveal_25","mean_row_631","gibbs_icm","realism-002-reveal_25-gibbs_icm",-0.291198163470133,0.300457894549015,1.00780862157296,325.727343285739,508.361948083328,0.00971761769974291,13.8424777223977,21.6039245286358,7.83079863193915,1.76769680501538
"realism",2,"reveal_25","mean_row_631","gibbs_imc","realism-002-reveal_25-gibbs_imc",-0.296955966930991,0.194031717715689,1.01175844753874,454.913052851315,575.89174957387,0.00895484238341081,19.4365756398766,24.605500943126,7.83079863193915,2.48206812017888
"realism",2,"reveal_25","mean_row_789","gibbs_mci","realism-002-reveal_25-gibbs_mci",-0.374622839750568,0.213119286023442,1.01842849140076,224.761986513357,524.330499180137,0.0133997303554158,9.58473290035627,22.3595095599203,4.73710266896392,2.0233323130513
"realism",2,"reveal_25","mean_row_789","gibbs_imc","realism-002-reveal_25-gibbs_imc",-0.349149469304202,0.232774924881481,1.0512159166261,61.9949555207696,427.792652686634,0.0260106633242839,2.64879109253446,18.2778317746905,4.73710266896392,0.559158472517083
"realism",2,"reveal_25","mean_row_789","gibbs_mic","realism-002-reveal_25-gibbs_mic",-0.359585017281301,0.245670207646917,1.02203737196762,255.38478499943,357.605040340239,0.0152616098655732,10.9814579033124,15.3768937194806,4.73710266896392,2.31818026137782
"realism",2,"reveal_25","mean_row_789","gibbs_icm","realism-002-reveal_25-gibbs_icm",-0.343666466796234,0.25221381432161,1.01080079690306,256.802590395598,443.633213393752,0.0139489065796237,10.9133734391058,18.8531389823532,4.73710266896392,2.303807665096
"realism",2,"reveal_25","mean_row_789","gibbs_cmi","realism-002-reveal_25-gibbs_cmi",-0.351583079831748,0.217519933752117,1.04116900812755,139.719704852014,296.926523990704,0.01833571412391,5.92559925577901,12.5928378638068,4.73710266896392,1.2508910340073
"realism",2,"reveal_25","mean_row_946","gibbs_mci","realism-002-reveal_25-gibbs_mci",-0.527314352625691,0.203363113789761,1.05042315192849,69.2092223310358,235.742853690983,0.0246271531010494,2.95135276464968,10.0530001573979,7.99306576265356,0.369239144564461
"realism",2,"reveal_25","mean_row_946","gibbs_imc","realism-002-reveal_25-gibbs_imc",-0.5271377375685,0.202930736873179,1.00840667404888,232.888496324931,537.85194748821,0.0132686887902299,9.95037369472031,22.9802156585433,7.99306576265356,1.24487574482522
"realism",2,"reveal_25","mean_row_946","gibbs_icm","realism-002-reveal_25-gibbs_icm",-0.534341828937371,0.207321227298366,1.02530415657085,138.178979524732,156.936219224124,0.0177025976765141,5.87221025560886,6.66933913663355,7.99306576265356,0.734663072965808
"realism",2,"reveal_25","mean_row_946","gibbs_mic","realism-002-reveal_25-gibbs_mic",-0.553451069949411,0.198321282515132,1.01729047814862,173.204554936597,362.939749666124,0.0151496367147321,7.44773628038349,15.6062843853683,7.99306576265356,0.93177467839461
"realism",2,"reveal_25","mean_row_946","gibbs_cmi","realism-002-reveal_25-gibbs_cmi",-0.541359328906569,0.195586378239696,1.02198081492835,163.497730960377,589.135945620542,0.0151808530593062,6.93404007635506,24.9856204936824,7.99306576265356,0.867506946928092
"realism",2,"reveal_25","observed_log_likelihood","gibbs_mci","realism-002-reveal_25-gibbs_mci",80.514857858682,12.6061160539008,1.01823557300941,121.660094667639,397.687341350248,1.14356561408288,5.18806373849199,16.9589484584325,4.84799586679701,1.07014607294203
"realism",2,"reveal_25","observed_log_likelihood","gibbs_icm","realism-002-reveal_25-gibbs_icm",80.4630836255104,11.8096489311099,1.04887180700104,84.1055407095603,177.630802429255,1.28949122380506,3.57424421867156,7.54879955927311,4.84799586679701,0.737262224819718
"realism",2,"reveal_25","observed_log_likelihood","gibbs_mic","realism-002-reveal_25-gibbs_mic",79.0290857182254,11.6385691536705,1.04891653293163,62.3071206978818,329.536109766865,1.48304619538918,2.67918475653088,14.1699393604604,4.84799586679701,0.552637590902275
"realism",2,"reveal_25","observed_log_likelihood","gibbs_imc","realism-002-reveal_25-gibbs_imc",80.6099089395087,12.7693034790489,1.0930189828266,32.9489874076634,334.94865201418,2.25218350234349,1.40777557819539,14.310987054654,4.84799586679701,0.290382998846384
"realism",2,"reveal_25","observed_log_likelihood","gibbs_cmi","realism-002-reveal_25-gibbs_cmi",79.9380564614182,12.8983427052014,1.1184464017419,26.1489247800092,97.8538408224675,2.52924410113886,1.1089921022948,4.15004202139475,4.84799586679701,0.228752691372959
"realism",2,"reveal_25","sigma","gibbs_cmi","realism-002-reveal_25-gibbs_cmi",0.19350103208563,0.00936471131286298,1.05752261586959,58.4901613424553,258.270919623211,0.00122133649059693,2.48060398415772,10.9534297308287,10.3924875521193,0.238692033232395
"realism",2,"reveal_25","sigma","gibbs_icm","realism-002-reveal_25-gibbs_icm",0.193217981819321,0.00886367406595738,1.01711173985726,193.709450212666,437.629562687227,0.000633804700397192,8.23209596756052,18.5980010491364,10.3924875521193,0.792119877582317
"realism",2,"reveal_25","sigma","gibbs_imc","realism-002-reveal_25-gibbs_imc",0.193173158291791,0.00929915924434706,1.04686055042186,63.288996242094,454.365098753998,0.00117682758046435,2.70408016415695,19.4131638006406,10.3924875521193,0.260195660624632
"realism",2,"reveal_25","sigma","gibbs_mic","realism-002-reveal_25-gibbs_mic",0.193907901101705,0.00888282646979428,1.01965110689371,216.133015860829,688.58099740489,0.000608883023016274,9.29364533285304,29.6087460184423,10.3924875521193,0.894265717061917
"realism",2,"reveal_25","sigma","gibbs_mci","realism-002-reveal_25-gibbs_mci",0.193209857805438,0.00913707066594437,1.00668601923962,256.100441317949,767.095814785225,0.000570431645546264,10.9211275615329,32.7119750441457,10.3924875521193,1.05086751432344
"realism",2,"reveal_75","interaction_row_1104","gibbs_mci","realism-002-reveal_75-gibbs_mci",0.0010972811003875,0.0267167802433009,1.02878580579888,269.43835041159,408.021962037184,0.0013152000280833,10.3225174473828,15.6318275242196,1.96324593925263,5.25788299927028
"realism",2,"reveal_75","interaction_row_1104","gibbs_icm","realism-002-reveal_75-gibbs_icm",-0.000814043896042289,0.0214630697584248,1.03999914964751,93.1968914949437,387.504437972687,0.00127596124291357,3.56679901622504,14.8304350710968,1.96324593925263,1.81678665159132
"realism",2,"reveal_75","interaction_row_1104","gibbs_imc","realism-002-reveal_75-gibbs_imc",-0.00204293972648615,0.0230792347172893,1.04530147038034,80.4764070150979,453.984680160941,0.00088860834276728,3.15432944048517,17.7942492125953,1.96324593925263,1.60669092823182
"realism",2,"reveal_75","interaction_row_1104","gibbs_cmi","realism-002-reveal_75-gibbs_cmi",0.00267879959732574,0.0274219985141103,1.03655372544033,161.20173176707,478.127531480184,0.00116589200692495,6.24764482470631,18.5306383799779,1.96324593925263,3.18230370418322
"realism",2,"reveal_75","interaction_row_1104","gibbs_mic","realism-002-reveal_75-gibbs_mic",6.46621996160141e-05,0.0219927542051493,1.06347166821922,46.8174887201532,294.514747945171,0.0021352482457371,1.81371745710119,11.4095513092306,1.96324593925263,0.92383609248245
"realism",2,"reveal_75","interaction_row_241","gibbs_mic","realism-002-reveal_75-gibbs_mic",-0.0182882900752599,0.0623949643634298,1.02103244756524,613.39980349694,413.636906767221,0.00333316316967093,23.763212470342,16.0243639548762,4.42590517192601,5.36911920776671
"realism",2,"reveal_75","interaction_row_241","gibbs_cmi","realism-002-reveal_75-gibbs_cmi",-0.014533480549943,0.054168920607459,1.03467202394927,424.435086733469,328.312238272572,0.00344582864607886,16.4496971836863,12.7242941738073,4.42590517192601,3.71668541116256
"realism",2,"reveal_75","interaction_row_241","gibbs_mci","realism-002-reveal_75-gibbs_mci",-0.0141803986737377,0.0534229805592784,1.01885043847312,518.452092353637,427.746558002928,0.00272960329773099,19.8625428072037,16.3875012643829,4.42590517192601,4.48779222229927
"realism",2,"reveal_75","interaction_row_241","gibbs_icm","realism-002-reveal_75-gibbs_icm",-0.0138688360658072,0.0535285972465851,1.02047364322138,732.101412371188,565.805584775198,0.00260620514664861,28.0187306200463,21.6543145461059,4.42590517192601,6.33062154105156
"realism",2,"reveal_75","interaction_row_241","gibbs_imc","realism-002-reveal_75-gibbs_imc",-0.020381050088276,0.0634363689941578,1.03494478509679,420.909138115091,362.195935160885,0.00370792711559424,16.4978300519379,14.1965247191975,4.42590517192601,3.727560670885
"realism",2,"reveal_75","interaction_row_385","gibbs_cmi","realism-002-reveal_75-gibbs_cmi",0.0438071721708564,0.0681909731448311,1.01630366724358,395.556392356594,751.158544303834,0.00346486560738638,15.3304547072552,29.1124154834448,20.2725705725412,0.756216615569216
"realism",2,"reveal_75","interaction_row_385","gibbs_mci","realism-002-reveal_75-gibbs_mci",0.0431344793127695,0.0628667805665554,1.01158066069177,477.258488323519,1144.8760872625,0.00302603389627499,18.2843647354039,43.8616231423833,20.2725705725412,0.901926308258594
"realism",2,"reveal_75","interaction_row_385","gibbs_mic","realism-002-reveal_75-gibbs_mic",0.0439192574678972,0.0663395512581874,1.0058361433128,450.551689763709,1069.60264979308,0.00302635646309112,17.4544489119323,41.4365881452398,20.2725705725412,0.860988439994578
"realism",2,"reveal_75","interaction_row_385","gibbs_icm","realism-002-reveal_75-gibbs_icm",0.0461729405894962,0.0718012302839501,1.02492241196191,152.039586132385,782.404763997843,0.00520014026217984,5.8188061591483,29.9439229973533,20.2725705725412,0.287028531400441
"realism",2,"reveal_75","interaction_row_385","gibbs_imc","realism-002-reveal_75-gibbs_imc",0.0456141384741574,0.0682640320247923,1.01633331768381,515.727877579431,1114.24224363175,0.00307998963992747,20.2143173119364,43.6735093337418,20.2725705725412,0.997126498566307
"realism",2,"reveal_75","interaction_row_529","gibbs_mci","realism-002-reveal_75-gibbs_mci",-0.0098367846959783,0.0391670240765292,1.0144192663111,546.979300561899,476.856889899837,0.00227674249338049,20.9554555421766,18.2689790016026,26.9996358479521,0.776138450910479
"realism",2,"reveal_75","interaction_row_529","gibbs_icm","realism-002-reveal_75-gibbs_icm",-0.0140551917247528,0.0468446922491215,1.02138665587015,383.700558559778,284.29178313116,0.00289125461944999,14.6848543212438,10.8803162436818,26.9996358479521,0.543890828896406
"realism",2,"reveal_75","interaction_row_529","gibbs_cmi","realism-002-reveal_75-gibbs_cmi",-0.0109667561603622,0.0412943573790075,1.02953981714228,427.898276467619,390.716542212646,0.00235629040715352,16.5839189391374,15.1428781572223,26.9996358479521,0.614227504123739
"realism",2,"reveal_75","interaction_row_529","gibbs_imc","realism-002-reveal_75-gibbs_imc",-0.0102166047034859,0.0347285035255623,1.01369871784368,748.678327251446,778.009831920927,0.00129976223190761,29.3449742190824,30.4946431984059,26.9996358479521,1.08686555568149
"realism",2,"reveal_75","interaction_row_529","gibbs_mic","realism-002-reveal_75-gibbs_mic",-0.00956971142276652,0.0413321251755495,1.06069256981333,339.080495879415,559.3967335292,0.00266417440415696,13.1360359462059,21.6711243764459,26.9996358479521,0.486526411696115
"realism",2,"reveal_75","interaction_row_672","gibbs_imc","realism-002-reveal_75-gibbs_imc",0.00472867702524417,0.0308140820955041,1.03283252327896,514.394760479218,487.166127485049,0.00149918745887459,20.162064848478,19.0948194052072,4.22852207827608,4.7681115234233
"realism",2,"reveal_75","interaction_row_672","gibbs_cmi","realism-002-reveal_75-gibbs_cmi",0.00481166369483626,0.0315195643293674,1.01025328769878,555.88910721462,465.374852823979,0.00142421713222863,21.5444193168989,18.0363868236565,4.22852207827608,5.09502349002334
"realism",2,"reveal_75","interaction_row_672","gibbs_mci","realism-002-reveal_75-gibbs_mci",0.00429903190107098,0.026079539341495,1.02367393751986,763.662038510979,793.376826641793,0.000957668225780359,29.2568400318355,30.3952504268555,4.22852207827608,6.91892805340705
"realism",2,"reveal_75","interaction_row_672","gibbs_mic","realism-002-reveal_75-gibbs_mic",0.00582702614933294,0.0306015968950982,1.02148304470211,425.69500739547,216.567238719275,0.00176255439923305,16.4914968192565,8.38985157553457,4.22852207827608,3.90006165605263
"realism",2,"reveal_75","interaction_row_672","gibbs_icm","realism-002-reveal_75-gibbs_icm",0.0021569743070223,0.0204945648999736,1.0338204689362,525.297974029137,563.000120981833,0.00087721201007575,20.1040213566971,21.5469448115823,4.22852207827608,4.75438486178918
"realism",2,"reveal_75","interaction_row_816","gibbs_mic","realism-002-reveal_75-gibbs_mic",0.00876862689466453,0.0362096805303486,1.12151005395065,24.3682325815068,80.9709311914292,0.00528091277715825,0.944029465056626,3.1368276136609,1.31266238807521,0.719171565844039
"realism",2,"reveal_75","interaction_row_816","gibbs_mci","realism-002-reveal_75-gibbs_mci",0.00415197927565593,0.0317804234926308,1.05942341379242,57.7605323262614,144.548159171855,0.00314997080111678,2.21287764639724,5.53781929246239,1.31266238807521,1.68579344277704
"realism",2,"reveal_75","interaction_row_816","gibbs_icm","realism-002-reveal_75-gibbs_icm",0.00493390721041606,0.0312309987880858,1.06931008865758,43.7167422498338,279.943078971032,0.00396775862916634,1.67311195414421,10.7138841506002,1.31266238807521,1.27459426684536
"realism",2,"reveal_75","interaction_row_816","gibbs_imc","realism-002-reveal_75-gibbs_imc",0.00162216405331599,0.0326692611829298,1.12159967656231,24.4858239971756,219.120527809683,0.00603918667053376,0.959739113282472,8.58858338140101,1.31266238807521,0.731139340931189
"realism",2,"reveal_75","interaction_row_816","gibbs_cmi","realism-002-reveal_75-gibbs_cmi",0.0108002441401451,0.031740251325788,1.10365902900486,30.6942948858482,116.241347568109,0.0048056076128764,1.18960913440232,4.50512935307769,1.31266238807521,0.906256738373276
"realism",2,"reveal_75","interaction_row_960","gibbs_icm","realism-002-reveal_75-gibbs_icm",0.0171743017235012,0.0561714331199054,1.03416017107092,129.360952732528,285.604165866315,0.00384116592827981,4.95085738958736,10.9305432992582,2.57455265348632,1.92299714005972
"realism",2,"reveal_75","interaction_row_960","gibbs_mic","realism-002-reveal_75-gibbs_mic",0.0279310277483598,0.0810831164258451,1.13971339493252,21.2870689270687,122.378580129722,0.0130437736761692,0.824664662265858,4.74096695966069,2.57455265348632,0.320313768354724
"realism",2,"reveal_75","interaction_row_960","gibbs_mci","realism-002-reveal_75-gibbs_mci",0.0427496695739035,0.0941793159861975,1.0331912321426,81.6152280709729,230.959069249902,0.0102096039775527,3.12678063255582,8.84832845183892,2.57455265348632,1.21449473108336
"realism",2,"reveal_75","interaction_row_960","gibbs_imc","realism-002-reveal_75-gibbs_imc",0.0329920620120449,0.0846212714873749,1.12675658631126,24.9413948865807,79.263200555139,0.0135882404784155,0.977595535083321,3.10677695900675,2.57455265348632,0.379714718112101
"realism",2,"reveal_75","interaction_row_960","gibbs_cmi","realism-002-reveal_75-gibbs_cmi",0.0129346186367052,0.066945971614793,1.08688901516618,38.7926877848139,246.428982582105,0.00573613098762682,1.50347600127178,9.55077058298226,2.57455265348632,0.583975627469048
"realism",2,"reveal_75","interaction_row_97","gibbs_mic","realism-002-reveal_75-gibbs_mic",0.00155740222159952,0.0301277908364339,1.01679727491928,932.145754368817,656.028021416611,0.00115709403127814,36.1114846925508,25.4146368657889,31.1389974042859,1.15968681405203
"realism",2,"reveal_75","interaction_row_97","gibbs_imc","realism-002-reveal_75-gibbs_imc",0.00838507147708537,0.0488787409034157,1.05868641982318,565.329800246498,275.23636553013,0.00303879799462711,22.1584995981068,10.7880831548674,31.1389974042859,0.71159964819731
"realism",2,"reveal_75","interaction_row_97","gibbs_mci","realism-002-reveal_75-gibbs_mci",0.00579739832609725,0.0446651233122162,1.01508282044368,631.614255093897,499.293591009275,0.00212259465464397,24.1979256414792,19.128556854236,31.1389974042859,0.777093922688358
"realism",2,"reveal_75","interaction_row_97","gibbs_cmi","realism-002-reveal_75-gibbs_cmi",0.00547656657596444,0.0368589218431946,1.0443739600143,910.647036640676,587.042522016401,0.00139479222962667,35.2936608263192,22.7518224175028,31.1389974042859,1.13342315965065
"realism",2,"reveal_75","interaction_row_97","gibbs_icm","realism-002-reveal_75-gibbs_icm",0.00742398081879939,0.0442083562307048,1.02351778997984,809.673962147357,594.472456244469,0.0019232652679273,30.9875602643561,22.7514430802737,31.1389974042859,0.995136736807428
"realism",2,"reveal_75","mean_row_1","gibbs_mic","realism-002-reveal_75-gibbs_mic",1.7740683691009,0.0612215627850664,1.01394882515822,133.816307978782,305.805164787777,0.00531315664088369,5.18406647730917,11.846943973493,5.75689199648265,0.900497435157119
"realism",2,"reveal_75","mean_row_1","gibbs_icm","realism-002-reveal_75-gibbs_icm",1.77239507369741,0.0595170038536302,1.03503401904996,109.572858382454,343.033776812473,0.00573629972765347,4.19353432517336,13.1284693946372,5.75689199648265,0.728437206696865
"realism",2,"reveal_75","mean_row_1","gibbs_mci","realism-002-reveal_75-gibbs_mci",1.7737803559433,0.0606010887500547,1.02297483689898,119.662788892985,392.047392559982,0.00553469462149428,4.58442988632992,15.0198219508075,5.75689199648265,0.796337657390641
"realism",2,"reveal_75","mean_row_1","gibbs_imc","realism-002-reveal_75-gibbs_imc",1.77774317822965,0.0575044708980238,1.0244997846413,176.973239645819,555.053018099179,0.00432046098042457,6.93659074377061,21.755693885438,5.75689199648265,1.20491938150112
"realism",2,"reveal_75","mean_row_1","gibbs_cmi","realism-002-reveal_75-gibbs_cmi",1.77434215081458,0.0600957661320599,1.01558072958174,129.438440177187,507.243501021756,0.00527939873770094,5.01660492121496,19.6590768553509,5.75689199648265,0.871408552441144
"realism",2,"reveal_75","mean_row_1104","gibbs_icm","realism-002-reveal_75-gibbs_icm",-0.492817993997516,0.0796801335284978,1.00956764384096,379.663143523474,913.934864282369,0.004090326195933,14.5303357772389,34.9777972475936,4.48657752645852,3.23862358146042
"realism",2,"reveal_75","mean_row_1104","gibbs_imc","realism-002-reveal_75-gibbs_imc",-0.479688626706662,0.0802197160161158,1.07272451733459,43.2323026193003,807.495348808708,0.0122566085800479,1.69452054322504,31.6503487950735,4.48657752645852,0.377686673913915
"realism",2,"reveal_75","mean_row_1104","gibbs_mci","realism-002-reveal_75-gibbs_mci",-0.494999706048942,0.0831928937183474,1.06021190581884,43.8776144597746,447.421780231184,0.0125391124107989,1.68100584092307,17.1412834354141,4.48657752645852,0.374674421874969
"realism",2,"reveal_75","mean_row_1104","gibbs_cmi","realism-002-reveal_75-gibbs_cmi",-0.506112902432843,0.0795053762894763,1.03288558907114,116.385083111656,1053.45329118618,0.00747845988359467,4.51070006633818,40.8283579252072,4.48657752645852,1.00537660159385
"realism",2,"reveal_75","mean_row_1104","gibbs_mic","realism-002-reveal_75-gibbs_mic",-0.495369204505976,0.0833174238782683,1.07989015034983,34.7995571890925,647.670243030573,0.0141940762358091,1.34814075036193,25.0908551129497,4.48657752645852,0.300483105978129
"realism",2,"reveal_75","mean_row_159","gibbs_imc","realism-002-reveal_75-gibbs_imc",-0.132153842786457,0.0582084769011669,1.00905454950896,755.748439870264,1341.93520552644,0.00212152627271627,29.6220922616026,52.5980953053909,13.0606096903436,2.26804819713002
"realism",2,"reveal_75","mean_row_159","gibbs_cmi","realism-002-reveal_75-gibbs_cmi",-0.141224783043119,0.0628251315456564,1.00487424814166,670.922617727566,933.715730458596,0.00248533164280306,26.0027369090603,36.1877269381679,13.0606096903436,1.99092825875392
"realism",2,"reveal_75","mean_row_159","gibbs_mci","realism-002-reveal_75-gibbs_mci",-0.138822257544092,0.0612634428079918,1.01377753394025,565.971995634529,1233.2596196471,0.00262181128875287,21.6830892511885,47.247705909397,13.0606096903436,1.66018966688975
"realism",2,"reveal_75","mean_row_159","gibbs_mic","realism-002-reveal_75-gibbs_mic",-0.137210866611454,0.0613454428123305,1.00913798010504,450.260528286187,896.777471535824,0.00289685099005932,17.4431692668882,34.7413114142417,13.0606096903436,1.33555551237282
"realism",2,"reveal_75","mean_row_159","gibbs_icm","realism-002-reveal_75-gibbs_icm",-0.137655067256666,0.0614523816109847,1.01323014260147,594.224174399617,902.47014802109,0.00261847767522241,22.7419409238631,34.5390236144167,13.0606096903436,1.74126181419214
"realism",2,"reveal_75","mean_row_316","gibbs_mci","realism-002-reveal_75-gibbs_mci",1.68887280553241,0.0673966141694159,1.00916670412481,350.281454985655,636.283925620867,0.00363865925913962,13.419717070939,24.3768265121776,25.50342824399,0.526192672708677
"realism",2,"reveal_75","mean_row_316","gibbs_cmi","realism-002-reveal_75-gibbs_cmi",1.69079306964786,0.067647425115247,1.021145924654,257.907643757057,510.877160860372,0.00425779584109347,9.99564544442523,19.7999054670327,25.50342824399,0.39193340396426
"realism",2,"reveal_75","mean_row_316","gibbs_mic","realism-002-reveal_75-gibbs_mic",1.69436108678518,0.067405366055541,1.00670092299679,430.001477532366,1075.60885315331,0.00322149422346987,16.6583302030901,41.6692694825596,25.50342824399,0.653180036962901
"realism",2,"reveal_75","mean_row_316","gibbs_imc","realism-002-reveal_75-gibbs_imc",1.69458942334962,0.0689364500728575,1.01420013489004,404.434392842266,1064.06854682528,0.00343188104684454,15.8520908102641,41.7069159575622,25.50342824399,0.621567055950594
"realism",2,"reveal_75","mean_row_316","gibbs_icm","realism-002-reveal_75-gibbs_icm",1.69408173477997,0.0711995294564413,1.00779014300409,435.683323395602,1137.28205186301,0.00339252738617784,16.6743206167708,43.5256631276746,25.50342824399,0.653807027715977
"realism",2,"reveal_75","mean_row_474","gibbs_imc","realism-002-reveal_75-gibbs_imc",0.776466349266993,0.0819995526427167,1.00277230413329,560.015931972814,969.700724250435,0.00349035485853196,21.9502187893551,38.008102702561,18.4245980020135,1.19135401418019
"realism",2,"reveal_75","mean_row_474","gibbs_cmi","realism-002-reveal_75-gibbs_cmi",0.791985753404865,0.0757484814496567,1.02064761180852,349.989859505663,1126.69376826437,0.00404253290085072,13.5644469229388,43.6669160632658,18.4245980020135,0.73621399617275
"realism",2,"reveal_75","mean_row_474","gibbs_mic","realism-002-reveal_75-gibbs_mic",0.787860355410009,0.0805984114021331,1.01109307730231,436.621319104426,1099.24097595185,0.00387219434778739,16.9147839888593,42.5847819297193,18.4245980020135,0.918054439343033
"realism",2,"reveal_75","mean_row_474","gibbs_mci","realism-002-reveal_75-gibbs_mci",0.795966035798608,0.0875471727992686,1.03366480845434,173.745202931587,391.351787941459,0.00676087989586498,6.6563942583551,14.9931724749618,18.4245980020135,0.361277584326544
"realism",2,"reveal_75","mean_row_474","gibbs_icm","realism-002-reveal_75-gibbs_icm",0.776786205176224,0.0825710665660486,1.03273080023057,148.841957462705,1093.62517623766,0.00681195825885208,5.69642762687841,41.8548423681606,18.4245980020135,0.309175137837791
"realism",2,"reveal_75","mean_row_631","gibbs_mic","realism-002-reveal_75-gibbs_mic",-0.277386837310827,0.0752837129696014,1.01012916354997,250.392776084344,276.781444873763,0.00484266418231181,9.70025863264027,10.7225601392229,12.9328970053236,0.750045301423751
"realism",2,"reveal_75","mean_row_631","gibbs_cmi","realism-002-reveal_75-gibbs_cmi",-0.279338543757202,0.0724536492899854,1.01119955914685,527.987254444858,1233.54428052167,0.00313576477073892,20.4630359834457,47.8080877653547,12.9328970053236,1.58224688366592
"realism",2,"reveal_75","mean_row_631","gibbs_imc","realism-002-reveal_75-gibbs_imc",-0.28137165252985,0.0780336511394952,1.03416439016246,139.613629529058,396.630442262909,0.00652551576195595,5.47225451844388,15.5462094721479,12.9328970053236,0.423126737666844
"realism",2,"reveal_75","mean_row_631","gibbs_mci","realism-002-reveal_75-gibbs_mci",-0.285410831198784,0.0759135874989961,1.00962242962773,355.373328578889,858.770443955354,0.00406250398897449,13.6147930648565,32.9005610280953,12.9328970053236,1.05272570092008
"realism",2,"reveal_75","mean_row_631","gibbs_icm","realism-002-reveal_75-gibbs_icm",-0.280341160051037,0.0758883290182346,1.01239708720101,400.449418640086,1110.74640138539,0.00383233468337698,15.3258608687698,42.5100999420336,12.9328970053236,1.1850292214081
"realism",2,"reveal_75","mean_row_789","gibbs_mic","realism-002-reveal_75-gibbs_mic",-0.184021773496213,0.143838753067168,1.00911031947209,466.438697891393,451.687994809705,0.00702572413304933,18.0699143025371,17.4984695622246,19.1135418700556,0.94539852557869
"realism",2,"reveal_75","mean_row_789","gibbs_cmi","realism-002-reveal_75-gibbs_cmi",-0.15563856889171,0.138811308705211,1.01094591413762,475.716147796494,589.582190808539,0.0064704166385279,18.4371811408612,22.8502515622256,19.1135418700556,0.964613532447689
"realism",2,"reveal_75","mean_row_789","gibbs_icm","realism-002-reveal_75-gibbs_icm",-0.179483604542051,0.156415264337142,1.00720115576675,803.217580966462,930.005374606415,0.00514012316653438,30.7404638894127,35.5928422291866,19.1135418700556,1.60830808326386
"realism",2,"reveal_75","mean_row_789","gibbs_imc","realism-002-reveal_75-gibbs_imc",-0.172052961883689,0.143762504388726,1.01452873832467,446.056071007617,971.577609843478,0.00668692628436946,17.483481793894,38.0816685549908,19.1135418700556,0.914717006024126
"realism",2,"reveal_75","mean_row_789","gibbs_mci","realism-002-reveal_75-gibbs_mci",-0.173762257746517,0.134321945906789,1.00530153850386,486.23862244428,837.193299826969,0.00590429669309281,18.628404813588,32.0739138697019,19.1135418700556,0.97461814980364
"realism",2,"reveal_75","mean_row_946","gibbs_cmi","realism-002-reveal_75-gibbs_cmi",-0.396265509407269,0.0880578174245584,1.00846506865421,496.289665301736,723.666253750418,0.00426797435560692,19.2345424890219,28.0469054240147,20.3318735302058,0.946029024843495
"realism",2,"reveal_75","mean_row_946","gibbs_imc","realism-002-reveal_75-gibbs_imc",-0.397758940277772,0.0842274750829112,1.01452154654407,388.043778476094,541.282861713035,0.00437744538146109,15.2096491387173,21.2159629096162,20.3318735302058,0.748069237993306
"realism",2,"reveal_75","mean_row_946","gibbs_icm","realism-002-reveal_75-gibbs_icm",-0.399917050716506,0.0852256540170535,1.01532747830153,486.158520846137,685.59654041453,0.00391680496676206,18.6060898176792,26.2389123355097,20.3318735302058,0.915119297296298
"realism",2,"reveal_75","mean_row_946","gibbs_mic","realism-002-reveal_75-gibbs_mic",-0.393858379736297,0.089436154987922,1.01920897926306,311.882725997896,346.534939485149,0.00538011716186203,12.0823897260255,13.4248223563765,20.3318735302058,0.594258552123856
"realism",2,"reveal_75","mean_row_946","gibbs_mci","realism-002-reveal_75-gibbs_mci",-0.392544429824799,0.0921146184583095,1.01418346725975,334.404662995939,644.019774189755,0.00518895913528959,12.8114574743673,24.6731964673108,20.3318735302058,0.63011691742692
"realism",2,"reveal_75","observed_log_likelihood","gibbs_imc","realism-002-reveal_75-gibbs_imc",161.115581810587,10.8019785913118,1.03733398655746,126.305960812548,454.97245796278,0.954623240435791,4.95065107249435,17.8329658590829,3.69604419082417,1.33944585532415
"realism",2,"reveal_75","observed_log_likelihood","gibbs_mci","realism-002-reveal_75-gibbs_mci",161.735523550717,10.9201702375407,1.01535200868758,224.044890065017,430.650181680021,0.736893165623888,8.58343767010246,16.4987426894497,3.69604419082417,2.32233091027747
"realism",2,"reveal_75","observed_log_likelihood","gibbs_cmi","realism-002-reveal_75-gibbs_cmi",160.627575012993,10.676879848048,1.03735565360999,119.319709106457,381.817617253697,0.97277049868652,4.6244364431617,14.7979853210488,3.69604419082417,1.25118537669067
"realism",2,"reveal_75","observed_log_likelihood","gibbs_icm","realism-002-reveal_75-gibbs_icm",157.785476429737,11.8995505381122,1.07422639537731,45.4904156301272,86.8611774029516,1.85654120668866,1.74099336484854,3.32432077013861,3.69604419082417,0.471042356357843
"realism",2,"reveal_75","observed_log_likelihood","gibbs_mic","realism-002-reveal_75-gibbs_mic",160.581640383124,10.7192932535105,1.03471697054882,110.376919158239,448.799517041026,1.0269358491304,4.2760205771603,17.3865694433434,3.69604419082417,1.1569181417733
"realism",2,"reveal_75","sigma","gibbs_icm","realism-002-reveal_75-gibbs_icm",0.201151946593497,0.00544730699758887,1.01942984085712,368.717298942817,1233.61677346209,0.000288997607834889,14.1114202205526,47.2125520862678,18.3891987885761,0.767375478550976
"realism",2,"reveal_75","sigma","gibbs_cmi","realism-002-reveal_75-gibbs_cmi",0.20051629016245,0.00533647087231033,1.00997647504678,560.047905895788,1283.21252618462,0.000226220278961834,21.7056005695603,49.7330643432537,18.3891987885761,1.18034509383
"realism",2,"reveal_75","sigma","gibbs_mci","realism-002-reveal_75-gibbs_mci",0.200269581302884,0.00531008925363866,1.00472548697134,697.992174817975,837.675801829288,0.000200255552562316,26.7409460891107,32.0923991199631,18.3891987885761,1.45416591535913
"realism",2,"reveal_75","sigma","gibbs_mic","realism-002-reveal_75-gibbs_mic",0.200524133517465,0.00525722019613636,1.00681125050753,576.714773998249,1497.36810830028,0.000217330549971833,22.3420282027756,58.0082945918829,18.3891987885761,1.21495386828137
"realism",2,"reveal_75","sigma","gibbs_imc","realism-002-reveal_75-gibbs_imc",0.200406750546697,0.00530080181779306,1.00803722595195,623.450845237947,1465.80966020444,0.000213275659307287,24.4365948825285,57.4534417827948,18.3891987885761,1.32885587694605
