"scenario","dataset","mask","adapter","id","quantity","truth","rank","m","status","spaced_ess"
"gamma",1,"reveal_25","gibbs","gamma-001-reveal_25-gibbs","sigma",0.1925825832251,,100,"inadequate_convergence_or_ess",
"gamma",1,"reveal_25","gibbs","gamma-001-reveal_25-gibbs","mean_row_1",1.04691473084914,16,100,"eligible",102.261975088249
"gamma",1,"reveal_25","gibbs","gamma-001-reveal_25-gibbs","mean_row_159",1.34645896250066,33,100,"eligible",95.8732508825385
"gamma",1,"reveal_25","gibbs","gamma-001-reveal_25-gibbs","mean_row_316",1.37313908806136,,100,"inadequate_convergence_or_ess",
"gamma",1,"reveal_25","gibbs","gamma-001-reveal_25-gibbs","mean_row_474",2.20616278228092,,100,"residual_autocorrelation",83.6261612297116
"gamma",1,"reveal_25","gibbs","gamma-001-reveal_25-gibbs","mean_row_631",0.604868141410952,23,100,"eligible",161.260414963417
"gamma",1,"reveal_25","gibbs","gamma-001-reveal_25-gibbs","mean_row_789",1.06808119745435,,100,"inadequate_convergence_or_ess",
"gamma",1,"reveal_25","gibbs","gamma-001-reveal_25-gibbs","mean_row_946",1.80629127760578,17,100,"eligible",115.944422801627
"gamma",1,"reveal_25","gibbs","gamma-001-reveal_25-gibbs","mean_row_1104",1.53641321578374,,100,"inadequate_convergence_or_ess",
"gamma",1,"reveal_25","gibbs","gamma-001-reveal_25-gibbs","interaction_row_97",0.0167366068923533,,100,"residual_autocorrelation",88.4375964638219
"gamma",1,"reveal_25","gibbs","gamma-001-reveal_25-gibbs","interaction_row_241",0.560161181616543,,100,"inadequate_convergence_or_ess",
"gamma",1,"reveal_25","gibbs","gamma-001-reveal_25-gibbs","interaction_row_385",-0.00345078329805612,,100,"inadequate_convergence_or_ess",
"gamma",1,"reveal_25","gibbs","gamma-001-reveal_25-gibbs","interaction_row_529",-0.0172607751403771,,100,"inadequate_convergence_or_ess",
"gamma",1,"reveal_25","gibbs","gamma-001-reveal_25-gibbs","interaction_row_672",0.0103434245669878,44,100,"eligible",126.283410192588
"gamma",1,"reveal_25","gibbs","gamma-001-reveal_25-gibbs","interaction_row_816",-0.140288672811045,13,100,"eligible",131.404440282187
"gamma",1,"reveal_25","gibbs","gamma-001-reveal_25-gibbs","interaction_row_960",-0.0171341375227211,43,100,"eligible",175.660584443097
"gamma",1,"reveal_25","gibbs","gamma-001-reveal_25-gibbs","interaction_row_1104",0.0688769602440289,60,100,"eligible",97.2357250843175
"gamma",1,"reveal_25","gibbs","gamma-001-reveal_25-gibbs","observed_log_likelihood",83.0862999028079,,100,"inadequate_convergence_or_ess",
"multiplicative_gamma",1,"reveal_25","gibbs","multiplicative_gamma-001-reveal_25-gibbs","sigma",0.17383452523825,,100,"inadequate_convergence_or_ess",
"multiplicative_gamma",1,"reveal_25","gibbs","multiplicative_gamma-001-reveal_25-gibbs","mean_row_1",0.677729396680948,28,100,"eligible",105.538895615073
"multiplicative_gamma",1,"reveal_25","gibbs","multiplicative_gamma-001-reveal_25-gibbs","mean_row_159",-0.260309118551177,34,100,"eligible",135.421762114509
"multiplicative_gamma",1,"reveal_25","gibbs","multiplicative_gamma-001-reveal_25-gibbs","mean_row_316",0.545864093787275,69,100,"eligible",147.743584008275
"multiplicative_gamma",1,"reveal_25","gibbs","multiplicative_gamma-001-reveal_25-gibbs","mean_row_474",1.42868689563844,,100,"residual_autocorrelation",69.5257649804338
"multiplicative_gamma",1,"reveal_25","gibbs","multiplicative_gamma-001-reveal_25-gibbs","mean_row_631",0.374233918989992,1,100,"eligible",179.202697016092
"multiplicative_gamma",1,"reveal_25","gibbs","multiplicative_gamma-001-reveal_25-gibbs","mean_row_789",0.110288596752388,10,100,"eligible",96.1926317660974
"multiplicative_gamma",1,"reveal_25","gibbs","multiplicative_gamma-001-reveal_25-gibbs","mean_row_946",2.12626523672859,74,100,"eligible",96.7330307181445
"multiplicative_gamma",1,"reveal_25","gibbs","multiplicative_gamma-001-reveal_25-gibbs","mean_row_1104",1.95909710458649,,100,"inadequate_convergence_or_ess",
"multiplicative_gamma",1,"reveal_25","gibbs","multiplicative_gamma-001-reveal_25-gibbs","interaction_row_97",-0.569127476813453,,100,"residual_autocorrelation",80.2991361103335
"multiplicative_gamma",1,"reveal_25","gibbs","multiplicative_gamma-001-reveal_25-gibbs","interaction_row_241",0.511623201177388,,100,"inadequate_convergence_or_ess",
"multiplicative_gamma",1,"reveal_25","gibbs","multiplicative_gamma-001-reveal_25-gibbs","interaction_row_385",1.29935993027092,86,100,"eligible",111.25197575598
"multiplicative_gamma",1,"reveal_25","gibbs","multiplicative_gamma-001-reveal_25-gibbs","interaction_row_529",0.431002740695594,95,100,"eligible",184.327804736039
"multiplicative_gamma",1,"reveal_25","gibbs","multiplicative_gamma-001-reveal_25-gibbs","interaction_row_672",0.0116594260027712,,100,"inadequate_convergence_or_ess",
"multiplicative_gamma",1,"reveal_25","gibbs","multiplicative_gamma-001-reveal_25-gibbs","interaction_row_816",-0.0312986093501422,,100,"inadequate_convergence_or_ess",
"multiplicative_gamma",1,"reveal_25","gibbs","multiplicative_gamma-001-reveal_25-gibbs","interaction_row_960",0.0346722385133697,,100,"inadequate_convergence_or_ess",
"multiplicative_gamma",1,"reveal_25","gibbs","multiplicative_gamma-001-reveal_25-gibbs","interaction_row_1104",0.0215690816049054,,100,"inadequate_convergence_or_ess",
"multiplicative_gamma",1,"reveal_25","gibbs","multiplicative_gamma-001-reveal_25-gibbs","observed_log_likelihood",118.470760024953,,100,"inadequate_convergence_or_ess",
"horseshoe",1,"reveal_25","gibbs","horseshoe-001-reveal_25-gibbs","sigma",0.190606242619065,,100,"inadequate_convergence_or_ess",
"horseshoe",1,"reveal_25","gibbs","horseshoe-001-reveal_25-gibbs","mean_row_1",11.6790070547579,,100,"inadequate_convergence_or_ess",
"horseshoe",1,"reveal_25","gibbs","horseshoe-001-reveal_25-gibbs","mean_row_159",375.553240599355,,100,"inadequate_convergence_or_ess",
"horseshoe",1,"reveal_25","gibbs","horseshoe-001-reveal_25-gibbs","mean_row_316",-435.47633109324,,100,"inadequate_convergence_or_ess",
"horseshoe",1,"reveal_25","gibbs","horseshoe-001-reveal_25-gibbs","mean_row_474",15.2491148401168,,100,"inadequate_convergence_or_ess",
"horseshoe",1,"reveal_25","gibbs","horseshoe-001-reveal_25-gibbs","mean_row_631",113.422723629128,,100,"inadequate_convergence_or_ess",
"horseshoe",1,"reveal_25","gibbs","horseshoe-001-reveal_25-gibbs","mean_row_789",51.8352729725745,,100,"inadequate_convergence_or_ess",
"horseshoe",1,"reveal_25","gibbs","horseshoe-001-reveal_25-gibbs","mean_row_946",5.64912200407939,,100,"inadequate_convergence_or_ess",
"horseshoe",1,"reveal_25","gibbs","horseshoe-001-reveal_25-gibbs","mean_row_1104",260.43866023267,,100,"inadequate_convergence_or_ess",
"horseshoe",1,"reveal_25","gibbs","horseshoe-001-reveal_25-gibbs","interaction_row_97",-176.575928566082,,100,"inadequate_convergence_or_ess",
"horseshoe",1,"reveal_25","gibbs","horseshoe-001-reveal_25-gibbs","interaction_row_241",43.4726333581712,,100,"inadequate_convergence_or_ess",
"horseshoe",1,"reveal_25","gibbs","horseshoe-001-reveal_25-gibbs","interaction_row_385",29.3184991851646,,100,"inadequate_convergence_or_ess",
"horseshoe",1,"reveal_25","gibbs","horseshoe-001-reveal_25-gibbs","interaction_row_529",-42.1065165501833,,100,"inadequate_convergence_or_ess",
"horseshoe",1,"reveal_25","gibbs","horseshoe-001-reveal_25-gibbs","interaction_row_672",854.448290634839,,100,"inadequate_convergence_or_ess",
"horseshoe",1,"reveal_25","gibbs","horseshoe-001-reveal_25-gibbs","interaction_row_816",718.82819728522,,100,"inadequate_convergence_or_ess",
"horseshoe",1,"reveal_25","gibbs","horseshoe-001-reveal_25-gibbs","interaction_row_960",-107.233444045474,,100,"inadequate_convergence_or_ess",
"horseshoe",1,"reveal_25","gibbs","horseshoe-001-reveal_25-gibbs","interaction_row_1104",13.7960147886859,,100,"inadequate_convergence_or_ess",
"horseshoe",1,"reveal_25","gibbs","horseshoe-001-reveal_25-gibbs","observed_log_likelihood",67.6303746890922,,100,"inadequate_convergence_or_ess",
"realism",1,"reveal_25","gibbs","realism-001-reveal_25-gibbs","sigma",0.2,,100,"not_matched_prior",
"realism",1,"reveal_25","gibbs","realism-001-reveal_25-gibbs","mean_row_1",1.28212671504974,,100,"not_matched_prior",
"realism",1,"reveal_25","gibbs","realism-001-reveal_25-gibbs","mean_row_159",0.290258090807345,,100,"not_matched_prior",
"realism",1,"reveal_25","gibbs","realism-001-reveal_25-gibbs","mean_row_316",0.661746260299268,,100,"not_matched_prior",
"realism",1,"reveal_25","gibbs","realism-001-reveal_25-gibbs","mean_row_474",0.144572578625982,,100,"not_matched_prior",
"realism",1,"reveal_25","gibbs","realism-001-reveal_25-gibbs","mean_row_631",0.67743206184633,,100,"not_matched_prior",
"realism",1,"reveal_25","gibbs","realism-001-reveal_25-gibbs","mean_row_789",-0.878988852371586,,100,"not_matched_prior",
"realism",1,"reveal_25","gibbs","realism-001-reveal_25-gibbs","mean_row_946",1.02308190641508,,100,"not_matched_prior",
"realism",1,"reveal_25","gibbs","realism-001-reveal_25-gibbs","mean_row_1104",-1.1224864041086,,100,"not_matched_prior",
"realism",1,"reveal_25","gibbs","realism-001-reveal_25-gibbs","interaction_row_97",0.0226662804548294,,100,"not_matched_prior",
"realism",1,"reveal_25","gibbs","realism-001-reveal_25-gibbs","interaction_row_241",0.0400158926932519,,100,"not_matched_prior",
"realism",1,"reveal_25","gibbs","realism-001-reveal_25-gibbs","interaction_row_385",0.0515458738434614,,100,"not_matched_prior",
"realism",1,"reveal_25","gibbs","realism-001-reveal_25-gibbs","interaction_row_529",0.037040685735782,,100,"not_matched_prior",
"realism",1,"reveal_25","gibbs","realism-001-reveal_25-gibbs","interaction_row_672",0.0842519987026288,,100,"not_matched_prior",
"realism",1,"reveal_25","gibbs","realism-001-reveal_25-gibbs","interaction_row_816",0.0973934851537901,,100,"not_matched_prior",
"realism",1,"reveal_25","gibbs","realism-001-reveal_25-gibbs","interaction_row_960",0.0594638996300946,,100,"not_matched_prior",
"realism",1,"reveal_25","gibbs","realism-001-reveal_25-gibbs","interaction_row_1104",-0.0174645934784182,,100,"not_matched_prior",
"realism",1,"reveal_25","gibbs","realism-001-reveal_25-gibbs","observed_log_likelihood",66.7983846727024,,100,"not_matched_prior",
"gamma",2,"reveal_25","gibbs","gamma-002-reveal_25-gibbs","sigma",0.194460844292361,,100,"inadequate_convergence_or_ess",
"gamma",2,"reveal_25","gibbs","gamma-002-reveal_25-gibbs","mean_row_1",0.828857224164596,,100,"inadequate_convergence_or_ess",
"gamma",2,"reveal_25","gibbs","gamma-002-reveal_25-gibbs","mean_row_159",0.511840097108777,26,100,"eligible",98.1369776985452
"gamma",2,"reveal_25","gibbs","gamma-002-reveal_25-gibbs","mean_row_316",1.63557809373151,,100,"inadequate_convergence_or_ess",
"gamma",2,"reveal_25","gibbs","gamma-002-reveal_25-gibbs","mean_row_474",1.90575461892756,40,100,"eligible",101.413332871369
"gamma",2,"reveal_25","gibbs","gamma-002-reveal_25-gibbs","mean_row_631",1.05088009869301,62,100,"eligible",130.384524803423
"gamma",2,"reveal_25","gibbs","gamma-002-reveal_25-gibbs","mean_row_789",1.09961312347338,,100,"inadequate_convergence_or_ess",
"gamma",2,"reveal_25","gibbs","gamma-002-reveal_25-gibbs","mean_row_946",1.62792429631985,14,100,"eligible",120.612203228353
"gamma",2,"reveal_25","gibbs","gamma-002-reveal_25-gibbs","mean_row_1104",1.0827198198861,52,100,"eligible",108.701274738195
"gamma",2,"reveal_25","gibbs","gamma-002-reveal_25-gibbs","interaction_row_97",-0.140511309937066,,100,"inadequate_convergence_or_ess",
"gamma",2,"reveal_25","gibbs","gamma-002-reveal_25-gibbs","interaction_row_241",-0.438109402882649,,100,"inadequate_convergence_or_ess",
"gamma",2,"reveal_25","gibbs","gamma-002-reveal_25-gibbs","interaction_row_385",0.0486397719839204,17,100,"eligible",138.460488632726
"gamma",2,"reveal_25","gibbs","gamma-002-reveal_25-gibbs","interaction_row_529",-0.129411636692953,,100,"inadequate_convergence_or_ess",
"gamma",2,"reveal_25","gibbs","gamma-002-reveal_25-gibbs","interaction_row_672",-0.102648421777194,29,100,"eligible",190.298038371799
"gamma",2,"reveal_25","gibbs","gamma-002-reveal_25-gibbs","interaction_row_816",-0.0787531855670886,,100,"inadequate_convergence_or_ess",
"gamma",2,"reveal_25","gibbs","gamma-002-reveal_25-gibbs","interaction_row_960",-0.115372504016929,,100,"inadequate_convergence_or_ess",
"gamma",2,"reveal_25","gibbs","gamma-002-reveal_25-gibbs","interaction_row_1104",-0.159381987496369,,100,"inadequate_convergence_or_ess",
"gamma",2,"reveal_25","gibbs","gamma-002-reveal_25-gibbs","observed_log_likelihood",87.8589476026941,,100,"inadequate_convergence_or_ess",
"multiplicative_gamma",2,"reveal_25","gibbs","multiplicative_gamma-002-reveal_25-gibbs","sigma",0.267389692607089,,100,"inadequate_convergence_or_ess",
"multiplicative_gamma",2,"reveal_25","gibbs","multiplicative_gamma-002-reveal_25-gibbs","mean_row_1",1.07646219599083,,100,"inadequate_convergence_or_ess",
"multiplicative_gamma",2,"reveal_25","gibbs","multiplicative_gamma-002-reveal_25-gibbs","mean_row_159",1.42360299249878,,100,"inadequate_convergence_or_ess",
"multiplicative_gamma",2,"reveal_25","gibbs","multiplicative_gamma-002-reveal_25-gibbs","mean_row_316",5.10789866207596,44,100,"eligible",157.327589141481
"multiplicative_gamma",2,"reveal_25","gibbs","multiplicative_gamma-002-reveal_25-gibbs","mean_row_474",-0.368024426132337,20,100,"eligible",105.831028909059
"multiplicative_gamma",2,"reveal_25","gibbs","multiplicative_gamma-002-reveal_25-gibbs","mean_row_631",1.55864626829902,,100,"inadequate_convergence_or_ess",
"multiplicative_gamma",2,"reveal_25","gibbs","multiplicative_gamma-002-reveal_25-gibbs","mean_row_789",2.71577244922431,94,100,"eligible",125.515836006846
"multiplicative_gamma",2,"reveal_25","gibbs","multiplicative_gamma-002-reveal_25-gibbs","mean_row_946",0.794738503110348,,100,"residual_autocorrelation",88.7457389621046
"multiplicative_gamma",2,"reveal_25","gibbs","multiplicative_gamma-002-reveal_25-gibbs","mean_row_1104",3.65884178743107,93,100,"eligible",121.974630348841
"multiplicative_gamma",2,"reveal_25","gibbs","multiplicative_gamma-002-reveal_25-gibbs","interaction_row_97",0.251257464125779,100,100,"eligible",137.379666083077
"multiplicative_gamma",2,"reveal_25","gibbs","multiplicative_gamma-002-reveal_25-gibbs","interaction_row_241",0.209060399258723,,100,"residual_autocorrelation",81.3039792160649
"multiplicative_gamma",2,"reveal_25","gibbs","multiplicative_gamma-002-reveal_25-gibbs","interaction_row_385",0.129301964158482,,100,"inadequate_convergence_or_ess",
"multiplicative_gamma",2,"reveal_25","gibbs","multiplicative_gamma-002-reveal_25-gibbs","interaction_row_529",-0.182521225281953,2,100,"eligible",102.7864355202
"multiplicative_gamma",2,"reveal_25","gibbs","multiplicative_gamma-002-reveal_25-gibbs","interaction_row_672",-0.0559537313884641,26,100,"eligible",118.876582557083
"multiplicative_gamma",2,"reveal_25","gibbs","multiplicative_gamma-002-reveal_25-gibbs","interaction_row_816",-0.062488608375925,,100,"inadequate_convergence_or_ess",
"multiplicative_gamma",2,"reveal_25","gibbs","multiplicative_gamma-002-reveal_25-gibbs","interaction_row_960",-0.0102764684079378,45,100,"eligible",124.173975755694
"multiplicative_gamma",2,"reveal_25","gibbs","multiplicative_gamma-002-reveal_25-gibbs","interaction_row_1104",0.0144397670917016,58,100,"eligible",118.174051974606
"multiplicative_gamma",2,"reveal_25","gibbs","multiplicative_gamma-002-reveal_25-gibbs","observed_log_likelihood",-21.603710370459,,100,"inadequate_convergence_or_ess",
"horseshoe",2,"reveal_25","gibbs","horseshoe-002-reveal_25-gibbs","sigma",0.189927777059026,,100,"inadequate_convergence_or_ess",
"horseshoe",2,"reveal_25","gibbs","horseshoe-002-reveal_25-gibbs","mean_row_1",1.63332808984905,,100,"inadequate_convergence_or_ess",
"horseshoe",2,"reveal_25","gibbs","horseshoe-002-reveal_25-gibbs","mean_row_159",395.820382603713,,100,"inadequate_convergence_or_ess",
"horseshoe",2,"reveal_25","gibbs","horseshoe-002-reveal_25-gibbs","mean_row_316",1237.16832171111,,100,"inadequate_convergence_or_ess",
"horseshoe",2,"reveal_25","gibbs","horseshoe-002-reveal_25-gibbs","mean_row_474",526.955289861148,,100,"inadequate_convergence_or_ess",
"horseshoe",2,"reveal_25","gibbs","horseshoe-002-reveal_25-gibbs","mean_row_631",14.2908021755202,,100,"inadequate_convergence_or_ess",
"horseshoe",2,"reveal_25","gibbs","horseshoe-002-reveal_25-gibbs","mean_row_789",-377.680061858569,,100,"inadequate_convergence_or_ess",
"horseshoe",2,"reveal_25","gibbs","horseshoe-002-reveal_25-gibbs","mean_row_946",2660.32855269594,,100,"inadequate_convergence_or_ess",
"horseshoe",2,"reveal_25","gibbs","horseshoe-002-reveal_25-gibbs","mean_row_1104",108.380271997557,,100,"inadequate_convergence_or_ess",
"horseshoe",2,"reveal_25","gibbs","horseshoe-002-reveal_25-gibbs","interaction_row_97",731.724675167269,,100,"inadequate_convergence_or_ess",
"horseshoe",2,"reveal_25","gibbs","horseshoe-002-reveal_25-gibbs","interaction_row_241",122.186307480769,,100,"inadequate_convergence_or_ess",
"horseshoe",2,"reveal_25","gibbs","horseshoe-002-reveal_25-gibbs","interaction_row_385",782.385191774304,,100,"inadequate_convergence_or_ess",
"horseshoe",2,"reveal_25","gibbs","horseshoe-002-reveal_25-gibbs","interaction_row_529",-81.1754510248101,,100,"inadequate_convergence_or_ess",
"horseshoe",2,"reveal_25","gibbs","horseshoe-002-reveal_25-gibbs","interaction_row_672",-50.3070367281848,,100,"inadequate_convergence_or_ess",
"horseshoe",2,"reveal_25","gibbs","horseshoe-002-reveal_25-gibbs","interaction_row_816",-30.2151546799699,,100,"inadequate_convergence_or_ess",
"horseshoe",2,"reveal_25","gibbs","horseshoe-002-reveal_25-gibbs","interaction_row_960",-49.146170288929,,100,"inadequate_convergence_or_ess",
"horseshoe",2,"reveal_25","gibbs","horseshoe-002-reveal_25-gibbs","interaction_row_1104",88.1664855641476,,100,"inadequate_convergence_or_ess",
"horseshoe",2,"reveal_25","gibbs","horseshoe-002-reveal_25-gibbs","observed_log_likelihood",86.6823267975792,,100,"inadequate_convergence_or_ess",
"realism",2,"reveal_25","gibbs","realism-002-reveal_25-gibbs","sigma",0.2,,100,"not_matched_prior",
"realism",2,"reveal_25","gibbs","realism-002-reveal_25-gibbs","mean_row_1",1.86369699409329,,100,"not_matched_prior",
"realism",2,"reveal_25","gibbs","realism-002-reveal_25-gibbs","mean_row_159",-0.104735160527228,,100,"not_matched_prior",
"realism",2,"reveal_25","gibbs","realism-002-reveal_25-gibbs","mean_row_316",1.71898072497714,,100,"not_matched_prior",
"realism",2,"reveal_25","gibbs","realism-002-reveal_25-gibbs","mean_row_474",0.867907530627109,,100,"not_matched_prior",
"realism",2,"reveal_25","gibbs","realism-002-reveal_25-gibbs","mean_row_631",-0.250508126802646,,100,"not_matched_prior",
"realism",2,"reveal_25","gibbs","realism-002-reveal_25-gibbs","mean_row_789",-0.100548786069017,,100,"not_matched_prior",
"realism",2,"reveal_25","gibbs","realism-002-reveal_25-gibbs","mean_row_946",-0.384996882246056,,100,"not_matched_prior",
"realism",2,"reveal_25","gibbs","realism-002-reveal_25-gibbs","mean_row_1104",-0.524709661333975,,100,"not_matched_prior",
"realism",2,"reveal_25","gibbs","realism-002-reveal_25-gibbs","interaction_row_97",-0.00732271929020765,,100,"not_matched_prior",
"realism",2,"reveal_25","gibbs","realism-002-reveal_25-gibbs","interaction_row_241",-0.0373784964204008,,100,"not_matched_prior",
"realism",2,"reveal_25","gibbs","realism-002-reveal_25-gibbs","interaction_row_385",0.0404755472178663,,100,"not_matched_prior",
"realism",2,"reveal_25","gibbs","realism-002-reveal_25-gibbs","interaction_row_529",-0.0188713121821498,,100,"not_matched_prior",
"realism",2,"reveal_25","gibbs","realism-002-reveal_25-gibbs","interaction_row_672",0.00969026457275058,,100,"not_matched_prior",
"realism",2,"reveal_25","gibbs","realism-002-reveal_25-gibbs","interaction_row_816",0.0271513552285496,,100,"not_matched_prior",
"realism",2,"reveal_25","gibbs","realism-002-reveal_25-gibbs","interaction_row_960",-0.0388509990147549,,100,"not_matched_prior",
"realism",2,"reveal_25","gibbs","realism-002-reveal_25-gibbs","interaction_row_1104",0.00413248568749138,,100,"not_matched_prior",
"realism",2,"reveal_25","gibbs","realism-002-reveal_25-gibbs","observed_log_likelihood",66.6254433225788,,100,"not_matched_prior",
"gamma",1,"reveal_75","gibbs","gamma-001-reveal_75-gibbs","sigma",0.1925825832251,,100,"inadequate_convergence_or_ess",
"gamma",1,"reveal_75","gibbs","gamma-001-reveal_75-gibbs","mean_row_1",1.04691473084914,26,100,"eligible",93.5382821639374
"gamma",1,"reveal_75","gibbs","gamma-001-reveal_75-gibbs","mean_row_159",1.34645896250066,54,100,"eligible",107.858147554787
"gamma",1,"reveal_75","gibbs","gamma-001-reveal_75-gibbs","mean_row_316",1.37313908806136,61,100,"eligible",91.6160458362133
"gamma",1,"reveal_75","gibbs","gamma-001-reveal_75-gibbs","mean_row_474",2.20616278228092,,100,"residual_autocorrelation",73.8435031380195
"gamma",1,"reveal_75","gibbs","gamma-001-reveal_75-gibbs","mean_row_631",0.604868141410952,,100,"inadequate_convergence_or_ess",
"gamma",1,"reveal_75","gibbs","gamma-001-reveal_75-gibbs","mean_row_789",1.06808119745435,70,100,"eligible",190.298038371799
"gamma",1,"reveal_75","gibbs","gamma-001-reveal_75-gibbs","mean_row_946",1.80629127760578,95,100,"eligible",106.815611623213
"gamma",1,"reveal_75","gibbs","gamma-001-reveal_75-gibbs","mean_row_1104",1.53641321578374,92,100,"eligible",93.5918475292642
"gamma",1,"reveal_75","gibbs","gamma-001-reveal_75-gibbs","interaction_row_97",0.0167366068923533,,100,"inadequate_convergence_or_ess",
"gamma",1,"reveal_75","gibbs","gamma-001-reveal_75-gibbs","interaction_row_241",0.560161181616543,,100,"inadequate_convergence_or_ess",
"gamma",1,"reveal_75","gibbs","gamma-001-reveal_75-gibbs","interaction_row_385",-0.00345078329805612,,100,"inadequate_convergence_or_ess",
"gamma",1,"reveal_75","gibbs","gamma-001-reveal_75-gibbs","interaction_row_529",-0.0172607751403771,,100,"inadequate_convergence_or_ess",
"gamma",1,"reveal_75","gibbs","gamma-001-reveal_75-gibbs","interaction_row_672",0.0103434245669878,,100,"residual_autocorrelation",72.1416591330567
"gamma",1,"reveal_75","gibbs","gamma-001-reveal_75-gibbs","interaction_row_816",-0.140288672811045,,100,"inadequate_convergence_or_ess",
"gamma",1,"reveal_75","gibbs","gamma-001-reveal_75-gibbs","interaction_row_960",-0.0171341375227211,,100,"inadequate_convergence_or_ess",
"gamma",1,"reveal_75","gibbs","gamma-001-reveal_75-gibbs","interaction_row_1104",0.0688769602440289,,100,"inadequate_convergence_or_ess",
"gamma",1,"reveal_75","gibbs","gamma-001-reveal_75-gibbs","observed_log_likelihood",186.957663807886,,100,"inadequate_convergence_or_ess",
"multiplicative_gamma",1,"reveal_75","gibbs","multiplicative_gamma-001-reveal_75-gibbs","sigma",0.17383452523825,,100,"inadequate_convergence_or_ess",
"multiplicative_gamma",1,"reveal_75","gibbs","multiplicative_gamma-001-reveal_75-gibbs","mean_row_1",0.677729396680948,,100,"inadequate_convergence_or_ess",
"multiplicative_gamma",1,"reveal_75","gibbs","multiplicative_gamma-001-reveal_75-gibbs","mean_row_159",-0.260309118551177,22,100,"eligible",101.79568291973
"multiplicative_gamma",1,"reveal_75","gibbs","multiplicative_gamma-001-reveal_75-gibbs","mean_row_316",0.545864093787275,,100,"inadequate_convergence_or_ess",
"multiplicative_gamma",1,"reveal_75","gibbs","multiplicative_gamma-001-reveal_75-gibbs","mean_row_474",1.42868689563844,85,100,"eligible",139.260477107586
"multiplicative_gamma",1,"reveal_75","gibbs","multiplicative_gamma-001-reveal_75-gibbs","mean_row_631",0.374233918989992,,100,"inadequate_convergence_or_ess",
"multiplicative_gamma",1,"reveal_75","gibbs","multiplicative_gamma-001-reveal_75-gibbs","mean_row_789",0.110288596752388,,100,"inadequate_convergence_or_ess",
"multiplicative_gamma",1,"reveal_75","gibbs","multiplicative_gamma-001-reveal_75-gibbs","mean_row_946",2.12626523672859,,100,"inadequate_convergence_or_ess",
"multiplicative_gamma",1,"reveal_75","gibbs","multiplicative_gamma-001-reveal_75-gibbs","mean_row_1104",1.95909710458649,,100,"inadequate_convergence_or_ess",
"multiplicative_gamma",1,"reveal_75","gibbs","multiplicative_gamma-001-reveal_75-gibbs","interaction_row_97",-0.569127476813453,,100,"inadequate_convergence_or_ess",
"multiplicative_gamma",1,"reveal_75","gibbs","multiplicative_gamma-001-reveal_75-gibbs","interaction_row_241",0.511623201177388,,100,"inadequate_convergence_or_ess",
"multiplicative_gamma",1,"reveal_75","gibbs","multiplicative_gamma-001-reveal_75-gibbs","interaction_row_385",1.29935993027092,,100,"inadequate_convergence_or_ess",
"multiplicative_gamma",1,"reveal_75","gibbs","multiplicative_gamma-001-reveal_75-gibbs","interaction_row_529",0.431002740695594,73,100,"eligible",113.500074613002
"multiplicative_gamma",1,"reveal_75","gibbs","multiplicative_gamma-001-reveal_75-gibbs","interaction_row_672",0.0116594260027712,79,100,"eligible",103.442765076268
"multiplicative_gamma",1,"reveal_75","gibbs","multiplicative_gamma-001-reveal_75-gibbs","interaction_row_816",-0.0312986093501422,,100,"inadequate_convergence_or_ess",
"multiplicative_gamma",1,"reveal_75","gibbs","multiplicative_gamma-001-reveal_75-gibbs","interaction_row_960",0.0346722385133697,,100,"inadequate_convergence_or_ess",
"multiplicative_gamma",1,"reveal_75","gibbs","multiplicative_gamma-001-reveal_75-gibbs","interaction_row_1104",0.0215690816049054,,100,"inadequate_convergence_or_ess",
"multiplicative_gamma",1,"reveal_75","gibbs","multiplicative_gamma-001-reveal_75-gibbs","observed_log_likelihood",257.008008958719,,100,"inadequate_convergence_or_ess",
"horseshoe",1,"reveal_75","gibbs","horseshoe-001-reveal_75-gibbs","sigma",0.190606242619065,,100,"inadequate_convergence_or_ess",
"horseshoe",1,"reveal_75","gibbs","horseshoe-001-reveal_75-gibbs","mean_row_1",11.6790070547579,,100,"inadequate_convergence_or_ess",
"horseshoe",1,"reveal_75","gibbs","horseshoe-001-reveal_75-gibbs","mean_row_159",375.553240599355,,100,"inadequate_convergence_or_ess",
"horseshoe",1,"reveal_75","gibbs","horseshoe-001-reveal_75-gibbs","mean_row_316",-435.47633109324,,100,"inadequate_convergence_or_ess",
"horseshoe",1,"reveal_75","gibbs","horseshoe-001-reveal_75-gibbs","mean_row_474",15.2491148401168,,100,"inadequate_convergence_or_ess",
"horseshoe",1,"reveal_75","gibbs","horseshoe-001-reveal_75-gibbs","mean_row_631",113.422723629128,,100,"inadequate_convergence_or_ess",
"horseshoe",1,"reveal_75","gibbs","horseshoe-001-reveal_75-gibbs","mean_row_789",51.8352729725745,,100,"inadequate_convergence_or_ess",
"horseshoe",1,"reveal_75","gibbs","horseshoe-001-reveal_75-gibbs","mean_row_946",5.64912200407939,,100,"inadequate_convergence_or_ess",
"horseshoe",1,"reveal_75","gibbs","horseshoe-001-reveal_75-gibbs","mean_row_1104",260.43866023267,,100,"inadequate_convergence_or_ess",
"horseshoe",1,"reveal_75","gibbs","horseshoe-001-reveal_75-gibbs","interaction_row_97",-176.575928566082,,100,"inadequate_convergence_or_ess",
"horseshoe",1,"reveal_75","gibbs","horseshoe-001-reveal_75-gibbs","interaction_row_241",43.4726333581712,,100,"inadequate_convergence_or_ess",
"horseshoe",1,"reveal_75","gibbs","horseshoe-001-reveal_75-gibbs","interaction_row_385",29.3184991851646,,100,"inadequate_convergence_or_ess",
"horseshoe",1,"reveal_75","gibbs","horseshoe-001-reveal_75-gibbs","interaction_row_529",-42.1065165501833,,100,"inadequate_convergence_or_ess",
"horseshoe",1,"reveal_75","gibbs","horseshoe-001-reveal_75-gibbs","interaction_row_672",854.448290634839,,100,"inadequate_convergence_or_ess",
"horseshoe",1,"reveal_75","gibbs","horseshoe-001-reveal_75-gibbs","interaction_row_816",718.82819728522,,100,"inadequate_convergence_or_ess",
"horseshoe",1,"reveal_75","gibbs","horseshoe-001-reveal_75-gibbs","interaction_row_960",-107.233444045474,,100,"inadequate_convergence_or_ess",
"horseshoe",1,"reveal_75","gibbs","horseshoe-001-reveal_75-gibbs","interaction_row_1104",13.7960147886859,,100,"inadequate_convergence_or_ess",
"horseshoe",1,"reveal_75","gibbs","horseshoe-001-reveal_75-gibbs","observed_log_likelihood",192.095074554516,,100,"inadequate_convergence_or_ess",
"realism",1,"reveal_75","gibbs","realism-001-reveal_75-gibbs","sigma",0.2,,100,"not_matched_prior",
"realism",1,"reveal_75","gibbs","realism-001-reveal_75-gibbs","mean_row_1",1.28212671504974,,100,"not_matched_prior",
"realism",1,"reveal_75","gibbs","realism-001-reveal_75-gibbs","mean_row_159",0.290258090807345,,100,"not_matched_prior",
"realism",1,"reveal_75","gibbs","realism-001-reveal_75-gibbs","mean_row_316",0.661746260299268,,100,"not_matched_prior",
"realism",1,"reveal_75","gibbs","realism-001-reveal_75-gibbs","mean_row_474",0.144572578625982,,100,"not_matched_prior",
"realism",1,"reveal_75","gibbs","realism-001-reveal_75-gibbs","mean_row_631",0.67743206184633,,100,"not_matched_prior",
"realism",1,"reveal_75","gibbs","realism-001-reveal_75-gibbs","mean_row_789",-0.878988852371586,,100,"not_matched_prior",
"realism",1,"reveal_75","gibbs","realism-001-reveal_75-gibbs","mean_row_946",1.02308190641508,,100,"not_matched_prior",
"realism",1,"reveal_75","gibbs","realism-001-reveal_75-gibbs","mean_row_1104",-1.1224864041086,,100,"not_matched_prior",
"realism",1,"reveal_75","gibbs","realism-001-reveal_75-gibbs","interaction_row_97",0.0226662804548294,,100,"not_matched_prior",
"realism",1,"reveal_75","gibbs","realism-001-reveal_75-gibbs","interaction_row_241",0.0400158926932519,,100,"not_matched_prior",
"realism",1,"reveal_75","gibbs","realism-001-reveal_75-gibbs","interaction_row_385",0.0515458738434614,,100,"not_matched_prior",
"realism",1,"reveal_75","gibbs","realism-001-reveal_75-gibbs","interaction_row_529",0.037040685735782,,100,"not_matched_prior",
"realism",1,"reveal_75","gibbs","realism-001-reveal_75-gibbs","interaction_row_672",0.0842519987026288,,100,"not_matched_prior",
"realism",1,"reveal_75","gibbs","realism-001-reveal_75-gibbs","interaction_row_816",0.0973934851537901,,100,"not_matched_prior",
"realism",1,"reveal_75","gibbs","realism-001-reveal_75-gibbs","interaction_row_960",0.0594638996300946,,100,"not_matched_prior",
"realism",1,"reveal_75","gibbs","realism-001-reveal_75-gibbs","interaction_row_1104",-0.0174645934784182,,100,"not_matched_prior",
"realism",1,"reveal_75","gibbs","realism-001-reveal_75-gibbs","observed_log_likelihood",173.480454223922,,100,"not_matched_prior",
"gamma",2,"reveal_75","gibbs","gamma-002-reveal_75-gibbs","sigma",0.194460844292361,,100,"inadequate_convergence_or_ess",
"gamma",2,"reveal_75","gibbs","gamma-002-reveal_75-gibbs","mean_row_1",0.828857224164596,,100,"inadequate_convergence_or_ess",
"gamma",2,"reveal_75","gibbs","gamma-002-reveal_75-gibbs","mean_row_159",0.511840097108777,,100,"inadequate_convergence_or_ess",
"gamma",2,"reveal_75","gibbs","gamma-002-reveal_75-gibbs","mean_row_316",1.63557809373151,,100,"inadequate_convergence_or_ess",
"gamma",2,"reveal_75","gibbs","gamma-002-reveal_75-gibbs","mean_row_474",1.90575461892756,,100,"inadequate_convergence_or_ess",
"gamma",2,"reveal_75","gibbs","gamma-002-reveal_75-gibbs","mean_row_631",1.05088009869301,,100,"inadequate_convergence_or_ess",
"gamma",2,"reveal_75","gibbs","gamma-002-reveal_75-gibbs","mean_row_789",1.09961312347338,,100,"inadequate_convergence_or_ess",
"gamma",2,"reveal_75","gibbs","gamma-002-reveal_75-gibbs","mean_row_946",1.62792429631985,45,100,"eligible",99.4421260093078
"gamma",2,"reveal_75","gibbs","gamma-002-reveal_75-gibbs","mean_row_1104",1.0827198198861,,100,"inadequate_convergence_or_ess",
"gamma",2,"reveal_75","gibbs","gamma-002-reveal_75-gibbs","interaction_row_97",-0.140511309937066,,100,"inadequate_convergence_or_ess",
"gamma",2,"reveal_75","gibbs","gamma-002-reveal_75-gibbs","interaction_row_241",-0.438109402882649,,100,"inadequate_convergence_or_ess",
"gamma",2,"reveal_75","gibbs","gamma-002-reveal_75-gibbs","interaction_row_385",0.0486397719839204,,100,"inadequate_convergence_or_ess",
"gamma",2,"reveal_75","gibbs","gamma-002-reveal_75-gibbs","interaction_row_529",-0.129411636692953,,100,"inadequate_convergence_or_ess",
"gamma",2,"reveal_75","gibbs","gamma-002-reveal_75-gibbs","interaction_row_672",-0.102648421777194,,100,"inadequate_convergence_or_ess",
"gamma",2,"reveal_75","gibbs","gamma-002-reveal_75-gibbs","interaction_row_816",-0.0787531855670886,,100,"inadequate_convergence_or_ess",
"gamma",2,"reveal_75","gibbs","gamma-002-reveal_75-gibbs","interaction_row_960",-0.115372504016929,,100,"inadequate_convergence_or_ess",
"gamma",2,"reveal_75","gibbs","gamma-002-reveal_75-gibbs","interaction_row_1104",-0.159381987496369,,100,"inadequate_convergence_or_ess",
"gamma",2,"reveal_75","gibbs","gamma-002-reveal_75-gibbs","observed_log_likelihood",194.935140819341,,100,"inadequate_convergence_or_ess",
"multiplicative_gamma",2,"reveal_75","gibbs","multiplicative_gamma-002-reveal_75-gibbs","sigma",0.267389692607089,,100,"inadequate_convergence_or_ess",
"multiplicative_gamma",2,"reveal_75","gibbs","multiplicative_gamma-002-reveal_75-gibbs","mean_row_1",1.07646219599083,,100,"inadequate_convergence_or_ess",
"multiplicative_gamma",2,"reveal_75","gibbs","multiplicative_gamma-002-reveal_75-gibbs","mean_row_159",1.42360299249878,,100,"inadequate_convergence_or_ess",
"multiplicative_gamma",2,"reveal_75","gibbs","multiplicative_gamma-002-reveal_75-gibbs","mean_row_316",5.10789866207596,,100,"inadequate_convergence_or_ess",
"multiplicative_gamma",2,"reveal_75","gibbs","multiplicative_gamma-002-reveal_75-gibbs","mean_row_474",-0.368024426132337,,100,"inadequate_convergence_or_ess",
"multiplicative_gamma",2,"reveal_75","gibbs","multiplicative_gamma-002-reveal_75-gibbs","mean_row_631",1.55864626829902,,100,"inadequate_convergence_or_ess",
"multiplicative_gamma",2,"reveal_75","gibbs","multiplicative_gamma-002-reveal_75-gibbs","mean_row_789",2.71577244922431,97,100,"eligible",114.008723360306
"multiplicative_gamma",2,"reveal_75","gibbs","multiplicative_gamma-002-reveal_75-gibbs","mean_row_946",0.794738503110348,,100,"inadequate_convergence_or_ess",
"multiplicative_gamma",2,"reveal_75","gibbs","multiplicative_gamma-002-reveal_75-gibbs","mean_row_1104",3.65884178743107,,100,"inadequate_convergence_or_ess",
"multiplicative_gamma",2,"reveal_75","gibbs","multiplicative_gamma-002-reveal_75-gibbs","interaction_row_97",0.251257464125779,,100,"inadequate_convergence_or_ess",
"multiplicative_gamma",2,"reveal_75","gibbs","multiplicative_gamma-002-reveal_75-gibbs","interaction_row_241",0.209060399258723,83,100,"eligible",91.3234229058578
"multiplicative_gamma",2,"reveal_75","gibbs","multiplicative_gamma-002-reveal_75-gibbs","interaction_row_385",0.129301964158482,,100,"residual_autocorrelation",76.9334256629847
"multiplicative_gamma",2,"reveal_75","gibbs","multiplicative_gamma-002-reveal_75-gibbs","interaction_row_529",-0.182521225281953,,100,"inadequate_convergence_or_ess",
"multiplicative_gamma",2,"reveal_75","gibbs","multiplicative_gamma-002-reveal_75-gibbs","interaction_row_672",-0.0559537313884641,,100,"inadequate_convergence_or_ess",
"multiplicative_gamma",2,"reveal_75","gibbs","multiplicative_gamma-002-reveal_75-gibbs","interaction_row_816",-0.062488608375925,,100,"inadequate_convergence_or_ess",
"multiplicative_gamma",2,"reveal_75","gibbs","multiplicative_gamma-002-reveal_75-gibbs","interaction_row_960",-0.0102764684079378,,100,"inadequate_convergence_or_ess",
"multiplicative_gamma",2,"reveal_75","gibbs","multiplicative_gamma-002-reveal_75-gibbs","interaction_row_1104",0.0144397670917016,,100,"inadequate_convergence_or_ess",
"multiplicative_gamma",2,"reveal_75","gibbs","multiplicative_gamma-002-reveal_75-gibbs","observed_log_likelihood",-79.3783116540159,,100,"inadequate_convergence_or_ess",
"horseshoe",2,"reveal_75","gibbs","horseshoe-002-reveal_75-gibbs","sigma",0.189927777059026,,100,"inadequate_convergence_or_ess",
"horseshoe",2,"reveal_75","gibbs","horseshoe-002-reveal_75-gibbs","mean_row_1",1.63332808984905,,100,"inadequate_convergence_or_ess",
"horseshoe",2,"reveal_75","gibbs","horseshoe-002-reveal_75-gibbs","mean_row_159",395.820382603713,,100,"inadequate_convergence_or_ess",
"horseshoe",2,"reveal_75","gibbs","horseshoe-002-reveal_75-gibbs","mean_row_316",1237.16832171111,,100,"inadequate_convergence_or_ess",
"horseshoe",2,"reveal_75","gibbs","horseshoe-002-reveal_75-gibbs","mean_row_474",526.955289861148,,100,"inadequate_convergence_or_ess",
"horseshoe",2,"reveal_75","gibbs","horseshoe-002-reveal_75-gibbs","mean_row_631",14.2908021755202,,100,"inadequate_convergence_or_ess",
"horseshoe",2,"reveal_75","gibbs","horseshoe-002-reveal_75-gibbs","mean_row_789",-377.680061858569,,100,"inadequate_convergence_or_ess",
"horseshoe",2,"reveal_75","gibbs","horseshoe-002-reveal_75-gibbs","mean_row_946",2660.32855269594,,100,"inadequate_convergence_or_ess",
"horseshoe",2,"reveal_75","gibbs","horseshoe-002-reveal_75-gibbs","mean_row_1104",108.380271997557,,100,"inadequate_convergence_or_ess",
"horseshoe",2,"reveal_75","gibbs","horseshoe-002-reveal_75-gibbs","interaction_row_97",731.724675167269,,100,"inadequate_convergence_or_ess",
"horseshoe",2,"reveal_75","gibbs","horseshoe-002-reveal_75-gibbs","interaction_row_241",122.186307480769,,100,"inadequate_convergence_or_ess",
"horseshoe",2,"reveal_75","gibbs","horseshoe-002-reveal_75-gibbs","interaction_row_385",782.385191774304,,100,"inadequate_convergence_or_ess",
"horseshoe",2,"reveal_75","gibbs","horseshoe-002-reveal_75-gibbs","interaction_row_529",-81.1754510248101,,100,"inadequate_convergence_or_ess",
"horseshoe",2,"reveal_75","gibbs","horseshoe-002-reveal_75-gibbs","interaction_row_672",-50.3070367281848,,100,"inadequate_convergence_or_ess",
"horseshoe",2,"reveal_75","gibbs","horseshoe-002-reveal_75-gibbs","interaction_row_816",-30.2151546799699,,100,"inadequate_convergence_or_ess",
"horseshoe",2,"reveal_75","gibbs","horseshoe-002-reveal_75-gibbs","interaction_row_960",-49.146170288929,,100,"inadequate_convergence_or_ess",
"horseshoe",2,"reveal_75","gibbs","horseshoe-002-reveal_75-gibbs","interaction_row_1104",88.1664855641476,,100,"inadequate_convergence_or_ess",
"horseshoe",2,"reveal_75","gibbs","horseshoe-002-reveal_75-gibbs","observed_log_likelihood",194.290037148823,,100,"inadequate_convergence_or_ess",
"realism",2,"reveal_75","gibbs","realism-002-reveal_75-gibbs","sigma",0.2,,100,"not_matched_prior",
"realism",2,"reveal_75","gibbs","realism-002-reveal_75-gibbs","mean_row_1",1.86369699409329,,100,"not_matched_prior",
"realism",2,"reveal_75","gibbs","realism-002-reveal_75-gibbs","mean_row_159",-0.104735160527228,,100,"not_matched_prior",
"realism",2,"reveal_75","gibbs","realism-002-reveal_75-gibbs","mean_row_316",1.71898072497714,,100,"not_matched_prior",
"realism",2,"reveal_75","gibbs","realism-002-reveal_75-gibbs","mean_row_474",0.867907530627109,,100,"not_matched_prior",
"realism",2,"reveal_75","gibbs","realism-002-reveal_75-gibbs","mean_row_631",-0.250508126802646,,100,"not_matched_prior",
"realism",2,"reveal_75","gibbs","realism-002-reveal_75-gibbs","mean_row_789",-0.100548786069017,,100,"not_matched_prior",
"realism",2,"reveal_75","gibbs","realism-002-reveal_75-gibbs","mean_row_946",-0.384996882246056,,100,"not_matched_prior",
"realism",2,"reveal_75","gibbs","realism-002-reveal_75-gibbs","mean_row_1104",-0.524709661333975,,100,"not_matched_prior",
"realism",2,"reveal_75","gibbs","realism-002-reveal_75-gibbs","interaction_row_97",-0.00732271929020765,,100,"not_matched_prior",
"realism",2,"reveal_75","gibbs","realism-002-reveal_75-gibbs","interaction_row_241",-0.0373784964204008,,100,"not_matched_prior",
"realism",2,"reveal_75","gibbs","realism-002-reveal_75-gibbs","interaction_row_385",0.0404755472178663,,100,"not_matched_prior",
"realism",2,"reveal_75","gibbs","realism-002-reveal_75-gibbs","interaction_row_529",-0.0188713121821498,,100,"not_matched_prior",
"realism",2,"reveal_75","gibbs","realism-002-reveal_75-gibbs","interaction_row_672",0.00969026457275058,,100,"not_matched_prior",
"realism",2,"reveal_75","gibbs","realism-002-reveal_75-gibbs","interaction_row_816",0.0271513552285496,,100,"not_matched_prior",
"realism",2,"reveal_75","gibbs","realism-002-reveal_75-gibbs","interaction_row_960",-0.0388509990147549,,100,"not_matched_prior",
"realism",2,"reveal_75","gibbs","realism-002-reveal_75-gibbs","interaction_row_1104",0.00413248568749138,,100,"not_matched_prior",
"realism",2,"reveal_75","gibbs","realism-002-reveal_75-gibbs","observed_log_likelihood",164.230249016745,,100,"not_matched_prior",
"gamma",1,"reveal_25","gibbs_cmi","gamma-001-reveal_25-gibbs_cmi","sigma",0.1925825832251,,100,"inadequate_convergence_or_ess",
"gamma",1,"reveal_25","gibbs_cmi","gamma-001-reveal_25-gibbs_cmi","mean_row_1",1.04691473084914,,100,"inadequate_convergence_or_ess",
"gamma",1,"reveal_25","gibbs_cmi","gamma-001-reveal_25-gibbs_cmi","mean_row_159",1.34645896250066,37,100,"eligible",117.37272610542
"gamma",1,"reveal_25","gibbs_cmi","gamma-001-reveal_25-gibbs_cmi","mean_row_316",1.37313908806136,,100,"inadequate_convergence_or_ess",
"gamma",1,"reveal_25","gibbs_cmi","gamma-001-reveal_25-gibbs_cmi","mean_row_474",2.20616278228092,,100,"inadequate_convergence_or_ess",
"gamma",1,"reveal_25","gibbs_cmi","gamma-001-reveal_25-gibbs_cmi","mean_row_631",0.604868141410952,,100,"residual_autocorrelation",60.3019433668868
"gamma",1,"reveal_25","gibbs_cmi","gamma-001-reveal_25-gibbs_cmi","mean_row_789",1.06808119745435,65,100,"eligible",109.736926025814
"gamma",1,"reveal_25","gibbs_cmi","gamma-001-reveal_25-gibbs_cmi","mean_row_946",1.80629127760578,,100,"residual_autocorrelation",89.9183995360913
"gamma",1,"reveal_25","gibbs_cmi","gamma-001-reveal_25-gibbs_cmi","mean_row_1104",1.53641321578374,57,100,"eligible",111.529512953941
"gamma",1,"reveal_25","gibbs_cmi","gamma-001-reveal_25-gibbs_cmi","interaction_row_97",0.0167366068923533,,100,"inadequate_convergence_or_ess",
"gamma",1,"reveal_25","gibbs_cmi","gamma-001-reveal_25-gibbs_cmi","interaction_row_241",0.560161181616543,29,100,"eligible",138.291356793406
"gamma",1,"reveal_25","gibbs_cmi","gamma-001-reveal_25-gibbs_cmi","interaction_row_385",-0.00345078329805612,,100,"inadequate_convergence_or_ess",
"gamma",1,"reveal_25","gibbs_cmi","gamma-001-reveal_25-gibbs_cmi","interaction_row_529",-0.0172607751403771,,100,"inadequate_convergence_or_ess",
"gamma",1,"reveal_25","gibbs_cmi","gamma-001-reveal_25-gibbs_cmi","interaction_row_672",0.0103434245669878,,100,"inadequate_convergence_or_ess",
"gamma",1,"reveal_25","gibbs_cmi","gamma-001-reveal_25-gibbs_cmi","interaction_row_816",-0.140288672811045,19,100,"eligible",146.763647356167
"gamma",1,"reveal_25","gibbs_cmi","gamma-001-reveal_25-gibbs_cmi","interaction_row_960",-0.0171341375227211,,100,"residual_autocorrelation",89.2455674812847
"gamma",1,"reveal_25","gibbs_cmi","gamma-001-reveal_25-gibbs_cmi","interaction_row_1104",0.0688769602440289,,100,"inadequate_convergence_or_ess",
"gamma",1,"reveal_25","gibbs_cmi","gamma-001-reveal_25-gibbs_cmi","observed_log_likelihood",83.0862999028079,,100,"inadequate_convergence_or_ess",
"multiplicative_gamma",1,"reveal_25","gibbs_cmi","multiplicative_gamma-001-reveal_25-gibbs_cmi","sigma",0.17383452523825,,100,"inadequate_convergence_or_ess",
"multiplicative_gamma",1,"reveal_25","gibbs_cmi","multiplicative_gamma-001-reveal_25-gibbs_cmi","mean_row_1",0.677729396680948,,100,"inadequate_convergence_or_ess",
"multiplicative_gamma",1,"reveal_25","gibbs_cmi","multiplicative_gamma-001-reveal_25-gibbs_cmi","mean_row_159",-0.260309118551177,,100,"residual_autocorrelation",66.539642750607
"multiplicative_gamma",1,"reveal_25","gibbs_cmi","multiplicative_gamma-001-reveal_25-gibbs_cmi","mean_row_316",0.545864093787275,72,100,"eligible",98.0028782015685
"multiplicative_gamma",1,"reveal_25","gibbs_cmi","multiplicative_gamma-001-reveal_25-gibbs_cmi","mean_row_474",1.42868689563844,98,100,"eligible",104.44663700685
"multiplicative_gamma",1,"reveal_25","gibbs_cmi","multiplicative_gamma-001-reveal_25-gibbs_cmi","mean_row_631",0.374233918989992,,100,"inadequate_convergence_or_ess",
"multiplicative_gamma",1,"reveal_25","gibbs_cmi","multiplicative_gamma-001-reveal_25-gibbs_cmi","mean_row_789",0.110288596752388,6,100,"eligible",110.923711550058
"multiplicative_gamma",1,"reveal_25","gibbs_cmi","multiplicative_gamma-001-reveal_25-gibbs_cmi","mean_row_946",2.12626523672859,,100,"inadequate_convergence_or_ess",
"multiplicative_gamma",1,"reveal_25","gibbs_cmi","multiplicative_gamma-001-reveal_25-gibbs_cmi","mean_row_1104",1.95909710458649,,100,"residual_autocorrelation",86.3043981332434
"multiplicative_gamma",1,"reveal_25","gibbs_cmi","multiplicative_gamma-001-reveal_25-gibbs_cmi","interaction_row_97",-0.569127476813453,15,100,"eligible",179.92589831565
"multiplicative_gamma",1,"reveal_25","gibbs_cmi","multiplicative_gamma-001-reveal_25-gibbs_cmi","interaction_row_241",0.511623201177388,,100,"residual_autocorrelation",87.0694212429486
"multiplicative_gamma",1,"reveal_25","gibbs_cmi","multiplicative_gamma-001-reveal_25-gibbs_cmi","interaction_row_385",1.29935993027092,,100,"inadequate_convergence_or_ess",
"multiplicative_gamma",1,"reveal_25","gibbs_cmi","multiplicative_gamma-001-reveal_25-gibbs_cmi","interaction_row_529",0.431002740695594,,100,"residual_autocorrelation",63.6574701607369
"multiplicative_gamma",1,"reveal_25","gibbs_cmi","multiplicative_gamma-001-reveal_25-gibbs_cmi","interaction_row_672",0.0116594260027712,,100,"inadequate_convergence_or_ess",
"multiplicative_gamma",1,"reveal_25","gibbs_cmi","multiplicative_gamma-001-reveal_25-gibbs_cmi","interaction_row_816",-0.0312986093501422,50,100,"eligible",111.931362612875
"multiplicative_gamma",1,"reveal_25","gibbs_cmi","multiplicative_gamma-001-reveal_25-gibbs_cmi","interaction_row_960",0.0346722385133697,,100,"inadequate_convergence_or_ess",
"multiplicative_gamma",1,"reveal_25","gibbs_cmi","multiplicative_gamma-001-reveal_25-gibbs_cmi","interaction_row_1104",0.0215690816049054,71,100,"eligible",116.473595191359
"multiplicative_gamma",1,"reveal_25","gibbs_cmi","multiplicative_gamma-001-reveal_25-gibbs_cmi","observed_log_likelihood",118.470760024953,,100,"inadequate_convergence_or_ess",
"horseshoe",1,"reveal_25","gibbs_cmi","horseshoe-001-reveal_25-gibbs_cmi","sigma",0.190606242619065,,100,"inadequate_convergence_or_ess",
"horseshoe",1,"reveal_25","gibbs_cmi","horseshoe-001-reveal_25-gibbs_cmi","mean_row_1",11.6790070547579,,100,"inadequate_convergence_or_ess",
"horseshoe",1,"reveal_25","gibbs_cmi","horseshoe-001-reveal_25-gibbs_cmi","mean_row_159",375.553240599355,,100,"inadequate_convergence_or_ess",
"horseshoe",1,"reveal_25","gibbs_cmi","horseshoe-001-reveal_25-gibbs_cmi","mean_row_316",-435.47633109324,,100,"inadequate_convergence_or_ess",
"horseshoe",1,"reveal_25","gibbs_cmi","horseshoe-001-reveal_25-gibbs_cmi","mean_row_474",15.2491148401168,,100,"inadequate_convergence_or_ess",
"horseshoe",1,"reveal_25","gibbs_cmi","horseshoe-001-reveal_25-gibbs_cmi","mean_row_631",113.422723629128,,100,"inadequate_convergence_or_ess",
"horseshoe",1,"reveal_25","gibbs_cmi","horseshoe-001-reveal_25-gibbs_cmi","mean_row_789",51.8352729725745,,100,"inadequate_convergence_or_ess",
"horseshoe",1,"reveal_25","gibbs_cmi","horseshoe-001-reveal_25-gibbs_cmi","mean_row_946",5.64912200407939,,100,"inadequate_convergence_or_ess",
"horseshoe",1,"reveal_25","gibbs_cmi","horseshoe-001-reveal_25-gibbs_cmi","mean_row_1104",260.43866023267,,100,"inadequate_convergence_or_ess",
"horseshoe",1,"reveal_25","gibbs_cmi","horseshoe-001-reveal_25-gibbs_cmi","interaction_row_97",-176.575928566082,,100,"inadequate_convergence_or_ess",
"horseshoe",1,"reveal_25","gibbs_cmi","horseshoe-001-reveal_25-gibbs_cmi","interaction_row_241",43.4726333581712,,100,"inadequate_convergence_or_ess",
"horseshoe",1,"reveal_25","gibbs_cmi","horseshoe-001-reveal_25-gibbs_cmi","interaction_row_385",29.3184991851646,,100,"inadequate_convergence_or_ess",
"horseshoe",1,"reveal_25","gibbs_cmi","horseshoe-001-reveal_25-gibbs_cmi","interaction_row_529",-42.1065165501833,,100,"inadequate_convergence_or_ess",
"horseshoe",1,"reveal_25","gibbs_cmi","horseshoe-001-reveal_25-gibbs_cmi","interaction_row_672",854.448290634839,,100,"inadequate_convergence_or_ess",
"horseshoe",1,"reveal_25","gibbs_cmi","horseshoe-001-reveal_25-gibbs_cmi","interaction_row_816",718.82819728522,,100,"inadequate_convergence_or_ess",
"horseshoe",1,"reveal_25","gibbs_cmi","horseshoe-001-reveal_25-gibbs_cmi","interaction_row_960",-107.233444045474,,100,"inadequate_convergence_or_ess",
"horseshoe",1,"reveal_25","gibbs_cmi","horseshoe-001-reveal_25-gibbs_cmi","interaction_row_1104",13.7960147886859,,100,"inadequate_convergence_or_ess",
"horseshoe",1,"reveal_25","gibbs_cmi","horseshoe-001-reveal_25-gibbs_cmi","observed_log_likelihood",67.6303746890922,,100,"inadequate_convergence_or_ess",
"realism",1,"reveal_25","gibbs_cmi","realism-001-reveal_25-gibbs_cmi","sigma",0.2,,100,"not_matched_prior",
"realism",1,"reveal_25","gibbs_cmi","realism-001-reveal_25-gibbs_cmi","mean_row_1",1.28212671504974,,100,"not_matched_prior",
"realism",1,"reveal_25","gibbs_cmi","realism-001-reveal_25-gibbs_cmi","mean_row_159",0.290258090807345,,100,"not_matched_prior",
"realism",1,"reveal_25","gibbs_cmi","realism-001-reveal_25-gibbs_cmi","mean_row_316",0.661746260299268,,100,"not_matched_prior",
"realism",1,"reveal_25","gibbs_cmi","realism-001-reveal_25-gibbs_cmi","mean_row_474",0.144572578625982,,100,"not_matched_prior",
"realism",1,"reveal_25","gibbs_cmi","realism-001-reveal_25-gibbs_cmi","mean_row_631",0.67743206184633,,100,"not_matched_prior",
"realism",1,"reveal_25","gibbs_cmi","realism-001-reveal_25-gibbs_cmi","mean_row_789",-0.878988852371586,,100,"not_matched_prior",
"realism",1,"reveal_25","gibbs_cmi","realism-001-reveal_25-gibbs_cmi","mean_row_946",1.02308190641508,,100,"not_matched_prior",
"realism",1,"reveal_25","gibbs_cmi","realism-001-reveal_25-gibbs_cmi","mean_row_1104",-1.1224864041086,,100,"not_matched_prior",
"realism",1,"reveal_25","gibbs_cmi","realism-001-reveal_25-gibbs_cmi","interaction_row_97",0.0226662804548294,,100,"not_matched_prior",
"realism",1,"reveal_25","gibbs_cmi","realism-001-reveal_25-gibbs_cmi","interaction_row_241",0.0400158926932519,,100,"not_matched_prior",
"realism",1,"reveal_25","gibbs_cmi","realism-001-reveal_25-gibbs_cmi","interaction_row_385",0.0515458738434614,,100,"not_matched_prior",
"realism",1,"reveal_25","gibbs_cmi","realism-001-reveal_25-gibbs_cmi","interaction_row_529",0.037040685735782,,100,"not_matched_prior",
"realism",1,"reveal_25","gibbs_cmi","realism-001-reveal_25-gibbs_cmi","interaction_row_672",0.0842519987026288,,100,"not_matched_prior",
"realism",1,"reveal_25","gibbs_cmi","realism-001-reveal_25-gibbs_cmi","interaction_row_816",0.0973934851537901,,100,"not_matched_prior",
"realism",1,"reveal_25","gibbs_cmi","realism-001-reveal_25-gibbs_cmi","interaction_row_960",0.0594638996300946,,100,"not_matched_prior",
"realism",1,"reveal_25","gibbs_cmi","realism-001-reveal_25-gibbs_cmi","interaction_row_1104",-0.0174645934784182,,100,"not_matched_prior",
"realism",1,"reveal_25","gibbs_cmi","realism-001-reveal_25-gibbs_cmi","observed_log_likelihood",66.7983846727024,,100,"not_matched_prior",
"gamma",2,"reveal_25","gibbs_cmi","gamma-002-reveal_25-gibbs_cmi","sigma",0.194460844292361,,100,"inadequate_convergence_or_ess",
"gamma",2,"reveal_25","gibbs_cmi","gamma-002-reveal_25-gibbs_cmi","mean_row_1",0.828857224164596,74,100,"eligible",92.8465853326613
"gamma",2,"reveal_25","gibbs_cmi","gamma-002-reveal_25-gibbs_cmi","mean_row_159",0.511840097108777,,100,"inadequate_convergence_or_ess",
"gamma",2,"reveal_25","gibbs_cmi","gamma-002-reveal_25-gibbs_cmi","mean_row_316",1.63557809373151,49,100,"eligible",139.141387800088
"gamma",2,"reveal_25","gibbs_cmi","gamma-002-reveal_25-gibbs_cmi","mean_row_474",1.90575461892756,61,100,"eligible",117.582899676103
"gamma",2,"reveal_25","gibbs_cmi","gamma-002-reveal_25-gibbs_cmi","mean_row_631",1.05088009869301,,100,"residual_autocorrelation",79.6188237922365
"gamma",2,"reveal_25","gibbs_cmi","gamma-002-reveal_25-gibbs_cmi","mean_row_789",1.09961312347338,6,100,"eligible",98.4581596635478
"gamma",2,"reveal_25","gibbs_cmi","gamma-002-reveal_25-gibbs_cmi","mean_row_946",1.62792429631985,12,100,"eligible",134.216434687467
"gamma",2,"reveal_25","gibbs_cmi","gamma-002-reveal_25-gibbs_cmi","mean_row_1104",1.0827198198861,47,100,"eligible",148.050027903097
"gamma",2,"reveal_25","gibbs_cmi","gamma-002-reveal_25-gibbs_cmi","interaction_row_97",-0.140511309937066,6,100,"eligible",142.857151432549
"gamma",2,"reveal_25","gibbs_cmi","gamma-002-reveal_25-gibbs_cmi","interaction_row_241",-0.438109402882649,,100,"inadequate_convergence_or_ess",
"gamma",2,"reveal_25","gibbs_cmi","gamma-002-reveal_25-gibbs_cmi","interaction_row_385",0.0486397719839204,,100,"residual_autocorrelation",84.9938701113082
"gamma",2,"reveal_25","gibbs_cmi","gamma-002-reveal_25-gibbs_cmi","interaction_row_529",-0.129411636692953,,100,"residual_autocorrelation",85.6178627207093
"gamma",2,"reveal_25","gibbs_cmi","gamma-002-reveal_25-gibbs_cmi","interaction_row_672",-0.102648421777194,31,100,"eligible",100.738651198325
"gamma",2,"reveal_25","gibbs_cmi","gamma-002-reveal_25-gibbs_cmi","interaction_row_816",-0.0787531855670886,,100,"inadequate_convergence_or_ess",
"gamma",2,"reveal_25","gibbs_cmi","gamma-002-reveal_25-gibbs_cmi","interaction_row_960",-0.115372504016929,,100,"inadequate_convergence_or_ess",
"gamma",2,"reveal_25","gibbs_cmi","gamma-002-reveal_25-gibbs_cmi","interaction_row_1104",-0.159381987496369,,100,"inadequate_convergence_or_ess",
"gamma",2,"reveal_25","gibbs_cmi","gamma-002-reveal_25-gibbs_cmi","observed_log_likelihood",87.8589476026941,,100,"inadequate_convergence_or_ess",
"multiplicative_gamma",2,"reveal_25","gibbs_cmi","multiplicative_gamma-002-reveal_25-gibbs_cmi","sigma",0.267389692607089,,100,"inadequate_convergence_or_ess",
"multiplicative_gamma",2,"reveal_25","gibbs_cmi","multiplicative_gamma-002-reveal_25-gibbs_cmi","mean_row_1",1.07646219599083,10,100,"eligible",136.228605275883
"multiplicative_gamma",2,"reveal_25","gibbs_cmi","multiplicative_gamma-002-reveal_25-gibbs_cmi","mean_row_159",1.42360299249878,62,100,"eligible",94.0142298373963
"multiplicative_gamma",2,"reveal_25","gibbs_cmi","multiplicative_gamma-002-reveal_25-gibbs_cmi","mean_row_316",5.10789866207596,36,100,"eligible",117.862316560011
"multiplicative_gamma",2,"reveal_25","gibbs_cmi","multiplicative_gamma-002-reveal_25-gibbs_cmi","mean_row_474",-0.368024426132337,,100,"residual_autocorrelation",64.3564859848576
"multiplicative_gamma",2,"reveal_25","gibbs_cmi","multiplicative_gamma-002-reveal_25-gibbs_cmi","mean_row_631",1.55864626829902,,100,"residual_autocorrelation",75.1448566506037
"multiplicative_gamma",2,"reveal_25","gibbs_cmi","multiplicative_gamma-002-reveal_25-gibbs_cmi","mean_row_789",2.71577244922431,,100,"inadequate_convergence_or_ess",
"multiplicative_gamma",2,"reveal_25","gibbs_cmi","multiplicative_gamma-002-reveal_25-gibbs_cmi","mean_row_946",0.794738503110348,,100,"residual_autocorrelation",75.3283263646586
"multiplicative_gamma",2,"reveal_25","gibbs_cmi","multiplicative_gamma-002-reveal_25-gibbs_cmi","mean_row_1104",3.65884178743107,,100,"inadequate_convergence_or_ess",
"multiplicative_gamma",2,"reveal_25","gibbs_cmi","multiplicative_gamma-002-reveal_25-gibbs_cmi","interaction_row_97",0.251257464125779,99,100,"eligible",190.298038371799
"multiplicative_gamma",2,"reveal_25","gibbs_cmi","multiplicative_gamma-002-reveal_25-gibbs_cmi","interaction_row_241",0.209060399258723,99,100,"eligible",119.090539456842
"multiplicative_gamma",2,"reveal_25","gibbs_cmi","multiplicative_gamma-002-reveal_25-gibbs_cmi","interaction_row_385",0.129301964158482,,100,"inadequate_convergence_or_ess",
"multiplicative_gamma",2,"reveal_25","gibbs_cmi","multiplicative_gamma-002-reveal_25-gibbs_cmi","interaction_row_529",-0.182521225281953,,100,"inadequate_convergence_or_ess",
"multiplicative_gamma",2,"reveal_25","gibbs_cmi","multiplicative_gamma-002-reveal_25-gibbs_cmi","interaction_row_672",-0.0559537313884641,,100,"inadequate_convergence_or_ess",
"multiplicative_gamma",2,"reveal_25","gibbs_cmi","multiplicative_gamma-002-reveal_25-gibbs_cmi","interaction_row_816",-0.062488608375925,24,100,"eligible",98.0890055570549
"multiplicative_gamma",2,"reveal_25","gibbs_cmi","multiplicative_gamma-002-reveal_25-gibbs_cmi","interaction_row_960",-0.0102764684079378,38,100,"eligible",111.240703055603
"multiplicative_gamma",2,"reveal_25","gibbs_cmi","multiplicative_gamma-002-reveal_25-gibbs_cmi","interaction_row_1104",0.0144397670917016,,100,"inadequate_convergence_or_ess",
"multiplicative_gamma",2,"reveal_25","gibbs_cmi","multiplicative_gamma-002-reveal_25-gibbs_cmi","observed_log_likelihood",-21.603710370459,,100,"inadequate_convergence_or_ess",
"horseshoe",2,"reveal_25","gibbs_cmi","horseshoe-002-reveal_25-gibbs_cmi","sigma",0.189927777059026,,100,"inadequate_convergence_or_ess",
"horseshoe",2,"reveal_25","gibbs_cmi","horseshoe-002-reveal_25-gibbs_cmi","mean_row_1",1.63332808984905,,100,"inadequate_convergence_or_ess",
"horseshoe",2,"reveal_25","gibbs_cmi","horseshoe-002-reveal_25-gibbs_cmi","mean_row_159",395.820382603713,,100,"inadequate_convergence_or_ess",
"horseshoe",2,"reveal_25","gibbs_cmi","horseshoe-002-reveal_25-gibbs_cmi","mean_row_316",1237.16832171111,,100,"inadequate_convergence_or_ess",
"horseshoe",2,"reveal_25","gibbs_cmi","horseshoe-002-reveal_25-gibbs_cmi","mean_row_474",526.955289861148,,100,"inadequate_convergence_or_ess",
"horseshoe",2,"reveal_25","gibbs_cmi","horseshoe-002-reveal_25-gibbs_cmi","mean_row_631",14.2908021755202,,100,"inadequate_convergence_or_ess",
"horseshoe",2,"reveal_25","gibbs_cmi","horseshoe-002-reveal_25-gibbs_cmi","mean_row_789",-377.680061858569,,100,"inadequate_convergence_or_ess",
"horseshoe",2,"reveal_25","gibbs_cmi","horseshoe-002-reveal_25-gibbs_cmi","mean_row_946",2660.32855269594,,100,"inadequate_convergence_or_ess",
"horseshoe",2,"reveal_25","gibbs_cmi","horseshoe-002-reveal_25-gibbs_cmi","mean_row_1104",108.380271997557,,100,"inadequate_convergence_or_ess",
"horseshoe",2,"reveal_25","gibbs_cmi","horseshoe-002-reveal_25-gibbs_cmi","interaction_row_97",731.724675167269,,100,"inadequate_convergence_or_ess",
"horseshoe",2,"reveal_25","gibbs_cmi","horseshoe-002-reveal_25-gibbs_cmi","interaction_row_241",122.186307480769,,100,"inadequate_convergence_or_ess",
"horseshoe",2,"reveal_25","gibbs_cmi","horseshoe-002-reveal_25-gibbs_cmi","interaction_row_385",782.385191774304,,100,"inadequate_convergence_or_ess",
"horseshoe",2,"reveal_25","gibbs_cmi","horseshoe-002-reveal_25-gibbs_cmi","interaction_row_529",-81.1754510248101,,100,"inadequate_convergence_or_ess",
"horseshoe",2,"reveal_25","gibbs_cmi","horseshoe-002-reveal_25-gibbs_cmi","interaction_row_672",-50.3070367281848,,100,"inadequate_convergence_or_ess",
"horseshoe",2,"reveal_25","gibbs_cmi","horseshoe-002-reveal_25-gibbs_cmi","interaction_row_816",-30.2151546799699,,100,"inadequate_convergence_or_ess",
"horseshoe",2,"reveal_25","gibbs_cmi","horseshoe-002-reveal_25-gibbs_cmi","interaction_row_960",-49.146170288929,,100,"inadequate_convergence_or_ess",
"horseshoe",2,"reveal_25","gibbs_cmi","horseshoe-002-reveal_25-gibbs_cmi","interaction_row_1104",88.1664855641476,,100,"inadequate_convergence_or_ess",
"horseshoe",2,"reveal_25","gibbs_cmi","horseshoe-002-reveal_25-gibbs_cmi","observed_log_likelihood",86.6823267975792,,100,"inadequate_convergence_or_ess",
"realism",2,"reveal_25","gibbs_cmi","realism-002-reveal_25-gibbs_cmi","sigma",0.2,,100,"not_matched_prior",
"realism",2,"reveal_25","gibbs_cmi","realism-002-reveal_25-gibbs_cmi","mean_row_1",1.86369699409329,,100,"not_matched_prior",
"realism",2,"reveal_25","gibbs_cmi","realism-002-reveal_25-gibbs_cmi","mean_row_159",-0.104735160527228,,100,"not_matched_prior",
"realism",2,"reveal_25","gibbs_cmi","realism-002-reveal_25-gibbs_cmi","mean_row_316",1.71898072497714,,100,"not_matched_prior",
"realism",2,"reveal_25","gibbs_cmi","realism-002-reveal_25-gibbs_cmi","mean_row_474",0.867907530627109,,100,"not_matched_prior",
"realism",2,"reveal_25","gibbs_cmi","realism-002-reveal_25-gibbs_cmi","mean_row_631",-0.250508126802646,,100,"not_matched_prior",
"realism",2,"reveal_25","gibbs_cmi","realism-002-reveal_25-gibbs_cmi","mean_row_789",-0.100548786069017,,100,"not_matched_prior",
"realism",2,"reveal_25","gibbs_cmi","realism-002-reveal_25-gibbs_cmi","mean_row_946",-0.384996882246056,,100,"not_matched_prior",
"realism",2,"reveal_25","gibbs_cmi","realism-002-reveal_25-gibbs_cmi","mean_row_1104",-0.524709661333975,,100,"not_matched_prior",
"realism",2,"reveal_25","gibbs_cmi","realism-002-reveal_25-gibbs_cmi","interaction_row_97",-0.00732271929020765,,100,"not_matched_prior",
"realism",2,"reveal_25","gibbs_cmi","realism-002-reveal_25-gibbs_cmi","interaction_row_241",-0.0373784964204008,,100,"not_matched_prior",
"realism",2,"reveal_25","gibbs_cmi","realism-002-reveal_25-gibbs_cmi","interaction_row_385",0.0404755472178663,,100,"not_matched_prior",
"realism",2,"reveal_25","gibbs_cmi","realism-002-reveal_25-gibbs_cmi","interaction_row_529",-0.0188713121821498,,100,"not_matched_prior",
"realism",2,"reveal_25","gibbs_cmi","realism-002-reveal_25-gibbs_cmi","interaction_row_672",0.00969026457275058,,100,"not_matched_prior",
"realism",2,"reveal_25","gibbs_cmi","realism-002-reveal_25-gibbs_cmi","interaction_row_816",0.0271513552285496,,100,"not_matched_prior",
"realism",2,"reveal_25","gibbs_cmi","realism-002-reveal_25-gibbs_cmi","interaction_row_960",-0.0388509990147549,,100,"not_matched_prior",
"realism",2,"reveal_25","gibbs_cmi","realism-002-reveal_25-gibbs_cmi","interaction_row_1104",0.00413248568749138,,100,"not_matched_prior",
"realism",2,"reveal_25","gibbs_cmi","realism-002-reveal_25-gibbs_cmi","observed_log_likelihood",66.6254433225788,,100,"not_matched_prior",
"gamma",1,"reveal_75","gibbs_cmi","gamma-001-reveal_75-gibbs_cmi","sigma",0.1925825832251,48,100,"eligible",151.456218507997
"gamma",1,"reveal_75","gibbs_cmi","gamma-001-reveal_75-gibbs_cmi","mean_row_1",1.04691473084914,,100,"inadequate_convergence_or_ess",
"gamma",1,"reveal_75","gibbs_cmi","gamma-001-reveal_75-gibbs_cmi","mean_row_159",1.34645896250066,46,100,"eligible",134.328847764036
"gamma",1,"reveal_75","gibbs_cmi","gamma-001-reveal_75-gibbs_cmi","mean_row_316",1.37313908806136,64,100,"eligible",136.781347756959
"gamma",1,"reveal_75","gibbs_cmi","gamma-001-reveal_75-gibbs_cmi","mean_row_474",2.20616278228092,97,100,"eligible",154.089735362239
"gamma",1,"reveal_75","gibbs_cmi","gamma-001-reveal_75-gibbs_cmi","mean_row_631",0.604868141410952,,100,"residual_autocorrelation",63.1384391459391
"gamma",1,"reveal_75","gibbs_cmi","gamma-001-reveal_75-gibbs_cmi","mean_row_789",1.06808119745435,85,100,"eligible",103.671903646371
"gamma",1,"reveal_75","gibbs_cmi","gamma-001-reveal_75-gibbs_cmi","mean_row_946",1.80629127760578,,100,"inadequate_convergence_or_ess",
"gamma",1,"reveal_75","gibbs_cmi","gamma-001-reveal_75-gibbs_cmi","mean_row_1104",1.53641321578374,88,100,"eligible",133.639289221872
"gamma",1,"reveal_75","gibbs_cmi","gamma-001-reveal_75-gibbs_cmi","interaction_row_97",0.0167366068923533,,100,"inadequate_convergence_or_ess",
"gamma",1,"reveal_75","gibbs_cmi","gamma-001-reveal_75-gibbs_cmi","interaction_row_241",0.560161181616543,80,100,"eligible",190.298038371799
"gamma",1,"reveal_75","gibbs_cmi","gamma-001-reveal_75-gibbs_cmi","interaction_row_385",-0.00345078329805612,40,100,"eligible",182.812429920544
"gamma",1,"reveal_75","gibbs_cmi","gamma-001-reveal_75-gibbs_cmi","interaction_row_529",-0.0172607751403771,,100,"inadequate_convergence_or_ess",
"gamma",1,"reveal_75","gibbs_cmi","gamma-001-reveal_75-gibbs_cmi","interaction_row_672",0.0103434245669878,,100,"inadequate_convergence_or_ess",
"gamma",1,"reveal_75","gibbs_cmi","gamma-001-reveal_75-gibbs_cmi","interaction_row_816",-0.140288672811045,,100,"residual_autocorrelation",74.6062980256554
"gamma",1,"reveal_75","gibbs_cmi","gamma-001-reveal_75-gibbs_cmi","interaction_row_960",-0.0171341375227211,,100,"inadequate_convergence_or_ess",
"gamma",1,"reveal_75","gibbs_cmi","gamma-001-reveal_75-gibbs_cmi","interaction_row_1104",0.0688769602440289,56,100,"eligible",156.177927545196
"gamma",1,"reveal_75","gibbs_cmi","gamma-001-reveal_75-gibbs_cmi","observed_log_likelihood",186.957663807886,,100,"inadequate_convergence_or_ess",
"multiplicative_gamma",1,"reveal_75","gibbs_cmi","multiplicative_gamma-001-reveal_75-gibbs_cmi","sigma",0.17383452523825,,100,"inadequate_convergence_or_ess",
"multiplicative_gamma",1,"reveal_75","gibbs_cmi","multiplicative_gamma-001-reveal_75-gibbs_cmi","mean_row_1",0.677729396680948,,100,"inadequate_convergence_or_ess",
"multiplicative_gamma",1,"reveal_75","gibbs_cmi","multiplicative_gamma-001-reveal_75-gibbs_cmi","mean_row_159",-0.260309118551177,28,100,"eligible",98.2207759478474
"multiplicative_gamma",1,"reveal_75","gibbs_cmi","multiplicative_gamma-001-reveal_75-gibbs_cmi","mean_row_316",0.545864093787275,,100,"inadequate_convergence_or_ess",
"multiplicative_gamma",1,"reveal_75","gibbs_cmi","multiplicative_gamma-001-reveal_75-gibbs_cmi","mean_row_474",1.42868689563844,76,100,"eligible",175.04881520043
"multiplicative_gamma",1,"reveal_75","gibbs_cmi","multiplicative_gamma-001-reveal_75-gibbs_cmi","mean_row_631",0.374233918989992,31,100,"eligible",124.585601281003
"multiplicative_gamma",1,"reveal_75","gibbs_cmi","multiplicative_gamma-001-reveal_75-gibbs_cmi","mean_row_789",0.110288596752388,,100,"inadequate_convergence_or_ess",
"multiplicative_gamma",1,"reveal_75","gibbs_cmi","multiplicative_gamma-001-reveal_75-gibbs_cmi","mean_row_946",2.12626523672859,,100,"inadequate_convergence_or_ess",
"multiplicative_gamma",1,"reveal_75","gibbs_cmi","multiplicative_gamma-001-reveal_75-gibbs_cmi","mean_row_1104",1.95909710458649,,100,"residual_autocorrelation",60.5753343635632
"multiplicative_gamma",1,"reveal_75","gibbs_cmi","multiplicative_gamma-001-reveal_75-gibbs_cmi","interaction_row_97",-0.569127476813453,,100,"inadequate_convergence_or_ess",
"multiplicative_gamma",1,"reveal_75","gibbs_cmi","multiplicative_gamma-001-reveal_75-gibbs_cmi","interaction_row_241",0.511623201177388,,100,"inadequate_convergence_or_ess",
"multiplicative_gamma",1,"reveal_75","gibbs_cmi","multiplicative_gamma-001-reveal_75-gibbs_cmi","interaction_row_385",1.29935993027092,,100,"inadequate_convergence_or_ess",
"multiplicative_gamma",1,"reveal_75","gibbs_cmi","multiplicative_gamma-001-reveal_75-gibbs_cmi","interaction_row_529",0.431002740695594,,100,"inadequate_convergence_or_ess",
"multiplicative_gamma",1,"reveal_75","gibbs_cmi","multiplicative_gamma-001-reveal_75-gibbs_cmi","interaction_row_672",0.0116594260027712,,100,"inadequate_convergence_or_ess",
"multiplicative_gamma",1,"reveal_75","gibbs_cmi","multiplicative_gamma-001-reveal_75-gibbs_cmi","interaction_row_816",-0.0312986093501422,,100,"inadequate_convergence_or_ess",
"multiplicative_gamma",1,"reveal_75","gibbs_cmi","multiplicative_gamma-001-reveal_75-gibbs_cmi","interaction_row_960",0.0346722385133697,,100,"inadequate_convergence_or_ess",
"multiplicative_gamma",1,"reveal_75","gibbs_cmi","multiplicative_gamma-001-reveal_75-gibbs_cmi","interaction_row_1104",0.0215690816049054,,100,"residual_autocorrelation",83.8911351479916
"multiplicative_gamma",1,"reveal_75","gibbs_cmi","multiplicative_gamma-001-reveal_75-gibbs_cmi","observed_log_likelihood",257.008008958719,,100,"inadequate_convergence_or_ess",
"horseshoe",1,"reveal_75","gibbs_cmi","horseshoe-001-reveal_75-gibbs_cmi","sigma",0.190606242619065,,100,"inadequate_convergence_or_ess",
"horseshoe",1,"reveal_75","gibbs_cmi","horseshoe-001-reveal_75-gibbs_cmi","mean_row_1",11.6790070547579,,100,"inadequate_convergence_or_ess",
"horseshoe",1,"reveal_75","gibbs_cmi","horseshoe-001-reveal_75-gibbs_cmi","mean_row_159",375.553240599355,,100,"inadequate_convergence_or_ess",
"horseshoe",1,"reveal_75","gibbs_cmi","horseshoe-001-reveal_75-gibbs_cmi","mean_row_316",-435.47633109324,,100,"inadequate_convergence_or_ess",
"horseshoe",1,"reveal_75","gibbs_cmi","horseshoe-001-reveal_75-gibbs_cmi","mean_row_474",15.2491148401168,,100,"inadequate_convergence_or_ess",
"horseshoe",1,"reveal_75","gibbs_cmi","horseshoe-001-reveal_75-gibbs_cmi","mean_row_631",113.422723629128,,100,"inadequate_convergence_or_ess",
"horseshoe",1,"reveal_75","gibbs_cmi","horseshoe-001-reveal_75-gibbs_cmi","mean_row_789",51.8352729725745,,100,"inadequate_convergence_or_ess",
"horseshoe",1,"reveal_75","gibbs_cmi","horseshoe-001-reveal_75-gibbs_cmi","mean_row_946",5.64912200407939,,100,"inadequate_convergence_or_ess",
"horseshoe",1,"reveal_75","gibbs_cmi","horseshoe-001-reveal_75-gibbs_cmi","mean_row_1104",260.43866023267,,100,"inadequate_convergence_or_ess",
"horseshoe",1,"reveal_75","gibbs_cmi","horseshoe-001-reveal_75-gibbs_cmi","interaction_row_97",-176.575928566082,,100,"inadequate_convergence_or_ess",
"horseshoe",1,"reveal_75","gibbs_cmi","horseshoe-001-reveal_75-gibbs_cmi","interaction_row_241",43.4726333581712,,100,"inadequate_convergence_or_ess",
"horseshoe",1,"reveal_75","gibbs_cmi","horseshoe-001-reveal_75-gibbs_cmi","interaction_row_385",29.3184991851646,,100,"inadequate_convergence_or_ess",
"horseshoe",1,"reveal_75","gibbs_cmi","horseshoe-001-reveal_75-gibbs_cmi","interaction_row_529",-42.1065165501833,,100,"inadequate_convergence_or_ess",
"horseshoe",1,"reveal_75","gibbs_cmi","horseshoe-001-reveal_75-gibbs_cmi","interaction_row_672",854.448290634839,,100,"inadequate_convergence_or_ess",
"horseshoe",1,"reveal_75","gibbs_cmi","horseshoe-001-reveal_75-gibbs_cmi","interaction_row_816",718.82819728522,,100,"inadequate_convergence_or_ess",
"horseshoe",1,"reveal_75","gibbs_cmi","horseshoe-001-reveal_75-gibbs_cmi","interaction_row_960",-107.233444045474,,100,"inadequate_convergence_or_ess",
"horseshoe",1,"reveal_75","gibbs_cmi","horseshoe-001-reveal_75-gibbs_cmi","interaction_row_1104",13.7960147886859,,100,"inadequate_convergence_or_ess",
"horseshoe",1,"reveal_75","gibbs_cmi","horseshoe-001-reveal_75-gibbs_cmi","observed_log_likelihood",192.095074554516,,100,"inadequate_convergence_or_ess",
"realism",1,"reveal_75","gibbs_cmi","realism-001-reveal_75-gibbs_cmi","sigma",0.2,,100,"not_matched_prior",
"realism",1,"reveal_75","gibbs_cmi","realism-001-reveal_75-gibbs_cmi","mean_row_1",1.28212671504974,,100,"not_matched_prior",
"realism",1,"reveal_75","gibbs_cmi","realism-001-reveal_75-gibbs_cmi","mean_row_159",0.290258090807345,,100,"not_matched_prior",
"realism",1,"reveal_75","gibbs_cmi","realism-001-reveal_75-gibbs_cmi","mean_row_316",0.661746260299268,,100,"not_matched_prior",
"realism",1,"reveal_75","gibbs_cmi","realism-001-reveal_75-gibbs_cmi","mean_row_474",0.144572578625982,,100,"not_matched_prior",
"realism",1,"reveal_75","gibbs_cmi","realism-001-reveal_75-gibbs_cmi","mean_row_631",0.67743206184633,,100,"not_matched_prior",
"realism",1,"reveal_75","gibbs_cmi","realism-001-reveal_75-gibbs_cmi","mean_row_789",-0.878988852371586,,100,"not_matched_prior",
"realism",1,"reveal_75","gibbs_cmi","realism-001-reveal_75-gibbs_cmi","mean_row_946",1.02308190641508,,100,"not_matched_prior",
"realism",1,"reveal_75","gibbs_cmi","realism-001-reveal_75-gibbs_cmi","mean_row_1104",-1.1224864041086,,100,"not_matched_prior",
"realism",1,"reveal_75","gibbs_cmi","realism-001-reveal_75-gibbs_cmi","interaction_row_97",0.0226662804548294,,100,"not_matched_prior",
"realism",1,"reveal_75","gibbs_cmi","realism-001-reveal_75-gibbs_cmi","interaction_row_241",0.0400158926932519,,100,"not_matched_prior",
"realism",1,"reveal_75","gibbs_cmi","realism-001-reveal_75-gibbs_cmi","interaction_row_385",0.0515458738434614,,100,"not_matched_prior",
"realism",1,"reveal_75","gibbs_cmi","realism-001-reveal_75-gibbs_cmi","interaction_row_529",0.037040685735782,,100,"not_matched_prior",
"realism",1,"reveal_75","gibbs_cmi","realism-001-reveal_75-gibbs_cmi","interaction_row_672",0.0842519987026288,,100,"not_matched_prior",
"realism",1,"reveal_75","gibbs_cmi","realism-001-reveal_75-gibbs_cmi","interaction_row_816",0.0973934851537901,,100,"not_matched_prior",
"realism",1,"reveal_75","gibbs_cmi","realism-001-reveal_75-gibbs_cmi","interaction_row_960",0.0594638996300946,,100,"not_matched_prior",
"realism",1,"reveal_75","gibbs_cmi","realism-001-reveal_75-gibbs_cmi","interaction_row_1104",-0.0174645934784182,,100,"not_matched_prior",
"realism",1,"reveal_75","gibbs_cmi","realism-001-reveal_75-gibbs_cmi","observed_log_likelihood",173.480454223922,,100,"not_matched_prior",
"gamma",2,"reveal_75","gibbs_cmi","gamma-002-reveal_75-gibbs_cmi","sigma",0.194460844292361,,100,"inadequate_convergence_or_ess",
"gamma",2,"reveal_75","gibbs_cmi","gamma-002-reveal_75-gibbs_cmi","mean_row_1",0.828857224164596,,100,"inadequate_convergence_or_ess",
"gamma",2,"reveal_75","gibbs_cmi","gamma-002-reveal_75-gibbs_cmi","mean_row_159",0.511840097108777,,100,"inadequate_convergence_or_ess",
"gamma",2,"reveal_75","gibbs_cmi","gamma-002-reveal_75-gibbs_cmi","mean_row_316",1.63557809373151,,100,"inadequate_convergence_or_ess",
"gamma",2,"reveal_75","gibbs_cmi","gamma-002-reveal_75-gibbs_cmi","mean_row_474",1.90575461892756,51,100,"eligible",130.789206074991
"gamma",2,"reveal_75","gibbs_cmi","gamma-002-reveal_75-gibbs_cmi","mean_row_631",1.05088009869301,,100,"inadequate_convergence_or_ess",
"gamma",2,"reveal_75","gibbs_cmi","gamma-002-reveal_75-gibbs_cmi","mean_row_789",1.09961312347338,,100,"inadequate_convergence_or_ess",
"gamma",2,"reveal_75","gibbs_cmi","gamma-002-reveal_75-gibbs_cmi","mean_row_946",1.62792429631985,52,100,"eligible",119.308901439466
"gamma",2,"reveal_75","gibbs_cmi","gamma-002-reveal_75-gibbs_cmi","mean_row_1104",1.0827198198861,,100,"inadequate_convergence_or_ess",
"gamma",2,"reveal_75","gibbs_cmi","gamma-002-reveal_75-gibbs_cmi","interaction_row_97",-0.140511309937066,,100,"inadequate_convergence_or_ess",
"gamma",2,"reveal_75","gibbs_cmi","gamma-002-reveal_75-gibbs_cmi","interaction_row_241",-0.438109402882649,,100,"inadequate_convergence_or_ess",
"gamma",2,"reveal_75","gibbs_cmi","gamma-002-reveal_75-gibbs_cmi","interaction_row_385",0.0486397719839204,,100,"inadequate_convergence_or_ess",
"gamma",2,"reveal_75","gibbs_cmi","gamma-002-reveal_75-gibbs_cmi","interaction_row_529",-0.129411636692953,,100,"inadequate_convergence_or_ess",
"gamma",2,"reveal_75","gibbs_cmi","gamma-002-reveal_75-gibbs_cmi","interaction_row_672",-0.102648421777194,,100,"inadequate_convergence_or_ess",
"gamma",2,"reveal_75","gibbs_cmi","gamma-002-reveal_75-gibbs_cmi","interaction_row_816",-0.0787531855670886,,100,"inadequate_convergence_or_ess",
"gamma",2,"reveal_75","gibbs_cmi","gamma-002-reveal_75-gibbs_cmi","interaction_row_960",-0.115372504016929,,100,"inadequate_convergence_or_ess",
"gamma",2,"reveal_75","gibbs_cmi","gamma-002-reveal_75-gibbs_cmi","interaction_row_1104",-0.159381987496369,,100,"inadequate_convergence_or_ess",
"gamma",2,"reveal_75","gibbs_cmi","gamma-002-reveal_75-gibbs_cmi","observed_log_likelihood",194.935140819341,,100,"inadequate_convergence_or_ess",
"multiplicative_gamma",2,"reveal_75","gibbs_cmi","multiplicative_gamma-002-reveal_75-gibbs_cmi","sigma",0.267389692607089,,100,"inadequate_convergence_or_ess",
"multiplicative_gamma",2,"reveal_75","gibbs_cmi","multiplicative_gamma-002-reveal_75-gibbs_cmi","mean_row_1",1.07646219599083,,100,"inadequate_convergence_or_ess",
"multiplicative_gamma",2,"reveal_75","gibbs_cmi","multiplicative_gamma-002-reveal_75-gibbs_cmi","mean_row_159",1.42360299249878,8,100,"eligible",130.612754849933
"multiplicative_gamma",2,"reveal_75","gibbs_cmi","multiplicative_gamma-002-reveal_75-gibbs_cmi","mean_row_316",5.10789866207596,,100,"inadequate_convergence_or_ess",
"multiplicative_gamma",2,"reveal_75","gibbs_cmi","multiplicative_gamma-002-reveal_75-gibbs_cmi","mean_row_474",-0.368024426132337,,100,"inadequate_convergence_or_ess",
"multiplicative_gamma",2,"reveal_75","gibbs_cmi","multiplicative_gamma-002-reveal_75-gibbs_cmi","mean_row_631",1.55864626829902,,100,"inadequate_convergence_or_ess",
"multiplicative_gamma",2,"reveal_75","gibbs_cmi","multiplicative_gamma-002-reveal_75-gibbs_cmi","mean_row_789",2.71577244922431,95,100,"eligible",120.830985752087
"multiplicative_gamma",2,"reveal_75","gibbs_cmi","multiplicative_gamma-002-reveal_75-gibbs_cmi","mean_row_946",0.794738503110348,,100,"inadequate_convergence_or_ess",
"multiplicative_gamma",2,"reveal_75","gibbs_cmi","multiplicative_gamma-002-reveal_75-gibbs_cmi","mean_row_1104",3.65884178743107,99,100,"eligible",95.3179570956099
"multiplicative_gamma",2,"reveal_75","gibbs_cmi","multiplicative_gamma-002-reveal_75-gibbs_cmi","interaction_row_97",0.251257464125779,,100,"inadequate_convergence_or_ess",
"multiplicative_gamma",2,"reveal_75","gibbs_cmi","multiplicative_gamma-002-reveal_75-gibbs_cmi","interaction_row_241",0.209060399258723,78,100,"eligible",99.2469484837046
"multiplicative_gamma",2,"reveal_75","gibbs_cmi","multiplicative_gamma-002-reveal_75-gibbs_cmi","interaction_row_385",0.129301964158482,35,100,"eligible",128.103415250979
"multiplicative_gamma",2,"reveal_75","gibbs_cmi","multiplicative_gamma-002-reveal_75-gibbs_cmi","interaction_row_529",-0.182521225281953,,100,"inadequate_convergence_or_ess",
"multiplicative_gamma",2,"reveal_75","gibbs_cmi","multiplicative_gamma-002-reveal_75-gibbs_cmi","interaction_row_672",-0.0559537313884641,14,100,"eligible",174.73712674911
"multiplicative_gamma",2,"reveal_75","gibbs_cmi","multiplicative_gamma-002-reveal_75-gibbs_cmi","interaction_row_816",-0.062488608375925,,100,"inadequate_convergence_or_ess",
"multiplicative_gamma",2,"reveal_75","gibbs_cmi","multiplicative_gamma-002-reveal_75-gibbs_cmi","interaction_row_960",-0.0102764684079378,,100,"inadequate_convergence_or_ess",
"multiplicative_gamma",2,"reveal_75","gibbs_cmi","multiplicative_gamma-002-reveal_75-gibbs_cmi","interaction_row_1104",0.0144397670917016,,100,"inadequate_convergence_or_ess",
"multiplicative_gamma",2,"reveal_75","gibbs_cmi","multiplicative_gamma-002-reveal_75-gibbs_cmi","observed_log_likelihood",-79.3783116540159,,100,"inadequate_convergence_or_ess",
"horseshoe",2,"reveal_75","gibbs_cmi","horseshoe-002-reveal_75-gibbs_cmi","sigma",0.189927777059026,,100,"inadequate_convergence_or_ess",
"horseshoe",2,"reveal_75","gibbs_cmi","horseshoe-002-reveal_75-gibbs_cmi","mean_row_1",1.63332808984905,,100,"inadequate_convergence_or_ess",
"horseshoe",2,"reveal_75","gibbs_cmi","horseshoe-002-reveal_75-gibbs_cmi","mean_row_159",395.820382603713,,100,"inadequate_convergence_or_ess",
"horseshoe",2,"reveal_75","gibbs_cmi","horseshoe-002-reveal_75-gibbs_cmi","mean_row_316",1237.16832171111,,100,"inadequate_convergence_or_ess",
"horseshoe",2,"reveal_75","gibbs_cmi","horseshoe-002-reveal_75-gibbs_cmi","mean_row_474",526.955289861148,,100,"inadequate_convergence_or_ess",
"horseshoe",2,"reveal_75","gibbs_cmi","horseshoe-002-reveal_75-gibbs_cmi","mean_row_631",14.2908021755202,,100,"inadequate_convergence_or_ess",
"horseshoe",2,"reveal_75","gibbs_cmi","horseshoe-002-reveal_75-gibbs_cmi","mean_row_789",-377.680061858569,,100,"inadequate_convergence_or_ess",
"horseshoe",2,"reveal_75","gibbs_cmi","horseshoe-002-reveal_75-gibbs_cmi","mean_row_946",2660.32855269594,,100,"inadequate_convergence_or_ess",
"horseshoe",2,"reveal_75","gibbs_cmi","horseshoe-002-reveal_75-gibbs_cmi","mean_row_1104",108.380271997557,,100,"inadequate_convergence_or_ess",
"horseshoe",2,"reveal_75","gibbs_cmi","horseshoe-002-reveal_75-gibbs_cmi","interaction_row_97",731.724675167269,,100,"inadequate_convergence_or_ess",
"horseshoe",2,"reveal_75","gibbs_cmi","horseshoe-002-reveal_75-gibbs_cmi","interaction_row_241",122.186307480769,,100,"inadequate_convergence_or_ess",
"horseshoe",2,"reveal_75","gibbs_cmi","horseshoe-002-reveal_75-gibbs_cmi","interaction_row_385",782.385191774304,,100,"inadequate_convergence_or_ess",
"horseshoe",2,"reveal_75","gibbs_cmi","horseshoe-002-reveal_75-gibbs_cmi","interaction_row_529",-81.1754510248101,,100,"inadequate_convergence_or_ess",
"horseshoe",2,"reveal_75","gibbs_cmi","horseshoe-002-reveal_75-gibbs_cmi","interaction_row_672",-50.3070367281848,,100,"inadequate_convergence_or_ess",
"horseshoe",2,"reveal_75","gibbs_cmi","horseshoe-002-reveal_75-gibbs_cmi","interaction_row_816",-30.2151546799699,,100,"inadequate_convergence_or_ess",
"horseshoe",2,"reveal_75","gibbs_cmi","horseshoe-002-reveal_75-gibbs_cmi","interaction_row_960",-49.146170288929,,100,"inadequate_convergence_or_ess",
"horseshoe",2,"reveal_75","gibbs_cmi","horseshoe-002-reveal_75-gibbs_cmi","interaction_row_1104",88.1664855641476,,100,"inadequate_convergence_or_ess",
"horseshoe",2,"reveal_75","gibbs_cmi","horseshoe-002-reveal_75-gibbs_cmi","observed_log_likelihood",194.290037148823,,100,"inadequate_convergence_or_ess",
"realism",2,"reveal_75","gibbs_cmi","realism-002-reveal_75-gibbs_cmi","sigma",0.2,,100,"not_matched_prior",
"realism",2,"reveal_75","gibbs_cmi","realism-002-reveal_75-gibbs_cmi","mean_row_1",1.86369699409329,,100,"not_matched_prior",
"realism",2,"reveal_75","gibbs_cmi","realism-002-reveal_75-gibbs_cmi","mean_row_159",-0.104735160527228,,100,"not_matched_prior",
"realism",2,"reveal_75","gibbs_cmi","realism-002-reveal_75-gibbs_cmi","mean_row_316",1.71898072497714,,100,"not_matched_prior",
"realism",2,"reveal_75","gibbs_cmi","realism-002-reveal_75-gibbs_cmi","mean_row_474",0.867907530627109,,100,"not_matched_prior",
"realism",2,"reveal_75","gibbs_cmi","realism-002-reveal_75-gibbs_cmi","mean_row_631",-0.250508126802646,,100,"not_matched_prior",
"realism",2,"reveal_75","gibbs_cmi","realism-002-reveal_75-gibbs_cmi","mean_row_789",-0.100548786069017,,100,"not_matched_prior",
"realism",2,"reveal_75","gibbs_cmi","realism-002-reveal_75-gibbs_cmi","mean_row_946",-0.384996882246056,,100,"not_matched_prior",
"realism",2,"reveal_75","gibbs_cmi","realism-002-reveal_75-gibbs_cmi","mean_row_1104",-0.524709661333975,,100,"not_matched_prior",
"realism",2,"reveal_75","gibbs_cmi","realism-002-reveal_75-gibbs_cmi","interaction_row_97",-0.00732271929020765,,100,"not_matched_prior",
"realism",2,"reveal_75","gibbs_cmi","realism-002-reveal_75-gibbs_cmi","interaction_row_241",-0.0373784964204008,,100,"not_matched_prior",
"realism",2,"reveal_75","gibbs_cmi","realism-002-reveal_75-gibbs_cmi","interaction_row_385",0.0404755472178663,,100,"not_matched_prior",
"realism",2,"reveal_75","gibbs_cmi","realism-002-reveal_75-gibbs_cmi","interaction_row_529",-0.0188713121821498,,100,"not_matched_prior",
"realism",2,"reveal_75","gibbs_cmi","realism-002-reveal_75-gibbs_cmi","interaction_row_672",0.00969026457275058,,100,"not_matched_prior",
"realism",2,"reveal_75","gibbs_cmi","realism-002-reveal_75-gibbs_cmi","interaction_row_816",0.0271513552285496,,100,"not_matched_prior",
"realism",2,"reveal_75","gibbs_cmi","realism-002-reveal_75-gibbs_cmi","interaction_row_960",-0.0388509990147549,,100,"not_matched_prior",
"realism",2,"reveal_75","gibbs_cmi","realism-002-reveal_75-gibbs_cmi","interaction_row_1104",0.00413248568749138,,100,"not_matched_prior",
"realism",2,"reveal_75","gibbs_cmi","realism-002-reveal_75-gibbs_cmi","observed_log_likelihood",164.230249016745,,100,"not_matched_prior",
"gamma",1,"reveal_25","gibbs_icm","gamma-001-reveal_25-gibbs_icm","sigma",0.1925825832251,,100,"inadequate_convergence_or_ess",
"gamma",1,"reveal_25","gibbs_icm","gamma-001-reveal_25-gibbs_icm","mean_row_1",1.04691473084914,,100,"inadequate_convergence_or_ess",
"gamma",1,"reveal_25","gibbs_icm","gamma-001-reveal_25-gibbs_icm","mean_row_159",1.34645896250066,29,100,"eligible",100.305328434106
"gamma",1,"reveal_25","gibbs_icm","gamma-001-reveal_25-gibbs_icm","mean_row_316",1.37313908806136,,100,"inadequate_convergence_or_ess",
"gamma",1,"reveal_25","gibbs_icm","gamma-001-reveal_25-gibbs_icm","mean_row_474",2.20616278228092,81,100,"eligible",132.342548427505
"gamma",1,"reveal_25","gibbs_icm","gamma-001-reveal_25-gibbs_icm","mean_row_631",0.604868141410952,,100,"inadequate_convergence_or_ess",
"gamma",1,"reveal_25","gibbs_icm","gamma-001-reveal_25-gibbs_icm","mean_row_789",1.06808119745435,77,100,"eligible",95.3092090208076
"gamma",1,"reveal_25","gibbs_icm","gamma-001-reveal_25-gibbs_icm","mean_row_946",1.80629127760578,22,100,"eligible",115.370062748735
"gamma",1,"reveal_25","gibbs_icm","gamma-001-reveal_25-gibbs_icm","mean_row_1104",1.53641321578374,,100,"residual_autocorrelation",81.5083330353797
"gamma",1,"reveal_25","gibbs_icm","gamma-001-reveal_25-gibbs_icm","interaction_row_97",0.0167366068923533,,100,"inadequate_convergence_or_ess",
"gamma",1,"reveal_25","gibbs_icm","gamma-001-reveal_25-gibbs_icm","interaction_row_241",0.560161181616543,,100,"inadequate_convergence_or_ess",
"gamma",1,"reveal_25","gibbs_icm","gamma-001-reveal_25-gibbs_icm","interaction_row_385",-0.00345078329805612,,100,"inadequate_convergence_or_ess",
"gamma",1,"reveal_25","gibbs_icm","gamma-001-reveal_25-gibbs_icm","interaction_row_529",-0.0172607751403771,,100,"inadequate_convergence_or_ess",
"gamma",1,"reveal_25","gibbs_icm","gamma-001-reveal_25-gibbs_icm","interaction_row_672",0.0103434245669878,,100,"inadequate_convergence_or_ess",
"gamma",1,"reveal_25","gibbs_icm","gamma-001-reveal_25-gibbs_icm","interaction_row_816",-0.140288672811045,,100,"inadequate_convergence_or_ess",
"gamma",1,"reveal_25","gibbs_icm","gamma-001-reveal_25-gibbs_icm","interaction_row_960",-0.0171341375227211,56,100,"eligible",95.0837300306906
"gamma",1,"reveal_25","gibbs_icm","gamma-001-reveal_25-gibbs_icm","interaction_row_1104",0.0688769602440289,,100,"inadequate_convergence_or_ess",
"gamma",1,"reveal_25","gibbs_icm","gamma-001-reveal_25-gibbs_icm","observed_log_likelihood",83.0862999028079,,100,"inadequate_convergence_or_ess",
"multiplicative_gamma",1,"reveal_25","gibbs_icm","multiplicative_gamma-001-reveal_25-gibbs_icm","sigma",0.17383452523825,,100,"inadequate_convergence_or_ess",
"multiplicative_gamma",1,"reveal_25","gibbs_icm","multiplicative_gamma-001-reveal_25-gibbs_icm","mean_row_1",0.677729396680948,,100,"inadequate_convergence_or_ess",
"multiplicative_gamma",1,"reveal_25","gibbs_icm","multiplicative_gamma-001-reveal_25-gibbs_icm","mean_row_159",-0.260309118551177,,100,"residual_autocorrelation",85.5820187547209
"multiplicative_gamma",1,"reveal_25","gibbs_icm","multiplicative_gamma-001-reveal_25-gibbs_icm","mean_row_316",0.545864093787275,67,100,"eligible",145.722529086136
"multiplicative_gamma",1,"reveal_25","gibbs_icm","multiplicative_gamma-001-reveal_25-gibbs_icm","mean_row_474",1.42868689563844,90,100,"eligible",104.427415196688
"multiplicative_gamma",1,"reveal_25","gibbs_icm","multiplicative_gamma-001-reveal_25-gibbs_icm","mean_row_631",0.374233918989992,,100,"inadequate_convergence_or_ess",
"multiplicative_gamma",1,"reveal_25","gibbs_icm","multiplicative_gamma-001-reveal_25-gibbs_icm","mean_row_789",0.110288596752388,9,100,"eligible",115.721697856221
"multiplicative_gamma",1,"reveal_25","gibbs_icm","multiplicative_gamma-001-reveal_25-gibbs_icm","mean_row_946",2.12626523672859,79,100,"eligible",118.439852974572
"multiplicative_gamma",1,"reveal_25","gibbs_icm","multiplicative_gamma-001-reveal_25-gibbs_icm","mean_row_1104",1.95909710458649,,100,"inadequate_convergence_or_ess",
"multiplicative_gamma",1,"reveal_25","gibbs_icm","multiplicative_gamma-001-reveal_25-gibbs_icm","interaction_row_97",-0.569127476813453,,100,"inadequate_convergence_or_ess",
"multiplicative_gamma",1,"reveal_25","gibbs_icm","multiplicative_gamma-001-reveal_25-gibbs_icm","interaction_row_241",0.511623201177388,,100,"inadequate_convergence_or_ess",
"multiplicative_gamma",1,"reveal_25","gibbs_icm","multiplicative_gamma-001-reveal_25-gibbs_icm","interaction_row_385",1.29935993027092,,100,"residual_autocorrelation",61.2970020883231
"multiplicative_gamma",1,"reveal_25","gibbs_icm","multiplicative_gamma-001-reveal_25-gibbs_icm","interaction_row_529",0.431002740695594,,100,"inadequate_convergence_or_ess",
"multiplicative_gamma",1,"reveal_25","gibbs_icm","multiplicative_gamma-001-reveal_25-gibbs_icm","interaction_row_672",0.0116594260027712,52,100,"eligible",104.173117031059
"multiplicative_gamma",1,"reveal_25","gibbs_icm","multiplicative_gamma-001-reveal_25-gibbs_icm","interaction_row_816",-0.0312986093501422,,100,"inadequate_convergence_or_ess",
"multiplicative_gamma",1,"reveal_25","gibbs_icm","multiplicative_gamma-001-reveal_25-gibbs_icm","interaction_row_960",0.0346722385133697,,100,"inadequate_convergence_or_ess",
"multiplicative_gamma",1,"reveal_25","gibbs_icm","multiplicative_gamma-001-reveal_25-gibbs_icm","interaction_row_1104",0.0215690816049054,,100,"inadequate_convergence_or_ess",
"multiplicative_gamma",1,"reveal_25","gibbs_icm","multiplicative_gamma-001-reveal_25-gibbs_icm","observed_log_likelihood",118.470760024953,,100,"inadequate_convergence_or_ess",
"horseshoe",1,"reveal_25","gibbs_icm","horseshoe-001-reveal_25-gibbs_icm","sigma",0.190606242619065,,100,"inadequate_convergence_or_ess",
"horseshoe",1,"reveal_25","gibbs_icm","horseshoe-001-reveal_25-gibbs_icm","mean_row_1",11.6790070547579,,100,"inadequate_convergence_or_ess",
"horseshoe",1,"reveal_25","gibbs_icm","horseshoe-001-reveal_25-gibbs_icm","mean_row_159",375.553240599355,,100,"inadequate_convergence_or_ess",
"horseshoe",1,"reveal_25","gibbs_icm","horseshoe-001-reveal_25-gibbs_icm","mean_row_316",-435.47633109324,,100,"inadequate_convergence_or_ess",
"horseshoe",1,"reveal_25","gibbs_icm","horseshoe-001-reveal_25-gibbs_icm","mean_row_474",15.2491148401168,,100,"inadequate_convergence_or_ess",
"horseshoe",1,"reveal_25","gibbs_icm","horseshoe-001-reveal_25-gibbs_icm","mean_row_631",113.422723629128,,100,"inadequate_convergence_or_ess",
"horseshoe",1,"reveal_25","gibbs_icm","horseshoe-001-reveal_25-gibbs_icm","mean_row_789",51.8352729725745,,100,"inadequate_convergence_or_ess",
"horseshoe",1,"reveal_25","gibbs_icm","horseshoe-001-reveal_25-gibbs_icm","mean_row_946",5.64912200407939,,100,"inadequate_convergence_or_ess",
"horseshoe",1,"reveal_25","gibbs_icm","horseshoe-001-reveal_25-gibbs_icm","mean_row_1104",260.43866023267,,100,"inadequate_convergence_or_ess",
"horseshoe",1,"reveal_25","gibbs_icm","horseshoe-001-reveal_25-gibbs_icm","interaction_row_97",-176.575928566082,,100,"inadequate_convergence_or_ess",
"horseshoe",1,"reveal_25","gibbs_icm","horseshoe-001-reveal_25-gibbs_icm","interaction_row_241",43.4726333581712,,100,"inadequate_convergence_or_ess",
"horseshoe",1,"reveal_25","gibbs_icm","horseshoe-001-reveal_25-gibbs_icm","interaction_row_385",29.3184991851646,,100,"inadequate_convergence_or_ess",
"horseshoe",1,"reveal_25","gibbs_icm","horseshoe-001-reveal_25-gibbs_icm","interaction_row_529",-42.1065165501833,,100,"inadequate_convergence_or_ess",
"horseshoe",1,"reveal_25","gibbs_icm","horseshoe-001-reveal_25-gibbs_icm","interaction_row_672",854.448290634839,,100,"inadequate_convergence_or_ess",
"horseshoe",1,"reveal_25","gibbs_icm","horseshoe-001-reveal_25-gibbs_icm","interaction_row_816",718.82819728522,,100,"inadequate_convergence_or_ess",
"horseshoe",1,"reveal_25","gibbs_icm","horseshoe-001-reveal_25-gibbs_icm","interaction_row_960",-107.233444045474,,100,"inadequate_convergence_or_ess",
"horseshoe",1,"reveal_25","gibbs_icm","horseshoe-001-reveal_25-gibbs_icm","interaction_row_1104",13.7960147886859,,100,"inadequate_convergence_or_ess",
"horseshoe",1,"reveal_25","gibbs_icm","horseshoe-001-reveal_25-gibbs_icm","observed_log_likelihood",67.6303746890922,,100,"inadequate_convergence_or_ess",
"realism",1,"reveal_25","gibbs_icm","realism-001-reveal_25-gibbs_icm","sigma",0.2,,100,"not_matched_prior",
"realism",1,"reveal_25","gibbs_icm","realism-001-reveal_25-gibbs_icm","mean_row_1",1.28212671504974,,100,"not_matched_prior",
"realism",1,"reveal_25","gibbs_icm","realism-001-reveal_25-gibbs_icm","mean_row_159",0.290258090807345,,100,"not_matched_prior",
"realism",1,"reveal_25","gibbs_icm","realism-001-reveal_25-gibbs_icm","mean_row_316",0.661746260299268,,100,"not_matched_prior",
"realism",1,"reveal_25","gibbs_icm","realism-001-reveal_25-gibbs_icm","mean_row_474",0.144572578625982,,100,"not_matched_prior",
"realism",1,"reveal_25","gibbs_icm","realism-001-reveal_25-gibbs_icm","mean_row_631",0.67743206184633,,100,"not_matched_prior",
"realism",1,"reveal_25","gibbs_icm","realism-001-reveal_25-gibbs_icm","mean_row_789",-0.878988852371586,,100,"not_matched_prior",
"realism",1,"reveal_25","gibbs_icm","realism-001-reveal_25-gibbs_icm","mean_row_946",1.02308190641508,,100,"not_matched_prior",
"realism",1,"reveal_25","gibbs_icm","realism-001-reveal_25-gibbs_icm","mean_row_1104",-1.1224864041086,,100,"not_matched_prior",
"realism",1,"reveal_25","gibbs_icm","realism-001-reveal_25-gibbs_icm","interaction_row_97",0.0226662804548294,,100,"not_matched_prior",
"realism",1,"reveal_25","gibbs_icm","realism-001-reveal_25-gibbs_icm","interaction_row_241",0.0400158926932519,,100,"not_matched_prior",
"realism",1,"reveal_25","gibbs_icm","realism-001-reveal_25-gibbs_icm","interaction_row_385",0.0515458738434614,,100,"not_matched_prior",
"realism",1,"reveal_25","gibbs_icm","realism-001-reveal_25-gibbs_icm","interaction_row_529",0.037040685735782,,100,"not_matched_prior",
"realism",1,"reveal_25","gibbs_icm","realism-001-reveal_25-gibbs_icm","interaction_row_672",0.0842519987026288,,100,"not_matched_prior",
"realism",1,"reveal_25","gibbs_icm","realism-001-reveal_25-gibbs_icm","interaction_row_816",0.0973934851537901,,100,"not_matched_prior",
"realism",1,"reveal_25","gibbs_icm","realism-001-reveal_25-gibbs_icm","interaction_row_960",0.0594638996300946,,100,"not_matched_prior",
"realism",1,"reveal_25","gibbs_icm","realism-001-reveal_25-gibbs_icm","interaction_row_1104",-0.0174645934784182,,100,"not_matched_prior",
"realism",1,"reveal_25","gibbs_icm","realism-001-reveal_25-gibbs_icm","observed_log_likelihood",66.7983846727024,,100,"not_matched_prior",
"gamma",2,"reveal_25","gibbs_icm","gamma-002-reveal_25-gibbs_icm","sigma",0.194460844292361,,100,"inadequate_convergence_or_ess",
"gamma",2,"reveal_25","gibbs_icm","gamma-002-reveal_25-gibbs_icm","mean_row_1",0.828857224164596,,100,"inadequate_convergence_or_ess",
"gamma",2,"reveal_25","gibbs_icm","gamma-002-reveal_25-gibbs_icm","mean_row_159",0.511840097108777,,100,"residual_autocorrelation",79.1551190730182
"gamma",2,"reveal_25","gibbs_icm","gamma-002-reveal_25-gibbs_icm","mean_row_316",1.63557809373151,50,100,"eligible",123.905191009589
"gamma",2,"reveal_25","gibbs_icm","gamma-002-reveal_25-gibbs_icm","mean_row_474",1.90575461892756,49,100,"eligible",136.470256775968
"gamma",2,"reveal_25","gibbs_icm","gamma-002-reveal_25-gibbs_icm","mean_row_631",1.05088009869301,68,100,"eligible",129.201110340756
"gamma",2,"reveal_25","gibbs_icm","gamma-002-reveal_25-gibbs_icm","mean_row_789",1.09961312347338,13,100,"eligible",117.522014191054
"gamma",2,"reveal_25","gibbs_icm","gamma-002-reveal_25-gibbs_icm","mean_row_946",1.62792429631985,6,100,"eligible",105.281664871619
"gamma",2,"reveal_25","gibbs_icm","gamma-002-reveal_25-gibbs_icm","mean_row_1104",1.0827198198861,,100,"inadequate_convergence_or_ess",
"gamma",2,"reveal_25","gibbs_icm","gamma-002-reveal_25-gibbs_icm","interaction_row_97",-0.140511309937066,,100,"residual_autocorrelation",69.814720978022
"gamma",2,"reveal_25","gibbs_icm","gamma-002-reveal_25-gibbs_icm","interaction_row_241",-0.438109402882649,,100,"inadequate_convergence_or_ess",
"gamma",2,"reveal_25","gibbs_icm","gamma-002-reveal_25-gibbs_icm","interaction_row_385",0.0486397719839204,,100,"inadequate_convergence_or_ess",
"gamma",2,"reveal_25","gibbs_icm","gamma-002-reveal_25-gibbs_icm","interaction_row_529",-0.129411636692953,38,100,"eligible",114.890959129724
"gamma",2,"reveal_25","gibbs_icm","gamma-002-reveal_25-gibbs_icm","interaction_row_672",-0.102648421777194,29,100,"eligible",98.6354159782141
"gamma",2,"reveal_25","gibbs_icm","gamma-002-reveal_25-gibbs_icm","interaction_row_816",-0.0787531855670886,,100,"inadequate_convergence_or_ess",
"gamma",2,"reveal_25","gibbs_icm","gamma-002-reveal_25-gibbs_icm","interaction_row_960",-0.115372504016929,,100,"inadequate_convergence_or_ess",
"gamma",2,"reveal_25","gibbs_icm","gamma-002-reveal_25-gibbs_icm","interaction_row_1104",-0.159381987496369,,100,"inadequate_convergence_or_ess",
"gamma",2,"reveal_25","gibbs_icm","gamma-002-reveal_25-gibbs_icm","observed_log_likelihood",87.8589476026941,,100,"inadequate_convergence_or_ess",
"multiplicative_gamma",2,"reveal_25","gibbs_icm","multiplicative_gamma-002-reveal_25-gibbs_icm","sigma",0.267389692607089,,100,"inadequate_convergence_or_ess",
"multiplicative_gamma",2,"reveal_25","gibbs_icm","multiplicative_gamma-002-reveal_25-gibbs_icm","mean_row_1",1.07646219599083,13,100,"eligible",98.3525371846439
"multiplicative_gamma",2,"reveal_25","gibbs_icm","multiplicative_gamma-002-reveal_25-gibbs_icm","mean_row_159",1.42360299249878,66,100,"eligible",114.608786548367
"multiplicative_gamma",2,"reveal_25","gibbs_icm","multiplicative_gamma-002-reveal_25-gibbs_icm","mean_row_316",5.10789866207596,41,100,"eligible",101.751197864944
"multiplicative_gamma",2,"reveal_25","gibbs_icm","multiplicative_gamma-002-reveal_25-gibbs_icm","mean_row_474",-0.368024426132337,11,100,"eligible",107.441537453572
"multiplicative_gamma",2,"reveal_25","gibbs_icm","multiplicative_gamma-002-reveal_25-gibbs_icm","mean_row_631",1.55864626829902,,100,"inadequate_convergence_or_ess",
"multiplicative_gamma",2,"reveal_25","gibbs_icm","multiplicative_gamma-002-reveal_25-gibbs_icm","mean_row_789",2.71577244922431,92,100,"eligible",94.6008853912155
"multiplicative_gamma",2,"reveal_25","gibbs_icm","multiplicative_gamma-002-reveal_25-gibbs_icm","mean_row_946",0.794738503110348,,100,"inadequate_convergence_or_ess",
"multiplicative_gamma",2,"reveal_25","gibbs_icm","multiplicative_gamma-002-reveal_25-gibbs_icm","mean_row_1104",3.65884178743107,,100,"inadequate_convergence_or_ess",
"multiplicative_gamma",2,"reveal_25","gibbs_icm","multiplicative_gamma-002-reveal_25-gibbs_icm","interaction_row_97",0.251257464125779,,100,"residual_autocorrelation",72.4427648441471
"multiplicative_gamma",2,"reveal_25","gibbs_icm","multiplicative_gamma-002-reveal_25-gibbs_icm","interaction_row_241",0.209060399258723,96,100,"eligible",109.800859091435
"multiplicative_gamma",2,"reveal_25","gibbs_icm","multiplicative_gamma-002-reveal_25-gibbs_icm","interaction_row_385",0.129301964158482,93,100,"eligible",130.331633542633
"multiplicative_gamma",2,"reveal_25","gibbs_icm","multiplicative_gamma-002-reveal_25-gibbs_icm","interaction_row_529",-0.182521225281953,1,100,"eligible",102.988511151564
"multiplicative_gamma",2,"reveal_25","gibbs_icm","multiplicative_gamma-002-reveal_25-gibbs_icm","interaction_row_672",-0.0559537313884641,34,100,"eligible",125.466834363937
"multiplicative_gamma",2,"reveal_25","gibbs_icm","multiplicative_gamma-002-reveal_25-gibbs_icm","interaction_row_816",-0.062488608375925,19,100,"eligible",146.802357263035
"multiplicative_gamma",2,"reveal_25","gibbs_icm","multiplicative_gamma-002-reveal_25-gibbs_icm","interaction_row_960",-0.0102764684079378,41,100,"eligible",109.863445965982
"multiplicative_gamma",2,"reveal_25","gibbs_icm","multiplicative_gamma-002-reveal_25-gibbs_icm","interaction_row_1104",0.0144397670917016,,100,"inadequate_convergence_or_ess",
"multiplicative_gamma",2,"reveal_25","gibbs_icm","multiplicative_gamma-002-reveal_25-gibbs_icm","observed_log_likelihood",-21.603710370459,,100,"inadequate_convergence_or_ess",
"horseshoe",2,"reveal_25","gibbs_icm","horseshoe-002-reveal_25-gibbs_icm","sigma",0.189927777059026,,100,"inadequate_convergence_or_ess",
"horseshoe",2,"reveal_25","gibbs_icm","horseshoe-002-reveal_25-gibbs_icm","mean_row_1",1.63332808984905,,100,"inadequate_convergence_or_ess",
"horseshoe",2,"reveal_25","gibbs_icm","horseshoe-002-reveal_25-gibbs_icm","mean_row_159",395.820382603713,,100,"inadequate_convergence_or_ess",
"horseshoe",2,"reveal_25","gibbs_icm","horseshoe-002-reveal_25-gibbs_icm","mean_row_316",1237.16832171111,,100,"inadequate_convergence_or_ess",
"horseshoe",2,"reveal_25","gibbs_icm","horseshoe-002-reveal_25-gibbs_icm","mean_row_474",526.955289861148,,100,"inadequate_convergence_or_ess",
"horseshoe",2,"reveal_25","gibbs_icm","horseshoe-002-reveal_25-gibbs_icm","mean_row_631",14.2908021755202,,100,"inadequate_convergence_or_ess",
"horseshoe",2,"reveal_25","gibbs_icm","horseshoe-002-reveal_25-gibbs_icm","mean_row_789",-377.680061858569,,100,"inadequate_convergence_or_ess",
"horseshoe",2,"reveal_25","gibbs_icm","horseshoe-002-reveal_25-gibbs_icm","mean_row_946",2660.32855269594,,100,"inadequate_convergence_or_ess",
"horseshoe",2,"reveal_25","gibbs_icm","horseshoe-002-reveal_25-gibbs_icm","mean_row_1104",108.380271997557,,100,"inadequate_convergence_or_ess",
"horseshoe",2,"reveal_25","gibbs_icm","horseshoe-002-reveal_25-gibbs_icm","interaction_row_97",731.724675167269,,100,"inadequate_convergence_or_ess",
"horseshoe",2,"reveal_25","gibbs_icm","horseshoe-002-reveal_25-gibbs_icm","interaction_row_241",122.186307480769,,100,"inadequate_convergence_or_ess",
"horseshoe",2,"reveal_25","gibbs_icm","horseshoe-002-reveal_25-gibbs_icm","interaction_row_385",782.385191774304,,100,"inadequate_convergence_or_ess",
"horseshoe",2,"reveal_25","gibbs_icm","horseshoe-002-reveal_25-gibbs_icm","interaction_row_529",-81.1754510248101,,100,"inadequate_convergence_or_ess",
"horseshoe",2,"reveal_25","gibbs_icm","horseshoe-002-reveal_25-gibbs_icm","interaction_row_672",-50.3070367281848,,100,"inadequate_convergence_or_ess",
"horseshoe",2,"reveal_25","gibbs_icm","horseshoe-002-reveal_25-gibbs_icm","interaction_row_816",-30.2151546799699,,100,"inadequate_convergence_or_ess",
"horseshoe",2,"reveal_25","gibbs_icm","horseshoe-002-reveal_25-gibbs_icm","interaction_row_960",-49.146170288929,,100,"inadequate_convergence_or_ess",
"horseshoe",2,"reveal_25","gibbs_icm","horseshoe-002-reveal_25-gibbs_icm","interaction_row_1104",88.1664855641476,,100,"inadequate_convergence_or_ess",
"horseshoe",2,"reveal_25","gibbs_icm","horseshoe-002-reveal_25-gibbs_icm","observed_log_likelihood",86.6823267975792,,100,"inadequate_convergence_or_ess",
"realism",2,"reveal_25","gibbs_icm","realism-002-reveal_25-gibbs_icm","sigma",0.2,,100,"not_matched_prior",
"realism",2,"reveal_25","gibbs_icm","realism-002-reveal_25-gibbs_icm","mean_row_1",1.86369699409329,,100,"not_matched_prior",
"realism",2,"reveal_25","gibbs_icm","realism-002-reveal_25-gibbs_icm","mean_row_159",-0.104735160527228,,100,"not_matched_prior",
"realism",2,"reveal_25","gibbs_icm","realism-002-reveal_25-gibbs_icm","mean_row_316",1.71898072497714,,100,"not_matched_prior",
"realism",2,"reveal_25","gibbs_icm","realism-002-reveal_25-gibbs_icm","mean_row_474",0.867907530627109,,100,"not_matched_prior",
"realism",2,"reveal_25","gibbs_icm","realism-002-reveal_25-gibbs_icm","mean_row_631",-0.250508126802646,,100,"not_matched_prior",
"realism",2,"reveal_25","gibbs_icm","realism-002-reveal_25-gibbs_icm","mean_row_789",-0.100548786069017,,100,"not_matched_prior",
"realism",2,"reveal_25","gibbs_icm","realism-002-reveal_25-gibbs_icm","mean_row_946",-0.384996882246056,,100,"not_matched_prior",
"realism",2,"reveal_25","gibbs_icm","realism-002-reveal_25-gibbs_icm","mean_row_1104",-0.524709661333975,,100,"not_matched_prior",
"realism",2,"reveal_25","gibbs_icm","realism-002-reveal_25-gibbs_icm","interaction_row_97",-0.00732271929020765,,100,"not_matched_prior",
"realism",2,"reveal_25","gibbs_icm","realism-002-reveal_25-gibbs_icm","interaction_row_241",-0.0373784964204008,,100,"not_matched_prior",
"realism",2,"reveal_25","gibbs_icm","realism-002-reveal_25-gibbs_icm","interaction_row_385",0.0404755472178663,,100,"not_matched_prior",
"realism",2,"reveal_25","gibbs_icm","realism-002-reveal_25-gibbs_icm","interaction_row_529",-0.0188713121821498,,100,"not_matched_prior",
"realism",2,"reveal_25","gibbs_icm","realism-002-reveal_25-gibbs_icm","interaction_row_672",0.00969026457275058,,100,"not_matched_prior",
"realism",2,"reveal_25","gibbs_icm","realism-002-reveal_25-gibbs_icm","interaction_row_816",0.0271513552285496,,100,"not_matched_prior",
"realism",2,"reveal_25","gibbs_icm","realism-002-reveal_25-gibbs_icm","interaction_row_960",-0.0388509990147549,,100,"not_matched_prior",
"realism",2,"reveal_25","gibbs_icm","realism-002-reveal_25-gibbs_icm","interaction_row_1104",0.00413248568749138,,100,"not_matched_prior",
"realism",2,"reveal_25","gibbs_icm","realism-002-reveal_25-gibbs_icm","observed_log_likelihood",66.6254433225788,,100,"not_matched_prior",
"gamma",1,"reveal_75","gibbs_icm","gamma-001-reveal_75-gibbs_icm","sigma",0.1925825832251,,100,"inadequate_convergence_or_ess",
"gamma",1,"reveal_75","gibbs_icm","gamma-001-reveal_75-gibbs_icm","mean_row_1",1.04691473084914,,100,"inadequate_convergence_or_ess",
"gamma",1,"reveal_75","gibbs_icm","gamma-001-reveal_75-gibbs_icm","mean_row_159",1.34645896250066,48,100,"eligible",107.652692970241
"gamma",1,"reveal_75","gibbs_icm","gamma-001-reveal_75-gibbs_icm","mean_row_316",1.37313908806136,,100,"residual_autocorrelation",65.7788982769688
"gamma",1,"reveal_75","gibbs_icm","gamma-001-reveal_75-gibbs_icm","mean_row_474",2.20616278228092,,100,"residual_autocorrelation",87.3431919103619
"gamma",1,"reveal_75","gibbs_icm","gamma-001-reveal_75-gibbs_icm","mean_row_631",0.604868141410952,,100,"inadequate_convergence_or_ess",
"gamma",1,"reveal_75","gibbs_icm","gamma-001-reveal_75-gibbs_icm","mean_row_789",1.06808119745435,75,100,"eligible",123.339324201482
"gamma",1,"reveal_75","gibbs_icm","gamma-001-reveal_75-gibbs_icm","mean_row_946",1.80629127760578,,100,"residual_autocorrelation",88.0212841150209
"gamma",1,"reveal_75","gibbs_icm","gamma-001-reveal_75-gibbs_icm","mean_row_1104",1.53641321578374,92,100,"eligible",157.863218635075
"gamma",1,"reveal_75","gibbs_icm","gamma-001-reveal_75-gibbs_icm","interaction_row_97",0.0167366068923533,72,100,"eligible",128.391967234824
"gamma",1,"reveal_75","gibbs_icm","gamma-001-reveal_75-gibbs_icm","interaction_row_241",0.560161181616543,84,100,"eligible",94.7106900104658
"gamma",1,"reveal_75","gibbs_icm","gamma-001-reveal_75-gibbs_icm","interaction_row_385",-0.00345078329805612,37,100,"eligible",98.110912687016
"gamma",1,"reveal_75","gibbs_icm","gamma-001-reveal_75-gibbs_icm","interaction_row_529",-0.0172607751403771,17,100,"eligible",123.903078347954
"gamma",1,"reveal_75","gibbs_icm","gamma-001-reveal_75-gibbs_icm","interaction_row_672",0.0103434245669878,36,100,"eligible",96.4632474436208
"gamma",1,"reveal_75","gibbs_icm","gamma-001-reveal_75-gibbs_icm","interaction_row_816",-0.140288672811045,,100,"inadequate_convergence_or_ess",
"gamma",1,"reveal_75","gibbs_icm","gamma-001-reveal_75-gibbs_icm","interaction_row_960",-0.0171341375227211,,100,"inadequate_convergence_or_ess",
"gamma",1,"reveal_75","gibbs_icm","gamma-001-reveal_75-gibbs_icm","interaction_row_1104",0.0688769602440289,,100,"inadequate_convergence_or_ess",
"gamma",1,"reveal_75","gibbs_icm","gamma-001-reveal_75-gibbs_icm","observed_log_likelihood",186.957663807886,,100,"inadequate_convergence_or_ess",
"multiplicative_gamma",1,"reveal_75","gibbs_icm","multiplicative_gamma-001-reveal_75-gibbs_icm","sigma",0.17383452523825,,100,"inadequate_convergence_or_ess",
"multiplicative_gamma",1,"reveal_75","gibbs_icm","multiplicative_gamma-001-reveal_75-gibbs_icm","mean_row_1",0.677729396680948,,100,"inadequate_convergence_or_ess",
"multiplicative_gamma",1,"reveal_75","gibbs_icm","multiplicative_gamma-001-reveal_75-gibbs_icm","mean_row_159",-0.260309118551177,31,100,"eligible",116.375353741073
"multiplicative_gamma",1,"reveal_75","gibbs_icm","multiplicative_gamma-001-reveal_75-gibbs_icm","mean_row_316",0.545864093787275,89,100,"eligible",101.624510808967
"multiplicative_gamma",1,"reveal_75","gibbs_icm","multiplicative_gamma-001-reveal_75-gibbs_icm","mean_row_474",1.42868689563844,93,100,"eligible",95.5945746346922
"multiplicative_gamma",1,"reveal_75","gibbs_icm","multiplicative_gamma-001-reveal_75-gibbs_icm","mean_row_631",0.374233918989992,,100,"inadequate_convergence_or_ess",
"multiplicative_gamma",1,"reveal_75","gibbs_icm","multiplicative_gamma-001-reveal_75-gibbs_icm","mean_row_789",0.110288596752388,3,100,"eligible",130.313385912085
"multiplicative_gamma",1,"reveal_75","gibbs_icm","multiplicative_gamma-001-reveal_75-gibbs_icm","mean_row_946",2.12626523672859,,100,"inadequate_convergence_or_ess",
"multiplicative_gamma",1,"reveal_75","gibbs_icm","multiplicative_gamma-001-reveal_75-gibbs_icm","mean_row_1104",1.95909710458649,11,100,"eligible",90.7959831651973
"multiplicative_gamma",1,"reveal_75","gibbs_icm","multiplicative_gamma-001-reveal_75-gibbs_icm","interaction_row_97",-0.569127476813453,,100,"inadequate_convergence_or_ess",
"multiplicative_gamma",1,"reveal_75","gibbs_icm","multiplicative_gamma-001-reveal_75-gibbs_icm","interaction_row_241",0.511623201177388,,100,"residual_autocorrelation",56.2635718138342
"multiplicative_gamma",1,"reveal_75","gibbs_icm","multiplicative_gamma-001-reveal_75-gibbs_icm","interaction_row_385",1.29935993027092,,100,"inadequate_convergence_or_ess",
"multiplicative_gamma",1,"reveal_75","gibbs_icm","multiplicative_gamma-001-reveal_75-gibbs_icm","interaction_row_529",0.431002740695594,,100,"residual_autocorrelation",75.4463348967034
"multiplicative_gamma",1,"reveal_75","gibbs_icm","multiplicative_gamma-001-reveal_75-gibbs_icm","interaction_row_672",0.0116594260027712,,100,"inadequate_convergence_or_ess",
"multiplicative_gamma",1,"reveal_75","gibbs_icm","multiplicative_gamma-001-reveal_75-gibbs_icm","interaction_row_816",-0.0312986093501422,,100,"inadequate_convergence_or_ess",
"multiplicative_gamma",1,"reveal_75","gibbs_icm","multiplicative_gamma-001-reveal_75-gibbs_icm","interaction_row_960",0.0346722385133697,,100,"inadequate_convergence_or_ess",
"multiplicative_gamma",1,"reveal_75","gibbs_icm","multiplicative_gamma-001-reveal_75-gibbs_icm","interaction_row_1104",0.0215690816049054,,100,"inadequate_convergence_or_ess",
"multiplicative_gamma",1,"reveal_75","gibbs_icm","multiplicative_gamma-001-reveal_75-gibbs_icm","observed_log_likelihood",257.008008958719,,100,"inadequate_convergence_or_ess",
"horseshoe",1,"reveal_75","gibbs_icm","horseshoe-001-reveal_75-gibbs_icm","sigma",0.190606242619065,,100,"inadequate_convergence_or_ess",
"horseshoe",1,"reveal_75","gibbs_icm","horseshoe-001-reveal_75-gibbs_icm","mean_row_1",11.6790070547579,,100,"inadequate_convergence_or_ess",
"horseshoe",1,"reveal_75","gibbs_icm","horseshoe-001-reveal_75-gibbs_icm","mean_row_159",375.553240599355,,100,"inadequate_convergence_or_ess",
"horseshoe",1,"reveal_75","gibbs_icm","horseshoe-001-reveal_75-gibbs_icm","mean_row_316",-435.47633109324,,100,"inadequate_convergence_or_ess",
"horseshoe",1,"reveal_75","gibbs_icm","horseshoe-001-reveal_75-gibbs_icm","mean_row_474",15.2491148401168,,100,"inadequate_convergence_or_ess",
"horseshoe",1,"reveal_75","gibbs_icm","horseshoe-001-reveal_75-gibbs_icm","mean_row_631",113.422723629128,,100,"inadequate_convergence_or_ess",
"horseshoe",1,"reveal_75","gibbs_icm","horseshoe-001-reveal_75-gibbs_icm","mean_row_789",51.8352729725745,,100,"inadequate_convergence_or_ess",
"horseshoe",1,"reveal_75","gibbs_icm","horseshoe-001-reveal_75-gibbs_icm","mean_row_946",5.64912200407939,,100,"inadequate_convergence_or_ess",
"horseshoe",1,"reveal_75","gibbs_icm","horseshoe-001-reveal_75-gibbs_icm","mean_row_1104",260.43866023267,,100,"inadequate_convergence_or_ess",
"horseshoe",1,"reveal_75","gibbs_icm","horseshoe-001-reveal_75-gibbs_icm","interaction_row_97",-176.575928566082,,100,"inadequate_convergence_or_ess",
"horseshoe",1,"reveal_75","gibbs_icm","horseshoe-001-reveal_75-gibbs_icm","interaction_row_241",43.4726333581712,,100,"inadequate_convergence_or_ess",
"horseshoe",1,"reveal_75","gibbs_icm","horseshoe-001-reveal_75-gibbs_icm","interaction_row_385",29.3184991851646,,100,"inadequate_convergence_or_ess",
"horseshoe",1,"reveal_75","gibbs_icm","horseshoe-001-reveal_75-gibbs_icm","interaction_row_529",-42.1065165501833,,100,"inadequate_convergence_or_ess",
"horseshoe",1,"reveal_75","gibbs_icm","horseshoe-001-reveal_75-gibbs_icm","interaction_row_672",854.448290634839,,100,"inadequate_convergence_or_ess",
"horseshoe",1,"reveal_75","gibbs_icm","horseshoe-001-reveal_75-gibbs_icm","interaction_row_816",718.82819728522,,100,"inadequate_convergence_or_ess",
"horseshoe",1,"reveal_75","gibbs_icm","horseshoe-001-reveal_75-gibbs_icm","interaction_row_960",-107.233444045474,,100,"inadequate_convergence_or_ess",
"horseshoe",1,"reveal_75","gibbs_icm","horseshoe-001-reveal_75-gibbs_icm","interaction_row_1104",13.7960147886859,,100,"inadequate_convergence_or_ess",
"horseshoe",1,"reveal_75","gibbs_icm","horseshoe-001-reveal_75-gibbs_icm","observed_log_likelihood",192.095074554516,,100,"inadequate_convergence_or_ess",
"realism",1,"reveal_75","gibbs_icm","realism-001-reveal_75-gibbs_icm","sigma",0.2,,100,"not_matched_prior",
"realism",1,"reveal_75","gibbs_icm","realism-001-reveal_75-gibbs_icm","mean_row_1",1.28212671504974,,100,"not_matched_prior",
"realism",1,"reveal_75","gibbs_icm","realism-001-reveal_75-gibbs_icm","mean_row_159",0.290258090807345,,100,"not_matched_prior",
"realism",1,"reveal_75","gibbs_icm","realism-001-reveal_75-gibbs_icm","mean_row_316",0.661746260299268,,100,"not_matched_prior",
"realism",1,"reveal_75","gibbs_icm","realism-001-reveal_75-gibbs_icm","mean_row_474",0.144572578625982,,100,"not_matched_prior",
"realism",1,"reveal_75","gibbs_icm","realism-001-reveal_75-gibbs_icm","mean_row_631",0.67743206184633,,100,"not_matched_prior",
"realism",1,"reveal_75","gibbs_icm","realism-001-reveal_75-gibbs_icm","mean_row_789",-0.878988852371586,,100,"not_matched_prior",
"realism",1,"reveal_75","gibbs_icm","realism-001-reveal_75-gibbs_icm","mean_row_946",1.02308190641508,,100,"not_matched_prior",
"realism",1,"reveal_75","gibbs_icm","realism-001-reveal_75-gibbs_icm","mean_row_1104",-1.1224864041086,,100,"not_matched_prior",
"realism",1,"reveal_75","gibbs_icm","realism-001-reveal_75-gibbs_icm","interaction_row_97",0.0226662804548294,,100,"not_matched_prior",
"realism",1,"reveal_75","gibbs_icm","realism-001-reveal_75-gibbs_icm","interaction_row_241",0.0400158926932519,,100,"not_matched_prior",
"realism",1,"reveal_75","gibbs_icm","realism-001-reveal_75-gibbs_icm","interaction_row_385",0.0515458738434614,,100,"not_matched_prior",
"realism",1,"reveal_75","gibbs_icm","realism-001-reveal_75-gibbs_icm","interaction_row_529",0.037040685735782,,100,"not_matched_prior",
"realism",1,"reveal_75","gibbs_icm","realism-001-reveal_75-gibbs_icm","interaction_row_672",0.0842519987026288,,100,"not_matched_prior",
"realism",1,"reveal_75","gibbs_icm","realism-001-reveal_75-gibbs_icm","interaction_row_816",0.0973934851537901,,100,"not_matched_prior",
"realism",1,"reveal_75","gibbs_icm","realism-001-reveal_75-gibbs_icm","interaction_row_960",0.0594638996300946,,100,"not_matched_prior",
"realism",1,"reveal_75","gibbs_icm","realism-001-reveal_75-gibbs_icm","interaction_row_1104",-0.0174645934784182,,100,"not_matched_prior",
"realism",1,"reveal_75","gibbs_icm","realism-001-reveal_75-gibbs_icm","observed_log_likelihood",173.480454223922,,100,"not_matched_prior",
"gamma",2,"reveal_75","gibbs_icm","gamma-002-reveal_75-gibbs_icm","sigma",0.194460844292361,,100,"inadequate_convergence_or_ess",
"gamma",2,"reveal_75","gibbs_icm","gamma-002-reveal_75-gibbs_icm","mean_row_1",0.828857224164596,,100,"inadequate_convergence_or_ess",
"gamma",2,"reveal_75","gibbs_icm","gamma-002-reveal_75-gibbs_icm","mean_row_159",0.511840097108777,60,100,"eligible",122.336664597938
"gamma",2,"reveal_75","gibbs_icm","gamma-002-reveal_75-gibbs_icm","mean_row_316",1.63557809373151,35,100,"eligible",90.8406425652439
"gamma",2,"reveal_75","gibbs_icm","gamma-002-reveal_75-gibbs_icm","mean_row_474",1.90575461892756,,100,"residual_autocorrelation",81.6882816993172
"gamma",2,"reveal_75","gibbs_icm","gamma-002-reveal_75-gibbs_icm","mean_row_631",1.05088009869301,86,100,"eligible",129.156531836223
"gamma",2,"reveal_75","gibbs_icm","gamma-002-reveal_75-gibbs_icm","mean_row_789",1.09961312347338,,100,"residual_autocorrelation",85.3053333343912
"gamma",2,"reveal_75","gibbs_icm","gamma-002-reveal_75-gibbs_icm","mean_row_946",1.62792429631985,,100,"residual_autocorrelation",56.2110946477787
"gamma",2,"reveal_75","gibbs_icm","gamma-002-reveal_75-gibbs_icm","mean_row_1104",1.0827198198861,,100,"inadequate_convergence_or_ess",
"gamma",2,"reveal_75","gibbs_icm","gamma-002-reveal_75-gibbs_icm","interaction_row_97",-0.140511309937066,,100,"inadequate_convergence_or_ess",
"gamma",2,"reveal_75","gibbs_icm","gamma-002-reveal_75-gibbs_icm","interaction_row_241",-0.438109402882649,,100,"inadequate_convergence_or_ess",
"gamma",2,"reveal_75","gibbs_icm","gamma-002-reveal_75-gibbs_icm","interaction_row_385",0.0486397719839204,,100,"inadequate_convergence_or_ess",
"gamma",2,"reveal_75","gibbs_icm","gamma-002-reveal_75-gibbs_icm","interaction_row_529",-0.129411636692953,,100,"inadequate_convergence_or_ess",
"gamma",2,"reveal_75","gibbs_icm","gamma-002-reveal_75-gibbs_icm","interaction_row_672",-0.102648421777194,,100,"inadequate_convergence_or_ess",
"gamma",2,"reveal_75","gibbs_icm","gamma-002-reveal_75-gibbs_icm","interaction_row_816",-0.0787531855670886,,100,"inadequate_convergence_or_ess",
"gamma",2,"reveal_75","gibbs_icm","gamma-002-reveal_75-gibbs_icm","interaction_row_960",-0.115372504016929,,100,"inadequate_convergence_or_ess",
"gamma",2,"reveal_75","gibbs_icm","gamma-002-reveal_75-gibbs_icm","interaction_row_1104",-0.159381987496369,,100,"inadequate_convergence_or_ess",
"gamma",2,"reveal_75","gibbs_icm","gamma-002-reveal_75-gibbs_icm","observed_log_likelihood",194.935140819341,,100,"inadequate_convergence_or_ess",
"multiplicative_gamma",2,"reveal_75","gibbs_icm","multiplicative_gamma-002-reveal_75-gibbs_icm","sigma",0.267389692607089,,100,"inadequate_convergence_or_ess",
"multiplicative_gamma",2,"reveal_75","gibbs_icm","multiplicative_gamma-002-reveal_75-gibbs_icm","mean_row_1",1.07646219599083,53,100,"eligible",104.367749283328
"multiplicative_gamma",2,"reveal_75","gibbs_icm","multiplicative_gamma-002-reveal_75-gibbs_icm","mean_row_159",1.42360299249878,,100,"inadequate_convergence_or_ess",
"multiplicative_gamma",2,"reveal_75","gibbs_icm","multiplicative_gamma-002-reveal_75-gibbs_icm","mean_row_316",5.10789866207596,,100,"inadequate_convergence_or_ess",
"multiplicative_gamma",2,"reveal_75","gibbs_icm","multiplicative_gamma-002-reveal_75-gibbs_icm","mean_row_474",-0.368024426132337,,100,"inadequate_convergence_or_ess",
"multiplicative_gamma",2,"reveal_75","gibbs_icm","multiplicative_gamma-002-reveal_75-gibbs_icm","mean_row_631",1.55864626829902,,100,"inadequate_convergence_or_ess",
"multiplicative_gamma",2,"reveal_75","gibbs_icm","multiplicative_gamma-002-reveal_75-gibbs_icm","mean_row_789",2.71577244922431,96,100,"eligible",90.6891795478551
"multiplicative_gamma",2,"reveal_75","gibbs_icm","multiplicative_gamma-002-reveal_75-gibbs_icm","mean_row_946",0.794738503110348,,100,"inadequate_convergence_or_ess",
"multiplicative_gamma",2,"reveal_75","gibbs_icm","multiplicative_gamma-002-reveal_75-gibbs_icm","mean_row_1104",3.65884178743107,98,100,"eligible",123.979608616397
"multiplicative_gamma",2,"reveal_75","gibbs_icm","multiplicative_gamma-002-reveal_75-gibbs_icm","interaction_row_97",0.251257464125779,,100,"inadequate_convergence_or_ess",
"multiplicative_gamma",2,"reveal_75","gibbs_icm","multiplicative_gamma-002-reveal_75-gibbs_icm","interaction_row_241",0.209060399258723,81,100,"eligible",97.9108213079734
"multiplicative_gamma",2,"reveal_75","gibbs_icm","multiplicative_gamma-002-reveal_75-gibbs_icm","interaction_row_385",0.129301964158482,,100,"inadequate_convergence_or_ess",
"multiplicative_gamma",2,"reveal_75","gibbs_icm","multiplicative_gamma-002-reveal_75-gibbs_icm","interaction_row_529",-0.182521225281953,,100,"inadequate_convergence_or_ess",
"multiplicative_gamma",2,"reveal_75","gibbs_icm","multiplicative_gamma-002-reveal_75-gibbs_icm","interaction_row_672",-0.0559537313884641,,100,"inadequate_convergence_or_ess",
"multiplicative_gamma",2,"reveal_75","gibbs_icm","multiplicative_gamma-002-reveal_75-gibbs_icm","interaction_row_816",-0.062488608375925,,100,"inadequate_convergence_or_ess",
"multiplicative_gamma",2,"reveal_75","gibbs_icm","multiplicative_gamma-002-reveal_75-gibbs_icm","interaction_row_960",-0.0102764684079378,29,100,"eligible",120.654775484883
"multiplicative_gamma",2,"reveal_75","gibbs_icm","multiplicative_gamma-002-reveal_75-gibbs_icm","interaction_row_1104",0.0144397670917016,78,100,"eligible",145.64239820468
"multiplicative_gamma",2,"reveal_75","gibbs_icm","multiplicative_gamma-002-reveal_75-gibbs_icm","observed_log_likelihood",-79.3783116540159,,100,"inadequate_convergence_or_ess",
"horseshoe",2,"reveal_75","gibbs_icm","horseshoe-002-reveal_75-gibbs_icm","sigma",0.189927777059026,,100,"inadequate_convergence_or_ess",
"horseshoe",2,"reveal_75","gibbs_icm","horseshoe-002-reveal_75-gibbs_icm","mean_row_1",1.63332808984905,,100,"inadequate_convergence_or_ess",
"horseshoe",2,"reveal_75","gibbs_icm","horseshoe-002-reveal_75-gibbs_icm","mean_row_159",395.820382603713,,100,"inadequate_convergence_or_ess",
"horseshoe",2,"reveal_75","gibbs_icm","horseshoe-002-reveal_75-gibbs_icm","mean_row_316",1237.16832171111,,100,"inadequate_convergence_or_ess",
"horseshoe",2,"reveal_75","gibbs_icm","horseshoe-002-reveal_75-gibbs_icm","mean_row_474",526.955289861148,,100,"inadequate_convergence_or_ess",
"horseshoe",2,"reveal_75","gibbs_icm","horseshoe-002-reveal_75-gibbs_icm","mean_row_631",14.2908021755202,,100,"inadequate_convergence_or_ess",
"horseshoe",2,"reveal_75","gibbs_icm","horseshoe-002-reveal_75-gibbs_icm","mean_row_789",-377.680061858569,,100,"inadequate_convergence_or_ess",
"horseshoe",2,"reveal_75","gibbs_icm","horseshoe-002-reveal_75-gibbs_icm","mean_row_946",2660.32855269594,,100,"inadequate_convergence_or_ess",
"horseshoe",2,"reveal_75","gibbs_icm","horseshoe-002-reveal_75-gibbs_icm","mean_row_1104",108.380271997557,,100,"inadequate_convergence_or_ess",
"horseshoe",2,"reveal_75","gibbs_icm","horseshoe-002-reveal_75-gibbs_icm","interaction_row_97",731.724675167269,,100,"inadequate_convergence_or_ess",
"horseshoe",2,"reveal_75","gibbs_icm","horseshoe-002-reveal_75-gibbs_icm","interaction_row_241",122.186307480769,,100,"inadequate_convergence_or_ess",
"horseshoe",2,"reveal_75","gibbs_icm","horseshoe-002-reveal_75-gibbs_icm","interaction_row_385",782.385191774304,,100,"inadequate_convergence_or_ess",
"horseshoe",2,"reveal_75","gibbs_icm","horseshoe-002-reveal_75-gibbs_icm","interaction_row_529",-81.1754510248101,,100,"inadequate_convergence_or_ess",
"horseshoe",2,"reveal_75","gibbs_icm","horseshoe-002-reveal_75-gibbs_icm","interaction_row_672",-50.3070367281848,,100,"inadequate_convergence_or_ess",
"horseshoe",2,"reveal_75","gibbs_icm","horseshoe-002-reveal_75-gibbs_icm","interaction_row_816",-30.2151546799699,,100,"inadequate_convergence_or_ess",
"horseshoe",2,"reveal_75","gibbs_icm","horseshoe-002-reveal_75-gibbs_icm","interaction_row_960",-49.146170288929,,100,"inadequate_convergence_or_ess",
"horseshoe",2,"reveal_75","gibbs_icm","horseshoe-002-reveal_75-gibbs_icm","interaction_row_1104",88.1664855641476,,100,"inadequate_convergence_or_ess",
"horseshoe",2,"reveal_75","gibbs_icm","horseshoe-002-reveal_75-gibbs_icm","observed_log_likelihood",194.290037148823,,100,"inadequate_convergence_or_ess",
"realism",2,"reveal_75","gibbs_icm","realism-002-reveal_75-gibbs_icm","sigma",0.2,,100,"not_matched_prior",
"realism",2,"reveal_75","gibbs_icm","realism-002-reveal_75-gibbs_icm","mean_row_1",1.86369699409329,,100,"not_matched_prior",
"realism",2,"reveal_75","gibbs_icm","realism-002-reveal_75-gibbs_icm","mean_row_159",-0.104735160527228,,100,"not_matched_prior",
"realism",2,"reveal_75","gibbs_icm","realism-002-reveal_75-gibbs_icm","mean_row_316",1.71898072497714,,100,"not_matched_prior",
"realism",2,"reveal_75","gibbs_icm","realism-002-reveal_75-gibbs_icm","mean_row_474",0.867907530627109,,100,"not_matched_prior",
"realism",2,"reveal_75","gibbs_icm","realism-002-reveal_75-gibbs_icm","mean_row_631",-0.250508126802646,,100,"not_matched_prior",
"realism",2,"reveal_75","gibbs_icm","realism-002-reveal_75-gibbs_icm","mean_row_789",-0.100548786069017,,100,"not_matched_prior",
"realism",2,"reveal_75","gibbs_icm","realism-002-reveal_75-gibbs_icm","mean_row_946",-0.384996882246056,,100,"not_matched_prior",
"realism",2,"reveal_75","gibbs_icm","realism-002-reveal_75-gibbs_icm","mean_row_1104",-0.524709661333975,,100,"not_matched_prior",
"realism",2,"reveal_75","gibbs_icm","realism-002-reveal_75-gibbs_icm","interaction_row_97",-0.00732271929020765,,100,"not_matched_prior",
"realism",2,"reveal_75","gibbs_icm","realism-002-reveal_75-gibbs_icm","interaction_row_241",-0.0373784964204008,,100,"not_matched_prior",
"realism",2,"reveal_75","gibbs_icm","realism-002-reveal_75-gibbs_icm","interaction_row_385",0.0404755472178663,,100,"not_matched_prior",
"realism",2,"reveal_75","gibbs_icm","realism-002-reveal_75-gibbs_icm","interaction_row_529",-0.0188713121821498,,100,"not_matched_prior",
"realism",2,"reveal_75","gibbs_icm","realism-002-reveal_75-gibbs_icm","interaction_row_672",0.00969026457275058,,100,"not_matched_prior",
"realism",2,"reveal_75","gibbs_icm","realism-002-reveal_75-gibbs_icm","interaction_row_816",0.0271513552285496,,100,"not_matched_prior",
"realism",2,"reveal_75","gibbs_icm","realism-002-reveal_75-gibbs_icm","interaction_row_960",-0.0388509990147549,,100,"not_matched_prior",
"realism",2,"reveal_75","gibbs_icm","realism-002-reveal_75-gibbs_icm","interaction_row_1104",0.00413248568749138,,100,"not_matched_prior",
"realism",2,"reveal_75","gibbs_icm","realism-002-reveal_75-gibbs_icm","observed_log_likelihood",164.230249016745,,100,"not_matched_prior",
"gamma",1,"reveal_25","gibbs_imc","gamma-001-reveal_25-gibbs_imc","sigma",0.1925825832251,,100,"inadequate_convergence_or_ess",
"gamma",1,"reveal_25","gibbs_imc","gamma-001-reveal_25-gibbs_imc","mean_row_1",1.04691473084914,,100,"inadequate_convergence_or_ess",
"gamma",1,"reveal_25","gibbs_imc","gamma-001-reveal_25-gibbs_imc","mean_row_159",1.34645896250066,38,100,"eligible",114.972529360187
"gamma",1,"reveal_25","gibbs_imc","gamma-001-reveal_25-gibbs_imc","mean_row_316",1.37313908806136,,100,"residual_autocorrelation",68.7746386020521
"gamma",1,"reveal_25","gibbs_imc","gamma-001-reveal_25-gibbs_imc","mean_row_474",2.20616278228092,,100,"residual_autocorrelation",84.8853825951848
"gamma",1,"reveal_25","gibbs_imc","gamma-001-reveal_25-gibbs_imc","mean_row_631",0.604868141410952,18,100,"eligible",136.589412908021
"gamma",1,"reveal_25","gibbs_imc","gamma-001-reveal_25-gibbs_imc","mean_row_789",1.06808119745435,,100,"inadequate_convergence_or_ess",
"gamma",1,"reveal_25","gibbs_imc","gamma-001-reveal_25-gibbs_imc","mean_row_946",1.80629127760578,13,100,"eligible",115.592029821653
"gamma",1,"reveal_25","gibbs_imc","gamma-001-reveal_25-gibbs_imc","mean_row_1104",1.53641321578374,,100,"inadequate_convergence_or_ess",
"gamma",1,"reveal_25","gibbs_imc","gamma-001-reveal_25-gibbs_imc","interaction_row_97",0.0167366068923533,,100,"inadequate_convergence_or_ess",
"gamma",1,"reveal_25","gibbs_imc","gamma-001-reveal_25-gibbs_imc","interaction_row_241",0.560161181616543,,100,"inadequate_convergence_or_ess",
"gamma",1,"reveal_25","gibbs_imc","gamma-001-reveal_25-gibbs_imc","interaction_row_385",-0.00345078329805612,,100,"inadequate_convergence_or_ess",
"gamma",1,"reveal_25","gibbs_imc","gamma-001-reveal_25-gibbs_imc","interaction_row_529",-0.0172607751403771,,100,"inadequate_convergence_or_ess",
"gamma",1,"reveal_25","gibbs_imc","gamma-001-reveal_25-gibbs_imc","interaction_row_672",0.0103434245669878,50,100,"eligible",145.961537728956
"gamma",1,"reveal_25","gibbs_imc","gamma-001-reveal_25-gibbs_imc","interaction_row_816",-0.140288672811045,,100,"residual_autocorrelation",75.9640370230755
"gamma",1,"reveal_25","gibbs_imc","gamma-001-reveal_25-gibbs_imc","interaction_row_960",-0.0171341375227211,39,100,"eligible",103.543794775567
"gamma",1,"reveal_25","gibbs_imc","gamma-001-reveal_25-gibbs_imc","interaction_row_1104",0.0688769602440289,,100,"residual_autocorrelation",73.7326065983407
"gamma",1,"reveal_25","gibbs_imc","gamma-001-reveal_25-gibbs_imc","observed_log_likelihood",83.0862999028079,,100,"inadequate_convergence_or_ess",
"multiplicative_gamma",1,"reveal_25","gibbs_imc","multiplicative_gamma-001-reveal_25-gibbs_imc","sigma",0.17383452523825,,100,"inadequate_convergence_or_ess",
"multiplicative_gamma",1,"reveal_25","gibbs_imc","multiplicative_gamma-001-reveal_25-gibbs_imc","mean_row_1",0.677729396680948,28,100,"eligible",94.8069879983324
"multiplicative_gamma",1,"reveal_25","gibbs_imc","multiplicative_gamma-001-reveal_25-gibbs_imc","mean_row_159",-0.260309118551177,35,100,"eligible",119.684061612059
"multiplicative_gamma",1,"reveal_25","gibbs_imc","multiplicative_gamma-001-reveal_25-gibbs_imc","mean_row_316",0.545864093787275,,100,"inadequate_convergence_or_ess",
"multiplicative_gamma",1,"reveal_25","gibbs_imc","multiplicative_gamma-001-reveal_25-gibbs_imc","mean_row_474",1.42868689563844,95,100,"eligible",138.408008268661
"multiplicative_gamma",1,"reveal_25","gibbs_imc","multiplicative_gamma-001-reveal_25-gibbs_imc","mean_row_631",0.374233918989992,,100,"inadequate_convergence_or_ess",
"multiplicative_gamma",1,"reveal_25","gibbs_imc","multiplicative_gamma-001-reveal_25-gibbs_imc","mean_row_789",0.110288596752388,12,100,"eligible",126.455276369528
"multiplicative_gamma",1,"reveal_25","gibbs_imc","multiplicative_gamma-001-reveal_25-gibbs_imc","mean_row_946",2.12626523672859,82,100,"eligible",99.6489534596759
"multiplicative_gamma",1,"reveal_25","gibbs_imc","multiplicative_gamma-001-reveal_25-gibbs_imc","mean_row_1104",1.95909710458649,,100,"residual_autocorrelation",74.3899397925893
"multiplicative_gamma",1,"reveal_25","gibbs_imc","multiplicative_gamma-001-reveal_25-gibbs_imc","interaction_row_97",-0.569127476813453,12,100,"eligible",147.432854659323
"multiplicative_gamma",1,"reveal_25","gibbs_imc","multiplicative_gamma-001-reveal_25-gibbs_imc","interaction_row_241",0.511623201177388,62,100,"eligible",99.3787129020988
"multiplicative_gamma",1,"reveal_25","gibbs_imc","multiplicative_gamma-001-reveal_25-gibbs_imc","interaction_row_385",1.29935993027092,88,100,"eligible",165.144468965944
"multiplicative_gamma",1,"reveal_25","gibbs_imc","multiplicative_gamma-001-reveal_25-gibbs_imc","interaction_row_529",0.431002740695594,95,100,"eligible",145.114894836249
"multiplicative_gamma",1,"reveal_25","gibbs_imc","multiplicative_gamma-001-reveal_25-gibbs_imc","interaction_row_672",0.0116594260027712,59,100,"eligible",102.562108252831
"multiplicative_gamma",1,"reveal_25","gibbs_imc","multiplicative_gamma-001-reveal_25-gibbs_imc","interaction_row_816",-0.0312986093501422,45,100,"eligible",128.955947809803
"multiplicative_gamma",1,"reveal_25","gibbs_imc","multiplicative_gamma-001-reveal_25-gibbs_imc","interaction_row_960",0.0346722385133697,,100,"inadequate_convergence_or_ess",
"multiplicative_gamma",1,"reveal_25","gibbs_imc","multiplicative_gamma-001-reveal_25-gibbs_imc","interaction_row_1104",0.0215690816049054,,100,"inadequate_convergence_or_ess",
"multiplicative_gamma",1,"reveal_25","gibbs_imc","multiplicative_gamma-001-reveal_25-gibbs_imc","observed_log_likelihood",118.470760024953,,100,"inadequate_convergence_or_ess",
"horseshoe",1,"reveal_25","gibbs_imc","horseshoe-001-reveal_25-gibbs_imc","sigma",0.190606242619065,,100,"inadequate_convergence_or_ess",
"horseshoe",1,"reveal_25","gibbs_imc","horseshoe-001-reveal_25-gibbs_imc","mean_row_1",11.6790070547579,,100,"inadequate_convergence_or_ess",
"horseshoe",1,"reveal_25","gibbs_imc","horseshoe-001-reveal_25-gibbs_imc","mean_row_159",375.553240599355,,100,"inadequate_convergence_or_ess",
"horseshoe",1,"reveal_25","gibbs_imc","horseshoe-001-reveal_25-gibbs_imc","mean_row_316",-435.47633109324,,100,"inadequate_convergence_or_ess",
"horseshoe",1,"reveal_25","gibbs_imc","horseshoe-001-reveal_25-gibbs_imc","mean_row_474",15.2491148401168,,100,"inadequate_convergence_or_ess",
"horseshoe",1,"reveal_25","gibbs_imc","horseshoe-001-reveal_25-gibbs_imc","mean_row_631",113.422723629128,,100,"inadequate_convergence_or_ess",
"horseshoe",1,"reveal_25","gibbs_imc","horseshoe-001-reveal_25-gibbs_imc","mean_row_789",51.8352729725745,,100,"inadequate_convergence_or_ess",
"horseshoe",1,"reveal_25","gibbs_imc","horseshoe-001-reveal_25-gibbs_imc","mean_row_946",5.64912200407939,,100,"inadequate_convergence_or_ess",
"horseshoe",1,"reveal_25","gibbs_imc","horseshoe-001-reveal_25-gibbs_imc","mean_row_1104",260.43866023267,,100,"inadequate_convergence_or_ess",
"horseshoe",1,"reveal_25","gibbs_imc","horseshoe-001-reveal_25-gibbs_imc","interaction_row_97",-176.575928566082,,100,"inadequate_convergence_or_ess",
"horseshoe",1,"reveal_25","gibbs_imc","horseshoe-001-reveal_25-gibbs_imc","interaction_row_241",43.4726333581712,,100,"inadequate_convergence_or_ess",
"horseshoe",1,"reveal_25","gibbs_imc","horseshoe-001-reveal_25-gibbs_imc","interaction_row_385",29.3184991851646,,100,"inadequate_convergence_or_ess",
"horseshoe",1,"reveal_25","gibbs_imc","horseshoe-001-reveal_25-gibbs_imc","interaction_row_529",-42.1065165501833,,100,"inadequate_convergence_or_ess",
"horseshoe",1,"reveal_25","gibbs_imc","horseshoe-001-reveal_25-gibbs_imc","interaction_row_672",854.448290634839,,100,"inadequate_convergence_or_ess",
"horseshoe",1,"reveal_25","gibbs_imc","horseshoe-001-reveal_25-gibbs_imc","interaction_row_816",718.82819728522,,100,"inadequate_convergence_or_ess",
"horseshoe",1,"reveal_25","gibbs_imc","horseshoe-001-reveal_25-gibbs_imc","interaction_row_960",-107.233444045474,,100,"inadequate_convergence_or_ess",
"horseshoe",1,"reveal_25","gibbs_imc","horseshoe-001-reveal_25-gibbs_imc","interaction_row_1104",13.7960147886859,,100,"inadequate_convergence_or_ess",
"horseshoe",1,"reveal_25","gibbs_imc","horseshoe-001-reveal_25-gibbs_imc","observed_log_likelihood",67.6303746890922,,100,"inadequate_convergence_or_ess",
"realism",1,"reveal_25","gibbs_imc","realism-001-reveal_25-gibbs_imc","sigma",0.2,,100,"not_matched_prior",
"realism",1,"reveal_25","gibbs_imc","realism-001-reveal_25-gibbs_imc","mean_row_1",1.28212671504974,,100,"not_matched_prior",
"realism",1,"reveal_25","gibbs_imc","realism-001-reveal_25-gibbs_imc","mean_row_159",0.290258090807345,,100,"not_matched_prior",
"realism",1,"reveal_25","gibbs_imc","realism-001-reveal_25-gibbs_imc","mean_row_316",0.661746260299268,,100,"not_matched_prior",
"realism",1,"reveal_25","gibbs_imc","realism-001-reveal_25-gibbs_imc","mean_row_474",0.144572578625982,,100,"not_matched_prior",
"realism",1,"reveal_25","gibbs_imc","realism-001-reveal_25-gibbs_imc","mean_row_631",0.67743206184633,,100,"not_matched_prior",
"realism",1,"reveal_25","gibbs_imc","realism-001-reveal_25-gibbs_imc","mean_row_789",-0.878988852371586,,100,"not_matched_prior",
"realism",1,"reveal_25","gibbs_imc","realism-001-reveal_25-gibbs_imc","mean_row_946",1.02308190641508,,100,"not_matched_prior",
"realism",1,"reveal_25","gibbs_imc","realism-001-reveal_25-gibbs_imc","mean_row_1104",-1.1224864041086,,100,"not_matched_prior",
"realism",1,"reveal_25","gibbs_imc","realism-001-reveal_25-gibbs_imc","interaction_row_97",0.0226662804548294,,100,"not_matched_prior",
"realism",1,"reveal_25","gibbs_imc","realism-001-reveal_25-gibbs_imc","interaction_row_241",0.0400158926932519,,100,"not_matched_prior",
"realism",1,"reveal_25","gibbs_imc","realism-001-reveal_25-gibbs_imc","interaction_row_385",0.0515458738434614,,100,"not_matched_prior",
"realism",1,"reveal_25","gibbs_imc","realism-001-reveal_25-gibbs_imc","interaction_row_529",0.037040685735782,,100,"not_matched_prior",
"realism",1,"reveal_25","gibbs_imc","realism-001-reveal_25-gibbs_imc","interaction_row_672",0.0842519987026288,,100,"not_matched_prior",
"realism",1,"reveal_25","gibbs_imc","realism-001-reveal_25-gibbs_imc","interaction_row_816",0.0973934851537901,,100,"not_matched_prior",
"realism",1,"reveal_25","gibbs_imc","realism-001-reveal_25-gibbs_imc","interaction_row_960",0.0594638996300946,,100,"not_matched_prior",
"realism",1,"reveal_25","gibbs_imc","realism-001-reveal_25-gibbs_imc","interaction_row_1104",-0.0174645934784182,,100,"not_matched_prior",
"realism",1,"reveal_25","gibbs_imc","realism-001-reveal_25-gibbs_imc","observed_log_likelihood",66.7983846727024,,100,"not_matched_prior",
"gamma",2,"reveal_25","gibbs_imc","gamma-002-reveal_25-gibbs_imc","sigma",0.194460844292361,,100,"inadequate_convergence_or_ess",
"gamma",2,"reveal_25","gibbs_imc","gamma-002-reveal_25-gibbs_imc","mean_row_1",0.828857224164596,,100,"inadequate_convergence_or_ess",
"gamma",2,"reveal_25","gibbs_imc","gamma-002-reveal_25-gibbs_imc","mean_row_159",0.511840097108777,26,100,"eligible",120.97140654704
"gamma",2,"reveal_25","gibbs_imc","gamma-002-reveal_25-gibbs_imc","mean_row_316",1.63557809373151,,100,"inadequate_convergence_or_ess",
"gamma",2,"reveal_25","gibbs_imc","gamma-002-reveal_25-gibbs_imc","mean_row_474",1.90575461892756,,100,"residual_autocorrelation",52.4683704724526
"gamma",2,"reveal_25","gibbs_imc","gamma-002-reveal_25-gibbs_imc","mean_row_631",1.05088009869301,,100,"inadequate_convergence_or_ess",
"gamma",2,"reveal_25","gibbs_imc","gamma-002-reveal_25-gibbs_imc","mean_row_789",1.09961312347338,,100,"inadequate_convergence_or_ess",
"gamma",2,"reveal_25","gibbs_imc","gamma-002-reveal_25-gibbs_imc","mean_row_946",1.62792429631985,7,100,"eligible",145.533737859234
"gamma",2,"reveal_25","gibbs_imc","gamma-002-reveal_25-gibbs_imc","mean_row_1104",1.0827198198861,,100,"inadequate_convergence_or_ess",
"gamma",2,"reveal_25","gibbs_imc","gamma-002-reveal_25-gibbs_imc","interaction_row_97",-0.140511309937066,17,100,"eligible",108.263094325694
"gamma",2,"reveal_25","gibbs_imc","gamma-002-reveal_25-gibbs_imc","interaction_row_241",-0.438109402882649,,100,"inadequate_convergence_or_ess",
"gamma",2,"reveal_25","gibbs_imc","gamma-002-reveal_25-gibbs_imc","interaction_row_385",0.0486397719839204,,100,"inadequate_convergence_or_ess",
"gamma",2,"reveal_25","gibbs_imc","gamma-002-reveal_25-gibbs_imc","interaction_row_529",-0.129411636692953,36,100,"eligible",102.82905426466
"gamma",2,"reveal_25","gibbs_imc","gamma-002-reveal_25-gibbs_imc","interaction_row_672",-0.102648421777194,31,100,"eligible",95.2516080541463
"gamma",2,"reveal_25","gibbs_imc","gamma-002-reveal_25-gibbs_imc","interaction_row_816",-0.0787531855670886,49,100,"eligible",190.298038371799
"gamma",2,"reveal_25","gibbs_imc","gamma-002-reveal_25-gibbs_imc","interaction_row_960",-0.115372504016929,,100,"inadequate_convergence_or_ess",
"gamma",2,"reveal_25","gibbs_imc","gamma-002-reveal_25-gibbs_imc","interaction_row_1104",-0.159381987496369,,100,"inadequate_convergence_or_ess",
"gamma",2,"reveal_25","gibbs_imc","gamma-002-reveal_25-gibbs_imc","observed_log_likelihood",87.8589476026941,,100,"inadequate_convergence_or_ess",
"multiplicative_gamma",2,"reveal_25","gibbs_imc","multiplicative_gamma-002-reveal_25-gibbs_imc","sigma",0.267389692607089,,100,"inadequate_convergence_or_ess",
"multiplicative_gamma",2,"reveal_25","gibbs_imc","multiplicative_gamma-002-reveal_25-gibbs_imc","mean_row_1",1.07646219599083,10,100,"eligible",110.701619199376
"multiplicative_gamma",2,"reveal_25","gibbs_imc","multiplicative_gamma-002-reveal_25-gibbs_imc","mean_row_159",1.42360299249878,72,100,"eligible",115.51246944913
"multiplicative_gamma",2,"reveal_25","gibbs_imc","multiplicative_gamma-002-reveal_25-gibbs_imc","mean_row_316",5.10789866207596,45,100,"eligible",117.488123622373
"multiplicative_gamma",2,"reveal_25","gibbs_imc","multiplicative_gamma-002-reveal_25-gibbs_imc","mean_row_474",-0.368024426132337,13,100,"eligible",131.394009011325
"multiplicative_gamma",2,"reveal_25","gibbs_imc","multiplicative_gamma-002-reveal_25-gibbs_imc","mean_row_631",1.55864626829902,48,100,"eligible",94.3470236409136
"multiplicative_gamma",2,"reveal_25","gibbs_imc","multiplicative_gamma-002-reveal_25-gibbs_imc","mean_row_789",2.71577244922431,95,100,"eligible",125.708092050934
"multiplicative_gamma",2,"reveal_25","gibbs_imc","multiplicative_gamma-002-reveal_25-gibbs_imc","mean_row_946",0.794738503110348,,100,"inadequate_convergence_or_ess",
"multiplicative_gamma",2,"reveal_25","gibbs_imc","multiplicative_gamma-002-reveal_25-gibbs_imc","mean_row_1104",3.65884178743107,,100,"inadequate_convergence_or_ess",
"multiplicative_gamma",2,"reveal_25","gibbs_imc","multiplicative_gamma-002-reveal_25-gibbs_imc","interaction_row_97",0.251257464125779,100,100,"eligible",102.140716620805
"multiplicative_gamma",2,"reveal_25","gibbs_imc","multiplicative_gamma-002-reveal_25-gibbs_imc","interaction_row_241",0.209060399258723,95,100,"eligible",118.210040146478
"multiplicative_gamma",2,"reveal_25","gibbs_imc","multiplicative_gamma-002-reveal_25-gibbs_imc","interaction_row_385",0.129301964158482,91,100,"eligible",190.298038371799
"multiplicative_gamma",2,"reveal_25","gibbs_imc","multiplicative_gamma-002-reveal_25-gibbs_imc","interaction_row_529",-0.182521225281953,,100,"inadequate_convergence_or_ess",
"multiplicative_gamma",2,"reveal_25","gibbs_imc","multiplicative_gamma-002-reveal_25-gibbs_imc","interaction_row_672",-0.0559537313884641,,100,"inadequate_convergence_or_ess",
"multiplicative_gamma",2,"reveal_25","gibbs_imc","multiplicative_gamma-002-reveal_25-gibbs_imc","interaction_row_816",-0.062488608375925,,100,"inadequate_convergence_or_ess",
"multiplicative_gamma",2,"reveal_25","gibbs_imc","multiplicative_gamma-002-reveal_25-gibbs_imc","interaction_row_960",-0.0102764684079378,,100,"residual_autocorrelation",76.7412032776054
"multiplicative_gamma",2,"reveal_25","gibbs_imc","multiplicative_gamma-002-reveal_25-gibbs_imc","interaction_row_1104",0.0144397670917016,,100,"inadequate_convergence_or_ess",
"multiplicative_gamma",2,"reveal_25","gibbs_imc","multiplicative_gamma-002-reveal_25-gibbs_imc","observed_log_likelihood",-21.603710370459,,100,"inadequate_convergence_or_ess",
"horseshoe",2,"reveal_25","gibbs_imc","horseshoe-002-reveal_25-gibbs_imc","sigma",0.189927777059026,,100,"inadequate_convergence_or_ess",
"horseshoe",2,"reveal_25","gibbs_imc","horseshoe-002-reveal_25-gibbs_imc","mean_row_1",1.63332808984905,,100,"inadequate_convergence_or_ess",
"horseshoe",2,"reveal_25","gibbs_imc","horseshoe-002-reveal_25-gibbs_imc","mean_row_159",395.820382603713,,100,"inadequate_convergence_or_ess",
"horseshoe",2,"reveal_25","gibbs_imc","horseshoe-002-reveal_25-gibbs_imc","mean_row_316",1237.16832171111,,100,"inadequate_convergence_or_ess",
"horseshoe",2,"reveal_25","gibbs_imc","horseshoe-002-reveal_25-gibbs_imc","mean_row_474",526.955289861148,,100,"inadequate_convergence_or_ess",
"horseshoe",2,"reveal_25","gibbs_imc","horseshoe-002-reveal_25-gibbs_imc","mean_row_631",14.2908021755202,,100,"inadequate_convergence_or_ess",
"horseshoe",2,"reveal_25","gibbs_imc","horseshoe-002-reveal_25-gibbs_imc","mean_row_789",-377.680061858569,,100,"inadequate_convergence_or_ess",
"horseshoe",2,"reveal_25","gibbs_imc","horseshoe-002-reveal_25-gibbs_imc","mean_row_946",2660.32855269594,,100,"inadequate_convergence_or_ess",
"horseshoe",2,"reveal_25","gibbs_imc","horseshoe-002-reveal_25-gibbs_imc","mean_row_1104",108.380271997557,,100,"inadequate_convergence_or_ess",
"horseshoe",2,"reveal_25","gibbs_imc","horseshoe-002-reveal_25-gibbs_imc","interaction_row_97",731.724675167269,,100,"inadequate_convergence_or_ess",
"horseshoe",2,"reveal_25","gibbs_imc","horseshoe-002-reveal_25-gibbs_imc","interaction_row_241",122.186307480769,,100,"inadequate_convergence_or_ess",
"horseshoe",2,"reveal_25","gibbs_imc","horseshoe-002-reveal_25-gibbs_imc","interaction_row_385",782.385191774304,,100,"inadequate_convergence_or_ess",
"horseshoe",2,"reveal_25","gibbs_imc","horseshoe-002-reveal_25-gibbs_imc","interaction_row_529",-81.1754510248101,,100,"inadequate_convergence_or_ess",
"horseshoe",2,"reveal_25","gibbs_imc","horseshoe-002-reveal_25-gibbs_imc","interaction_row_672",-50.3070367281848,,100,"inadequate_convergence_or_ess",
"horseshoe",2,"reveal_25","gibbs_imc","horseshoe-002-reveal_25-gibbs_imc","interaction_row_816",-30.2151546799699,,100,"inadequate_convergence_or_ess",
"horseshoe",2,"reveal_25","gibbs_imc","horseshoe-002-reveal_25-gibbs_imc","interaction_row_960",-49.146170288929,,100,"inadequate_convergence_or_ess",
"horseshoe",2,"reveal_25","gibbs_imc","horseshoe-002-reveal_25-gibbs_imc","interaction_row_1104",88.1664855641476,,100,"inadequate_convergence_or_ess",
"horseshoe",2,"reveal_25","gibbs_imc","horseshoe-002-reveal_25-gibbs_imc","observed_log_likelihood",86.6823267975792,,100,"inadequate_convergence_or_ess",
"realism",2,"reveal_25","gibbs_imc","realism-002-reveal_25-gibbs_imc","sigma",0.2,,100,"not_matched_prior",
"realism",2,"reveal_25","gibbs_imc","realism-002-reveal_25-gibbs_imc","mean_row_1",1.86369699409329,,100,"not_matched_prior",
"realism",2,"reveal_25","gibbs_imc","realism-002-reveal_25-gibbs_imc","mean_row_159",-0.104735160527228,,100,"not_matched_prior",
"realism",2,"reveal_25","gibbs_imc","realism-002-reveal_25-gibbs_imc","mean_row_316",1.71898072497714,,100,"not_matched_prior",
"realism",2,"reveal_25","gibbs_imc","realism-002-reveal_25-gibbs_imc","mean_row_474",0.867907530627109,,100,"not_matched_prior",
"realism",2,"reveal_25","gibbs_imc","realism-002-reveal_25-gibbs_imc","mean_row_631",-0.250508126802646,,100,"not_matched_prior",
"realism",2,"reveal_25","gibbs_imc","realism-002-reveal_25-gibbs_imc","mean_row_789",-0.100548786069017,,100,"not_matched_prior",
"realism",2,"reveal_25","gibbs_imc","realism-002-reveal_25-gibbs_imc","mean_row_946",-0.384996882246056,,100,"not_matched_prior",
"realism",2,"reveal_25","gibbs_imc","realism-002-reveal_25-gibbs_imc","mean_row_1104",-0.524709661333975,,100,"not_matched_prior",
"realism",2,"reveal_25","gibbs_imc","realism-002-reveal_25-gibbs_imc","interaction_row_97",-0.00732271929020765,,100,"not_matched_prior",
"realism",2,"reveal_25","gibbs_imc","realism-002-reveal_25-gibbs_imc","interaction_row_241",-0.0373784964204008,,100,"not_matched_prior",
"realism",2,"reveal_25","gibbs_imc","realism-002-reveal_25-gibbs_imc","interaction_row_385",0.0404755472178663,,100,"not_matched_prior",
"realism",2,"reveal_25","gibbs_imc","realism-002-reveal_25-gibbs_imc","interaction_row_529",-0.0188713121821498,,100,"not_matched_prior",
"realism",2,"reveal_25","gibbs_imc","realism-002-reveal_25-gibbs_imc","interaction_row_672",0.00969026457275058,,100,"not_matched_prior",
"realism",2,"reveal_25","gibbs_imc","realism-002-reveal_25-gibbs_imc","interaction_row_816",0.0271513552285496,,100,"not_matched_prior",
"realism",2,"reveal_25","gibbs_imc","realism-002-reveal_25-gibbs_imc","interaction_row_960",-0.0388509990147549,,100,"not_matched_prior",
"realism",2,"reveal_25","gibbs_imc","realism-002-reveal_25-gibbs_imc","interaction_row_1104",0.00413248568749138,,100,"not_matched_prior",
"realism",2,"reveal_25","gibbs_imc","realism-002-reveal_25-gibbs_imc","observed_log_likelihood",66.6254433225788,,100,"not_matched_prior",
"gamma",1,"reveal_75","gibbs_imc","gamma-001-reveal_75-gibbs_imc","sigma",0.1925825832251,,100,"inadequate_convergence_or_ess",
"gamma",1,"reveal_75","gibbs_imc","gamma-001-reveal_75-gibbs_imc","mean_row_1",1.04691473084914,19,100,"eligible",90.5932179791739
"gamma",1,"reveal_75","gibbs_imc","gamma-001-reveal_75-gibbs_imc","mean_row_159",1.34645896250066,,100,"residual_autocorrelation",64.6693144900891
"gamma",1,"reveal_75","gibbs_imc","gamma-001-reveal_75-gibbs_imc","mean_row_316",1.37313908806136,,100,"inadequate_convergence_or_ess",
"gamma",1,"reveal_75","gibbs_imc","gamma-001-reveal_75-gibbs_imc","mean_row_474",2.20616278228092,93,100,"eligible",116.542803498062
"gamma",1,"reveal_75","gibbs_imc","gamma-001-reveal_75-gibbs_imc","mean_row_631",0.604868141410952,,100,"residual_autocorrelation",76.32240569926
"gamma",1,"reveal_75","gibbs_imc","gamma-001-reveal_75-gibbs_imc","mean_row_789",1.06808119745435,79,100,"eligible",107.668820790138
"gamma",1,"reveal_75","gibbs_imc","gamma-001-reveal_75-gibbs_imc","mean_row_946",1.80629127760578,95,100,"eligible",190.298038371799
"gamma",1,"reveal_75","gibbs_imc","gamma-001-reveal_75-gibbs_imc","mean_row_1104",1.53641321578374,,100,"residual_autocorrelation",89.792622444868
"gamma",1,"reveal_75","gibbs_imc","gamma-001-reveal_75-gibbs_imc","interaction_row_97",0.0167366068923533,72,100,"eligible",102.498837647108
"gamma",1,"reveal_75","gibbs_imc","gamma-001-reveal_75-gibbs_imc","interaction_row_241",0.560161181616543,,100,"inadequate_convergence_or_ess",
"gamma",1,"reveal_75","gibbs_imc","gamma-001-reveal_75-gibbs_imc","interaction_row_385",-0.00345078329805612,42,100,"eligible",168.876174620412
"gamma",1,"reveal_75","gibbs_imc","gamma-001-reveal_75-gibbs_imc","interaction_row_529",-0.0172607751403771,,100,"inadequate_convergence_or_ess",
"gamma",1,"reveal_75","gibbs_imc","gamma-001-reveal_75-gibbs_imc","interaction_row_672",0.0103434245669878,,100,"inadequate_convergence_or_ess",
"gamma",1,"reveal_75","gibbs_imc","gamma-001-reveal_75-gibbs_imc","interaction_row_816",-0.140288672811045,22,100,"eligible",93.2045750870095
"gamma",1,"reveal_75","gibbs_imc","gamma-001-reveal_75-gibbs_imc","interaction_row_960",-0.0171341375227211,,100,"inadequate_convergence_or_ess",
"gamma",1,"reveal_75","gibbs_imc","gamma-001-reveal_75-gibbs_imc","interaction_row_1104",0.0688769602440289,57,100,"eligible",185.150176534314
"gamma",1,"reveal_75","gibbs_imc","gamma-001-reveal_75-gibbs_imc","observed_log_likelihood",186.957663807886,,100,"inadequate_convergence_or_ess",
"multiplicative_gamma",1,"reveal_75","gibbs_imc","multiplicative_gamma-001-reveal_75-gibbs_imc","sigma",0.17383452523825,,100,"inadequate_convergence_or_ess",
"multiplicative_gamma",1,"reveal_75","gibbs_imc","multiplicative_gamma-001-reveal_75-gibbs_imc","mean_row_1",0.677729396680948,,100,"inadequate_convergence_or_ess",
"multiplicative_gamma",1,"reveal_75","gibbs_imc","multiplicative_gamma-001-reveal_75-gibbs_imc","mean_row_159",-0.260309118551177,,100,"inadequate_convergence_or_ess",
"multiplicative_gamma",1,"reveal_75","gibbs_imc","multiplicative_gamma-001-reveal_75-gibbs_imc","mean_row_316",0.545864093787275,,100,"inadequate_convergence_or_ess",
"multiplicative_gamma",1,"reveal_75","gibbs_imc","multiplicative_gamma-001-reveal_75-gibbs_imc","mean_row_474",1.42868689563844,,100,"residual_autocorrelation",88.4915167330892
"multiplicative_gamma",1,"reveal_75","gibbs_imc","multiplicative_gamma-001-reveal_75-gibbs_imc","mean_row_631",0.374233918989992,,100,"inadequate_convergence_or_ess",
"multiplicative_gamma",1,"reveal_75","gibbs_imc","multiplicative_gamma-001-reveal_75-gibbs_imc","mean_row_789",0.110288596752388,1,100,"eligible",113.163597382322
"multiplicative_gamma",1,"reveal_75","gibbs_imc","multiplicative_gamma-001-reveal_75-gibbs_imc","mean_row_946",2.12626523672859,,100,"inadequate_convergence_or_ess",
"multiplicative_gamma",1,"reveal_75","gibbs_imc","multiplicative_gamma-001-reveal_75-gibbs_imc","mean_row_1104",1.95909710458649,5,100,"eligible",124.640921115061
"multiplicative_gamma",1,"reveal_75","gibbs_imc","multiplicative_gamma-001-reveal_75-gibbs_imc","interaction_row_97",-0.569127476813453,,100,"inadequate_convergence_or_ess",
"multiplicative_gamma",1,"reveal_75","gibbs_imc","multiplicative_gamma-001-reveal_75-gibbs_imc","interaction_row_241",0.511623201177388,,100,"inadequate_convergence_or_ess",
"multiplicative_gamma",1,"reveal_75","gibbs_imc","multiplicative_gamma-001-reveal_75-gibbs_imc","interaction_row_385",1.29935993027092,,100,"inadequate_convergence_or_ess",
"multiplicative_gamma",1,"reveal_75","gibbs_imc","multiplicative_gamma-001-reveal_75-gibbs_imc","interaction_row_529",0.431002740695594,,100,"inadequate_convergence_or_ess",
"multiplicative_gamma",1,"reveal_75","gibbs_imc","multiplicative_gamma-001-reveal_75-gibbs_imc","interaction_row_672",0.0116594260027712,,100,"inadequate_convergence_or_ess",
"multiplicative_gamma",1,"reveal_75","gibbs_imc","multiplicative_gamma-001-reveal_75-gibbs_imc","interaction_row_816",-0.0312986093501422,,100,"inadequate_convergence_or_ess",
"multiplicative_gamma",1,"reveal_75","gibbs_imc","multiplicative_gamma-001-reveal_75-gibbs_imc","interaction_row_960",0.0346722385133697,,100,"inadequate_convergence_or_ess",
"multiplicative_gamma",1,"reveal_75","gibbs_imc","multiplicative_gamma-001-reveal_75-gibbs_imc","interaction_row_1104",0.0215690816049054,,100,"inadequate_convergence_or_ess",
"multiplicative_gamma",1,"reveal_75","gibbs_imc","multiplicative_gamma-001-reveal_75-gibbs_imc","observed_log_likelihood",257.008008958719,,100,"inadequate_convergence_or_ess",
"horseshoe",1,"reveal_75","gibbs_imc","horseshoe-001-reveal_75-gibbs_imc","sigma",0.190606242619065,,100,"inadequate_convergence_or_ess",
"horseshoe",1,"reveal_75","gibbs_imc","horseshoe-001-reveal_75-gibbs_imc","mean_row_1",11.6790070547579,,100,"inadequate_convergence_or_ess",
"horseshoe",1,"reveal_75","gibbs_imc","horseshoe-001-reveal_75-gibbs_imc","mean_row_159",375.553240599355,,100,"inadequate_convergence_or_ess",
"horseshoe",1,"reveal_75","gibbs_imc","horseshoe-001-reveal_75-gibbs_imc","mean_row_316",-435.47633109324,,100,"inadequate_convergence_or_ess",
"horseshoe",1,"reveal_75","gibbs_imc","horseshoe-001-reveal_75-gibbs_imc","mean_row_474",15.2491148401168,,100,"inadequate_convergence_or_ess",
"horseshoe",1,"reveal_75","gibbs_imc","horseshoe-001-reveal_75-gibbs_imc","mean_row_631",113.422723629128,,100,"inadequate_convergence_or_ess",
"horseshoe",1,"reveal_75","gibbs_imc","horseshoe-001-reveal_75-gibbs_imc","mean_row_789",51.8352729725745,,100,"inadequate_convergence_or_ess",
"horseshoe",1,"reveal_75","gibbs_imc","horseshoe-001-reveal_75-gibbs_imc","mean_row_946",5.64912200407939,,100,"inadequate_convergence_or_ess",
"horseshoe",1,"reveal_75","gibbs_imc","horseshoe-001-reveal_75-gibbs_imc","mean_row_1104",260.43866023267,,100,"inadequate_convergence_or_ess",
"horseshoe",1,"reveal_75","gibbs_imc","horseshoe-001-reveal_75-gibbs_imc","interaction_row_97",-176.575928566082,,100,"inadequate_convergence_or_ess",
"horseshoe",1,"reveal_75","gibbs_imc","horseshoe-001-reveal_75-gibbs_imc","interaction_row_241",43.4726333581712,,100,"inadequate_convergence_or_ess",
"horseshoe",1,"reveal_75","gibbs_imc","horseshoe-001-reveal_75-gibbs_imc","interaction_row_385",29.3184991851646,,100,"inadequate_convergence_or_ess",
"horseshoe",1,"reveal_75","gibbs_imc","horseshoe-001-reveal_75-gibbs_imc","interaction_row_529",-42.1065165501833,,100,"inadequate_convergence_or_ess",
"horseshoe",1,"reveal_75","gibbs_imc","horseshoe-001-reveal_75-gibbs_imc","interaction_row_672",854.448290634839,,100,"inadequate_convergence_or_ess",
"horseshoe",1,"reveal_75","gibbs_imc","horseshoe-001-reveal_75-gibbs_imc","interaction_row_816",718.82819728522,,100,"inadequate_convergence_or_ess",
"horseshoe",1,"reveal_75","gibbs_imc","horseshoe-001-reveal_75-gibbs_imc","interaction_row_960",-107.233444045474,,100,"inadequate_convergence_or_ess",
"horseshoe",1,"reveal_75","gibbs_imc","horseshoe-001-reveal_75-gibbs_imc","interaction_row_1104",13.7960147886859,,100,"inadequate_convergence_or_ess",
"horseshoe",1,"reveal_75","gibbs_imc","horseshoe-001-reveal_75-gibbs_imc","observed_log_likelihood",192.095074554516,,100,"inadequate_convergence_or_ess",
"realism",1,"reveal_75","gibbs_imc","realism-001-reveal_75-gibbs_imc","sigma",0.2,,100,"not_matched_prior",
"realism",1,"reveal_75","gibbs_imc","realism-001-reveal_75-gibbs_imc","mean_row_1",1.28212671504974,,100,"not_matched_prior",
"realism",1,"reveal_75","gibbs_imc","realism-001-reveal_75-gibbs_imc","mean_row_159",0.290258090807345,,100,"not_matched_prior",
"realism",1,"reveal_75","gibbs_imc","realism-001-reveal_75-gibbs_imc","mean_row_316",0.661746260299268,,100,"not_matched_prior",
"realism",1,"reveal_75","gibbs_imc","realism-001-reveal_75-gibbs_imc","mean_row_474",0.144572578625982,,100,"not_matched_prior",
"realism",1,"reveal_75","gibbs_imc","realism-001-reveal_75-gibbs_imc","mean_row_631",0.67743206184633,,100,"not_matched_prior",
"realism",1,"reveal_75","gibbs_imc","realism-001-reveal_75-gibbs_imc","mean_row_789",-0.878988852371586,,100,"not_matched_prior",
"realism",1,"reveal_75","gibbs_imc","realism-001-reveal_75-gibbs_imc","mean_row_946",1.02308190641508,,100,"not_matched_prior",
"realism",1,"reveal_75","gibbs_imc","realism-001-reveal_75-gibbs_imc","mean_row_1104",-1.1224864041086,,100,"not_matched_prior",
"realism",1,"reveal_75","gibbs_imc","realism-001-reveal_75-gibbs_imc","interaction_row_97",0.0226662804548294,,100,"not_matched_prior",
"realism",1,"reveal_75","gibbs_imc","realism-001-reveal_75-gibbs_imc","interaction_row_241",0.0400158926932519,,100,"not_matched_prior",
"realism",1,"reveal_75","gibbs_imc","realism-001-reveal_75-gibbs_imc","interaction_row_385",0.0515458738434614,,100,"not_matched_prior",
"realism",1,"reveal_75","gibbs_imc","realism-001-reveal_75-gibbs_imc","interaction_row_529",0.037040685735782,,100,"not_matched_prior",
"realism",1,"reveal_75","gibbs_imc","realism-001-reveal_75-gibbs_imc","interaction_row_672",0.0842519987026288,,100,"not_matched_prior",
"realism",1,"reveal_75","gibbs_imc","realism-001-reveal_75-gibbs_imc","interaction_row_816",0.0973934851537901,,100,"not_matched_prior",
"realism",1,"reveal_75","gibbs_imc","realism-001-reveal_75-gibbs_imc","interaction_row_960",0.0594638996300946,,100,"not_matched_prior",
"realism",1,"reveal_75","gibbs_imc","realism-001-reveal_75-gibbs_imc","interaction_row_1104",-0.0174645934784182,,100,"not_matched_prior",
"realism",1,"reveal_75","gibbs_imc","realism-001-reveal_75-gibbs_imc","observed_log_likelihood",173.480454223922,,100,"not_matched_prior",
"gamma",2,"reveal_75","gibbs_imc","gamma-002-reveal_75-gibbs_imc","sigma",0.194460844292361,,100,"inadequate_convergence_or_ess",
"gamma",2,"reveal_75","gibbs_imc","gamma-002-reveal_75-gibbs_imc","mean_row_1",0.828857224164596,,100,"inadequate_convergence_or_ess",
"gamma",2,"reveal_75","gibbs_imc","gamma-002-reveal_75-gibbs_imc","mean_row_159",0.511840097108777,,100,"residual_autocorrelation",67.5990733018205
"gamma",2,"reveal_75","gibbs_imc","gamma-002-reveal_75-gibbs_imc","mean_row_316",1.63557809373151,33,100,"eligible",130.099846537101
"gamma",2,"reveal_75","gibbs_imc","gamma-002-reveal_75-gibbs_imc","mean_row_474",1.90575461892756,,100,"inadequate_convergence_or_ess",
"gamma",2,"reveal_75","gibbs_imc","gamma-002-reveal_75-gibbs_imc","mean_row_631",1.05088009869301,79,100,"eligible",135.608215688832
"gamma",2,"reveal_75","gibbs_imc","gamma-002-reveal_75-gibbs_imc","mean_row_789",1.09961312347338,30,100,"eligible",115.265907887444
"gamma",2,"reveal_75","gibbs_imc","gamma-002-reveal_75-gibbs_imc","mean_row_946",1.62792429631985,53,100,"eligible",108.727824768711
"gamma",2,"reveal_75","gibbs_imc","gamma-002-reveal_75-gibbs_imc","mean_row_1104",1.0827198198861,,100,"residual_autocorrelation",61.9809937651854
"gamma",2,"reveal_75","gibbs_imc","gamma-002-reveal_75-gibbs_imc","interaction_row_97",-0.140511309937066,,100,"inadequate_convergence_or_ess",
"gamma",2,"reveal_75","gibbs_imc","gamma-002-reveal_75-gibbs_imc","interaction_row_241",-0.438109402882649,,100,"inadequate_convergence_or_ess",
"gamma",2,"reveal_75","gibbs_imc","gamma-002-reveal_75-gibbs_imc","interaction_row_385",0.0486397719839204,,100,"inadequate_convergence_or_ess",
"gamma",2,"reveal_75","gibbs_imc","gamma-002-reveal_75-gibbs_imc","interaction_row_529",-0.129411636692953,,100,"inadequate_convergence_or_ess",
"gamma",2,"reveal_75","gibbs_imc","gamma-002-reveal_75-gibbs_imc","interaction_row_672",-0.102648421777194,,100,"inadequate_convergence_or_ess",
"gamma",2,"reveal_75","gibbs_imc","gamma-002-reveal_75-gibbs_imc","interaction_row_816",-0.0787531855670886,,100,"inadequate_convergence_or_ess",
"gamma",2,"reveal_75","gibbs_imc","gamma-002-reveal_75-gibbs_imc","interaction_row_960",-0.115372504016929,,100,"inadequate_convergence_or_ess",
"gamma",2,"reveal_75","gibbs_imc","gamma-002-reveal_75-gibbs_imc","interaction_row_1104",-0.159381987496369,,100,"inadequate_convergence_or_ess",
"gamma",2,"reveal_75","gibbs_imc","gamma-002-reveal_75-gibbs_imc","observed_log_likelihood",194.935140819341,,100,"inadequate_convergence_or_ess",
"multiplicative_gamma",2,"reveal_75","gibbs_imc","multiplicative_gamma-002-reveal_75-gibbs_imc","sigma",0.267389692607089,,100,"inadequate_convergence_or_ess",
"multiplicative_gamma",2,"reveal_75","gibbs_imc","multiplicative_gamma-002-reveal_75-gibbs_imc","mean_row_1",1.07646219599083,,100,"inadequate_convergence_or_ess",
"multiplicative_gamma",2,"reveal_75","gibbs_imc","multiplicative_gamma-002-reveal_75-gibbs_imc","mean_row_159",1.42360299249878,,100,"inadequate_convergence_or_ess",
"multiplicative_gamma",2,"reveal_75","gibbs_imc","multiplicative_gamma-002-reveal_75-gibbs_imc","mean_row_316",5.10789866207596,,100,"residual_autocorrelation",83.4561347240157
"multiplicative_gamma",2,"reveal_75","gibbs_imc","multiplicative_gamma-002-reveal_75-gibbs_imc","mean_row_474",-0.368024426132337,,100,"residual_autocorrelation",77.2682945139855
"multiplicative_gamma",2,"reveal_75","gibbs_imc","multiplicative_gamma-002-reveal_75-gibbs_imc","mean_row_631",1.55864626829902,,100,"inadequate_convergence_or_ess",
"multiplicative_gamma",2,"reveal_75","gibbs_imc","multiplicative_gamma-002-reveal_75-gibbs_imc","mean_row_789",2.71577244922431,93,100,"eligible",97.4841328471132
"multiplicative_gamma",2,"reveal_75","gibbs_imc","multiplicative_gamma-002-reveal_75-gibbs_imc","mean_row_946",0.794738503110348,,100,"inadequate_convergence_or_ess",
"multiplicative_gamma",2,"reveal_75","gibbs_imc","multiplicative_gamma-002-reveal_75-gibbs_imc","mean_row_1104",3.65884178743107,,100,"inadequate_convergence_or_ess",
"multiplicative_gamma",2,"reveal_75","gibbs_imc","multiplicative_gamma-002-reveal_75-gibbs_imc","interaction_row_97",0.251257464125779,,100,"inadequate_convergence_or_ess",
"multiplicative_gamma",2,"reveal_75","gibbs_imc","multiplicative_gamma-002-reveal_75-gibbs_imc","interaction_row_241",0.209060399258723,,100,"inadequate_convergence_or_ess",
"multiplicative_gamma",2,"reveal_75","gibbs_imc","multiplicative_gamma-002-reveal_75-gibbs_imc","interaction_row_385",0.129301964158482,,100,"inadequate_convergence_or_ess",
"multiplicative_gamma",2,"reveal_75","gibbs_imc","multiplicative_gamma-002-reveal_75-gibbs_imc","interaction_row_529",-0.182521225281953,,100,"inadequate_convergence_or_ess",
"multiplicative_gamma",2,"reveal_75","gibbs_imc","multiplicative_gamma-002-reveal_75-gibbs_imc","interaction_row_672",-0.0559537313884641,,100,"inadequate_convergence_or_ess",
"multiplicative_gamma",2,"reveal_75","gibbs_imc","multiplicative_gamma-002-reveal_75-gibbs_imc","interaction_row_816",-0.062488608375925,,100,"inadequate_convergence_or_ess",
"multiplicative_gamma",2,"reveal_75","gibbs_imc","multiplicative_gamma-002-reveal_75-gibbs_imc","interaction_row_960",-0.0102764684079378,,100,"inadequate_convergence_or_ess",
"multiplicative_gamma",2,"reveal_75","gibbs_imc","multiplicative_gamma-002-reveal_75-gibbs_imc","interaction_row_1104",0.0144397670917016,,100,"inadequate_convergence_or_ess",
"multiplicative_gamma",2,"reveal_75","gibbs_imc","multiplicative_gamma-002-reveal_75-gibbs_imc","observed_log_likelihood",-79.3783116540159,,100,"inadequate_convergence_or_ess",
"horseshoe",2,"reveal_75","gibbs_imc","horseshoe-002-reveal_75-gibbs_imc","sigma",0.189927777059026,,100,"inadequate_convergence_or_ess",
"horseshoe",2,"reveal_75","gibbs_imc","horseshoe-002-reveal_75-gibbs_imc","mean_row_1",1.63332808984905,,100,"inadequate_convergence_or_ess",
"horseshoe",2,"reveal_75","gibbs_imc","horseshoe-002-reveal_75-gibbs_imc","mean_row_159",395.820382603713,,100,"inadequate_convergence_or_ess",
"horseshoe",2,"reveal_75","gibbs_imc","horseshoe-002-reveal_75-gibbs_imc","mean_row_316",1237.16832171111,,100,"inadequate_convergence_or_ess",
"horseshoe",2,"reveal_75","gibbs_imc","horseshoe-002-reveal_75-gibbs_imc","mean_row_474",526.955289861148,,100,"inadequate_convergence_or_ess",
"horseshoe",2,"reveal_75","gibbs_imc","horseshoe-002-reveal_75-gibbs_imc","mean_row_631",14.2908021755202,,100,"inadequate_convergence_or_ess",
"horseshoe",2,"reveal_75","gibbs_imc","horseshoe-002-reveal_75-gibbs_imc","mean_row_789",-377.680061858569,,100,"inadequate_convergence_or_ess",
"horseshoe",2,"reveal_75","gibbs_imc","horseshoe-002-reveal_75-gibbs_imc","mean_row_946",2660.32855269594,,100,"inadequate_convergence_or_ess",
"horseshoe",2,"reveal_75","gibbs_imc","horseshoe-002-reveal_75-gibbs_imc","mean_row_1104",108.380271997557,,100,"inadequate_convergence_or_ess",
"horseshoe",2,"reveal_75","gibbs_imc","horseshoe-002-reveal_75-gibbs_imc","interaction_row_97",731.724675167269,,100,"inadequate_convergence_or_ess",
"horseshoe",2,"reveal_75","gibbs_imc","horseshoe-002-reveal_75-gibbs_imc","interaction_row_241",122.186307480769,,100,"inadequate_convergence_or_ess",
"horseshoe",2,"reveal_75","gibbs_imc","horseshoe-002-reveal_75-gibbs_imc","interaction_row_385",782.385191774304,,100,"inadequate_convergence_or_ess",
"horseshoe",2,"reveal_75","gibbs_imc","horseshoe-002-reveal_75-gibbs_imc","interaction_row_529",-81.1754510248101,,100,"inadequate_convergence_or_ess",
"horseshoe",2,"reveal_75","gibbs_imc","horseshoe-002-reveal_75-gibbs_imc","interaction_row_672",-50.3070367281848,,100,"inadequate_convergence_or_ess",
"horseshoe",2,"reveal_75","gibbs_imc","horseshoe-002-reveal_75-gibbs_imc","interaction_row_816",-30.2151546799699,,100,"inadequate_convergence_or_ess",
"horseshoe",2,"reveal_75","gibbs_imc","horseshoe-002-reveal_75-gibbs_imc","interaction_row_960",-49.146170288929,,100,"inadequate_convergence_or_ess",
"horseshoe",2,"reveal_75","gibbs_imc","horseshoe-002-reveal_75-gibbs_imc","interaction_row_1104",88.1664855641476,,100,"inadequate_convergence_or_ess",
"horseshoe",2,"reveal_75","gibbs_imc","horseshoe-002-reveal_75-gibbs_imc","observed_log_likelihood",194.290037148823,,100,"inadequate_convergence_or_ess",
"realism",2,"reveal_75","gibbs_imc","realism-002-reveal_75-gibbs_imc","sigma",0.2,,100,"not_matched_prior",
"realism",2,"reveal_75","gibbs_imc","realism-002-reveal_75-gibbs_imc","mean_row_1",1.86369699409329,,100,"not_matched_prior",
"realism",2,"reveal_75","gibbs_imc","realism-002-reveal_75-gibbs_imc","mean_row_159",-0.104735160527228,,100,"not_matched_prior",
"realism",2,"reveal_75","gibbs_imc","realism-002-reveal_75-gibbs_imc","mean_row_316",1.71898072497714,,100,"not_matched_prior",
"realism",2,"reveal_75","gibbs_imc","realism-002-reveal_75-gibbs_imc","mean_row_474",0.867907530627109,,100,"not_matched_prior",
"realism",2,"reveal_75","gibbs_imc","realism-002-reveal_75-gibbs_imc","mean_row_631",-0.250508126802646,,100,"not_matched_prior",
"realism",2,"reveal_75","gibbs_imc","realism-002-reveal_75-gibbs_imc","mean_row_789",-0.100548786069017,,100,"not_matched_prior",
"realism",2,"reveal_75","gibbs_imc","realism-002-reveal_75-gibbs_imc","mean_row_946",-0.384996882246056,,100,"not_matched_prior",
"realism",2,"reveal_75","gibbs_imc","realism-002-reveal_75-gibbs_imc","mean_row_1104",-0.524709661333975,,100,"not_matched_prior",
"realism",2,"reveal_75","gibbs_imc","realism-002-reveal_75-gibbs_imc","interaction_row_97",-0.00732271929020765,,100,"not_matched_prior",
"realism",2,"reveal_75","gibbs_imc","realism-002-reveal_75-gibbs_imc","interaction_row_241",-0.0373784964204008,,100,"not_matched_prior",
"realism",2,"reveal_75","gibbs_imc","realism-002-reveal_75-gibbs_imc","interaction_row_385",0.0404755472178663,,100,"not_matched_prior",
"realism",2,"reveal_75","gibbs_imc","realism-002-reveal_75-gibbs_imc","interaction_row_529",-0.0188713121821498,,100,"not_matched_prior",
"realism",2,"reveal_75","gibbs_imc","realism-002-reveal_75-gibbs_imc","interaction_row_672",0.00969026457275058,,100,"not_matched_prior",
"realism",2,"reveal_75","gibbs_imc","realism-002-reveal_75-gibbs_imc","interaction_row_816",0.0271513552285496,,100,"not_matched_prior",
"realism",2,"reveal_75","gibbs_imc","realism-002-reveal_75-gibbs_imc","interaction_row_960",-0.0388509990147549,,100,"not_matched_prior",
"realism",2,"reveal_75","gibbs_imc","realism-002-reveal_75-gibbs_imc","interaction_row_1104",0.00413248568749138,,100,"not_matched_prior",
"realism",2,"reveal_75","gibbs_imc","realism-002-reveal_75-gibbs_imc","observed_log_likelihood",164.230249016745,,100,"not_matched_prior",
"gamma",1,"reveal_25","gibbs_mci","gamma-001-reveal_25-gibbs_mci","sigma",0.1925825832251,,100,"inadequate_convergence_or_ess",
"gamma",1,"reveal_25","gibbs_mci","gamma-001-reveal_25-gibbs_mci","mean_row_1",1.04691473084914,,100,"inadequate_convergence_or_ess",
"gamma",1,"reveal_25","gibbs_mci","gamma-001-reveal_25-gibbs_mci","mean_row_159",1.34645896250066,37,100,"eligible",97.0762095352529
"gamma",1,"reveal_25","gibbs_mci","gamma-001-reveal_25-gibbs_mci","mean_row_316",1.37313908806136,,100,"inadequate_convergence_or_ess",
"gamma",1,"reveal_25","gibbs_mci","gamma-001-reveal_25-gibbs_mci","mean_row_474",2.20616278228092,86,100,"eligible",129.631180523968
"gamma",1,"reveal_25","gibbs_mci","gamma-001-reveal_25-gibbs_mci","mean_row_631",0.604868141410952,,100,"inadequate_convergence_or_ess",
"gamma",1,"reveal_25","gibbs_mci","gamma-001-reveal_25-gibbs_mci","mean_row_789",1.06808119745435,62,100,"eligible",165.077475585433
"gamma",1,"reveal_25","gibbs_mci","gamma-001-reveal_25-gibbs_mci","mean_row_946",1.80629127760578,26,100,"eligible",126.998308019571
"gamma",1,"reveal_25","gibbs_mci","gamma-001-reveal_25-gibbs_mci","mean_row_1104",1.53641321578374,,100,"residual_autocorrelation",60.9434342543693
"gamma",1,"reveal_25","gibbs_mci","gamma-001-reveal_25-gibbs_mci","interaction_row_97",0.0167366068923533,,100,"inadequate_convergence_or_ess",
"gamma",1,"reveal_25","gibbs_mci","gamma-001-reveal_25-gibbs_mci","interaction_row_241",0.560161181616543,,100,"inadequate_convergence_or_ess",
"gamma",1,"reveal_25","gibbs_mci","gamma-001-reveal_25-gibbs_mci","interaction_row_385",-0.00345078329805612,,100,"inadequate_convergence_or_ess",
"gamma",1,"reveal_25","gibbs_mci","gamma-001-reveal_25-gibbs_mci","interaction_row_529",-0.0172607751403771,,100,"inadequate_convergence_or_ess",
"gamma",1,"reveal_25","gibbs_mci","gamma-001-reveal_25-gibbs_mci","interaction_row_672",0.0103434245669878,,100,"inadequate_convergence_or_ess",
"gamma",1,"reveal_25","gibbs_mci","gamma-001-reveal_25-gibbs_mci","interaction_row_816",-0.140288672811045,,100,"inadequate_convergence_or_ess",
"gamma",1,"reveal_25","gibbs_mci","gamma-001-reveal_25-gibbs_mci","interaction_row_960",-0.0171341375227211,46,100,"eligible",178.738019214667
"gamma",1,"reveal_25","gibbs_mci","gamma-001-reveal_25-gibbs_mci","interaction_row_1104",0.0688769602440289,,100,"inadequate_convergence_or_ess",
"gamma",1,"reveal_25","gibbs_mci","gamma-001-reveal_25-gibbs_mci","observed_log_likelihood",83.0862999028079,,100,"inadequate_convergence_or_ess",
"multiplicative_gamma",1,"reveal_25","gibbs_mci","multiplicative_gamma-001-reveal_25-gibbs_mci","sigma",0.17383452523825,,100,"inadequate_convergence_or_ess",
"multiplicative_gamma",1,"reveal_25","gibbs_mci","multiplicative_gamma-001-reveal_25-gibbs_mci","mean_row_1",0.677729396680948,,100,"inadequate_convergence_or_ess",
"multiplicative_gamma",1,"reveal_25","gibbs_mci","multiplicative_gamma-001-reveal_25-gibbs_mci","mean_row_159",-0.260309118551177,21,100,"eligible",95.3459517944706
"multiplicative_gamma",1,"reveal_25","gibbs_mci","multiplicative_gamma-001-reveal_25-gibbs_mci","mean_row_316",0.545864093787275,,100,"inadequate_convergence_or_ess",
"multiplicative_gamma",1,"reveal_25","gibbs_mci","multiplicative_gamma-001-reveal_25-gibbs_mci","mean_row_474",1.42868689563844,95,100,"eligible",137.185076557991
"multiplicative_gamma",1,"reveal_25","gibbs_mci","multiplicative_gamma-001-reveal_25-gibbs_mci","mean_row_631",0.374233918989992,,100,"inadequate_convergence_or_ess",
"multiplicative_gamma",1,"reveal_25","gibbs_mci","multiplicative_gamma-001-reveal_25-gibbs_mci","mean_row_789",0.110288596752388,12,100,"eligible",111.959155027828
"multiplicative_gamma",1,"reveal_25","gibbs_mci","multiplicative_gamma-001-reveal_25-gibbs_mci","mean_row_946",2.12626523672859,,100,"inadequate_convergence_or_ess",
"multiplicative_gamma",1,"reveal_25","gibbs_mci","multiplicative_gamma-001-reveal_25-gibbs_mci","mean_row_1104",1.95909710458649,,100,"residual_autocorrelation",89.3502684197408
"multiplicative_gamma",1,"reveal_25","gibbs_mci","multiplicative_gamma-001-reveal_25-gibbs_mci","interaction_row_97",-0.569127476813453,,100,"inadequate_convergence_or_ess",
"multiplicative_gamma",1,"reveal_25","gibbs_mci","multiplicative_gamma-001-reveal_25-gibbs_mci","interaction_row_241",0.511623201177388,,100,"inadequate_convergence_or_ess",
"multiplicative_gamma",1,"reveal_25","gibbs_mci","multiplicative_gamma-001-reveal_25-gibbs_mci","interaction_row_385",1.29935993027092,90,100,"eligible",173.938173899088
"multiplicative_gamma",1,"reveal_25","gibbs_mci","multiplicative_gamma-001-reveal_25-gibbs_mci","interaction_row_529",0.431002740695594,96,100,"eligible",107.976780001496
"multiplicative_gamma",1,"reveal_25","gibbs_mci","multiplicative_gamma-001-reveal_25-gibbs_mci","interaction_row_672",0.0116594260027712,,100,"inadequate_convergence_or_ess",
"multiplicative_gamma",1,"reveal_25","gibbs_mci","multiplicative_gamma-001-reveal_25-gibbs_mci","interaction_row_816",-0.0312986093501422,50,100,"eligible",114.530918443431
"multiplicative_gamma",1,"reveal_25","gibbs_mci","multiplicative_gamma-001-reveal_25-gibbs_mci","interaction_row_960",0.0346722385133697,,100,"inadequate_convergence_or_ess",
"multiplicative_gamma",1,"reveal_25","gibbs_mci","multiplicative_gamma-001-reveal_25-gibbs_mci","interaction_row_1104",0.0215690816049054,70,100,"eligible",133.30929942531
"multiplicative_gamma",1,"reveal_25","gibbs_mci","multiplicative_gamma-001-reveal_25-gibbs_mci","observed_log_likelihood",118.470760024953,,100,"inadequate_convergence_or_ess",
"horseshoe",1,"reveal_25","gibbs_mci","horseshoe-001-reveal_25-gibbs_mci","sigma",0.190606242619065,,100,"inadequate_convergence_or_ess",
"horseshoe",1,"reveal_25","gibbs_mci","horseshoe-001-reveal_25-gibbs_mci","mean_row_1",11.6790070547579,,100,"inadequate_convergence_or_ess",
"horseshoe",1,"reveal_25","gibbs_mci","horseshoe-001-reveal_25-gibbs_mci","mean_row_159",375.553240599355,,100,"inadequate_convergence_or_ess",
"horseshoe",1,"reveal_25","gibbs_mci","horseshoe-001-reveal_25-gibbs_mci","mean_row_316",-435.47633109324,,100,"inadequate_convergence_or_ess",
"horseshoe",1,"reveal_25","gibbs_mci","horseshoe-001-reveal_25-gibbs_mci","mean_row_474",15.2491148401168,,100,"inadequate_convergence_or_ess",
"horseshoe",1,"reveal_25","gibbs_mci","horseshoe-001-reveal_25-gibbs_mci","mean_row_631",113.422723629128,,100,"inadequate_convergence_or_ess",
"horseshoe",1,"reveal_25","gibbs_mci","horseshoe-001-reveal_25-gibbs_mci","mean_row_789",51.8352729725745,,100,"inadequate_convergence_or_ess",
"horseshoe",1,"reveal_25","gibbs_mci","horseshoe-001-reveal_25-gibbs_mci","mean_row_946",5.64912200407939,,100,"inadequate_convergence_or_ess",
"horseshoe",1,"reveal_25","gibbs_mci","horseshoe-001-reveal_25-gibbs_mci","mean_row_1104",260.43866023267,,100,"inadequate_convergence_or_ess",
"horseshoe",1,"reveal_25","gibbs_mci","horseshoe-001-reveal_25-gibbs_mci","interaction_row_97",-176.575928566082,,100,"inadequate_convergence_or_ess",
"horseshoe",1,"reveal_25","gibbs_mci","horseshoe-001-reveal_25-gibbs_mci","interaction_row_241",43.4726333581712,,100,"inadequate_convergence_or_ess",
"horseshoe",1,"reveal_25","gibbs_mci","horseshoe-001-reveal_25-gibbs_mci","interaction_row_385",29.3184991851646,,100,"inadequate_convergence_or_ess",
"horseshoe",1,"reveal_25","gibbs_mci","horseshoe-001-reveal_25-gibbs_mci","interaction_row_529",-42.1065165501833,,100,"inadequate_convergence_or_ess",
"horseshoe",1,"reveal_25","gibbs_mci","horseshoe-001-reveal_25-gibbs_mci","interaction_row_672",854.448290634839,,100,"inadequate_convergence_or_ess",
"horseshoe",1,"reveal_25","gibbs_mci","horseshoe-001-reveal_25-gibbs_mci","interaction_row_816",718.82819728522,,100,"inadequate_convergence_or_ess",
"horseshoe",1,"reveal_25","gibbs_mci","horseshoe-001-reveal_25-gibbs_mci","interaction_row_960",-107.233444045474,,100,"inadequate_convergence_or_ess",
"horseshoe",1,"reveal_25","gibbs_mci","horseshoe-001-reveal_25-gibbs_mci","interaction_row_1104",13.7960147886859,,100,"inadequate_convergence_or_ess",
"horseshoe",1,"reveal_25","gibbs_mci","horseshoe-001-reveal_25-gibbs_mci","observed_log_likelihood",67.6303746890922,,100,"inadequate_convergence_or_ess",
"realism",1,"reveal_25","gibbs_mci","realism-001-reveal_25-gibbs_mci","sigma",0.2,,100,"not_matched_prior",
"realism",1,"reveal_25","gibbs_mci","realism-001-reveal_25-gibbs_mci","mean_row_1",1.28212671504974,,100,"not_matched_prior",
"realism",1,"reveal_25","gibbs_mci","realism-001-reveal_25-gibbs_mci","mean_row_159",0.290258090807345,,100,"not_matched_prior",
"realism",1,"reveal_25","gibbs_mci","realism-001-reveal_25-gibbs_mci","mean_row_316",0.661746260299268,,100,"not_matched_prior",
"realism",1,"reveal_25","gibbs_mci","realism-001-reveal_25-gibbs_mci","mean_row_474",0.144572578625982,,100,"not_matched_prior",
"realism",1,"reveal_25","gibbs_mci","realism-001-reveal_25-gibbs_mci","mean_row_631",0.67743206184633,,100,"not_matched_prior",
"realism",1,"reveal_25","gibbs_mci","realism-001-reveal_25-gibbs_mci","mean_row_789",-0.878988852371586,,100,"not_matched_prior",
"realism",1,"reveal_25","gibbs_mci","realism-001-reveal_25-gibbs_mci","mean_row_946",1.02308190641508,,100,"not_matched_prior",
"realism",1,"reveal_25","gibbs_mci","realism-001-reveal_25-gibbs_mci","mean_row_1104",-1.1224864041086,,100,"not_matched_prior",
"realism",1,"reveal_25","gibbs_mci","realism-001-reveal_25-gibbs_mci","interaction_row_97",0.0226662804548294,,100,"not_matched_prior",
"realism",1,"reveal_25","gibbs_mci","realism-001-reveal_25-gibbs_mci","interaction_row_241",0.0400158926932519,,100,"not_matched_prior",
"realism",1,"reveal_25","gibbs_mci","realism-001-reveal_25-gibbs_mci","interaction_row_385",0.0515458738434614,,100,"not_matched_prior",
"realism",1,"reveal_25","gibbs_mci","realism-001-reveal_25-gibbs_mci","interaction_row_529",0.037040685735782,,100,"not_matched_prior",
"realism",1,"reveal_25","gibbs_mci","realism-001-reveal_25-gibbs_mci","interaction_row_672",0.0842519987026288,,100,"not_matched_prior",
"realism",1,"reveal_25","gibbs_mci","realism-001-reveal_25-gibbs_mci","interaction_row_816",0.0973934851537901,,100,"not_matched_prior",
"realism",1,"reveal_25","gibbs_mci","realism-001-reveal_25-gibbs_mci","interaction_row_960",0.0594638996300946,,100,"not_matched_prior",
"realism",1,"reveal_25","gibbs_mci","realism-001-reveal_25-gibbs_mci","interaction_row_1104",-0.0174645934784182,,100,"not_matched_prior",
"realism",1,"reveal_25","gibbs_mci","realism-001-reveal_25-gibbs_mci","observed_log_likelihood",66.7983846727024,,100,"not_matched_prior",
"gamma",2,"reveal_25","gibbs_mci","gamma-002-reveal_25-gibbs_mci","sigma",0.194460844292361,,100,"inadequate_convergence_or_ess",
"gamma",2,"reveal_25","gibbs_mci","gamma-002-reveal_25-gibbs_mci","mean_row_1",0.828857224164596,,100,"residual_autocorrelation",88.7815292450839
"gamma",2,"reveal_25","gibbs_mci","gamma-002-reveal_25-gibbs_mci","mean_row_159",0.511840097108777,24,100,"eligible",135.456996873247
"gamma",2,"reveal_25","gibbs_mci","gamma-002-reveal_25-gibbs_mci","mean_row_316",1.63557809373151,63,100,"eligible",100.989085263802
"gamma",2,"reveal_25","gibbs_mci","gamma-002-reveal_25-gibbs_mci","mean_row_474",1.90575461892756,55,100,"eligible",91.504426260495
"gamma",2,"reveal_25","gibbs_mci","gamma-002-reveal_25-gibbs_mci","mean_row_631",1.05088009869301,,100,"residual_autocorrelation",28.3285872243378
"gamma",2,"reveal_25","gibbs_mci","gamma-002-reveal_25-gibbs_mci","mean_row_789",1.09961312347338,,100,"inadequate_convergence_or_ess",
"gamma",2,"reveal_25","gibbs_mci","gamma-002-reveal_25-gibbs_mci","mean_row_946",1.62792429631985,9,100,"eligible",91.1404469822914
"gamma",2,"reveal_25","gibbs_mci","gamma-002-reveal_25-gibbs_mci","mean_row_1104",1.0827198198861,,100,"inadequate_convergence_or_ess",
"gamma",2,"reveal_25","gibbs_mci","gamma-002-reveal_25-gibbs_mci","interaction_row_97",-0.140511309937066,,100,"inadequate_convergence_or_ess",
"gamma",2,"reveal_25","gibbs_mci","gamma-002-reveal_25-gibbs_mci","interaction_row_241",-0.438109402882649,,100,"inadequate_convergence_or_ess",
"gamma",2,"reveal_25","gibbs_mci","gamma-002-reveal_25-gibbs_mci","interaction_row_385",0.0486397719839204,25,100,"eligible",111.191905267044
"gamma",2,"reveal_25","gibbs_mci","gamma-002-reveal_25-gibbs_mci","interaction_row_529",-0.129411636692953,,100,"residual_autocorrelation",67.3829232037754
"gamma",2,"reveal_25","gibbs_mci","gamma-002-reveal_25-gibbs_mci","interaction_row_672",-0.102648421777194,32,100,"eligible",94.7166704702818
"gamma",2,"reveal_25","gibbs_mci","gamma-002-reveal_25-gibbs_mci","interaction_row_816",-0.0787531855670886,45,100,"eligible",117.442618506509
"gamma",2,"reveal_25","gibbs_mci","gamma-002-reveal_25-gibbs_mci","interaction_row_960",-0.115372504016929,,100,"inadequate_convergence_or_ess",
"gamma",2,"reveal_25","gibbs_mci","gamma-002-reveal_25-gibbs_mci","interaction_row_1104",-0.159381987496369,,100,"inadequate_convergence_or_ess",
"gamma",2,"reveal_25","gibbs_mci","gamma-002-reveal_25-gibbs_mci","observed_log_likelihood",87.8589476026941,,100,"inadequate_convergence_or_ess",
"multiplicative_gamma",2,"reveal_25","gibbs_mci","multiplicative_gamma-002-reveal_25-gibbs_mci","sigma",0.267389692607089,,100,"inadequate_convergence_or_ess",
"multiplicative_gamma",2,"reveal_25","gibbs_mci","multiplicative_gamma-002-reveal_25-gibbs_mci","mean_row_1",1.07646219599083,,100,"inadequate_convergence_or_ess",
"multiplicative_gamma",2,"reveal_25","gibbs_mci","multiplicative_gamma-002-reveal_25-gibbs_mci","mean_row_159",1.42360299249878,,100,"residual_autocorrelation",34.0249287169807
"multiplicative_gamma",2,"reveal_25","gibbs_mci","multiplicative_gamma-002-reveal_25-gibbs_mci","mean_row_316",5.10789866207596,42,100,"eligible",118.944510388447
"multiplicative_gamma",2,"reveal_25","gibbs_mci","multiplicative_gamma-002-reveal_25-gibbs_mci","mean_row_474",-0.368024426132337,,100,"inadequate_convergence_or_ess",
"multiplicative_gamma",2,"reveal_25","gibbs_mci","multiplicative_gamma-002-reveal_25-gibbs_mci","mean_row_631",1.55864626829902,51,100,"eligible",105.883350125106
"multiplicative_gamma",2,"reveal_25","gibbs_mci","multiplicative_gamma-002-reveal_25-gibbs_mci","mean_row_789",2.71577244922431,92,100,"eligible",142.119556070248
"multiplicative_gamma",2,"reveal_25","gibbs_mci","multiplicative_gamma-002-reveal_25-gibbs_mci","mean_row_946",0.794738503110348,,100,"inadequate_convergence_or_ess",
"multiplicative_gamma",2,"reveal_25","gibbs_mci","multiplicative_gamma-002-reveal_25-gibbs_mci","mean_row_1104",3.65884178743107,96,100,"eligible",112.96643062542
"multiplicative_gamma",2,"reveal_25","gibbs_mci","multiplicative_gamma-002-reveal_25-gibbs_mci","interaction_row_97",0.251257464125779,,100,"inadequate_convergence_or_ess",
"multiplicative_gamma",2,"reveal_25","gibbs_mci","multiplicative_gamma-002-reveal_25-gibbs_mci","interaction_row_241",0.209060399258723,,100,"inadequate_convergence_or_ess",
"multiplicative_gamma",2,"reveal_25","gibbs_mci","multiplicative_gamma-002-reveal_25-gibbs_mci","interaction_row_385",0.129301964158482,,100,"inadequate_convergence_or_ess",
"multiplicative_gamma",2,"reveal_25","gibbs_mci","multiplicative_gamma-002-reveal_25-gibbs_mci","interaction_row_529",-0.182521225281953,,100,"inadequate_convergence_or_ess",
"multiplicative_gamma",2,"reveal_25","gibbs_mci","multiplicative_gamma-002-reveal_25-gibbs_mci","interaction_row_672",-0.0559537313884641,,100,"inadequate_convergence_or_ess",
"multiplicative_gamma",2,"reveal_25","gibbs_mci","multiplicative_gamma-002-reveal_25-gibbs_mci","interaction_row_816",-0.062488608375925,,100,"inadequate_convergence_or_ess",
"multiplicative_gamma",2,"reveal_25","gibbs_mci","multiplicative_gamma-002-reveal_25-gibbs_mci","interaction_row_960",-0.0102764684079378,,100,"inadequate_convergence_or_ess",
"multiplicative_gamma",2,"reveal_25","gibbs_mci","multiplicative_gamma-002-reveal_25-gibbs_mci","interaction_row_1104",0.0144397670917016,,100,"inadequate_convergence_or_ess",
"multiplicative_gamma",2,"reveal_25","gibbs_mci","multiplicative_gamma-002-reveal_25-gibbs_mci","observed_log_likelihood",-21.603710370459,,100,"inadequate_convergence_or_ess",
"horseshoe",2,"reveal_25","gibbs_mci","horseshoe-002-reveal_25-gibbs_mci","sigma",0.189927777059026,,100,"inadequate_convergence_or_ess",
"horseshoe",2,"reveal_25","gibbs_mci","horseshoe-002-reveal_25-gibbs_mci","mean_row_1",1.63332808984905,,100,"inadequate_convergence_or_ess",
"horseshoe",2,"reveal_25","gibbs_mci","horseshoe-002-reveal_25-gibbs_mci","mean_row_159",395.820382603713,,100,"inadequate_convergence_or_ess",
"horseshoe",2,"reveal_25","gibbs_mci","horseshoe-002-reveal_25-gibbs_mci","mean_row_316",1237.16832171111,,100,"inadequate_convergence_or_ess",
"horseshoe",2,"reveal_25","gibbs_mci","horseshoe-002-reveal_25-gibbs_mci","mean_row_474",526.955289861148,,100,"inadequate_convergence_or_ess",
"horseshoe",2,"reveal_25","gibbs_mci","horseshoe-002-reveal_25-gibbs_mci","mean_row_631",14.2908021755202,,100,"inadequate_convergence_or_ess",
"horseshoe",2,"reveal_25","gibbs_mci","horseshoe-002-reveal_25-gibbs_mci","mean_row_789",-377.680061858569,,100,"inadequate_convergence_or_ess",
"horseshoe",2,"reveal_25","gibbs_mci","horseshoe-002-reveal_25-gibbs_mci","mean_row_946",2660.32855269594,,100,"inadequate_convergence_or_ess",
"horseshoe",2,"reveal_25","gibbs_mci","horseshoe-002-reveal_25-gibbs_mci","mean_row_1104",108.380271997557,,100,"inadequate_convergence_or_ess",
"horseshoe",2,"reveal_25","gibbs_mci","horseshoe-002-reveal_25-gibbs_mci","interaction_row_97",731.724675167269,,100,"inadequate_convergence_or_ess",
"horseshoe",2,"reveal_25","gibbs_mci","horseshoe-002-reveal_25-gibbs_mci","interaction_row_241",122.186307480769,,100,"inadequate_convergence_or_ess",
"horseshoe",2,"reveal_25","gibbs_mci","horseshoe-002-reveal_25-gibbs_mci","interaction_row_385",782.385191774304,,100,"inadequate_convergence_or_ess",
"horseshoe",2,"reveal_25","gibbs_mci","horseshoe-002-reveal_25-gibbs_mci","interaction_row_529",-81.1754510248101,,100,"inadequate_convergence_or_ess",
"horseshoe",2,"reveal_25","gibbs_mci","horseshoe-002-reveal_25-gibbs_mci","interaction_row_672",-50.3070367281848,,100,"inadequate_convergence_or_ess",
"horseshoe",2,"reveal_25","gibbs_mci","horseshoe-002-reveal_25-gibbs_mci","interaction_row_816",-30.2151546799699,,100,"inadequate_convergence_or_ess",
"horseshoe",2,"reveal_25","gibbs_mci","horseshoe-002-reveal_25-gibbs_mci","interaction_row_960",-49.146170288929,,100,"inadequate_convergence_or_ess",
"horseshoe",2,"reveal_25","gibbs_mci","horseshoe-002-reveal_25-gibbs_mci","interaction_row_1104",88.1664855641476,,100,"inadequate_convergence_or_ess",
"horseshoe",2,"reveal_25","gibbs_mci","horseshoe-002-reveal_25-gibbs_mci","observed_log_likelihood",86.6823267975792,,100,"inadequate_convergence_or_ess",
"realism",2,"reveal_25","gibbs_mci","realism-002-reveal_25-gibbs_mci","sigma",0.2,,100,"not_matched_prior",
"realism",2,"reveal_25","gibbs_mci","realism-002-reveal_25-gibbs_mci","mean_row_1",1.86369699409329,,100,"not_matched_prior",
"realism",2,"reveal_25","gibbs_mci","realism-002-reveal_25-gibbs_mci","mean_row_159",-0.104735160527228,,100,"not_matched_prior",
"realism",2,"reveal_25","gibbs_mci","realism-002-reveal_25-gibbs_mci","mean_row_316",1.71898072497714,,100,"not_matched_prior",
"realism",2,"reveal_25","gibbs_mci","realism-002-reveal_25-gibbs_mci","mean_row_474",0.867907530627109,,100,"not_matched_prior",
"realism",2,"reveal_25","gibbs_mci","realism-002-reveal_25-gibbs_mci","mean_row_631",-0.250508126802646,,100,"not_matched_prior",
"realism",2,"reveal_25","gibbs_mci","realism-002-reveal_25-gibbs_mci","mean_row_789",-0.100548786069017,,100,"not_matched_prior",
"realism",2,"reveal_25","gibbs_mci","realism-002-reveal_25-gibbs_mci","mean_row_946",-0.384996882246056,,100,"not_matched_prior",
"realism",2,"reveal_25","gibbs_mci","realism-002-reveal_25-gibbs_mci","mean_row_1104",-0.524709661333975,,100,"not_matched_prior",
"realism",2,"reveal_25","gibbs_mci","realism-002-reveal_25-gibbs_mci","interaction_row_97",-0.00732271929020765,,100,"not_matched_prior",
"realism",2,"reveal_25","gibbs_mci","realism-002-reveal_25-gibbs_mci","interaction_row_241",-0.0373784964204008,,100,"not_matched_prior",
"realism",2,"reveal_25","gibbs_mci","realism-002-reveal_25-gibbs_mci","interaction_row_385",0.0404755472178663,,100,"not_matched_prior",
"realism",2,"reveal_25","gibbs_mci","realism-002-reveal_25-gibbs_mci","interaction_row_529",-0.0188713121821498,,100,"not_matched_prior",
"realism",2,"reveal_25","gibbs_mci","realism-002-reveal_25-gibbs_mci","interaction_row_672",0.00969026457275058,,100,"not_matched_prior",
"realism",2,"reveal_25","gibbs_mci","realism-002-reveal_25-gibbs_mci","interaction_row_816",0.0271513552285496,,100,"not_matched_prior",
"realism",2,"reveal_25","gibbs_mci","realism-002-reveal_25-gibbs_mci","interaction_row_960",-0.0388509990147549,,100,"not_matched_prior",
"realism",2,"reveal_25","gibbs_mci","realism-002-reveal_25-gibbs_mci","interaction_row_1104",0.00413248568749138,,100,"not_matched_prior",
"realism",2,"reveal_25","gibbs_mci","realism-002-reveal_25-gibbs_mci","observed_log_likelihood",66.6254433225788,,100,"not_matched_prior",
"gamma",1,"reveal_75","gibbs_mci","gamma-001-reveal_75-gibbs_mci","sigma",0.1925825832251,42,100,"eligible",142.764367242132
"gamma",1,"reveal_75","gibbs_mci","gamma-001-reveal_75-gibbs_mci","mean_row_1",1.04691473084914,,100,"inadequate_convergence_or_ess",
"gamma",1,"reveal_75","gibbs_mci","gamma-001-reveal_75-gibbs_mci","mean_row_159",1.34645896250066,46,100,"eligible",134.099653572149
"gamma",1,"reveal_75","gibbs_mci","gamma-001-reveal_75-gibbs_mci","mean_row_316",1.37313908806136,,100,"residual_autocorrelation",70.6061401948628
"gamma",1,"reveal_75","gibbs_mci","gamma-001-reveal_75-gibbs_mci","mean_row_474",2.20616278228092,95,100,"eligible",104.197376807963
"gamma",1,"reveal_75","gibbs_mci","gamma-001-reveal_75-gibbs_mci","mean_row_631",0.604868141410952,30,100,"eligible",91.2034787750066
"gamma",1,"reveal_75","gibbs_mci","gamma-001-reveal_75-gibbs_mci","mean_row_789",1.06808119745435,,100,"inadequate_convergence_or_ess",
"gamma",1,"reveal_75","gibbs_mci","gamma-001-reveal_75-gibbs_mci","mean_row_946",1.80629127760578,91,100,"eligible",105.090427415084
"gamma",1,"reveal_75","gibbs_mci","gamma-001-reveal_75-gibbs_mci","mean_row_1104",1.53641321578374,90,100,"eligible",123.190563230487
"gamma",1,"reveal_75","gibbs_mci","gamma-001-reveal_75-gibbs_mci","interaction_row_97",0.0167366068923533,,100,"inadequate_convergence_or_ess",
"gamma",1,"reveal_75","gibbs_mci","gamma-001-reveal_75-gibbs_mci","interaction_row_241",0.560161181616543,,100,"inadequate_convergence_or_ess",
"gamma",1,"reveal_75","gibbs_mci","gamma-001-reveal_75-gibbs_mci","interaction_row_385",-0.00345078329805612,38,100,"eligible",101.162881528751
"gamma",1,"reveal_75","gibbs_mci","gamma-001-reveal_75-gibbs_mci","interaction_row_529",-0.0172607751403771,,100,"inadequate_convergence_or_ess",
"gamma",1,"reveal_75","gibbs_mci","gamma-001-reveal_75-gibbs_mci","interaction_row_672",0.0103434245669878,,100,"inadequate_convergence_or_ess",
"gamma",1,"reveal_75","gibbs_mci","gamma-001-reveal_75-gibbs_mci","interaction_row_816",-0.140288672811045,,100,"inadequate_convergence_or_ess",
"gamma",1,"reveal_75","gibbs_mci","gamma-001-reveal_75-gibbs_mci","interaction_row_960",-0.0171341375227211,,100,"inadequate_convergence_or_ess",
"gamma",1,"reveal_75","gibbs_mci","gamma-001-reveal_75-gibbs_mci","interaction_row_1104",0.0688769602440289,,100,"inadequate_convergence_or_ess",
"gamma",1,"reveal_75","gibbs_mci","gamma-001-reveal_75-gibbs_mci","observed_log_likelihood",186.957663807886,,100,"inadequate_convergence_or_ess",
"multiplicative_gamma",1,"reveal_75","gibbs_mci","multiplicative_gamma-001-reveal_75-gibbs_mci","sigma",0.17383452523825,,100,"inadequate_convergence_or_ess",
"multiplicative_gamma",1,"reveal_75","gibbs_mci","multiplicative_gamma-001-reveal_75-gibbs_mci","mean_row_1",0.677729396680948,,100,"inadequate_convergence_or_ess",
"multiplicative_gamma",1,"reveal_75","gibbs_mci","multiplicative_gamma-001-reveal_75-gibbs_mci","mean_row_159",-0.260309118551177,,100,"inadequate_convergence_or_ess",
"multiplicative_gamma",1,"reveal_75","gibbs_mci","multiplicative_gamma-001-reveal_75-gibbs_mci","mean_row_316",0.545864093787275,,100,"inadequate_convergence_or_ess",
"multiplicative_gamma",1,"reveal_75","gibbs_mci","multiplicative_gamma-001-reveal_75-gibbs_mci","mean_row_474",1.42868689563844,84,100,"eligible",124.569285950198
"multiplicative_gamma",1,"reveal_75","gibbs_mci","multiplicative_gamma-001-reveal_75-gibbs_mci","mean_row_631",0.374233918989992,,100,"inadequate_convergence_or_ess",
"multiplicative_gamma",1,"reveal_75","gibbs_mci","multiplicative_gamma-001-reveal_75-gibbs_mci","mean_row_789",0.110288596752388,,100,"inadequate_convergence_or_ess",
"multiplicative_gamma",1,"reveal_75","gibbs_mci","multiplicative_gamma-001-reveal_75-gibbs_mci","mean_row_946",2.12626523672859,,100,"inadequate_convergence_or_ess",
"multiplicative_gamma",1,"reveal_75","gibbs_mci","multiplicative_gamma-001-reveal_75-gibbs_mci","mean_row_1104",1.95909710458649,,100,"inadequate_convergence_or_ess",
"multiplicative_gamma",1,"reveal_75","gibbs_mci","multiplicative_gamma-001-reveal_75-gibbs_mci","interaction_row_97",-0.569127476813453,,100,"inadequate_convergence_or_ess",
"multiplicative_gamma",1,"reveal_75","gibbs_mci","multiplicative_gamma-001-reveal_75-gibbs_mci","interaction_row_241",0.511623201177388,,100,"inadequate_convergence_or_ess",
"multiplicative_gamma",1,"reveal_75","gibbs_mci","multiplicative_gamma-001-reveal_75-gibbs_mci","interaction_row_385",1.29935993027092,,100,"inadequate_convergence_or_ess",
"multiplicative_gamma",1,"reveal_75","gibbs_mci","multiplicative_gamma-001-reveal_75-gibbs_mci","interaction_row_529",0.431002740695594,,100,"inadequate_convergence_or_ess",
"multiplicative_gamma",1,"reveal_75","gibbs_mci","multiplicative_gamma-001-reveal_75-gibbs_mci","interaction_row_672",0.0116594260027712,,100,"inadequate_convergence_or_ess",
"multiplicative_gamma",1,"reveal_75","gibbs_mci","multiplicative_gamma-001-reveal_75-gibbs_mci","interaction_row_816",-0.0312986093501422,,100,"inadequate_convergence_or_ess",
"multiplicative_gamma",1,"reveal_75","gibbs_mci","multiplicative_gamma-001-reveal_75-gibbs_mci","interaction_row_960",0.0346722385133697,,100,"inadequate_convergence_or_ess",
"multiplicative_gamma",1,"reveal_75","gibbs_mci","multiplicative_gamma-001-reveal_75-gibbs_mci","interaction_row_1104",0.0215690816049054,,100,"inadequate_convergence_or_ess",
"multiplicative_gamma",1,"reveal_75","gibbs_mci","multiplicative_gamma-001-reveal_75-gibbs_mci","observed_log_likelihood",257.008008958719,,100,"inadequate_convergence_or_ess",
"horseshoe",1,"reveal_75","gibbs_mci","horseshoe-001-reveal_75-gibbs_mci","sigma",0.190606242619065,,100,"inadequate_convergence_or_ess",
"horseshoe",1,"reveal_75","gibbs_mci","horseshoe-001-reveal_75-gibbs_mci","mean_row_1",11.6790070547579,,100,"inadequate_convergence_or_ess",
"horseshoe",1,"reveal_75","gibbs_mci","horseshoe-001-reveal_75-gibbs_mci","mean_row_159",375.553240599355,,100,"inadequate_convergence_or_ess",
"horseshoe",1,"reveal_75","gibbs_mci","horseshoe-001-reveal_75-gibbs_mci","mean_row_316",-435.47633109324,,100,"inadequate_convergence_or_ess",
"horseshoe",1,"reveal_75","gibbs_mci","horseshoe-001-reveal_75-gibbs_mci","mean_row_474",15.2491148401168,,100,"inadequate_convergence_or_ess",
"horseshoe",1,"reveal_75","gibbs_mci","horseshoe-001-reveal_75-gibbs_mci","mean_row_631",113.422723629128,,100,"inadequate_convergence_or_ess",
"horseshoe",1,"reveal_75","gibbs_mci","horseshoe-001-reveal_75-gibbs_mci","mean_row_789",51.8352729725745,,100,"inadequate_convergence_or_ess",
"horseshoe",1,"reveal_75","gibbs_mci","horseshoe-001-reveal_75-gibbs_mci","mean_row_946",5.64912200407939,,100,"inadequate_convergence_or_ess",
"horseshoe",1,"reveal_75","gibbs_mci","horseshoe-001-reveal_75-gibbs_mci","mean_row_1104",260.43866023267,,100,"inadequate_convergence_or_ess",
"horseshoe",1,"reveal_75","gibbs_mci","horseshoe-001-reveal_75-gibbs_mci","interaction_row_97",-176.575928566082,,100,"inadequate_convergence_or_ess",
"horseshoe",1,"reveal_75","gibbs_mci","horseshoe-001-reveal_75-gibbs_mci","interaction_row_241",43.4726333581712,,100,"inadequate_convergence_or_ess",
"horseshoe",1,"reveal_75","gibbs_mci","horseshoe-001-reveal_75-gibbs_mci","interaction_row_385",29.3184991851646,,100,"inadequate_convergence_or_ess",
"horseshoe",1,"reveal_75","gibbs_mci","horseshoe-001-reveal_75-gibbs_mci","interaction_row_529",-42.1065165501833,,100,"inadequate_convergence_or_ess",
"horseshoe",1,"reveal_75","gibbs_mci","horseshoe-001-reveal_75-gibbs_mci","interaction_row_672",854.448290634839,,100,"inadequate_convergence_or_ess",
"horseshoe",1,"reveal_75","gibbs_mci","horseshoe-001-reveal_75-gibbs_mci","interaction_row_816",718.82819728522,,100,"inadequate_convergence_or_ess",
"horseshoe",1,"reveal_75","gibbs_mci","horseshoe-001-reveal_75-gibbs_mci","interaction_row_960",-107.233444045474,,100,"inadequate_convergence_or_ess",
"horseshoe",1,"reveal_75","gibbs_mci","horseshoe-001-reveal_75-gibbs_mci","interaction_row_1104",13.7960147886859,,100,"inadequate_convergence_or_ess",
"horseshoe",1,"reveal_75","gibbs_mci","horseshoe-001-reveal_75-gibbs_mci","observed_log_likelihood",192.095074554516,,100,"inadequate_convergence_or_ess",
"realism",1,"reveal_75","gibbs_mci","realism-001-reveal_75-gibbs_mci","sigma",0.2,,100,"not_matched_prior",
"realism",1,"reveal_75","gibbs_mci","realism-001-reveal_75-gibbs_mci","mean_row_1",1.28212671504974,,100,"not_matched_prior",
"realism",1,"reveal_75","gibbs_mci","realism-001-reveal_75-gibbs_mci","mean_row_159",0.290258090807345,,100,"not_matched_prior",
"realism",1,"reveal_75","gibbs_mci","realism-001-reveal_75-gibbs_mci","mean_row_316",0.661746260299268,,100,"not_matched_prior",
"realism",1,"reveal_75","gibbs_mci","realism-001-reveal_75-gibbs_mci","mean_row_474",0.144572578625982,,100,"not_matched_prior",
"realism",1,"reveal_75","gibbs_mci","realism-001-reveal_75-gibbs_mci","mean_row_631",0.67743206184633,,100,"not_matched_prior",
"realism",1,"reveal_75","gibbs_mci","realism-001-reveal_75-gibbs_mci","mean_row_789",-0.878988852371586,,100,"not_matched_prior",
"realism",1,"reveal_75","gibbs_mci","realism-001-reveal_75-gibbs_mci","mean_row_946",1.02308190641508,,100,"not_matched_prior",
"realism",1,"reveal_75","gibbs_mci","realism-001-reveal_75-gibbs_mci","mean_row_1104",-1.1224864041086,,100,"not_matched_prior",
"realism",1,"reveal_75","gibbs_mci","realism-001-reveal_75-gibbs_mci","interaction_row_97",0.0226662804548294,,100,"not_matched_prior",
"realism",1,"reveal_75","gibbs_mci","realism-001-reveal_75-gibbs_mci","interaction_row_241",0.0400158926932519,,100,"not_matched_prior",
"realism",1,"reveal_75","gibbs_mci","realism-001-reveal_75-gibbs_mci","interaction_row_385",0.0515458738434614,,100,"not_matched_prior",
"realism",1,"reveal_75","gibbs_mci","realism-001-reveal_75-gibbs_mci","interaction_row_529",0.037040685735782,,100,"not_matched_prior",
"realism",1,"reveal_75","gibbs_mci","realism-001-reveal_75-gibbs_mci","interaction_row_672",0.0842519987026288,,100,"not_matched_prior",
"realism",1,"reveal_75","gibbs_mci","realism-001-reveal_75-gibbs_mci","interaction_row_816",0.0973934851537901,,100,"not_matched_prior",
"realism",1,"reveal_75","gibbs_mci","realism-001-reveal_75-gibbs_mci","interaction_row_960",0.0594638996300946,,100,"not_matched_prior",
"realism",1,"reveal_75","gibbs_mci","realism-001-reveal_75-gibbs_mci","interaction_row_1104",-0.0174645934784182,,100,"not_matched_prior",
"realism",1,"reveal_75","gibbs_mci","realism-001-reveal_75-gibbs_mci","observed_log_likelihood",173.480454223922,,100,"not_matched_prior",
"gamma",2,"reveal_75","gibbs_mci","gamma-002-reveal_75-gibbs_mci","sigma",0.194460844292361,,100,"inadequate_convergence_or_ess",
"gamma",2,"reveal_75","gibbs_mci","gamma-002-reveal_75-gibbs_mci","mean_row_1",0.828857224164596,,100,"inadequate_convergence_or_ess",
"gamma",2,"reveal_75","gibbs_mci","gamma-002-reveal_75-gibbs_mci","mean_row_159",0.511840097108777,55,100,"eligible",111.212043028829
"gamma",2,"reveal_75","gibbs_mci","gamma-002-reveal_75-gibbs_mci","mean_row_316",1.63557809373151,,100,"residual_autocorrelation",86.9602116902345
"gamma",2,"reveal_75","gibbs_mci","gamma-002-reveal_75-gibbs_mci","mean_row_474",1.90575461892756,,100,"inadequate_convergence_or_ess",
"gamma",2,"reveal_75","gibbs_mci","gamma-002-reveal_75-gibbs_mci","mean_row_631",1.05088009869301,85,100,"eligible",101.31216097898
"gamma",2,"reveal_75","gibbs_mci","gamma-002-reveal_75-gibbs_mci","mean_row_789",1.09961312347338,,100,"inadequate_convergence_or_ess",
"gamma",2,"reveal_75","gibbs_mci","gamma-002-reveal_75-gibbs_mci","mean_row_946",1.62792429631985,42,100,"eligible",129.866084076704
"gamma",2,"reveal_75","gibbs_mci","gamma-002-reveal_75-gibbs_mci","mean_row_1104",1.0827198198861,,100,"inadequate_convergence_or_ess",
"gamma",2,"reveal_75","gibbs_mci","gamma-002-reveal_75-gibbs_mci","interaction_row_97",-0.140511309937066,,100,"inadequate_convergence_or_ess",
"gamma",2,"reveal_75","gibbs_mci","gamma-002-reveal_75-gibbs_mci","interaction_row_241",-0.438109402882649,,100,"inadequate_convergence_or_ess",
"gamma",2,"reveal_75","gibbs_mci","gamma-002-reveal_75-gibbs_mci","interaction_row_385",0.0486397719839204,,100,"residual_autocorrelation",82.4864479817413
"gamma",2,"reveal_75","gibbs_mci","gamma-002-reveal_75-gibbs_mci","interaction_row_529",-0.129411636692953,,100,"inadequate_convergence_or_ess",
"gamma",2,"reveal_75","gibbs_mci","gamma-002-reveal_75-gibbs_mci","interaction_row_672",-0.102648421777194,,100,"inadequate_convergence_or_ess",
"gamma",2,"reveal_75","gibbs_mci","gamma-002-reveal_75-gibbs_mci","interaction_row_816",-0.0787531855670886,,100,"inadequate_convergence_or_ess",
"gamma",2,"reveal_75","gibbs_mci","gamma-002-reveal_75-gibbs_mci","interaction_row_960",-0.115372504016929,,100,"inadequate_convergence_or_ess",
"gamma",2,"reveal_75","gibbs_mci","gamma-002-reveal_75-gibbs_mci","interaction_row_1104",-0.159381987496369,,100,"inadequate_convergence_or_ess",
"gamma",2,"reveal_75","gibbs_mci","gamma-002-reveal_75-gibbs_mci","observed_log_likelihood",194.935140819341,,100,"inadequate_convergence_or_ess",
"multiplicative_gamma",2,"reveal_75","gibbs_mci","multiplicative_gamma-002-reveal_75-gibbs_mci","sigma",0.267389692607089,,100,"inadequate_convergence_or_ess",
"multiplicative_gamma",2,"reveal_75","gibbs_mci","multiplicative_gamma-002-reveal_75-gibbs_mci","mean_row_1",1.07646219599083,,100,"inadequate_convergence_or_ess",
"multiplicative_gamma",2,"reveal_75","gibbs_mci","multiplicative_gamma-002-reveal_75-gibbs_mci","mean_row_159",1.42360299249878,10,100,"eligible",101.835731184286
"multiplicative_gamma",2,"reveal_75","gibbs_mci","multiplicative_gamma-002-reveal_75-gibbs_mci","mean_row_316",5.10789866207596,,100,"inadequate_convergence_or_ess",
"multiplicative_gamma",2,"reveal_75","gibbs_mci","multiplicative_gamma-002-reveal_75-gibbs_mci","mean_row_474",-0.368024426132337,,100,"inadequate_convergence_or_ess",
"multiplicative_gamma",2,"reveal_75","gibbs_mci","multiplicative_gamma-002-reveal_75-gibbs_mci","mean_row_631",1.55864626829902,,100,"inadequate_convergence_or_ess",
"multiplicative_gamma",2,"reveal_75","gibbs_mci","multiplicative_gamma-002-reveal_75-gibbs_mci","mean_row_789",2.71577244922431,98,100,"eligible",155.041545209235
"multiplicative_gamma",2,"reveal_75","gibbs_mci","multiplicative_gamma-002-reveal_75-gibbs_mci","mean_row_946",0.794738503110348,,100,"inadequate_convergence_or_ess",
"multiplicative_gamma",2,"reveal_75","gibbs_mci","multiplicative_gamma-002-reveal_75-gibbs_mci","mean_row_1104",3.65884178743107,,100,"residual_autocorrelation",82.457293601055
"multiplicative_gamma",2,"reveal_75","gibbs_mci","multiplicative_gamma-002-reveal_75-gibbs_mci","interaction_row_97",0.251257464125779,66,100,"eligible",108.473454122601
"multiplicative_gamma",2,"reveal_75","gibbs_mci","multiplicative_gamma-002-reveal_75-gibbs_mci","interaction_row_241",0.209060399258723,,100,"inadequate_convergence_or_ess",
"multiplicative_gamma",2,"reveal_75","gibbs_mci","multiplicative_gamma-002-reveal_75-gibbs_mci","interaction_row_385",0.129301964158482,,100,"inadequate_convergence_or_ess",
"multiplicative_gamma",2,"reveal_75","gibbs_mci","multiplicative_gamma-002-reveal_75-gibbs_mci","interaction_row_529",-0.182521225281953,,100,"inadequate_convergence_or_ess",
"multiplicative_gamma",2,"reveal_75","gibbs_mci","multiplicative_gamma-002-reveal_75-gibbs_mci","interaction_row_672",-0.0559537313884641,,100,"inadequate_convergence_or_ess",
"multiplicative_gamma",2,"reveal_75","gibbs_mci","multiplicative_gamma-002-reveal_75-gibbs_mci","interaction_row_816",-0.062488608375925,,100,"residual_autocorrelation",78.2342195857443
"multiplicative_gamma",2,"reveal_75","gibbs_mci","multiplicative_gamma-002-reveal_75-gibbs_mci","interaction_row_960",-0.0102764684079378,,100,"inadequate_convergence_or_ess",
"multiplicative_gamma",2,"reveal_75","gibbs_mci","multiplicative_gamma-002-reveal_75-gibbs_mci","interaction_row_1104",0.0144397670917016,,100,"inadequate_convergence_or_ess",
"multiplicative_gamma",2,"reveal_75","gibbs_mci","multiplicative_gamma-002-reveal_75-gibbs_mci","observed_log_likelihood",-79.3783116540159,,100,"inadequate_convergence_or_ess",
"horseshoe",2,"reveal_75","gibbs_mci","horseshoe-002-reveal_75-gibbs_mci","sigma",0.189927777059026,,100,"inadequate_convergence_or_ess",
"horseshoe",2,"reveal_75","gibbs_mci","horseshoe-002-reveal_75-gibbs_mci","mean_row_1",1.63332808984905,,100,"inadequate_convergence_or_ess",
"horseshoe",2,"reveal_75","gibbs_mci","horseshoe-002-reveal_75-gibbs_mci","mean_row_159",395.820382603713,,100,"inadequate_convergence_or_ess",
"horseshoe",2,"reveal_75","gibbs_mci","horseshoe-002-reveal_75-gibbs_mci","mean_row_316",1237.16832171111,,100,"inadequate_convergence_or_ess",
"horseshoe",2,"reveal_75","gibbs_mci","horseshoe-002-reveal_75-gibbs_mci","mean_row_474",526.955289861148,,100,"inadequate_convergence_or_ess",
"horseshoe",2,"reveal_75","gibbs_mci","horseshoe-002-reveal_75-gibbs_mci","mean_row_631",14.2908021755202,,100,"inadequate_convergence_or_ess",
"horseshoe",2,"reveal_75","gibbs_mci","horseshoe-002-reveal_75-gibbs_mci","mean_row_789",-377.680061858569,,100,"inadequate_convergence_or_ess",
"horseshoe",2,"reveal_75","gibbs_mci","horseshoe-002-reveal_75-gibbs_mci","mean_row_946",2660.32855269594,,100,"inadequate_convergence_or_ess",
"horseshoe",2,"reveal_75","gibbs_mci","horseshoe-002-reveal_75-gibbs_mci","mean_row_1104",108.380271997557,,100,"inadequate_convergence_or_ess",
"horseshoe",2,"reveal_75","gibbs_mci","horseshoe-002-reveal_75-gibbs_mci","interaction_row_97",731.724675167269,,100,"inadequate_convergence_or_ess",
"horseshoe",2,"reveal_75","gibbs_mci","horseshoe-002-reveal_75-gibbs_mci","interaction_row_241",122.186307480769,,100,"inadequate_convergence_or_ess",
"horseshoe",2,"reveal_75","gibbs_mci","horseshoe-002-reveal_75-gibbs_mci","interaction_row_385",782.385191774304,,100,"inadequate_convergence_or_ess",
"horseshoe",2,"reveal_75","gibbs_mci","horseshoe-002-reveal_75-gibbs_mci","interaction_row_529",-81.1754510248101,,100,"inadequate_convergence_or_ess",
"horseshoe",2,"reveal_75","gibbs_mci","horseshoe-002-reveal_75-gibbs_mci","interaction_row_672",-50.3070367281848,,100,"inadequate_convergence_or_ess",
"horseshoe",2,"reveal_75","gibbs_mci","horseshoe-002-reveal_75-gibbs_mci","interaction_row_816",-30.2151546799699,,100,"inadequate_convergence_or_ess",
"horseshoe",2,"reveal_75","gibbs_mci","horseshoe-002-reveal_75-gibbs_mci","interaction_row_960",-49.146170288929,,100,"inadequate_convergence_or_ess",
"horseshoe",2,"reveal_75","gibbs_mci","horseshoe-002-reveal_75-gibbs_mci","interaction_row_1104",88.1664855641476,,100,"inadequate_convergence_or_ess",
"horseshoe",2,"reveal_75","gibbs_mci","horseshoe-002-reveal_75-gibbs_mci","observed_log_likelihood",194.290037148823,,100,"inadequate_convergence_or_ess",
"realism",2,"reveal_75","gibbs_mci","realism-002-reveal_75-gibbs_mci","sigma",0.2,,100,"not_matched_prior",
"realism",2,"reveal_75","gibbs_mci","realism-002-reveal_75-gibbs_mci","mean_row_1",1.86369699409329,,100,"not_matched_prior",
"realism",2,"reveal_75","gibbs_mci","realism-002-reveal_75-gibbs_mci","mean_row_159",-0.104735160527228,,100,"not_matched_prior",
"realism",2,"reveal_75","gibbs_mci","realism-002-reveal_75-gibbs_mci","mean_row_316",1.71898072497714,,100,"not_matched_prior",
"realism",2,"reveal_75","gibbs_mci","realism-002-reveal_75-gibbs_mci","mean_row_474",0.867907530627109,,100,"not_matched_prior",
"realism",2,"reveal_75","gibbs_mci","realism-002-reveal_75-gibbs_mci","mean_row_631",-0.250508126802646,,100,"not_matched_prior",
"realism",2,"reveal_75","gibbs_mci","realism-002-reveal_75-gibbs_mci","mean_row_789",-0.100548786069017,,100,"not_matched_prior",
"realism",2,"reveal_75","gibbs_mci","realism-002-reveal_75-gibbs_mci","mean_row_946",-0.384996882246056,,100,"not_matched_prior",
"realism",2,"reveal_75","gibbs_mci","realism-002-reveal_75-gibbs_mci","mean_row_1104",-0.524709661333975,,100,"not_matched_prior",
"realism",2,"reveal_75","gibbs_mci","realism-002-reveal_75-gibbs_mci","interaction_row_97",-0.00732271929020765,,100,"not_matched_prior",
"realism",2,"reveal_75","gibbs_mci","realism-002-reveal_75-gibbs_mci","interaction_row_241",-0.0373784964204008,,100,"not_matched_prior",
"realism",2,"reveal_75","gibbs_mci","realism-002-reveal_75-gibbs_mci","interaction_row_385",0.0404755472178663,,100,"not_matched_prior",
"realism",2,"reveal_75","gibbs_mci","realism-002-reveal_75-gibbs_mci","interaction_row_529",-0.0188713121821498,,100,"not_matched_prior",
"realism",2,"reveal_75","gibbs_mci","realism-002-reveal_75-gibbs_mci","interaction_row_672",0.00969026457275058,,100,"not_matched_prior",
"realism",2,"reveal_75","gibbs_mci","realism-002-reveal_75-gibbs_mci","interaction_row_816",0.0271513552285496,,100,"not_matched_prior",
"realism",2,"reveal_75","gibbs_mci","realism-002-reveal_75-gibbs_mci","interaction_row_960",-0.0388509990147549,,100,"not_matched_prior",
"realism",2,"reveal_75","gibbs_mci","realism-002-reveal_75-gibbs_mci","interaction_row_1104",0.00413248568749138,,100,"not_matched_prior",
"realism",2,"reveal_75","gibbs_mci","realism-002-reveal_75-gibbs_mci","observed_log_likelihood",164.230249016745,,100,"not_matched_prior",
"gamma",1,"reveal_25","gibbs_mic","gamma-001-reveal_25-gibbs_mic","sigma",0.1925825832251,,100,"inadequate_convergence_or_ess",
"gamma",1,"reveal_25","gibbs_mic","gamma-001-reveal_25-gibbs_mic","mean_row_1",1.04691473084914,,100,"inadequate_convergence_or_ess",
"gamma",1,"reveal_25","gibbs_mic","gamma-001-reveal_25-gibbs_mic","mean_row_159",1.34645896250066,27,100,"eligible",105.786095770394
"gamma",1,"reveal_25","gibbs_mic","gamma-001-reveal_25-gibbs_mic","mean_row_316",1.37313908806136,,100,"inadequate_convergence_or_ess",
"gamma",1,"reveal_25","gibbs_mic","gamma-001-reveal_25-gibbs_mic","mean_row_474",2.20616278228092,,100,"inadequate_convergence_or_ess",
"gamma",1,"reveal_25","gibbs_mic","gamma-001-reveal_25-gibbs_mic","mean_row_631",0.604868141410952,17,100,"eligible",101.840577684818
"gamma",1,"reveal_25","gibbs_mic","gamma-001-reveal_25-gibbs_mic","mean_row_789",1.06808119745435,67,100,"eligible",135.250021695172
"gamma",1,"reveal_25","gibbs_mic","gamma-001-reveal_25-gibbs_mic","mean_row_946",1.80629127760578,27,100,"eligible",113.663961182727
"gamma",1,"reveal_25","gibbs_mic","gamma-001-reveal_25-gibbs_mic","mean_row_1104",1.53641321578374,,100,"inadequate_convergence_or_ess",
"gamma",1,"reveal_25","gibbs_mic","gamma-001-reveal_25-gibbs_mic","interaction_row_97",0.0167366068923533,,100,"inadequate_convergence_or_ess",
"gamma",1,"reveal_25","gibbs_mic","gamma-001-reveal_25-gibbs_mic","interaction_row_241",0.560161181616543,,100,"inadequate_convergence_or_ess",
"gamma",1,"reveal_25","gibbs_mic","gamma-001-reveal_25-gibbs_mic","interaction_row_385",-0.00345078329805612,,100,"inadequate_convergence_or_ess",
"gamma",1,"reveal_25","gibbs_mic","gamma-001-reveal_25-gibbs_mic","interaction_row_529",-0.0172607751403771,,100,"inadequate_convergence_or_ess",
"gamma",1,"reveal_25","gibbs_mic","gamma-001-reveal_25-gibbs_mic","interaction_row_672",0.0103434245669878,,100,"residual_autocorrelation",68.4537114226268
"gamma",1,"reveal_25","gibbs_mic","gamma-001-reveal_25-gibbs_mic","interaction_row_816",-0.140288672811045,,100,"residual_autocorrelation",79.0413630652422
"gamma",1,"reveal_25","gibbs_mic","gamma-001-reveal_25-gibbs_mic","interaction_row_960",-0.0171341375227211,54,100,"eligible",91.5763495499987
"gamma",1,"reveal_25","gibbs_mic","gamma-001-reveal_25-gibbs_mic","interaction_row_1104",0.0688769602440289,56,100,"eligible",117.26015210881
"gamma",1,"reveal_25","gibbs_mic","gamma-001-reveal_25-gibbs_mic","observed_log_likelihood",83.0862999028079,,100,"inadequate_convergence_or_ess",
"multiplicative_gamma",1,"reveal_25","gibbs_mic","multiplicative_gamma-001-reveal_25-gibbs_mic","sigma",0.17383452523825,,100,"inadequate_convergence_or_ess",
"multiplicative_gamma",1,"reveal_25","gibbs_mic","multiplicative_gamma-001-reveal_25-gibbs_mic","mean_row_1",0.677729396680948,,100,"inadequate_convergence_or_ess",
"multiplicative_gamma",1,"reveal_25","gibbs_mic","multiplicative_gamma-001-reveal_25-gibbs_mic","mean_row_159",-0.260309118551177,35,100,"eligible",143.900341768531
"multiplicative_gamma",1,"reveal_25","gibbs_mic","multiplicative_gamma-001-reveal_25-gibbs_mic","mean_row_316",0.545864093787275,,100,"inadequate_convergence_or_ess",
"multiplicative_gamma",1,"reveal_25","gibbs_mic","multiplicative_gamma-001-reveal_25-gibbs_mic","mean_row_474",1.42868689563844,100,100,"eligible",127.430852780955
"multiplicative_gamma",1,"reveal_25","gibbs_mic","multiplicative_gamma-001-reveal_25-gibbs_mic","mean_row_631",0.374233918989992,,100,"inadequate_convergence_or_ess",
"multiplicative_gamma",1,"reveal_25","gibbs_mic","multiplicative_gamma-001-reveal_25-gibbs_mic","mean_row_789",0.110288596752388,13,100,"eligible",120.178110782361
"multiplicative_gamma",1,"reveal_25","gibbs_mic","multiplicative_gamma-001-reveal_25-gibbs_mic","mean_row_946",2.12626523672859,85,100,"eligible",130.495802243768
"multiplicative_gamma",1,"reveal_25","gibbs_mic","multiplicative_gamma-001-reveal_25-gibbs_mic","mean_row_1104",1.95909710458649,3,100,"eligible",106.691882021911
"multiplicative_gamma",1,"reveal_25","gibbs_mic","multiplicative_gamma-001-reveal_25-gibbs_mic","interaction_row_97",-0.569127476813453,11,100,"eligible",122.761378067774
"multiplicative_gamma",1,"reveal_25","gibbs_mic","multiplicative_gamma-001-reveal_25-gibbs_mic","interaction_row_241",0.511623201177388,69,100,"eligible",103.115343500965
"multiplicative_gamma",1,"reveal_25","gibbs_mic","multiplicative_gamma-001-reveal_25-gibbs_mic","interaction_row_385",1.29935993027092,93,100,"eligible",133.728151687553
"multiplicative_gamma",1,"reveal_25","gibbs_mic","multiplicative_gamma-001-reveal_25-gibbs_mic","interaction_row_529",0.431002740695594,97,100,"eligible",118.276735030004
"multiplicative_gamma",1,"reveal_25","gibbs_mic","multiplicative_gamma-001-reveal_25-gibbs_mic","interaction_row_672",0.0116594260027712,53,100,"eligible",114.885047018352
"multiplicative_gamma",1,"reveal_25","gibbs_mic","multiplicative_gamma-001-reveal_25-gibbs_mic","interaction_row_816",-0.0312986093501422,,100,"inadequate_convergence_or_ess",
"multiplicative_gamma",1,"reveal_25","gibbs_mic","multiplicative_gamma-001-reveal_25-gibbs_mic","interaction_row_960",0.0346722385133697,,100,"inadequate_convergence_or_ess",
"multiplicative_gamma",1,"reveal_25","gibbs_mic","multiplicative_gamma-001-reveal_25-gibbs_mic","interaction_row_1104",0.0215690816049054,,100,"inadequate_convergence_or_ess",
"multiplicative_gamma",1,"reveal_25","gibbs_mic","multiplicative_gamma-001-reveal_25-gibbs_mic","observed_log_likelihood",118.470760024953,,100,"inadequate_convergence_or_ess",
"horseshoe",1,"reveal_25","gibbs_mic","horseshoe-001-reveal_25-gibbs_mic","sigma",0.190606242619065,,100,"inadequate_convergence_or_ess",
"horseshoe",1,"reveal_25","gibbs_mic","horseshoe-001-reveal_25-gibbs_mic","mean_row_1",11.6790070547579,,100,"inadequate_convergence_or_ess",
"horseshoe",1,"reveal_25","gibbs_mic","horseshoe-001-reveal_25-gibbs_mic","mean_row_159",375.553240599355,,100,"inadequate_convergence_or_ess",
"horseshoe",1,"reveal_25","gibbs_mic","horseshoe-001-reveal_25-gibbs_mic","mean_row_316",-435.47633109324,,100,"inadequate_convergence_or_ess",
"horseshoe",1,"reveal_25","gibbs_mic","horseshoe-001-reveal_25-gibbs_mic","mean_row_474",15.2491148401168,,100,"inadequate_convergence_or_ess",
"horseshoe",1,"reveal_25","gibbs_mic","horseshoe-001-reveal_25-gibbs_mic","mean_row_631",113.422723629128,,100,"inadequate_convergence_or_ess",
"horseshoe",1,"reveal_25","gibbs_mic","horseshoe-001-reveal_25-gibbs_mic","mean_row_789",51.8352729725745,,100,"inadequate_convergence_or_ess",
"horseshoe",1,"reveal_25","gibbs_mic","horseshoe-001-reveal_25-gibbs_mic","mean_row_946",5.64912200407939,,100,"inadequate_convergence_or_ess",
"horseshoe",1,"reveal_25","gibbs_mic","horseshoe-001-reveal_25-gibbs_mic","mean_row_1104",260.43866023267,,100,"inadequate_convergence_or_ess",
"horseshoe",1,"reveal_25","gibbs_mic","horseshoe-001-reveal_25-gibbs_mic","interaction_row_97",-176.575928566082,,100,"inadequate_convergence_or_ess",
"horseshoe",1,"reveal_25","gibbs_mic","horseshoe-001-reveal_25-gibbs_mic","interaction_row_241",43.4726333581712,,100,"inadequate_convergence_or_ess",
"horseshoe",1,"reveal_25","gibbs_mic","horseshoe-001-reveal_25-gibbs_mic","interaction_row_385",29.3184991851646,,100,"inadequate_convergence_or_ess",
"horseshoe",1,"reveal_25","gibbs_mic","horseshoe-001-reveal_25-gibbs_mic","interaction_row_529",-42.1065165501833,,100,"inadequate_convergence_or_ess",
"horseshoe",1,"reveal_25","gibbs_mic","horseshoe-001-reveal_25-gibbs_mic","interaction_row_672",854.448290634839,,100,"inadequate_convergence_or_ess",
"horseshoe",1,"reveal_25","gibbs_mic","horseshoe-001-reveal_25-gibbs_mic","interaction_row_816",718.82819728522,,100,"inadequate_convergence_or_ess",
"horseshoe",1,"reveal_25","gibbs_mic","horseshoe-001-reveal_25-gibbs_mic","interaction_row_960",-107.233444045474,,100,"inadequate_convergence_or_ess",
"horseshoe",1,"reveal_25","gibbs_mic","horseshoe-001-reveal_25-gibbs_mic","interaction_row_1104",13.7960147886859,,100,"inadequate_convergence_or_ess",
"horseshoe",1,"reveal_25","gibbs_mic","horseshoe-001-reveal_25-gibbs_mic","observed_log_likelihood",67.6303746890922,,100,"inadequate_convergence_or_ess",
"realism",1,"reveal_25","gibbs_mic","realism-001-reveal_25-gibbs_mic","sigma",0.2,,100,"not_matched_prior",
"realism",1,"reveal_25","gibbs_mic","realism-001-reveal_25-gibbs_mic","mean_row_1",1.28212671504974,,100,"not_matched_prior",
"realism",1,"reveal_25","gibbs_mic","realism-001-reveal_25-gibbs_mic","mean_row_159",0.290258090807345,,100,"not_matched_prior",
"realism",1,"reveal_25","gibbs_mic","realism-001-reveal_25-gibbs_mic","mean_row_316",0.661746260299268,,100,"not_matched_prior",
"realism",1,"reveal_25","gibbs_mic","realism-001-reveal_25-gibbs_mic","mean_row_474",0.144572578625982,,100,"not_matched_prior",
"realism",1,"reveal_25","gibbs_mic","realism-001-reveal_25-gibbs_mic","mean_row_631",0.67743206184633,,100,"not_matched_prior",
"realism",1,"reveal_25","gibbs_mic","realism-001-reveal_25-gibbs_mic","mean_row_789",-0.878988852371586,,100,"not_matched_prior",
"realism",1,"reveal_25","gibbs_mic","realism-001-reveal_25-gibbs_mic","mean_row_946",1.02308190641508,,100,"not_matched_prior",
"realism",1,"reveal_25","gibbs_mic","realism-001-reveal_25-gibbs_mic","mean_row_1104",-1.1224864041086,,100,"not_matched_prior",
"realism",1,"reveal_25","gibbs_mic","realism-001-reveal_25-gibbs_mic","interaction_row_97",0.0226662804548294,,100,"not_matched_prior",
"realism",1,"reveal_25","gibbs_mic","realism-001-reveal_25-gibbs_mic","interaction_row_241",0.0400158926932519,,100,"not_matched_prior",
"realism",1,"reveal_25","gibbs_mic","realism-001-reveal_25-gibbs_mic","interaction_row_385",0.0515458738434614,,100,"not_matched_prior",
"realism",1,"reveal_25","gibbs_mic","realism-001-reveal_25-gibbs_mic","interaction_row_529",0.037040685735782,,100,"not_matched_prior",
"realism",1,"reveal_25","gibbs_mic","realism-001-reveal_25-gibbs_mic","interaction_row_672",0.0842519987026288,,100,"not_matched_prior",
"realism",1,"reveal_25","gibbs_mic","realism-001-reveal_25-gibbs_mic","interaction_row_816",0.0973934851537901,,100,"not_matched_prior",
"realism",1,"reveal_25","gibbs_mic","realism-001-reveal_25-gibbs_mic","interaction_row_960",0.0594638996300946,,100,"not_matched_prior",
"realism",1,"reveal_25","gibbs_mic","realism-001-reveal_25-gibbs_mic","interaction_row_1104",-0.0174645934784182,,100,"not_matched_prior",
"realism",1,"reveal_25","gibbs_mic","realism-001-reveal_25-gibbs_mic","observed_log_likelihood",66.7983846727024,,100,"not_matched_prior",
"gamma",2,"reveal_25","gibbs_mic","gamma-002-reveal_25-gibbs_mic","sigma",0.194460844292361,,100,"inadequate_convergence_or_ess",
"gamma",2,"reveal_25","gibbs_mic","gamma-002-reveal_25-gibbs_mic","mean_row_1",0.828857224164596,71,100,"eligible",96.0533996158786
"gamma",2,"reveal_25","gibbs_mic","gamma-002-reveal_25-gibbs_mic","mean_row_159",0.511840097108777,31,100,"eligible",129.6580395583
"gamma",2,"reveal_25","gibbs_mic","gamma-002-reveal_25-gibbs_mic","mean_row_316",1.63557809373151,,100,"residual_autocorrelation",49.8983146246352
"gamma",2,"reveal_25","gibbs_mic","gamma-002-reveal_25-gibbs_mic","mean_row_474",1.90575461892756,,100,"residual_autocorrelation",86.10881530118
"gamma",2,"reveal_25","gibbs_mic","gamma-002-reveal_25-gibbs_mic","mean_row_631",1.05088009869301,60,100,"eligible",97.7286566631961
"gamma",2,"reveal_25","gibbs_mic","gamma-002-reveal_25-gibbs_mic","mean_row_789",1.09961312347338,,100,"inadequate_convergence_or_ess",
"gamma",2,"reveal_25","gibbs_mic","gamma-002-reveal_25-gibbs_mic","mean_row_946",1.62792429631985,10,100,"eligible",155.782968769584
"gamma",2,"reveal_25","gibbs_mic","gamma-002-reveal_25-gibbs_mic","mean_row_1104",1.0827198198861,,100,"inadequate_convergence_or_ess",
"gamma",2,"reveal_25","gibbs_mic","gamma-002-reveal_25-gibbs_mic","interaction_row_97",-0.140511309937066,,100,"residual_autocorrelation",76.2564864025048
"gamma",2,"reveal_25","gibbs_mic","gamma-002-reveal_25-gibbs_mic","interaction_row_241",-0.438109402882649,,100,"inadequate_convergence_or_ess",
"gamma",2,"reveal_25","gibbs_mic","gamma-002-reveal_25-gibbs_mic","interaction_row_385",0.0486397719839204,,100,"inadequate_convergence_or_ess",
"gamma",2,"reveal_25","gibbs_mic","gamma-002-reveal_25-gibbs_mic","interaction_row_529",-0.129411636692953,,100,"inadequate_convergence_or_ess",
"gamma",2,"reveal_25","gibbs_mic","gamma-002-reveal_25-gibbs_mic","interaction_row_672",-0.102648421777194,30,100,"eligible",130.626433359646
"gamma",2,"reveal_25","gibbs_mic","gamma-002-reveal_25-gibbs_mic","interaction_row_816",-0.0787531855670886,,100,"inadequate_convergence_or_ess",
"gamma",2,"reveal_25","gibbs_mic","gamma-002-reveal_25-gibbs_mic","interaction_row_960",-0.115372504016929,,100,"inadequate_convergence_or_ess",
"gamma",2,"reveal_25","gibbs_mic","gamma-002-reveal_25-gibbs_mic","interaction_row_1104",-0.159381987496369,,100,"inadequate_convergence_or_ess",
"gamma",2,"reveal_25","gibbs_mic","gamma-002-reveal_25-gibbs_mic","observed_log_likelihood",87.8589476026941,,100,"inadequate_convergence_or_ess",
"multiplicative_gamma",2,"reveal_25","gibbs_mic","multiplicative_gamma-002-reveal_25-gibbs_mic","sigma",0.267389692607089,,100,"inadequate_convergence_or_ess",
"multiplicative_gamma",2,"reveal_25","gibbs_mic","multiplicative_gamma-002-reveal_25-gibbs_mic","mean_row_1",1.07646219599083,12,100,"eligible",103.848339607751
"multiplicative_gamma",2,"reveal_25","gibbs_mic","multiplicative_gamma-002-reveal_25-gibbs_mic","mean_row_159",1.42360299249878,,100,"inadequate_convergence_or_ess",
"multiplicative_gamma",2,"reveal_25","gibbs_mic","multiplicative_gamma-002-reveal_25-gibbs_mic","mean_row_316",5.10789866207596,45,100,"eligible",129.13786736224
"multiplicative_gamma",2,"reveal_25","gibbs_mic","multiplicative_gamma-002-reveal_25-gibbs_mic","mean_row_474",-0.368024426132337,,100,"residual_autocorrelation",78.2375440615204
"multiplicative_gamma",2,"reveal_25","gibbs_mic","multiplicative_gamma-002-reveal_25-gibbs_mic","mean_row_631",1.55864626829902,52,100,"eligible",96.6435391310404
"multiplicative_gamma",2,"reveal_25","gibbs_mic","multiplicative_gamma-002-reveal_25-gibbs_mic","mean_row_789",2.71577244922431,95,100,"eligible",111.59574020007
"multiplicative_gamma",2,"reveal_25","gibbs_mic","multiplicative_gamma-002-reveal_25-gibbs_mic","mean_row_946",0.794738503110348,,100,"inadequate_convergence_or_ess",
"multiplicative_gamma",2,"reveal_25","gibbs_mic","multiplicative_gamma-002-reveal_25-gibbs_mic","mean_row_1104",3.65884178743107,,100,"inadequate_convergence_or_ess",
"multiplicative_gamma",2,"reveal_25","gibbs_mic","multiplicative_gamma-002-reveal_25-gibbs_mic","interaction_row_97",0.251257464125779,,100,"residual_autocorrelation",82.6066395586017
"multiplicative_gamma",2,"reveal_25","gibbs_mic","multiplicative_gamma-002-reveal_25-gibbs_mic","interaction_row_241",0.209060399258723,100,100,"eligible",109.817927597988
"multiplicative_gamma",2,"reveal_25","gibbs_mic","multiplicative_gamma-002-reveal_25-gibbs_mic","interaction_row_385",0.129301964158482,,100,"inadequate_convergence_or_ess",
"multiplicative_gamma",2,"reveal_25","gibbs_mic","multiplicative_gamma-002-reveal_25-gibbs_mic","interaction_row_529",-0.182521225281953,0,100,"eligible",100.326817808459
"multiplicative_gamma",2,"reveal_25","gibbs_mic","multiplicative_gamma-002-reveal_25-gibbs_mic","interaction_row_672",-0.0559537313884641,,100,"inadequate_convergence_or_ess",
"multiplicative_gamma",2,"reveal_25","gibbs_mic","multiplicative_gamma-002-reveal_25-gibbs_mic","interaction_row_816",-0.062488608375925,,100,"residual_autocorrelation",61.3906571562148
"multiplicative_gamma",2,"reveal_25","gibbs_mic","multiplicative_gamma-002-reveal_25-gibbs_mic","interaction_row_960",-0.0102764684079378,38,100,"eligible",92.6752000647446
"multiplicative_gamma",2,"reveal_25","gibbs_mic","multiplicative_gamma-002-reveal_25-gibbs_mic","interaction_row_1104",0.0144397670917016,,100,"inadequate_convergence_or_ess",
"multiplicative_gamma",2,"reveal_25","gibbs_mic","multiplicative_gamma-002-reveal_25-gibbs_mic","observed_log_likelihood",-21.603710370459,,100,"inadequate_convergence_or_ess",
"horseshoe",2,"reveal_25","gibbs_mic","horseshoe-002-reveal_25-gibbs_mic","sigma",0.189927777059026,,100,"inadequate_convergence_or_ess",
"horseshoe",2,"reveal_25","gibbs_mic","horseshoe-002-reveal_25-gibbs_mic","mean_row_1",1.63332808984905,,100,"inadequate_convergence_or_ess",
"horseshoe",2,"reveal_25","gibbs_mic","horseshoe-002-reveal_25-gibbs_mic","mean_row_159",395.820382603713,,100,"inadequate_convergence_or_ess",
"horseshoe",2,"reveal_25","gibbs_mic","horseshoe-002-reveal_25-gibbs_mic","mean_row_316",1237.16832171111,,100,"inadequate_convergence_or_ess",
"horseshoe",2,"reveal_25","gibbs_mic","horseshoe-002-reveal_25-gibbs_mic","mean_row_474",526.955289861148,,100,"inadequate_convergence_or_ess",
"horseshoe",2,"reveal_25","gibbs_mic","horseshoe-002-reveal_25-gibbs_mic","mean_row_631",14.2908021755202,,100,"inadequate_convergence_or_ess",
"horseshoe",2,"reveal_25","gibbs_mic","horseshoe-002-reveal_25-gibbs_mic","mean_row_789",-377.680061858569,,100,"inadequate_convergence_or_ess",
"horseshoe",2,"reveal_25","gibbs_mic","horseshoe-002-reveal_25-gibbs_mic","mean_row_946",2660.32855269594,,100,"inadequate_convergence_or_ess",
"horseshoe",2,"reveal_25","gibbs_mic","horseshoe-002-reveal_25-gibbs_mic","mean_row_1104",108.380271997557,,100,"inadequate_convergence_or_ess",
"horseshoe",2,"reveal_25","gibbs_mic","horseshoe-002-reveal_25-gibbs_mic","interaction_row_97",731.724675167269,,100,"inadequate_convergence_or_ess",
"horseshoe",2,"reveal_25","gibbs_mic","horseshoe-002-reveal_25-gibbs_mic","interaction_row_241",122.186307480769,,100,"inadequate_convergence_or_ess",
"horseshoe",2,"reveal_25","gibbs_mic","horseshoe-002-reveal_25-gibbs_mic","interaction_row_385",782.385191774304,,100,"inadequate_convergence_or_ess",
"horseshoe",2,"reveal_25","gibbs_mic","horseshoe-002-reveal_25-gibbs_mic","interaction_row_529",-81.1754510248101,,100,"inadequate_convergence_or_ess",
"horseshoe",2,"reveal_25","gibbs_mic","horseshoe-002-reveal_25-gibbs_mic","interaction_row_672",-50.3070367281848,,100,"inadequate_convergence_or_ess",
"horseshoe",2,"reveal_25","gibbs_mic","horseshoe-002-reveal_25-gibbs_mic","interaction_row_816",-30.2151546799699,,100,"inadequate_convergence_or_ess",
"horseshoe",2,"reveal_25","gibbs_mic","horseshoe-002-reveal_25-gibbs_mic","interaction_row_960",-49.146170288929,,100,"inadequate_convergence_or_ess",
"horseshoe",2,"reveal_25","gibbs_mic","horseshoe-002-reveal_25-gibbs_mic","interaction_row_1104",88.1664855641476,,100,"inadequate_convergence_or_ess",
"horseshoe",2,"reveal_25","gibbs_mic","horseshoe-002-reveal_25-gibbs_mic","observed_log_likelihood",86.6823267975792,,100,"inadequate_convergence_or_ess",
"realism",2,"reveal_25","gibbs_mic","realism-002-reveal_25-gibbs_mic","sigma",0.2,,100,"not_matched_prior",
"realism",2,"reveal_25","gibbs_mic","realism-002-reveal_25-gibbs_mic","mean_row_1",1.86369699409329,,100,"not_matched_prior",
"realism",2,"reveal_25","gibbs_mic","realism-002-reveal_25-gibbs_mic","mean_row_159",-0.104735160527228,,100,"not_matched_prior",
"realism",2,"reveal_25","gibbs_mic","realism-002-reveal_25-gibbs_mic","mean_row_316",1.71898072497714,,100,"not_matched_prior",
"realism",2,"reveal_25","gibbs_mic","realism-002-reveal_25-gibbs_mic","mean_row_474",0.867907530627109,,100,"not_matched_prior",
"realism",2,"reveal_25","gibbs_mic","realism-002-reveal_25-gibbs_mic","mean_row_631",-0.250508126802646,,100,"not_matched_prior",
"realism",2,"reveal_25","gibbs_mic","realism-002-reveal_25-gibbs_mic","mean_row_789",-0.100548786069017,,100,"not_matched_prior",
"realism",2,"reveal_25","gibbs_mic","realism-002-reveal_25-gibbs_mic","mean_row_946",-0.384996882246056,,100,"not_matched_prior",
"realism",2,"reveal_25","gibbs_mic","realism-002-reveal_25-gibbs_mic","mean_row_1104",-0.524709661333975,,100,"not_matched_prior",
"realism",2,"reveal_25","gibbs_mic","realism-002-reveal_25-gibbs_mic","interaction_row_97",-0.00732271929020765,,100,"not_matched_prior",
"realism",2,"reveal_25","gibbs_mic","realism-002-reveal_25-gibbs_mic","interaction_row_241",-0.0373784964204008,,100,"not_matched_prior",
"realism",2,"reveal_25","gibbs_mic","realism-002-reveal_25-gibbs_mic","interaction_row_385",0.0404755472178663,,100,"not_matched_prior",
"realism",2,"reveal_25","gibbs_mic","realism-002-reveal_25-gibbs_mic","interaction_row_529",-0.0188713121821498,,100,"not_matched_prior",
"realism",2,"reveal_25","gibbs_mic","realism-002-reveal_25-gibbs_mic","interaction_row_672",0.00969026457275058,,100,"not_matched_prior",
"realism",2,"reveal_25","gibbs_mic","realism-002-reveal_25-gibbs_mic","interaction_row_816",0.0271513552285496,,100,"not_matched_prior",
"realism",2,"reveal_25","gibbs_mic","realism-002-reveal_25-gibbs_mic","interaction_row_960",-0.0388509990147549,,100,"not_matched_prior",
"realism",2,"reveal_25","gibbs_mic","realism-002-reveal_25-gibbs_mic","interaction_row_1104",0.00413248568749138,,100,"not_matched_prior",
"realism",2,"reveal_25","gibbs_mic","realism-002-reveal_25-gibbs_mic","observed_log_likelihood",66.6254433225788,,100,"not_matched_prior",
"gamma",1,"reveal_75","gibbs_mic","gamma-001-reveal_75-gibbs_mic","sigma",0.1925825832251,,100,"inadequate_convergence_or_ess",
"gamma",1,"reveal_75","gibbs_mic","gamma-001-reveal_75-gibbs_mic","mean_row_1",1.04691473084914,,100,"inadequate_convergence_or_ess",
"gamma",1,"reveal_75","gibbs_mic","gamma-001-reveal_75-gibbs_mic","mean_row_159",1.34645896250066,50,100,"eligible",95.9443456684962
"gamma",1,"reveal_75","gibbs_mic","gamma-001-reveal_75-gibbs_mic","mean_row_316",1.37313908806136,,100,"inadequate_convergence_or_ess",
"gamma",1,"reveal_75","gibbs_mic","gamma-001-reveal_75-gibbs_mic","mean_row_474",2.20616278228092,,100,"residual_autocorrelation",84.2273173664385
"gamma",1,"reveal_75","gibbs_mic","gamma-001-reveal_75-gibbs_mic","mean_row_631",0.604868141410952,31,100,"eligible",134.621635470803
"gamma",1,"reveal_75","gibbs_mic","gamma-001-reveal_75-gibbs_mic","mean_row_789",1.06808119745435,,100,"inadequate_convergence_or_ess",
"gamma",1,"reveal_75","gibbs_mic","gamma-001-reveal_75-gibbs_mic","mean_row_946",1.80629127760578,,100,"inadequate_convergence_or_ess",
"gamma",1,"reveal_75","gibbs_mic","gamma-001-reveal_75-gibbs_mic","mean_row_1104",1.53641321578374,93,100,"eligible",128.169625290913
"gamma",1,"reveal_75","gibbs_mic","gamma-001-reveal_75-gibbs_mic","interaction_row_97",0.0167366068923533,67,100,"eligible",145.626522095965
"gamma",1,"reveal_75","gibbs_mic","gamma-001-reveal_75-gibbs_mic","interaction_row_241",0.560161181616543,,100,"inadequate_convergence_or_ess",
"gamma",1,"reveal_75","gibbs_mic","gamma-001-reveal_75-gibbs_mic","interaction_row_385",-0.00345078329805612,,100,"inadequate_convergence_or_ess",
"gamma",1,"reveal_75","gibbs_mic","gamma-001-reveal_75-gibbs_mic","interaction_row_529",-0.0172607751403771,,100,"inadequate_convergence_or_ess",
"gamma",1,"reveal_75","gibbs_mic","gamma-001-reveal_75-gibbs_mic","interaction_row_672",0.0103434245669878,,100,"inadequate_convergence_or_ess",
"gamma",1,"reveal_75","gibbs_mic","gamma-001-reveal_75-gibbs_mic","interaction_row_816",-0.140288672811045,20,100,"eligible",111.542051286448
"gamma",1,"reveal_75","gibbs_mic","gamma-001-reveal_75-gibbs_mic","interaction_row_960",-0.0171341375227211,,100,"inadequate_convergence_or_ess",
"gamma",1,"reveal_75","gibbs_mic","gamma-001-reveal_75-gibbs_mic","interaction_row_1104",0.0688769602440289,56,100,"eligible",160.830239282807
"gamma",1,"reveal_75","gibbs_mic","gamma-001-reveal_75-gibbs_mic","observed_log_likelihood",186.957663807886,,100,"inadequate_convergence_or_ess",
"multiplicative_gamma",1,"reveal_75","gibbs_mic","multiplicative_gamma-001-reveal_75-gibbs_mic","sigma",0.17383452523825,,100,"inadequate_convergence_or_ess",
"multiplicative_gamma",1,"reveal_75","gibbs_mic","multiplicative_gamma-001-reveal_75-gibbs_mic","mean_row_1",0.677729396680948,17,100,"eligible",128.755830585472
"multiplicative_gamma",1,"reveal_75","gibbs_mic","multiplicative_gamma-001-reveal_75-gibbs_mic","mean_row_159",-0.260309118551177,,100,"inadequate_convergence_or_ess",
"multiplicative_gamma",1,"reveal_75","gibbs_mic","multiplicative_gamma-001-reveal_75-gibbs_mic","mean_row_316",0.545864093787275,,100,"inadequate_convergence_or_ess",
"multiplicative_gamma",1,"reveal_75","gibbs_mic","multiplicative_gamma-001-reveal_75-gibbs_mic","mean_row_474",1.42868689563844,86,100,"eligible",140.354318335815
"multiplicative_gamma",1,"reveal_75","gibbs_mic","multiplicative_gamma-001-reveal_75-gibbs_mic","mean_row_631",0.374233918989992,,100,"inadequate_convergence_or_ess",
"multiplicative_gamma",1,"reveal_75","gibbs_mic","multiplicative_gamma-001-reveal_75-gibbs_mic","mean_row_789",0.110288596752388,,100,"inadequate_convergence_or_ess",
"multiplicative_gamma",1,"reveal_75","gibbs_mic","multiplicative_gamma-001-reveal_75-gibbs_mic","mean_row_946",2.12626523672859,,100,"inadequate_convergence_or_ess",
"multiplicative_gamma",1,"reveal_75","gibbs_mic","multiplicative_gamma-001-reveal_75-gibbs_mic","mean_row_1104",1.95909710458649,,100,"inadequate_convergence_or_ess",
"multiplicative_gamma",1,"reveal_75","gibbs_mic","multiplicative_gamma-001-reveal_75-gibbs_mic","interaction_row_97",-0.569127476813453,,100,"inadequate_convergence_or_ess",
"multiplicative_gamma",1,"reveal_75","gibbs_mic","multiplicative_gamma-001-reveal_75-gibbs_mic","interaction_row_241",0.511623201177388,,100,"inadequate_convergence_or_ess",
"multiplicative_gamma",1,"reveal_75","gibbs_mic","multiplicative_gamma-001-reveal_75-gibbs_mic","interaction_row_385",1.29935993027092,,100,"inadequate_convergence_or_ess",
"multiplicative_gamma",1,"reveal_75","gibbs_mic","multiplicative_gamma-001-reveal_75-gibbs_mic","interaction_row_529",0.431002740695594,,100,"inadequate_convergence_or_ess",
"multiplicative_gamma",1,"reveal_75","gibbs_mic","multiplicative_gamma-001-reveal_75-gibbs_mic","interaction_row_672",0.0116594260027712,,100,"inadequate_convergence_or_ess",
"multiplicative_gamma",1,"reveal_75","gibbs_mic","multiplicative_gamma-001-reveal_75-gibbs_mic","interaction_row_816",-0.0312986093501422,,100,"inadequate_convergence_or_ess",
"multiplicative_gamma",1,"reveal_75","gibbs_mic","multiplicative_gamma-001-reveal_75-gibbs_mic","interaction_row_960",0.0346722385133697,,100,"residual_autocorrelation",87.393709678128
"multiplicative_gamma",1,"reveal_75","gibbs_mic","multiplicative_gamma-001-reveal_75-gibbs_mic","interaction_row_1104",0.0215690816049054,,100,"inadequate_convergence_or_ess",
"multiplicative_gamma",1,"reveal_75","gibbs_mic","multiplicative_gamma-001-reveal_75-gibbs_mic","observed_log_likelihood",257.008008958719,,100,"inadequate_convergence_or_ess",
"horseshoe",1,"reveal_75","gibbs_mic","horseshoe-001-reveal_75-gibbs_mic","sigma",0.190606242619065,,100,"inadequate_convergence_or_ess",
"horseshoe",1,"reveal_75","gibbs_mic","horseshoe-001-reveal_75-gibbs_mic","mean_row_1",11.6790070547579,,100,"inadequate_convergence_or_ess",
"horseshoe",1,"reveal_75","gibbs_mic","horseshoe-001-reveal_75-gibbs_mic","mean_row_159",375.553240599355,,100,"inadequate_convergence_or_ess",
"horseshoe",1,"reveal_75","gibbs_mic","horseshoe-001-reveal_75-gibbs_mic","mean_row_316",-435.47633109324,,100,"inadequate_convergence_or_ess",
"horseshoe",1,"reveal_75","gibbs_mic","horseshoe-001-reveal_75-gibbs_mic","mean_row_474",15.2491148401168,,100,"inadequate_convergence_or_ess",
"horseshoe",1,"reveal_75","gibbs_mic","horseshoe-001-reveal_75-gibbs_mic","mean_row_631",113.422723629128,,100,"inadequate_convergence_or_ess",
"horseshoe",1,"reveal_75","gibbs_mic","horseshoe-001-reveal_75-gibbs_mic","mean_row_789",51.8352729725745,,100,"inadequate_convergence_or_ess",
"horseshoe",1,"reveal_75","gibbs_mic","horseshoe-001-reveal_75-gibbs_mic","mean_row_946",5.64912200407939,,100,"inadequate_convergence_or_ess",
"horseshoe",1,"reveal_75","gibbs_mic","horseshoe-001-reveal_75-gibbs_mic","mean_row_1104",260.43866023267,,100,"inadequate_convergence_or_ess",
"horseshoe",1,"reveal_75","gibbs_mic","horseshoe-001-reveal_75-gibbs_mic","interaction_row_97",-176.575928566082,,100,"inadequate_convergence_or_ess",
"horseshoe",1,"reveal_75","gibbs_mic","horseshoe-001-reveal_75-gibbs_mic","interaction_row_241",43.4726333581712,,100,"inadequate_convergence_or_ess",
"horseshoe",1,"reveal_75","gibbs_mic","horseshoe-001-reveal_75-gibbs_mic","interaction_row_385",29.3184991851646,,100,"inadequate_convergence_or_ess",
"horseshoe",1,"reveal_75","gibbs_mic","horseshoe-001-reveal_75-gibbs_mic","interaction_row_529",-42.1065165501833,,100,"inadequate_convergence_or_ess",
"horseshoe",1,"reveal_75","gibbs_mic","horseshoe-001-reveal_75-gibbs_mic","interaction_row_672",854.448290634839,,100,"inadequate_convergence_or_ess",
"horseshoe",1,"reveal_75","gibbs_mic","horseshoe-001-reveal_75-gibbs_mic","interaction_row_816",718.82819728522,,100,"inadequate_convergence_or_ess",
"horseshoe",1,"reveal_75","gibbs_mic","horseshoe-001-reveal_75-gibbs_mic","interaction_row_960",-107.233444045474,,100,"inadequate_convergence_or_ess",
"horseshoe",1,"reveal_75","gibbs_mic","horseshoe-001-reveal_75-gibbs_mic","interaction_row_1104",13.7960147886859,,100,"inadequate_convergence_or_ess",
"horseshoe",1,"reveal_75","gibbs_mic","horseshoe-001-reveal_75-gibbs_mic","observed_log_likelihood",192.095074554516,,100,"inadequate_convergence_or_ess",
"realism",1,"reveal_75","gibbs_mic","realism-001-reveal_75-gibbs_mic","sigma",0.2,,100,"not_matched_prior",
"realism",1,"reveal_75","gibbs_mic","realism-001-reveal_75-gibbs_mic","mean_row_1",1.28212671504974,,100,"not_matched_prior",
"realism",1,"reveal_75","gibbs_mic","realism-001-reveal_75-gibbs_mic","mean_row_159",0.290258090807345,,100,"not_matched_prior",
"realism",1,"reveal_75","gibbs_mic","realism-001-reveal_75-gibbs_mic","mean_row_316",0.661746260299268,,100,"not_matched_prior",
"realism",1,"reveal_75","gibbs_mic","realism-001-reveal_75-gibbs_mic","mean_row_474",0.144572578625982,,100,"not_matched_prior",
"realism",1,"reveal_75","gibbs_mic","realism-001-reveal_75-gibbs_mic","mean_row_631",0.67743206184633,,100,"not_matched_prior",
"realism",1,"reveal_75","gibbs_mic","realism-001-reveal_75-gibbs_mic","mean_row_789",-0.878988852371586,,100,"not_matched_prior",
"realism",1,"reveal_75","gibbs_mic","realism-001-reveal_75-gibbs_mic","mean_row_946",1.02308190641508,,100,"not_matched_prior",
"realism",1,"reveal_75","gibbs_mic","realism-001-reveal_75-gibbs_mic","mean_row_1104",-1.1224864041086,,100,"not_matched_prior",
"realism",1,"reveal_75","gibbs_mic","realism-001-reveal_75-gibbs_mic","interaction_row_97",0.0226662804548294,,100,"not_matched_prior",
"realism",1,"reveal_75","gibbs_mic","realism-001-reveal_75-gibbs_mic","interaction_row_241",0.0400158926932519,,100,"not_matched_prior",
"realism",1,"reveal_75","gibbs_mic","realism-001-reveal_75-gibbs_mic","interaction_row_385",0.0515458738434614,,100,"not_matched_prior",
"realism",1,"reveal_75","gibbs_mic","realism-001-reveal_75-gibbs_mic","interaction_row_529",0.037040685735782,,100,"not_matched_prior",
"realism",1,"reveal_75","gibbs_mic","realism-001-reveal_75-gibbs_mic","interaction_row_672",0.0842519987026288,,100,"not_matched_prior",
"realism",1,"reveal_75","gibbs_mic","realism-001-reveal_75-gibbs_mic","interaction_row_816",0.0973934851537901,,100,"not_matched_prior",
"realism",1,"reveal_75","gibbs_mic","realism-001-reveal_75-gibbs_mic","interaction_row_960",0.0594638996300946,,100,"not_matched_prior",
"realism",1,"reveal_75","gibbs_mic","realism-001-reveal_75-gibbs_mic","interaction_row_1104",-0.0174645934784182,,100,"not_matched_prior",
"realism",1,"reveal_75","gibbs_mic","realism-001-reveal_75-gibbs_mic","observed_log_likelihood",173.480454223922,,100,"not_matched_prior",
"gamma",2,"reveal_75","gibbs_mic","gamma-002-reveal_75-gibbs_mic","sigma",0.194460844292361,,100,"inadequate_convergence_or_ess",
"gamma",2,"reveal_75","gibbs_mic","gamma-002-reveal_75-gibbs_mic","mean_row_1",0.828857224164596,,100,"inadequate_convergence_or_ess",
"gamma",2,"reveal_75","gibbs_mic","gamma-002-reveal_75-gibbs_mic","mean_row_159",0.511840097108777,56,100,"eligible",123.66852685606
"gamma",2,"reveal_75","gibbs_mic","gamma-002-reveal_75-gibbs_mic","mean_row_316",1.63557809373151,35,100,"eligible",148.486595636975
"gamma",2,"reveal_75","gibbs_mic","gamma-002-reveal_75-gibbs_mic","mean_row_474",1.90575461892756,,100,"inadequate_convergence_or_ess",
"gamma",2,"reveal_75","gibbs_mic","gamma-002-reveal_75-gibbs_mic","mean_row_631",1.05088009869301,89,100,"eligible",133.595019609921
"gamma",2,"reveal_75","gibbs_mic","gamma-002-reveal_75-gibbs_mic","mean_row_789",1.09961312347338,,100,"inadequate_convergence_or_ess",
"gamma",2,"reveal_75","gibbs_mic","gamma-002-reveal_75-gibbs_mic","mean_row_946",1.62792429631985,49,100,"eligible",103.008020149039
"gamma",2,"reveal_75","gibbs_mic","gamma-002-reveal_75-gibbs_mic","mean_row_1104",1.0827198198861,,100,"inadequate_convergence_or_ess",
"gamma",2,"reveal_75","gibbs_mic","gamma-002-reveal_75-gibbs_mic","interaction_row_97",-0.140511309937066,,100,"inadequate_convergence_or_ess",
"gamma",2,"reveal_75","gibbs_mic","gamma-002-reveal_75-gibbs_mic","interaction_row_241",-0.438109402882649,,100,"inadequate_convergence_or_ess",
"gamma",2,"reveal_75","gibbs_mic","gamma-002-reveal_75-gibbs_mic","interaction_row_385",0.0486397719839204,4,100,"eligible",118.721045746855
"gamma",2,"reveal_75","gibbs_mic","gamma-002-reveal_75-gibbs_mic","interaction_row_529",-0.129411636692953,43,100,"eligible",97.7778392412621
"gamma",2,"reveal_75","gibbs_mic","gamma-002-reveal_75-gibbs_mic","interaction_row_672",-0.102648421777194,,100,"inadequate_convergence_or_ess",
"gamma",2,"reveal_75","gibbs_mic","gamma-002-reveal_75-gibbs_mic","interaction_row_816",-0.0787531855670886,,100,"inadequate_convergence_or_ess",
"gamma",2,"reveal_75","gibbs_mic","gamma-002-reveal_75-gibbs_mic","interaction_row_960",-0.115372504016929,,100,"residual_autocorrelation",72.9547531803132
"gamma",2,"reveal_75","gibbs_mic","gamma-002-reveal_75-gibbs_mic","interaction_row_1104",-0.159381987496369,,100,"inadequate_convergence_or_ess",
"gamma",2,"reveal_75","gibbs_mic","gamma-002-reveal_75-gibbs_mic","observed_log_likelihood",194.935140819341,,100,"inadequate_convergence_or_ess",
"multiplicative_gamma",2,"reveal_75","gibbs_mic","multiplicative_gamma-002-reveal_75-gibbs_mic","sigma",0.267389692607089,65,100,"eligible",124.327063227254
"multiplicative_gamma",2,"reveal_75","gibbs_mic","multiplicative_gamma-002-reveal_75-gibbs_mic","mean_row_1",1.07646219599083,,100,"inadequate_convergence_or_ess",
"multiplicative_gamma",2,"reveal_75","gibbs_mic","multiplicative_gamma-002-reveal_75-gibbs_mic","mean_row_159",1.42360299249878,7,100,"eligible",120.686584619294
"multiplicative_gamma",2,"reveal_75","gibbs_mic","multiplicative_gamma-002-reveal_75-gibbs_mic","mean_row_316",5.10789866207596,,100,"inadequate_convergence_or_ess",
"multiplicative_gamma",2,"reveal_75","gibbs_mic","multiplicative_gamma-002-reveal_75-gibbs_mic","mean_row_474",-0.368024426132337,,100,"inadequate_convergence_or_ess",
"multiplicative_gamma",2,"reveal_75","gibbs_mic","multiplicative_gamma-002-reveal_75-gibbs_mic","mean_row_631",1.55864626829902,56,100,"eligible",107.930542795562
"multiplicative_gamma",2,"reveal_75","gibbs_mic","multiplicative_gamma-002-reveal_75-gibbs_mic","mean_row_789",2.71577244922431,93,100,"eligible",116.280050447701
"multiplicative_gamma",2,"reveal_75","gibbs_mic","multiplicative_gamma-002-reveal_75-gibbs_mic","mean_row_946",0.794738503110348,,100,"inadequate_convergence_or_ess",
"multiplicative_gamma",2,"reveal_75","gibbs_mic","multiplicative_gamma-002-reveal_75-gibbs_mic","mean_row_1104",3.65884178743107,97,100,"eligible",106.797787466902
"multiplicative_gamma",2,"reveal_75","gibbs_mic","multiplicative_gamma-002-reveal_75-gibbs_mic","interaction_row_97",0.251257464125779,,100,"inadequate_convergence_or_ess",
"multiplicative_gamma",2,"reveal_75","gibbs_mic","multiplicative_gamma-002-reveal_75-gibbs_mic","interaction_row_241",0.209060399258723,74,100,"eligible",122.487590032134
"multiplicative_gamma",2,"reveal_75","gibbs_mic","multiplicative_gamma-002-reveal_75-gibbs_mic","interaction_row_385",0.129301964158482,44,100,"eligible",108.436538759563
"multiplicative_gamma",2,"reveal_75","gibbs_mic","multiplicative_gamma-002-reveal_75-gibbs_mic","interaction_row_529",-0.182521225281953,,100,"inadequate_convergence_or_ess",
"multiplicative_gamma",2,"reveal_75","gibbs_mic","multiplicative_gamma-002-reveal_75-gibbs_mic","interaction_row_672",-0.0559537313884641,,100,"residual_autocorrelation",79.1910122121429
"multiplicative_gamma",2,"reveal_75","gibbs_mic","multiplicative_gamma-002-reveal_75-gibbs_mic","interaction_row_816",-0.062488608375925,,100,"inadequate_convergence_or_ess",
"multiplicative_gamma",2,"reveal_75","gibbs_mic","multiplicative_gamma-002-reveal_75-gibbs_mic","interaction_row_960",-0.0102764684079378,,100,"inadequate_convergence_or_ess",
"multiplicative_gamma",2,"reveal_75","gibbs_mic","multiplicative_gamma-002-reveal_75-gibbs_mic","interaction_row_1104",0.0144397670917016,73,100,"eligible",134.844271091282
"multiplicative_gamma",2,"reveal_75","gibbs_mic","multiplicative_gamma-002-reveal_75-gibbs_mic","observed_log_likelihood",-79.3783116540159,,100,"inadequate_convergence_or_ess",
"horseshoe",2,"reveal_75","gibbs_mic","horseshoe-002-reveal_75-gibbs_mic","sigma",0.189927777059026,,100,"inadequate_convergence_or_ess",
"horseshoe",2,"reveal_75","gibbs_mic","horseshoe-002-reveal_75-gibbs_mic","mean_row_1",1.63332808984905,,100,"inadequate_convergence_or_ess",
"horseshoe",2,"reveal_75","gibbs_mic","horseshoe-002-reveal_75-gibbs_mic","mean_row_159",395.820382603713,,100,"inadequate_convergence_or_ess",
"horseshoe",2,"reveal_75","gibbs_mic","horseshoe-002-reveal_75-gibbs_mic","mean_row_316",1237.16832171111,,100,"inadequate_convergence_or_ess",
"horseshoe",2,"reveal_75","gibbs_mic","horseshoe-002-reveal_75-gibbs_mic","mean_row_474",526.955289861148,,100,"inadequate_convergence_or_ess",
"horseshoe",2,"reveal_75","gibbs_mic","horseshoe-002-reveal_75-gibbs_mic","mean_row_631",14.2908021755202,,100,"inadequate_convergence_or_ess",
"horseshoe",2,"reveal_75","gibbs_mic","horseshoe-002-reveal_75-gibbs_mic","mean_row_789",-377.680061858569,,100,"inadequate_convergence_or_ess",
"horseshoe",2,"reveal_75","gibbs_mic","horseshoe-002-reveal_75-gibbs_mic","mean_row_946",2660.32855269594,,100,"inadequate_convergence_or_ess",
"horseshoe",2,"reveal_75","gibbs_mic","horseshoe-002-reveal_75-gibbs_mic","mean_row_1104",108.380271997557,,100,"inadequate_convergence_or_ess",
"horseshoe",2,"reveal_75","gibbs_mic","horseshoe-002-reveal_75-gibbs_mic","interaction_row_97",731.724675167269,,100,"inadequate_convergence_or_ess",
"horseshoe",2,"reveal_75","gibbs_mic","horseshoe-002-reveal_75-gibbs_mic","interaction_row_241",122.186307480769,,100,"inadequate_convergence_or_ess",
"horseshoe",2,"reveal_75","gibbs_mic","horseshoe-002-reveal_75-gibbs_mic","interaction_row_385",782.385191774304,,100,"inadequate_convergence_or_ess",
"horseshoe",2,"reveal_75","gibbs_mic","horseshoe-002-reveal_75-gibbs_mic","interaction_row_529",-81.1754510248101,,100,"inadequate_convergence_or_ess",
"horseshoe",2,"reveal_75","gibbs_mic","horseshoe-002-reveal_75-gibbs_mic","interaction_row_672",-50.3070367281848,,100,"inadequate_convergence_or_ess",
"horseshoe",2,"reveal_75","gibbs_mic","horseshoe-002-reveal_75-gibbs_mic","interaction_row_816",-30.2151546799699,,100,"inadequate_convergence_or_ess",
"horseshoe",2,"reveal_75","gibbs_mic","horseshoe-002-reveal_75-gibbs_mic","interaction_row_960",-49.146170288929,,100,"inadequate_convergence_or_ess",
"horseshoe",2,"reveal_75","gibbs_mic","horseshoe-002-reveal_75-gibbs_mic","interaction_row_1104",88.1664855641476,,100,"inadequate_convergence_or_ess",
"horseshoe",2,"reveal_75","gibbs_mic","horseshoe-002-reveal_75-gibbs_mic","observed_log_likelihood",194.290037148823,,100,"inadequate_convergence_or_ess",
"realism",2,"reveal_75","gibbs_mic","realism-002-reveal_75-gibbs_mic","sigma",0.2,,100,"not_matched_prior",
"realism",2,"reveal_75","gibbs_mic","realism-002-reveal_75-gibbs_mic","mean_row_1",1.86369699409329,,100,"not_matched_prior",
"realism",2,"reveal_75","gibbs_mic","realism-002-reveal_75-gibbs_mic","mean_row_159",-0.104735160527228,,100,"not_matched_prior",
"realism",2,"reveal_75","gibbs_mic","realism-002-reveal_75-gibbs_mic","mean_row_316",1.71898072497714,,100,"not_matched_prior",
"realism",2,"reveal_75","gibbs_mic","realism-002-reveal_75-gibbs_mic","mean_row_474",0.867907530627109,,100,"not_matched_prior",
"realism",2,"reveal_75","gibbs_mic","realism-002-reveal_75-gibbs_mic","mean_row_631",-0.250508126802646,,100,"not_matched_prior",
"realism",2,"reveal_75","gibbs_mic","realism-002-reveal_75-gibbs_mic","mean_row_789",-0.100548786069017,,100,"not_matched_prior",
"realism",2,"reveal_75","gibbs_mic","realism-002-reveal_75-gibbs_mic","mean_row_946",-0.384996882246056,,100,"not_matched_prior",
"realism",2,"reveal_75","gibbs_mic","realism-002-reveal_75-gibbs_mic","mean_row_1104",-0.524709661333975,,100,"not_matched_prior",
"realism",2,"reveal_75","gibbs_mic","realism-002-reveal_75-gibbs_mic","interaction_row_97",-0.00732271929020765,,100,"not_matched_prior",
"realism",2,"reveal_75","gibbs_mic","realism-002-reveal_75-gibbs_mic","interaction_row_241",-0.0373784964204008,,100,"not_matched_prior",
"realism",2,"reveal_75","gibbs_mic","realism-002-reveal_75-gibbs_mic","interaction_row_385",0.0404755472178663,,100,"not_matched_prior",
"realism",2,"reveal_75","gibbs_mic","realism-002-reveal_75-gibbs_mic","interaction_row_529",-0.0188713121821498,,100,"not_matched_prior",
"realism",2,"reveal_75","gibbs_mic","realism-002-reveal_75-gibbs_mic","interaction_row_672",0.00969026457275058,,100,"not_matched_prior",
"realism",2,"reveal_75","gibbs_mic","realism-002-reveal_75-gibbs_mic","interaction_row_816",0.0271513552285496,,100,"not_matched_prior",
"realism",2,"reveal_75","gibbs_mic","realism-002-reveal_75-gibbs_mic","interaction_row_960",-0.0388509990147549,,100,"not_matched_prior",
"realism",2,"reveal_75","gibbs_mic","realism-002-reveal_75-gibbs_mic","interaction_row_1104",0.00413248568749138,,100,"not_matched_prior",
"realism",2,"reveal_75","gibbs_mic","realism-002-reveal_75-gibbs_mic","observed_log_likelihood",164.230249016745,,100,"not_matched_prior",
